Timestamp,Value
2024-12-01T22:55:00Z,5
2024-12-01T23:14:00Z,4
2024-12-01T23:20:00Z,5
2024-12-01T23:40:00Z,3
2024-12-01T23:44:00Z,5
2024-12-02T00:00:00Z,0
2024-12-02T03:00:00Z,5
2024-12-02T03:43:00Z,5
2024-12-02T04:06:00Z,4
2024-12-02T04:11:00Z,5
2024-12-02T04:34:00Z,3
2024-12-02T04:39:00Z,5
2024-12-02T05:01:00Z,1
2024-12-02T06:01:00Z,5
2024-12-02T06:27:00Z,4
2024-12-02T06:31:00Z,5
2024-12-02T06:58:00Z,4
2024-12-02T07:03:00Z,5
2024-12-02T07:30:00Z,4
2024-12-02T07:34:00Z,5
2024-12-02T08:03:00Z,4
2024-12-02T08:07:00Z,5
2024-12-02T08:31:00Z,5
2024-12-02T08:37:00Z,3
2024-12-02T08:43:00Z,5
2024-12-02T09:11:00Z,3
2024-12-02T09:17:00Z,5
2024-12-02T09:42:00Z,3
2024-12-02T09:48:00Z,5
2024-12-02T10:09:00Z,3
2024-12-02T10:13:00Z,5
2024-12-02T10:38:00Z,4
2024-12-02T10:44:00Z,5
2024-12-02T11:04:00Z,4
2024-12-02T11:08:00Z,5
2024-12-02T11:36:00Z,4
2024-12-02T11:40:00Z,5
2024-12-02T12:10:00Z,4
2024-12-02T12:13:00Z,5
2024-12-02T12:40:00Z,3
2024-12-02T12:46:00Z,5
2024-12-02T13:06:00Z,4
2024-12-02T13:09:00Z,5
2024-12-02T13:19:00Z,5
2024-12-02T13:32:00Z,4
2024-12-02T13:38:00Z,5
2024-12-02T14:07:00Z,3
2024-12-02T14:10:00Z,5
2024-12-02T14:35:00Z,1
2024-12-02T15:20:00Z,5
2024-12-02T15:49:00Z,3
2024-12-02T15:55:00Z,5
2024-12-02T16:15:00Z,4
2024-12-02T16:18:00Z,5
2024-12-02T16:42:00Z,3
2024-12-02T16:47:00Z,5
2024-12-02T17:07:00Z,3
2024-12-02T17:13:00Z,5
2024-12-02T17:41:00Z,3
2024-12-02T17:46:00Z,5
2024-12-02T18:08:00Z,5
2024-12-02T18:13:00Z,3
2024-12-02T18:18:00Z,5
2024-12-02T18:47:00Z,3
2024-12-02T18:53:00Z,5
2024-12-02T19:16:00Z,4
2024-12-02T19:21:00Z,5
2024-12-02T19:46:00Z,4
2024-12-02T19:49:00Z,5
2024-12-02T20:12:00Z,3
2024-12-02T20:17:00Z,5
2024-12-02T20:44:00Z,4
2024-12-02T20:49:00Z,5
2024-12-02T21:09:00Z,4
2024-12-02T21:14:00Z,5
2024-12-02T21:41:00Z,1
2024-12-02T22:32:00Z,5
2024-12-02T22:56:00Z,5
2024-12-02T22:58:00Z,4
2024-12-02T23:03:00Z,5
2024-12-02T23:32:00Z,4
2024-12-02T23:37:00Z,5
2024-12-03T00:00:00Z,4
2024-12-03T00:05:00Z,5
2024-12-03T00:28:00Z,4
2024-12-03T00:33:00Z,5
2024-12-03T00:53:00Z,3
2024-12-03T00:56:00Z,5
2024-12-03T01:21:00Z,3
2024-12-03T01:26:00Z,5
2024-12-03T01:49:00Z,3
2024-12-03T01:53:00Z,5
2024-12-03T02:14:00Z,4
2024-12-03T02:17:00Z,5
2024-12-03T02:47:00Z,3
2024-12-03T02:50:00Z,5
2024-12-03T03:19:00Z,4
2024-12-03T03:22:00Z,5
2024-12-03T03:45:00Z,5
2024-12-03T03:52:00Z,4
2024-12-03T03:57:00Z,5
2024-12-03T04:25:00Z,3
2024-12-03T04:29:00Z,5
2024-12-03T04:49:00Z,3
2024-12-03T04:55:00Z,5
2024-12-03T05:20:00Z,1
2024-12-03T06:04:00Z,5
2024-12-03T06:25:00Z,4
2024-12-03T06:28:00Z,5
2024-12-03T06:53:00Z,4
2024-12-03T06:58:00Z,5
2024-12-03T07:28:00Z,4
2024-12-03T07:32:00Z,5
2024-12-03T07:58:00Z,3
2024-12-03T08:03:00Z,5
2024-12-03T08:26:00Z,3
2024-12-03T08:32:00Z,5
2024-12-03T08:33:00Z,5
2024-12-03T09:02:00Z,3
2024-12-03T09:06:00Z,5
2024-12-03T09:36:00Z,3
2024-12-03T09:40:00Z,5
2024-12-03T10:01:00Z,3
2024-12-03T10:05:00Z,5
2024-12-03T10:31:00Z,4
2024-12-03T10:35:00Z,5
2024-12-03T10:59:00Z,4
2024-12-03T11:04:00Z,5
2024-12-03T11:25:00Z,3
2024-12-03T11:30:00Z,5
2024-12-03T12:00:00Z,3
2024-12-03T12:03:00Z,5
2024-12-03T12:30:00Z,2
2024-12-03T13:21:00Z,2
2024-12-03T13:29:00Z,5
2024-12-03T13:51:00Z,4
2024-12-03T13:55:00Z,5
2024-12-03T14:21:00Z,4
2024-12-03T14:25:00Z,5
2024-12-03T14:46:00Z,4
2024-12-03T14:52:00Z,5
2024-12-03T15:13:00Z,4
2024-12-03T15:19:00Z,5
2024-12-03T15:48:00Z,3
2024-12-03T15:54:00Z,5
2024-12-03T16:23:00Z,3
2024-12-03T16:28:00Z,5
2024-12-03T16:48:00Z,4
2024-12-03T16:52:00Z,5
2024-12-03T17:13:00Z,3
2024-12-03T17:17:00Z,5
2024-12-03T17:46:00Z,3
2024-12-03T17:49:00Z,5
2024-12-03T18:09:00Z,5
2024-12-03T18:18:00Z,3
2024-12-03T18:22:00Z,5
2024-12-03T18:52:00Z,3
2024-12-03T18:56:00Z,5
2024-12-03T19:24:00Z,3
2024-12-03T19:28:00Z,5
2024-12-03T19:50:00Z,1
2024-12-03T20:36:00Z,5
2024-12-03T20:56:00Z,3
2024-12-03T21:00:00Z,5
2024-12-03T21:30:00Z,4
2024-12-03T21:33:00Z,5
2024-12-03T21:57:00Z,3
2024-12-03T22:00:00Z,5
2024-12-03T22:28:00Z,3
2024-12-03T22:34:00Z,5
2024-12-03T22:57:00Z,5
2024-12-03T22:59:00Z,4
2024-12-03T23:04:00Z,5
2024-12-03T23:33:00Z,3
2024-12-03T23:39:00Z,5
2024-12-04T00:05:00Z,3
2024-12-04T00:10:00Z,5
2024-12-04T00:35:00Z,3
2024-12-04T00:41:00Z,5
2024-12-04T01:05:00Z,4
2024-12-04T01:08:00Z,5
2024-12-04T01:32:00Z,4
2024-12-04T01:35:00Z,5
2024-12-04T01:56:00Z,4
2024-12-04T02:01:00Z,5
2024-12-04T02:21:00Z,3
2024-12-04T02:26:00Z,5
2024-12-04T02:48:00Z,3
2024-12-04T02:51:00Z,5
2024-12-04T03:21:00Z,3
2024-12-04T03:26:00Z,5
2024-12-04T03:46:00Z,5
2024-12-04T03:55:00Z,1
2024-12-04T04:54:00Z,5
2024-12-04T05:22:00Z,3
2024-12-04T05:26:00Z,5
2024-12-04T05:46:00Z,3
2024-12-04T05:49:00Z,5
2024-12-04T06:16:00Z,4
2024-12-04T06:20:00Z,5
2024-12-04T06:46:00Z,3
2024-12-04T06:50:00Z,5
2024-12-04T07:12:00Z,3
2024-12-04T07:18:00Z,5
2024-12-04T07:42:00Z,3
2024-12-04T07:45:00Z,5
2024-12-04T08:14:00Z,3
2024-12-04T08:17:00Z,5
2024-12-04T08:34:00Z,5
2024-12-04T08:37:00Z,3
2024-12-04T08:42:00Z,5
2024-12-04T09:04:00Z,3
2024-12-04T09:08:00Z,5
2024-12-04T09:28:00Z,4
2024-12-04T09:34:00Z,5
2024-12-04T10:04:00Z,4
2024-12-04T10:07:00Z,5
2024-12-04T10:31:00Z,4
2024-12-04T10:35:00Z,5
2024-12-04T10:56:00Z,4
2024-12-04T11:00:00Z,5
2024-12-04T11:23:00Z,2
2024-12-04T12:03:00Z,5
2024-12-04T12:28:00Z,3
2024-12-04T12:31:00Z,5
2024-12-04T12:56:00Z,3
2024-12-04T13:02:00Z,5
2024-12-04T13:22:00Z,5
2024-12-04T13:30:00Z,3
2024-12-04T13:36:00Z,5
2024-12-04T13:57:00Z,4
2024-12-04T14:03:00Z,5
2024-12-04T14:30:00Z,4
2024-12-04T14:36:00Z,5
2024-12-04T15:02:00Z,4
2024-12-04T15:06:00Z,5
2024-12-04T15:29:00Z,3
2024-12-04T15:34:00Z,5
2024-12-04T16:01:00Z,4
2024-12-04T16:05:00Z,5
2024-12-04T16:34:00Z,3
2024-12-04T16:40:00Z,5
2024-12-04T17:09:00Z,4
2024-12-04T17:15:00Z,5
2024-12-04T17:44:00Z,3
2024-12-04T17:50:00Z,5
2024-12-04T18:10:00Z,5
2024-12-04T18:11:00Z,5
2024-12-04T18:12:00Z,5
2024-12-04T18:13:00Z,5
2024-12-04T18:14:00Z,3
2024-12-04T18:15:00Z,3
2024-12-04T18:16:00Z,3
2024-12-04T18:17:00Z,3
2024-12-04T18:18:00Z,3
2024-12-04T18:19:00Z,5
2024-12-04T18:20:00Z,5
2024-12-04T18:21:00Z,5
2024-12-04T18:22:00Z,5
2024-12-04T18:23:00Z,5
2024-12-04T18:24:00Z,5
2024-12-04T18:25:00Z,5
2024-12-04T18:26:00Z,5
2024-12-04T18:27:00Z,5
2024-12-04T18:28:00Z,5
2024-12-04T18:29:00Z,5
2024-12-04T18:30:00Z,5
2024-12-04T18:31:00Z,5
2024-12-04T18:32:00Z,5
2024-12-04T18:33:00Z,5
2024-12-04T18:34:00Z,5
2024-12-04T18:35:00Z,5
2024-12-04T18:36:00Z,5
2024-12-04T18:37:00Z,5
2024-12-04T18:38:00Z,5
2024-12-04T18:39:00Z,5
2024-12-04T18:40:00Z,5
2024-12-04T18:41:00Z,5
2024-12-04T18:42:00Z,5
2024-12-04T18:43:00Z,5
2024-12-04T18:44:00Z,4
2024-12-04T18:45:00Z,4
2024-12-04T18:46:00Z,4
2024-12-04T18:47:00Z,4
2024-12-04T18:48:00Z,4
2024-12-04T18:49:00Z,5
2024-12-04T18:50:00Z,5
2024-12-04T18:51:00Z,5
2024-12-04T18:52:00Z,5
2024-12-04T18:53:00Z,5
2024-12-04T18:54:00Z,5
2024-12-04T18:55:00Z,5
2024-12-04T18:56:00Z,5
2024-12-04T18:57:00Z,5
2024-12-04T18:58:00Z,5
2024-12-04T18:59:00Z,5
2024-12-04T19:00:00Z,5
2024-12-04T19:01:00Z,5
2024-12-04T19:02:00Z,5
2024-12-04T19:03:00Z,5
2024-12-04T19:04:00Z,5
2024-12-04T19:05:00Z,5
2024-12-04T19:06:00Z,5
2024-12-04T19:07:00Z,5
2024-12-04T19:08:00Z,5
2024-12-04T19:09:00Z,5
2024-12-04T19:10:00Z,5
2024-12-04T19:11:00Z,5
2024-12-04T19:12:00Z,5
2024-12-04T19:13:00Z,5
2024-12-04T19:14:00Z,3
2024-12-04T19:15:00Z,3
2024-12-04T19:16:00Z,3
2024-12-04T19:17:00Z,3
2024-12-04T19:18:00Z,3
2024-12-04T19:19:00Z,5
2024-12-04T19:20:00Z,5
2024-12-04T19:21:00Z,5
2024-12-04T19:22:00Z,5
2024-12-04T19:23:00Z,5
2024-12-04T19:24:00Z,5
2024-12-04T19:25:00Z,5
2024-12-04T19:26:00Z,5
2024-12-04T19:27:00Z,5
2024-12-04T19:28:00Z,5
2024-12-04T19:29:00Z,5
2024-12-04T19:30:00Z,5
2024-12-04T19:31:00Z,5
2024-12-04T19:32:00Z,5
2024-12-04T19:33:00Z,5
2024-12-04T19:34:00Z,5
2024-12-04T19:35:00Z,5
2024-12-04T19:36:00Z,5
2024-12-04T19:37:00Z,5
2024-12-04T19:38:00Z,5
2024-12-04T19:39:00Z,5
2024-12-04T19:40:00Z,5
2024-12-04T19:41:00Z,5
2024-12-04T19:42:00Z,4
2024-12-04T19:43:00Z,4
2024-12-04T19:44:00Z,4
2024-12-04T19:45:00Z,4
2024-12-04T19:46:00Z,5
2024-12-04T19:47:00Z,5
2024-12-04T19:48:00Z,5
2024-12-04T19:49:00Z,5
2024-12-04T19:50:00Z,5
2024-12-04T19:51:00Z,5
2024-12-04T19:52:00Z,5
2024-12-04T19:53:00Z,5
2024-12-04T19:54:00Z,5
2024-12-04T19:55:00Z,5
2024-12-04T19:56:00Z,5
2024-12-04T19:57:00Z,5
2024-12-04T19:58:00Z,5
2024-12-04T19:59:00Z,5
2024-12-04T20:00:00Z,5
2024-12-04T20:01:00Z,5
2024-12-04T20:02:00Z,5
2024-12-04T20:03:00Z,5
2024-12-04T20:04:00Z,5
2024-12-04T20:05:00Z,5
2024-12-04T20:06:00Z,5
2024-12-04T20:07:00Z,5
2024-12-04T20:08:00Z,5
2024-12-04T20:09:00Z,5
2024-12-04T20:10:00Z,5
2024-12-04T20:11:00Z,5
2024-12-04T20:12:00Z,5
2024-12-04T20:13:00Z,3
2024-12-04T20:14:00Z,3
2024-12-04T20:15:00Z,3
2024-12-04T20:16:00Z,3
2024-12-04T20:17:00Z,5
2024-12-04T20:18:00Z,5
2024-12-04T20:19:00Z,5
2024-12-04T20:20:00Z,5
2024-12-04T20:21:00Z,5
2024-12-04T20:22:00Z,5
2024-12-04T20:23:00Z,5
2024-12-04T20:24:00Z,5
2024-12-04T20:25:00Z,5
2024-12-04T20:26:00Z,5
2024-12-04T20:27:00Z,5
2024-12-04T20:28:00Z,5
2024-12-04T20:29:00Z,5
2024-12-04T20:30:00Z,5
2024-12-04T20:31:00Z,5
2024-12-04T20:32:00Z,5
2024-12-04T20:33:00Z,5
2024-12-04T20:34:00Z,5
2024-12-04T20:35:00Z,5
2024-12-04T20:36:00Z,5
2024-12-04T20:37:00Z,5
2024-12-04T20:38:00Z,5
2024-12-04T20:39:00Z,5
2024-12-04T20:40:00Z,5
2024-12-04T20:41:00Z,2
2024-12-04T20:42:00Z,2
2024-12-04T20:43:00Z,2
2024-12-04T20:44:00Z,2
2024-12-04T20:45:00Z,2
2024-12-04T20:46:00Z,2
2024-12-04T20:47:00Z,2
2024-12-04T20:48:00Z,2
2024-12-04T20:49:00Z,2
2024-12-04T20:50:00Z,2
2024-12-04T20:51:00Z,2
2024-12-04T20:52:00Z,2
2024-12-04T20:53:00Z,2
2024-12-04T20:54:00Z,2
2024-12-04T20:55:00Z,2
2024-12-04T20:56:00Z,2
2024-12-04T20:57:00Z,2
2024-12-04T20:58:00Z,2
2024-12-04T20:59:00Z,2
2024-12-04T21:00:00Z,2
2024-12-04T21:01:00Z,2
2024-12-04T21:02:00Z,2
2024-12-04T21:03:00Z,2
2024-12-04T21:04:00Z,2
2024-12-04T21:05:00Z,2
2024-12-04T21:06:00Z,2
2024-12-04T21:07:00Z,2
2024-12-04T21:08:00Z,2
2024-12-04T21:09:00Z,2
2024-12-04T21:10:00Z,2
2024-12-04T21:11:00Z,2
2024-12-04T21:12:00Z,2
2024-12-04T21:13:00Z,2
2024-12-04T21:14:00Z,2
2024-12-04T21:15:00Z,2
2024-12-04T21:16:00Z,2
2024-12-04T21:17:00Z,2
2024-12-04T21:18:00Z,2
2024-12-04T21:19:00Z,2
2024-12-04T21:20:00Z,2
2024-12-04T21:21:00Z,2
2024-12-04T21:22:00Z,2
2024-12-04T21:23:00Z,2
2024-12-04T21:24:00Z,2
2024-12-04T21:25:00Z,5
2024-12-04T21:26:00Z,5
2024-12-04T21:27:00Z,5
2024-12-04T21:28:00Z,5
2024-12-04T21:29:00Z,5
2024-12-04T21:30:00Z,5
2024-12-04T21:31:00Z,5
2024-12-04T21:32:00Z,5
2024-12-04T21:33:00Z,5
2024-12-04T21:34:00Z,5
2024-12-04T21:35:00Z,5
2024-12-04T21:36:00Z,5
2024-12-04T21:37:00Z,5
2024-12-04T21:38:00Z,5
2024-12-04T21:39:00Z,5
2024-12-04T21:40:00Z,5
2024-12-04T21:41:00Z,5
2024-12-04T21:42:00Z,5
2024-12-04T21:43:00Z,5
2024-12-04T21:44:00Z,5
2024-12-04T21:45:00Z,5
2024-12-04T21:46:00Z,5
2024-12-04T21:47:00Z,5
2024-12-04T21:48:00Z,5
2024-12-04T21:49:00Z,5
2024-12-04T21:50:00Z,5
2024-12-04T21:51:00Z,5
2024-12-04T21:52:00Z,4
2024-12-04T21:53:00Z,4
2024-12-04T21:54:00Z,4
2024-12-04T21:55:00Z,5
2024-12-04T21:56:00Z,5
2024-12-04T21:57:00Z,5
2024-12-04T21:58:00Z,5
2024-12-04T21:59:00Z,5
2024-12-04T22:00:00Z,5
2024-12-04T22:01:00Z,5
2024-12-04T22:02:00Z,5
2024-12-04T22:03:00Z,5
2024-12-04T22:04:00Z,5
2024-12-04T22:05:00Z,5
2024-12-04T22:06:00Z,5
2024-12-04T22:07:00Z,5
2024-12-04T22:08:00Z,5
2024-12-04T22:09:00Z,5
2024-12-04T22:10:00Z,5
2024-12-04T22:11:00Z,5
2024-12-04T22:12:00Z,5
2024-12-04T22:13:00Z,5
2024-12-04T22:14:00Z,5
2024-12-04T22:15:00Z,5
2024-12-04T22:16:00Z,5
2024-12-04T22:17:00Z,5
2024-12-04T22:18:00Z,3
2024-12-04T22:19:00Z,3
2024-12-04T22:20:00Z,3
2024-12-04T22:21:00Z,3
2024-12-04T22:22:00Z,3
2024-12-04T22:23:00Z,5
2024-12-04T22:24:00Z,5
2024-12-04T22:25:00Z,5
2024-12-04T22:26:00Z,5
2024-12-04T22:27:00Z,5
2024-12-04T22:28:00Z,5
2024-12-04T22:29:00Z,5
2024-12-04T22:30:00Z,5
2024-12-04T22:31:00Z,5
2024-12-04T22:32:00Z,5
2024-12-04T22:33:00Z,5
2024-12-04T22:34:00Z,5
2024-12-04T22:35:00Z,5
2024-12-04T22:36:00Z,5
2024-12-04T22:37:00Z,5
2024-12-04T22:38:00Z,5
2024-12-04T22:39:00Z,5
2024-12-04T22:40:00Z,5
2024-12-04T22:41:00Z,5
2024-12-04T22:42:00Z,5
2024-12-04T22:43:00Z,5
2024-12-04T22:44:00Z,5
2024-12-04T22:45:00Z,5
2024-12-04T22:46:00Z,5
2024-12-04T22:47:00Z,5
2024-12-04T22:48:00Z,5
2024-12-04T22:49:00Z,4
2024-12-04T22:50:00Z,4
2024-12-04T22:51:00Z,4
2024-12-04T22:52:00Z,5
2024-12-04T22:53:00Z,5
2024-12-04T22:54:00Z,5
2024-12-04T22:55:00Z,5
2024-12-04T22:56:00Z,5
2024-12-04T22:57:00Z,5
2024-12-04T22:58:00Z,5
2024-12-04T22:59:00Z,5
2024-12-04T23:00:00Z,5
2024-12-04T23:01:00Z,5
2024-12-04T23:02:00Z,5
2024-12-04T23:03:00Z,5
2024-12-04T23:04:00Z,5
2024-12-04T23:05:00Z,5
2024-12-04T23:06:00Z,5
2024-12-04T23:07:00Z,5
2024-12-04T23:08:00Z,5
2024-12-04T23:09:00Z,5
2024-12-04T23:10:00Z,5
2024-12-04T23:11:00Z,5
2024-12-04T23:12:00Z,5
2024-12-04T23:13:00Z,5
2024-12-04T23:14:00Z,5
2024-12-04T23:15:00Z,5
2024-12-04T23:16:00Z,5
2024-12-04T23:17:00Z,5
2024-12-04T23:18:00Z,5
2024-12-04T23:19:00Z,3
2024-12-04T23:20:00Z,3
2024-12-04T23:21:00Z,3
2024-12-04T23:22:00Z,3
2024-12-04T23:23:00Z,3
2024-12-04T23:24:00Z,3
2024-12-04T23:25:00Z,5
2024-12-04T23:26:00Z,5
2024-12-04T23:27:00Z,5
2024-12-04T23:28:00Z,5
2024-12-04T23:29:00Z,5
2024-12-04T23:30:00Z,5
2024-12-04T23:31:00Z,5
2024-12-04T23:32:00Z,5
2024-12-04T23:33:00Z,5
2024-12-04T23:34:00Z,5
2024-12-04T23:35:00Z,5
2024-12-04T23:36:00Z,5
2024-12-04T23:37:00Z,5
2024-12-04T23:38:00Z,5
2024-12-04T23:39:00Z,5
2024-12-04T23:40:00Z,5
2024-12-04T23:41:00Z,5
2024-12-04T23:42:00Z,5
2024-12-04T23:43:00Z,5
2024-12-04T23:44:00Z,5
2024-12-04T23:45:00Z,5
2024-12-04T23:46:00Z,3
2024-12-04T23:47:00Z,3
2024-12-04T23:48:00Z,3
2024-12-04T23:49:00Z,3
2024-12-04T23:50:00Z,3
2024-12-04T23:51:00Z,5
2024-12-04T23:52:00Z,5
2024-12-04T23:53:00Z,5
2024-12-04T23:54:00Z,5
2024-12-04T23:55:00Z,5
2024-12-04T23:56:00Z,5
2024-12-04T23:57:00Z,5
2024-12-04T23:58:00Z,5
2024-12-04T23:59:00Z,5
2024-12-05T00:00:00Z,5
2024-12-05T00:01:00Z,5
2024-12-05T00:02:00Z,5
2024-12-05T00:03:00Z,5
2024-12-05T00:04:00Z,5
2024-12-05T00:05:00Z,5
2024-12-05T00:06:00Z,5
2024-12-05T00:07:00Z,5
2024-12-05T00:08:00Z,5
2024-12-05T00:09:00Z,5
2024-12-05T00:10:00Z,5
2024-12-05T00:11:00Z,4
2024-12-05T00:12:00Z,4
2024-12-05T00:13:00Z,4
2024-12-05T00:14:00Z,4
2024-12-05T00:15:00Z,4
2024-12-05T00:16:00Z,5
2024-12-05T00:17:00Z,5
2024-12-05T00:18:00Z,5
2024-12-05T00:19:00Z,5
2024-12-05T00:20:00Z,5
2024-12-05T00:21:00Z,5
2024-12-05T00:22:00Z,5
2024-12-05T00:23:00Z,5
2024-12-05T00:24:00Z,5
2024-12-05T00:25:00Z,5
2024-12-05T00:26:00Z,5
2024-12-05T00:27:00Z,5
2024-12-05T00:28:00Z,5
2024-12-05T00:29:00Z,5
2024-12-05T00:30:00Z,5
2024-12-05T00:31:00Z,5
2024-12-05T00:32:00Z,5
2024-12-05T00:33:00Z,5
2024-12-05T00:34:00Z,5
2024-12-05T00:35:00Z,5
2024-12-05T00:36:00Z,5
2024-12-05T00:37:00Z,5
2024-12-05T00:38:00Z,5
2024-12-05T00:39:00Z,5
2024-12-05T00:40:00Z,5
2024-12-05T00:41:00Z,5
2024-12-05T00:42:00Z,5
2024-12-05T00:43:00Z,5
2024-12-05T00:44:00Z,5
2024-12-05T00:45:00Z,5
2024-12-05T00:46:00Z,4
2024-12-05T00:47:00Z,4
2024-12-05T00:48:00Z,4
2024-12-05T00:49:00Z,5
2024-12-05T00:50:00Z,5
2024-12-05T00:51:00Z,5
2024-12-05T00:52:00Z,5
2024-12-05T00:53:00Z,5
2024-12-05T00:54:00Z,5
2024-12-05T00:55:00Z,5
2024-12-05T00:56:00Z,5
2024-12-05T00:57:00Z,5
2024-12-05T00:58:00Z,5
2024-12-05T00:59:00Z,5
2024-12-05T01:00:00Z,5
2024-12-05T01:01:00Z,5
2024-12-05T01:02:00Z,5
2024-12-05T01:03:00Z,5
2024-12-05T01:04:00Z,5
2024-12-05T01:05:00Z,5
2024-12-05T01:06:00Z,5
2024-12-05T01:07:00Z,5
2024-12-05T01:08:00Z,5
2024-12-05T01:09:00Z,5
2024-12-05T01:10:00Z,5
2024-12-05T01:11:00Z,3
2024-12-05T01:12:00Z,3
2024-12-05T01:13:00Z,3
2024-12-05T01:14:00Z,5
2024-12-05T01:15:00Z,5
2024-12-05T01:16:00Z,5
2024-12-05T01:17:00Z,5
2024-12-05T01:18:00Z,5
2024-12-05T01:19:00Z,5
2024-12-05T01:20:00Z,5
2024-12-05T01:21:00Z,5
2024-12-05T01:22:00Z,5
2024-12-05T01:23:00Z,5
2024-12-05T01:24:00Z,5
2024-12-05T01:25:00Z,5
2024-12-05T01:26:00Z,5
2024-12-05T01:27:00Z,5
2024-12-05T01:28:00Z,5
2024-12-05T01:29:00Z,5
2024-12-05T01:30:00Z,5
2024-12-05T01:31:00Z,5
2024-12-05T01:32:00Z,5
2024-12-05T01:33:00Z,5
2024-12-05T01:34:00Z,3
2024-12-05T01:35:00Z,3
2024-12-05T01:36:00Z,3
2024-12-05T01:37:00Z,3
2024-12-05T01:38:00Z,3
2024-12-05T01:39:00Z,3
2024-12-05T01:40:00Z,5
2024-12-05T01:41:00Z,5
2024-12-05T01:42:00Z,5
2024-12-05T01:43:00Z,5
2024-12-05T01:44:00Z,5
2024-12-05T01:45:00Z,5
2024-12-05T01:46:00Z,5
2024-12-05T01:47:00Z,5
2024-12-05T01:48:00Z,5
2024-12-05T01:49:00Z,5
2024-12-05T01:50:00Z,5
2024-12-05T01:51:00Z,5
2024-12-05T01:52:00Z,5
2024-12-05T01:53:00Z,5
2024-12-05T01:54:00Z,5
2024-12-05T01:55:00Z,5
2024-12-05T01:56:00Z,5
2024-12-05T01:57:00Z,5
2024-12-05T01:58:00Z,5
2024-12-05T01:59:00Z,5
2024-12-05T02:00:00Z,5
2024-12-05T02:01:00Z,5
2024-12-05T02:02:00Z,5
2024-12-05T02:03:00Z,4
2024-12-05T02:04:00Z,4
2024-12-05T02:05:00Z,4
2024-12-05T02:06:00Z,5
2024-12-05T02:07:00Z,5
2024-12-05T02:08:00Z,5
2024-12-05T02:09:00Z,5
2024-12-05T02:10:00Z,5
2024-12-05T02:11:00Z,5
2024-12-05T02:12:00Z,5
2024-12-05T02:13:00Z,5
2024-12-05T02:14:00Z,5
2024-12-05T02:15:00Z,5
2024-12-05T02:16:00Z,5
2024-12-05T02:17:00Z,5
2024-12-05T02:18:00Z,5
2024-12-05T02:19:00Z,5
2024-12-05T02:20:00Z,5
2024-12-05T02:21:00Z,5
2024-12-05T02:22:00Z,5
2024-12-05T02:23:00Z,5
2024-12-05T02:24:00Z,5
2024-12-05T02:25:00Z,5
2024-12-05T02:26:00Z,5
2024-12-05T02:27:00Z,5
2024-12-05T02:28:00Z,5
2024-12-05T02:29:00Z,5
2024-12-05T02:30:00Z,5
2024-12-05T02:31:00Z,5
2024-12-05T02:32:00Z,5
2024-12-05T02:33:00Z,4
2024-12-05T02:34:00Z,4
2024-12-05T02:35:00Z,4
2024-12-05T02:36:00Z,4
2024-12-05T02:37:00Z,4
2024-12-05T02:38:00Z,4
2024-12-05T02:39:00Z,5
2024-12-05T02:40:00Z,5
2024-12-05T02:41:00Z,5
2024-12-05T02:42:00Z,5
2024-12-05T02:43:00Z,5
2024-12-05T02:44:00Z,5
2024-12-05T02:45:00Z,5
2024-12-05T02:46:00Z,5
2024-12-05T02:47:00Z,5
2024-12-05T02:48:00Z,5
2024-12-05T02:49:00Z,5
2024-12-05T02:50:00Z,5
2024-12-05T02:51:00Z,5
2024-12-05T02:52:00Z,5
2024-12-05T02:53:00Z,5
2024-12-05T02:54:00Z,5
2024-12-05T02:55:00Z,5
2024-12-05T02:56:00Z,5
2024-12-05T02:57:00Z,5
2024-12-05T02:58:00Z,5
2024-12-05T02:59:00Z,4
2024-12-05T03:00:00Z,4
2024-12-05T03:01:00Z,4
2024-12-05T03:02:00Z,4
2024-12-05T03:03:00Z,4
2024-12-05T03:04:00Z,5
2024-12-05T03:05:00Z,5
2024-12-05T03:06:00Z,5
2024-12-05T03:07:00Z,5
2024-12-05T03:08:00Z,5
2024-12-05T03:09:00Z,5
2024-12-05T03:10:00Z,5
2024-12-05T03:11:00Z,5
2024-12-05T03:12:00Z,5
2024-12-05T03:13:00Z,5
2024-12-05T03:14:00Z,5
2024-12-05T03:15:00Z,5
2024-12-05T03:16:00Z,5
2024-12-05T03:17:00Z,5
2024-12-05T03:18:00Z,5
2024-12-05T03:19:00Z,5
2024-12-05T03:20:00Z,5
2024-12-05T03:21:00Z,5
2024-12-05T03:22:00Z,5
2024-12-05T03:23:00Z,5
2024-12-05T03:24:00Z,5
2024-12-05T03:25:00Z,5
2024-12-05T03:26:00Z,5
2024-12-05T03:27:00Z,5
2024-12-05T03:28:00Z,5
2024-12-05T03:29:00Z,5
2024-12-05T03:30:00Z,5
2024-12-05T03:31:00Z,5
2024-12-05T03:32:00Z,5
2024-12-05T03:33:00Z,5
2024-12-05T03:34:00Z,5
2024-12-05T03:35:00Z,5
2024-12-05T03:36:00Z,5
2024-12-05T03:37:00Z,5
2024-12-05T03:38:00Z,5
2024-12-05T03:39:00Z,5
2024-12-05T03:40:00Z,5
2024-12-05T03:41:00Z,5
2024-12-05T03:42:00Z,5
2024-12-05T03:43:00Z,5
2024-12-05T03:44:00Z,5
2024-12-05T03:45:00Z,5
2024-12-05T03:46:00Z,5
2024-12-05T03:47:00Z,5
2024-12-05T03:48:00Z,5
2024-12-05T03:49:00Z,5
2024-12-05T03:50:00Z,5
2024-12-05T03:51:00Z,5
2024-12-05T03:52:00Z,5
2024-12-05T03:53:00Z,5
2024-12-05T03:54:00Z,5
2024-12-05T03:55:00Z,5
2024-12-05T03:56:00Z,5
2024-12-05T03:57:00Z,5
2024-12-05T03:58:00Z,5
2024-12-05T03:59:00Z,5
2024-12-05T04:00:00Z,5
2024-12-05T04:01:00Z,5
2024-12-05T04:02:00Z,5
2024-12-05T04:03:00Z,5
2024-12-05T04:04:00Z,5
2024-12-05T04:05:00Z,5
2024-12-05T04:06:00Z,5
2024-12-05T04:07:00Z,5
2024-12-05T04:08:00Z,5
2024-12-05T04:09:00Z,5
2024-12-05T04:10:00Z,5
2024-12-05T04:11:00Z,5
2024-12-05T04:12:00Z,5
2024-12-05T04:13:00Z,5
2024-12-05T04:14:00Z,5
2024-12-05T04:15:00Z,5
2024-12-05T04:16:00Z,5
2024-12-05T04:17:00Z,5
2024-12-05T04:18:00Z,5
2024-12-05T04:19:00Z,5
2024-12-05T04:20:00Z,5
2024-12-05T04:21:00Z,5
2024-12-05T04:22:00Z,5
2024-12-05T04:23:00Z,5
2024-12-05T04:24:00Z,5
2024-12-05T04:25:00Z,5
2024-12-05T04:26:00Z,5
2024-12-05T04:27:00Z,5
2024-12-05T04:28:00Z,5
2024-12-05T04:29:00Z,5
2024-12-05T04:30:00Z,5
2024-12-05T04:31:00Z,5
2024-12-05T04:32:00Z,5
2024-12-05T04:33:00Z,5
2024-12-05T04:34:00Z,5
2024-12-05T04:35:00Z,5
2024-12-05T04:36:00Z,5
2024-12-05T04:37:00Z,5
2024-12-05T04:38:00Z,5
2024-12-05T04:39:00Z,5
2024-12-05T04:40:00Z,5
2024-12-05T04:41:00Z,5
2024-12-05T04:42:00Z,5
2024-12-05T04:43:00Z,5
2024-12-05T04:44:00Z,5
2024-12-05T04:45:00Z,5
2024-12-05T04:46:00Z,5
2024-12-05T04:47:00Z,5
2024-12-05T04:48:00Z,5
2024-12-05T04:49:00Z,5
2024-12-05T04:50:00Z,5
2024-12-05T04:51:00Z,5
2024-12-05T04:52:00Z,5
2024-12-05T04:53:00Z,5
2024-12-05T04:54:00Z,5
2024-12-05T04:55:00Z,5
2024-12-05T04:56:00Z,5
2024-12-05T04:57:00Z,5
2024-12-05T04:58:00Z,5
2024-12-05T04:59:00Z,5
2024-12-05T05:00:00Z,5
2024-12-05T05:01:00Z,5
2024-12-05T05:02:00Z,5
2024-12-05T05:03:00Z,5
2024-12-05T05:04:00Z,5
2024-12-05T05:05:00Z,5
2024-12-05T05:06:00Z,3
2024-12-05T05:07:00Z,3
2024-12-05T05:08:00Z,3
2024-12-05T05:09:00Z,5
2024-12-05T05:10:00Z,5
2024-12-05T05:11:00Z,5
2024-12-05T05:12:00Z,5
2024-12-05T05:13:00Z,5
2024-12-05T05:14:00Z,5
2024-12-05T05:15:00Z,5
2024-12-05T05:16:00Z,5
2024-12-05T05:17:00Z,5
2024-12-05T05:18:00Z,5
2024-12-05T05:19:00Z,5
2024-12-05T05:20:00Z,5
2024-12-05T05:21:00Z,5
2024-12-05T05:22:00Z,5
2024-12-05T05:23:00Z,5
2024-12-05T05:24:00Z,5
2024-12-05T05:25:00Z,5
2024-12-05T05:26:00Z,5
2024-12-05T05:27:00Z,5
2024-12-05T05:28:00Z,5
2024-12-05T05:29:00Z,5
2024-12-05T05:30:00Z,5
2024-12-05T05:31:00Z,4
2024-12-05T05:32:00Z,4
2024-12-05T05:33:00Z,4
2024-12-05T05:34:00Z,4
2024-12-05T05:35:00Z,4
2024-12-05T05:36:00Z,4
2024-12-05T05:37:00Z,5
2024-12-05T05:38:00Z,5
2024-12-05T05:39:00Z,5
2024-12-05T05:40:00Z,5
2024-12-05T05:41:00Z,5
2024-12-05T05:42:00Z,5
2024-12-05T05:43:00Z,5
2024-12-05T05:44:00Z,5
2024-12-05T05:45:00Z,5
2024-12-05T05:46:00Z,5
2024-12-05T05:47:00Z,5
2024-12-05T05:48:00Z,5
2024-12-05T05:49:00Z,5
2024-12-05T05:50:00Z,5
2024-12-05T05:51:00Z,5
2024-12-05T05:52:00Z,5
2024-12-05T05:53:00Z,5
2024-12-05T05:54:00Z,5
2024-12-05T05:55:00Z,5
2024-12-05T05:56:00Z,5
2024-12-05T05:57:00Z,5
2024-12-05T05:58:00Z,5
2024-12-05T05:59:00Z,3
2024-12-05T06:00:00Z,3
2024-12-05T06:01:00Z,3
2024-12-05T06:02:00Z,3
2024-12-05T06:03:00Z,5
2024-12-05T06:04:00Z,5
2024-12-05T06:05:00Z,5
2024-12-05T06:06:00Z,5
2024-12-05T06:07:00Z,5
2024-12-05T06:08:00Z,5
2024-12-05T06:09:00Z,5
2024-12-05T06:10:00Z,5
2024-12-05T06:11:00Z,5
2024-12-05T06:12:00Z,5
2024-12-05T06:13:00Z,5
2024-12-05T06:14:00Z,5
2024-12-05T06:15:00Z,5
2024-12-05T06:16:00Z,5
2024-12-05T06:17:00Z,5
2024-12-05T06:18:00Z,5
2024-12-05T06:19:00Z,5
2024-12-05T06:20:00Z,5
2024-12-05T06:21:00Z,5
2024-12-05T06:22:00Z,5
2024-12-05T06:23:00Z,5
2024-12-05T06:24:00Z,5
2024-12-05T06:25:00Z,5
2024-12-05T06:26:00Z,5
2024-12-05T06:27:00Z,5
2024-12-05T06:28:00Z,5
2024-12-05T06:29:00Z,5
2024-12-05T06:30:00Z,5
2024-12-05T06:31:00Z,3
2024-12-05T06:32:00Z,3
2024-12-05T06:33:00Z,3
2024-12-05T06:34:00Z,5
2024-12-05T06:35:00Z,5
2024-12-05T06:36:00Z,5
2024-12-05T06:37:00Z,5
2024-12-05T06:38:00Z,5
2024-12-05T06:39:00Z,5
2024-12-05T06:40:00Z,5
2024-12-05T06:41:00Z,5
2024-12-05T06:42:00Z,5
2024-12-05T06:43:00Z,5
2024-12-05T06:44:00Z,5
2024-12-05T06:45:00Z,5
2024-12-05T06:46:00Z,5
2024-12-05T06:47:00Z,5
2024-12-05T06:48:00Z,5
2024-12-05T06:49:00Z,5
2024-12-05T06:50:00Z,5
2024-12-05T06:51:00Z,5
2024-12-05T06:52:00Z,5
2024-12-05T06:53:00Z,5
2024-12-05T06:54:00Z,5
2024-12-05T06:55:00Z,5
2024-12-05T06:56:00Z,5
2024-12-05T06:57:00Z,5
2024-12-05T06:58:00Z,4
2024-12-05T06:59:00Z,4
2024-12-05T07:00:00Z,4
2024-12-05T07:01:00Z,4
2024-12-05T07:02:00Z,4
2024-12-05T07:03:00Z,5
2024-12-05T07:04:00Z,5
2024-12-05T07:05:00Z,5
2024-12-05T07:06:00Z,5
2024-12-05T07:07:00Z,5
2024-12-05T07:08:00Z,5
2024-12-05T07:09:00Z,5
2024-12-05T07:10:00Z,5
2024-12-05T07:11:00Z,5
2024-12-05T07:12:00Z,5
2024-12-05T07:13:00Z,5
2024-12-05T07:14:00Z,5
2024-12-05T07:15:00Z,5
2024-12-05T07:16:00Z,5
2024-12-05T07:17:00Z,5
2024-12-05T07:18:00Z,5
2024-12-05T07:19:00Z,5
2024-12-05T07:20:00Z,5
2024-12-05T07:21:00Z,5
2024-12-05T07:22:00Z,5
2024-12-05T07:23:00Z,5
2024-12-05T07:24:00Z,5
2024-12-05T07:25:00Z,5
2024-12-05T07:26:00Z,5
2024-12-05T07:27:00Z,5
2024-12-05T07:28:00Z,5
2024-12-05T07:29:00Z,5
2024-12-05T07:30:00Z,4
2024-12-05T07:31:00Z,4
2024-12-05T07:32:00Z,4
2024-12-05T07:33:00Z,4
2024-12-05T07:34:00Z,4
2024-12-05T07:35:00Z,5
2024-12-05T07:36:00Z,5
2024-12-05T07:37:00Z,5
2024-12-05T07:38:00Z,5
2024-12-05T07:39:00Z,5
2024-12-05T07:40:00Z,5
2024-12-05T07:41:00Z,5
2024-12-05T07:42:00Z,5
2024-12-05T07:43:00Z,5
2024-12-05T07:44:00Z,5
2024-12-05T07:45:00Z,5
2024-12-05T07:46:00Z,5
2024-12-05T07:47:00Z,5
2024-12-05T07:48:00Z,5
2024-12-05T07:49:00Z,5
2024-12-05T07:50:00Z,5
2024-12-05T07:51:00Z,5
2024-12-05T07:52:00Z,5
2024-12-05T07:53:00Z,5
2024-12-05T07:54:00Z,5
2024-12-05T07:55:00Z,5
2024-12-05T07:56:00Z,5
2024-12-05T07:57:00Z,5
2024-12-05T07:58:00Z,5
2024-12-05T07:59:00Z,4
2024-12-05T08:00:00Z,4
2024-12-05T08:01:00Z,4
2024-12-05T08:02:00Z,4
2024-12-05T08:03:00Z,4
2024-12-05T08:04:00Z,4
2024-12-05T08:05:00Z,5
2024-12-05T08:06:00Z,5
2024-12-05T08:07:00Z,5
2024-12-05T08:08:00Z,5
2024-12-05T08:09:00Z,5
2024-12-05T08:10:00Z,5
2024-12-05T08:11:00Z,5
2024-12-05T08:12:00Z,5
2024-12-05T08:13:00Z,5
2024-12-05T08:14:00Z,5
2024-12-05T08:15:00Z,5
2024-12-05T08:16:00Z,5
2024-12-05T08:17:00Z,5
2024-12-05T08:18:00Z,5
2024-12-05T08:19:00Z,5
2024-12-05T08:20:00Z,5
2024-12-05T08:21:00Z,5
2024-12-05T08:22:00Z,5
2024-12-05T08:23:00Z,5
2024-12-05T08:24:00Z,5
2024-12-05T08:25:00Z,4
2024-12-05T08:26:00Z,4
2024-12-05T08:27:00Z,4
2024-12-05T08:28:00Z,4
2024-12-05T08:29:00Z,4
2024-12-05T08:30:00Z,4
2024-12-05T08:31:00Z,5
2024-12-05T08:32:00Z,5
2024-12-05T08:33:00Z,5
2024-12-05T08:34:00Z,5
2024-12-05T08:35:00Z,5
2024-12-05T08:36:00Z,5
2024-12-05T08:37:00Z,5
2024-12-05T08:38:00Z,5
2024-12-05T08:39:00Z,5
2024-12-05T08:40:00Z,5
2024-12-05T08:41:00Z,5
2024-12-05T08:42:00Z,5
2024-12-05T08:43:00Z,5
2024-12-05T08:44:00Z,5
2024-12-05T08:45:00Z,5
2024-12-05T08:46:00Z,5
2024-12-05T08:47:00Z,5
2024-12-05T08:48:00Z,5
2024-12-05T08:49:00Z,5
2024-12-05T08:50:00Z,5
2024-12-05T08:51:00Z,5
2024-12-05T08:52:00Z,5
2024-12-05T08:53:00Z,5
2024-12-05T08:54:00Z,5
2024-12-05T08:55:00Z,5
2024-12-05T08:56:00Z,5
2024-12-05T08:57:00Z,5
2024-12-05T08:58:00Z,3
2024-12-05T08:59:00Z,3
2024-12-05T09:00:00Z,3
2024-12-05T09:01:00Z,3
2024-12-05T09:02:00Z,3
2024-12-05T09:03:00Z,3
2024-12-05T09:04:00Z,5
2024-12-05T09:05:00Z,5
2024-12-05T09:06:00Z,5
2024-12-05T09:07:00Z,5
2024-12-05T09:08:00Z,5
2024-12-05T09:09:00Z,5
2024-12-05T09:10:00Z,5
2024-12-05T09:11:00Z,5
2024-12-05T09:12:00Z,5
2024-12-05T09:13:00Z,5
2024-12-05T09:14:00Z,5
2024-12-05T09:15:00Z,5
2024-12-05T09:16:00Z,5
2024-12-05T09:17:00Z,5
2024-12-05T09:18:00Z,5
2024-12-05T09:19:00Z,5
2024-12-05T09:20:00Z,5
2024-12-05T09:21:00Z,5
2024-12-05T09:22:00Z,5
2024-12-05T09:23:00Z,5
2024-12-05T09:24:00Z,5
2024-12-05T09:25:00Z,4
2024-12-05T09:26:00Z,4
2024-12-05T09:27:00Z,4
2024-12-05T09:28:00Z,4
2024-12-05T09:29:00Z,4
2024-12-05T09:30:00Z,5
2024-12-05T09:31:00Z,5
2024-12-05T09:32:00Z,5
2024-12-05T09:33:00Z,5
2024-12-05T09:34:00Z,5
2024-12-05T09:35:00Z,5
2024-12-05T09:36:00Z,5
2024-12-05T09:37:00Z,5
2024-12-05T09:38:00Z,5
2024-12-05T09:39:00Z,5
2024-12-05T09:40:00Z,5
2024-12-05T09:41:00Z,5
2024-12-05T09:42:00Z,5
2024-12-05T09:43:00Z,5
2024-12-05T09:44:00Z,5
2024-12-05T09:45:00Z,5
2024-12-05T09:46:00Z,5
2024-12-05T09:47:00Z,5
2024-12-05T09:48:00Z,5
2024-12-05T09:49:00Z,5
2024-12-05T09:50:00Z,5
2024-12-05T09:51:00Z,5
2024-12-05T09:52:00Z,4
2024-12-05T09:53:00Z,4
2024-12-05T09:54:00Z,4
2024-12-05T09:55:00Z,5
2024-12-05T09:56:00Z,5
2024-12-05T09:57:00Z,5
2024-12-05T09:58:00Z,5
2024-12-05T09:59:00Z,5
2024-12-05T10:00:00Z,5
2024-12-05T10:01:00Z,5
2024-12-05T10:02:00Z,5
2024-12-05T10:03:00Z,5
2024-12-05T10:04:00Z,5
2024-12-05T10:05:00Z,5
2024-12-05T10:06:00Z,5
2024-12-05T10:07:00Z,5
2024-12-05T10:08:00Z,5
2024-12-05T10:09:00Z,5
2024-12-05T10:10:00Z,5
2024-12-05T10:11:00Z,5
2024-12-05T10:12:00Z,5
2024-12-05T10:13:00Z,5
2024-12-05T10:14:00Z,5
2024-12-05T10:15:00Z,5
2024-12-05T10:16:00Z,5
2024-12-05T10:17:00Z,5
2024-12-05T10:18:00Z,5
2024-12-05T10:19:00Z,5
2024-12-05T10:20:00Z,5
2024-12-05T10:21:00Z,5
2024-12-05T10:22:00Z,5
2024-12-05T10:23:00Z,4
2024-12-05T10:24:00Z,4
2024-12-05T10:25:00Z,4
2024-12-05T10:26:00Z,4
2024-12-05T10:27:00Z,4
2024-12-05T10:28:00Z,5
2024-12-05T10:29:00Z,5
2024-12-05T10:30:00Z,5
2024-12-05T10:31:00Z,5
2024-12-05T10:32:00Z,5
2024-12-05T10:33:00Z,5
2024-12-05T10:34:00Z,5
2024-12-05T10:35:00Z,5
2024-12-05T10:36:00Z,5
2024-12-05T10:37:00Z,5
2024-12-05T10:38:00Z,5
2024-12-05T10:39:00Z,5
2024-12-05T10:40:00Z,5
2024-12-05T10:41:00Z,5
2024-12-05T10:42:00Z,5
2024-12-05T10:43:00Z,5
2024-12-05T10:44:00Z,5
2024-12-05T10:45:00Z,5
2024-12-05T10:46:00Z,5
2024-12-05T10:47:00Z,5
2024-12-05T10:48:00Z,5
2024-12-05T10:49:00Z,5
2024-12-05T10:50:00Z,5
2024-12-05T10:51:00Z,5
2024-12-05T10:52:00Z,5
2024-12-05T10:53:00Z,5
2024-12-05T10:54:00Z,3
2024-12-05T10:55:00Z,3
2024-12-05T10:56:00Z,3
2024-12-05T10:57:00Z,3
2024-12-05T10:58:00Z,3
2024-12-05T10:59:00Z,5
2024-12-05T11:00:00Z,5
2024-12-05T11:01:00Z,5
2024-12-05T11:02:00Z,5
2024-12-05T11:03:00Z,5
2024-12-05T11:04:00Z,5
2024-12-05T11:05:00Z,5
2024-12-05T11:06:00Z,5
2024-12-05T11:07:00Z,5
2024-12-05T11:08:00Z,5
2024-12-05T11:09:00Z,5
2024-12-05T11:10:00Z,5
2024-12-05T11:11:00Z,5
2024-12-05T11:12:00Z,5
2024-12-05T11:13:00Z,5
2024-12-05T11:14:00Z,5
2024-12-05T11:15:00Z,5
2024-12-05T11:16:00Z,5
2024-12-05T11:17:00Z,5
2024-12-05T11:18:00Z,5
2024-12-05T11:19:00Z,5
2024-12-05T11:20:00Z,5
2024-12-05T11:21:00Z,5
2024-12-05T11:22:00Z,5
2024-12-05T11:23:00Z,5
2024-12-05T11:24:00Z,5
2024-12-05T11:25:00Z,3
2024-12-05T11:26:00Z,3
2024-12-05T11:27:00Z,3
2024-12-05T11:28:00Z,5
2024-12-05T11:29:00Z,5
2024-12-05T11:30:00Z,5
2024-12-05T11:31:00Z,5
2024-12-05T11:32:00Z,5
2024-12-05T11:33:00Z,5
2024-12-05T11:34:00Z,5
2024-12-05T11:35:00Z,5
2024-12-05T11:36:00Z,5
2024-12-05T11:37:00Z,5
2024-12-05T11:38:00Z,5
2024-12-05T11:39:00Z,5
2024-12-05T11:40:00Z,5
2024-12-05T11:41:00Z,5
2024-12-05T11:42:00Z,5
2024-12-05T11:43:00Z,5
2024-12-05T11:44:00Z,5
2024-12-05T11:45:00Z,5
2024-12-05T11:46:00Z,5
2024-12-05T11:47:00Z,5
2024-12-05T11:48:00Z,5
2024-12-05T11:49:00Z,5
2024-12-05T11:50:00Z,5
2024-12-05T11:51:00Z,5
2024-12-05T11:52:00Z,5
2024-12-05T11:53:00Z,2
2024-12-05T11:54:00Z,2
2024-12-05T11:55:00Z,2
2024-12-05T11:56:00Z,2
2024-12-05T11:57:00Z,2
2024-12-05T11:58:00Z,2
2024-12-05T11:59:00Z,2
2024-12-05T12:00:00Z,2
2024-12-05T12:01:00Z,2
2024-12-05T12:02:00Z,2
2024-12-05T12:03:00Z,2
2024-12-05T12:04:00Z,2
2024-12-05T12:05:00Z,2
2024-12-05T12:06:00Z,2
2024-12-05T12:07:00Z,2
2024-12-05T12:08:00Z,2
2024-12-05T12:09:00Z,2
2024-12-05T12:10:00Z,2
2024-12-05T12:11:00Z,2
2024-12-05T12:12:00Z,2
2024-12-05T12:13:00Z,2
2024-12-05T12:14:00Z,2
2024-12-05T12:15:00Z,2
2024-12-05T12:16:00Z,2
2024-12-05T12:17:00Z,2
2024-12-05T12:18:00Z,2
2024-12-05T12:19:00Z,2
2024-12-05T12:20:00Z,2
2024-12-05T12:21:00Z,2
2024-12-05T12:22:00Z,2
2024-12-05T12:23:00Z,2
2024-12-05T12:24:00Z,2
2024-12-05T12:25:00Z,2
2024-12-05T12:26:00Z,2
2024-12-05T12:27:00Z,2
2024-12-05T12:28:00Z,2
2024-12-05T12:29:00Z,2
2024-12-05T12:30:00Z,2
2024-12-05T12:31:00Z,2
2024-12-05T12:32:00Z,2
2024-12-05T12:33:00Z,2
2024-12-05T12:34:00Z,2
2024-12-05T12:35:00Z,2
2024-12-05T12:36:00Z,2
2024-12-05T12:37:00Z,2
2024-12-05T12:38:00Z,2
2024-12-05T12:39:00Z,2
2024-12-05T12:40:00Z,2
2024-12-05T12:41:00Z,2
2024-12-05T12:42:00Z,2
2024-12-05T12:43:00Z,5
2024-12-05T12:44:00Z,5
2024-12-05T12:45:00Z,5
2024-12-05T12:46:00Z,5
2024-12-05T12:47:00Z,5
2024-12-05T12:48:00Z,5
2024-12-05T12:49:00Z,5
2024-12-05T12:50:00Z,5
2024-12-05T12:51:00Z,5
2024-12-05T12:52:00Z,5
2024-12-05T12:53:00Z,5
2024-12-05T12:54:00Z,5
2024-12-05T12:55:00Z,5
2024-12-05T12:56:00Z,5
2024-12-05T12:57:00Z,5
2024-12-05T12:58:00Z,5
2024-12-05T12:59:00Z,5
2024-12-05T13:00:00Z,5
2024-12-05T13:01:00Z,5
2024-12-05T13:02:00Z,5
2024-12-05T13:03:00Z,5
2024-12-05T13:04:00Z,5
2024-12-05T13:05:00Z,5
2024-12-05T13:06:00Z,5
2024-12-05T13:07:00Z,5
2024-12-05T13:08:00Z,3
2024-12-05T13:09:00Z,3
2024-12-05T13:10:00Z,3
2024-12-05T13:11:00Z,3
2024-12-05T13:12:00Z,3
2024-12-05T13:13:00Z,3
2024-12-05T13:14:00Z,5
2024-12-05T13:15:00Z,5
2024-12-05T13:16:00Z,5
2024-12-05T13:17:00Z,5
2024-12-05T13:18:00Z,5
2024-12-05T13:19:00Z,5
2024-12-05T13:20:00Z,5
2024-12-05T13:21:00Z,5
2024-12-05T13:22:00Z,5
2024-12-05T13:23:00Z,5
2024-12-05T13:24:00Z,5
2024-12-05T13:25:00Z,5
2024-12-05T13:26:00Z,5
2024-12-05T13:27:00Z,5
2024-12-05T13:28:00Z,5
2024-12-05T13:29:00Z,5
2024-12-05T13:30:00Z,5
2024-12-05T13:31:00Z,5
2024-12-05T13:32:00Z,5
2024-12-05T13:33:00Z,5
2024-12-05T13:34:00Z,5
2024-12-05T13:35:00Z,5
2024-12-05T13:36:00Z,5
2024-12-05T13:37:00Z,5
2024-12-05T13:38:00Z,5
2024-12-05T13:39:00Z,4
2024-12-05T13:40:00Z,4
2024-12-05T13:41:00Z,4
2024-12-05T13:42:00Z,4
2024-12-05T13:43:00Z,4
2024-12-05T13:44:00Z,4
2024-12-05T13:45:00Z,5
2024-12-05T13:46:00Z,5
2024-12-05T13:47:00Z,5
2024-12-05T13:48:00Z,5
2024-12-05T13:49:00Z,5
2024-12-05T13:50:00Z,5
2024-12-05T13:51:00Z,5
2024-12-05T13:52:00Z,5
2024-12-05T13:53:00Z,5
2024-12-05T13:54:00Z,5
2024-12-05T13:55:00Z,5
2024-12-05T13:56:00Z,5
2024-12-05T13:57:00Z,5
2024-12-05T13:58:00Z,5
2024-12-05T13:59:00Z,5
2024-12-05T14:00:00Z,5
2024-12-05T14:01:00Z,5
2024-12-05T14:02:00Z,5
2024-12-05T14:03:00Z,5
2024-12-05T14:04:00Z,5
2024-12-05T14:05:00Z,5
2024-12-05T14:06:00Z,5
2024-12-05T14:07:00Z,5
2024-12-05T14:08:00Z,5
2024-12-05T14:09:00Z,5
2024-12-05T14:10:00Z,5
2024-12-05T14:11:00Z,5
2024-12-05T14:12:00Z,5
2024-12-05T14:13:00Z,3
2024-12-05T14:14:00Z,3
2024-12-05T14:15:00Z,3
2024-12-05T14:16:00Z,3
2024-12-05T14:17:00Z,3
2024-12-05T14:18:00Z,3
2024-12-05T14:19:00Z,5
2024-12-05T14:20:00Z,5
2024-12-05T14:21:00Z,5
2024-12-05T14:22:00Z,5
2024-12-05T14:23:00Z,5
2024-12-05T14:24:00Z,5
2024-12-05T14:25:00Z,5
2024-12-05T14:26:00Z,5
2024-12-05T14:27:00Z,5
2024-12-05T14:28:00Z,5
2024-12-05T14:29:00Z,5
2024-12-05T14:30:00Z,5
2024-12-05T14:31:00Z,5
2024-12-05T14:32:00Z,5
2024-12-05T14:33:00Z,5
2024-12-05T14:34:00Z,5
2024-12-05T14:35:00Z,5
2024-12-05T14:36:00Z,5
2024-12-05T14:37:00Z,5
2024-12-05T14:38:00Z,5
2024-12-05T14:39:00Z,5
2024-12-05T14:40:00Z,5
2024-12-05T14:41:00Z,5
2024-12-05T14:42:00Z,5
2024-12-05T14:43:00Z,5
2024-12-05T14:44:00Z,4
2024-12-05T14:45:00Z,4
2024-12-05T14:46:00Z,4
2024-12-05T14:47:00Z,4
2024-12-05T14:48:00Z,4
2024-12-05T14:49:00Z,4
2024-12-05T14:50:00Z,5
2024-12-05T14:51:00Z,5
2024-12-05T14:52:00Z,5
2024-12-05T14:53:00Z,5
2024-12-05T14:54:00Z,5
2024-12-05T14:55:00Z,5
2024-12-05T14:56:00Z,5
2024-12-05T14:57:00Z,5
2024-12-05T14:58:00Z,5
2024-12-05T14:59:00Z,5
2024-12-05T15:00:00Z,5
2024-12-05T15:01:00Z,5
2024-12-05T15:02:00Z,5
2024-12-05T15:03:00Z,5
2024-12-05T15:04:00Z,5
2024-12-05T15:05:00Z,5
2024-12-05T15:06:00Z,5
2024-12-05T15:07:00Z,5
2024-12-05T15:08:00Z,5
2024-12-05T15:09:00Z,5
2024-12-05T15:10:00Z,4
2024-12-05T15:11:00Z,4
2024-12-05T15:12:00Z,4
2024-12-05T15:13:00Z,4
2024-12-05T15:14:00Z,5
2024-12-05T15:15:00Z,5
2024-12-05T15:16:00Z,5
2024-12-05T15:17:00Z,5
2024-12-05T15:18:00Z,5
2024-12-05T15:19:00Z,5
2024-12-05T15:20:00Z,5
2024-12-05T15:21:00Z,5
2024-12-05T15:22:00Z,5
2024-12-05T15:23:00Z,5
2024-12-05T15:24:00Z,5
2024-12-05T15:25:00Z,5
2024-12-05T15:26:00Z,5
2024-12-05T15:27:00Z,5
2024-12-05T15:28:00Z,5
2024-12-05T15:29:00Z,5
2024-12-05T15:30:00Z,5
2024-12-05T15:31:00Z,5
2024-12-05T15:32:00Z,5
2024-12-05T15:33:00Z,5
2024-12-05T15:34:00Z,5
2024-12-05T15:35:00Z,5
2024-12-05T15:36:00Z,5
2024-12-05T15:37:00Z,5
2024-12-05T15:38:00Z,5
2024-12-05T15:39:00Z,5
2024-12-05T15:40:00Z,5
2024-12-05T15:41:00Z,5
2024-12-05T15:42:00Z,4
2024-12-05T15:43:00Z,4
2024-12-05T15:44:00Z,4
2024-12-05T15:45:00Z,5
2024-12-05T15:46:00Z,5
2024-12-05T15:47:00Z,5
2024-12-05T15:48:00Z,5
2024-12-05T15:49:00Z,5
2024-12-05T15:50:00Z,5
2024-12-05T15:51:00Z,5
2024-12-05T15:52:00Z,5
2024-12-05T15:53:00Z,5
2024-12-05T15:54:00Z,5
2024-12-05T15:55:00Z,5
2024-12-05T15:56:00Z,5
2024-12-05T15:57:00Z,5
2024-12-05T15:58:00Z,5
2024-12-05T15:59:00Z,5
2024-12-05T16:00:00Z,5
2024-12-05T16:01:00Z,5
2024-12-05T16:02:00Z,5
2024-12-05T16:03:00Z,5
2024-12-05T16:04:00Z,5
2024-12-05T16:05:00Z,4
2024-12-05T16:06:00Z,4
2024-12-05T16:07:00Z,4
2024-12-05T16:08:00Z,5
2024-12-05T16:09:00Z,5
2024-12-05T16:10:00Z,5
2024-12-05T16:11:00Z,5
2024-12-05T16:12:00Z,5
2024-12-05T16:13:00Z,5
2024-12-05T16:14:00Z,5
2024-12-05T16:15:00Z,5
2024-12-05T16:16:00Z,5
2024-12-05T16:17:00Z,5
2024-12-05T16:18:00Z,5
2024-12-05T16:19:00Z,5
2024-12-05T16:20:00Z,5
2024-12-05T16:21:00Z,5
2024-12-05T16:22:00Z,5
2024-12-05T16:23:00Z,5
2024-12-05T16:24:00Z,5
2024-12-05T16:25:00Z,5
2024-12-05T16:26:00Z,5
2024-12-05T16:27:00Z,5
2024-12-05T16:28:00Z,5
2024-12-05T16:29:00Z,5
2024-12-05T16:30:00Z,5
2024-12-05T16:31:00Z,5
2024-12-05T16:32:00Z,5
2024-12-05T16:33:00Z,5
2024-12-05T16:34:00Z,5
2024-12-05T16:35:00Z,5
2024-12-05T16:36:00Z,4
2024-12-05T16:37:00Z,4
2024-12-05T16:38:00Z,4
2024-12-05T16:39:00Z,4
2024-12-05T16:40:00Z,4
2024-12-05T16:41:00Z,5
2024-12-05T16:42:00Z,5
2024-12-05T16:43:00Z,5
2024-12-05T16:44:00Z,5
2024-12-05T16:45:00Z,5
2024-12-05T16:46:00Z,5
2024-12-05T16:47:00Z,5
2024-12-05T16:48:00Z,5
2024-12-05T16:49:00Z,5
2024-12-05T16:50:00Z,5
2024-12-05T16:51:00Z,5
2024-12-05T16:52:00Z,5
2024-12-05T16:53:00Z,5
2024-12-05T16:54:00Z,5
2024-12-05T16:55:00Z,5
2024-12-05T16:56:00Z,5
2024-12-05T16:57:00Z,5
2024-12-05T16:58:00Z,5
2024-12-05T16:59:00Z,5
2024-12-05T17:00:00Z,5
2024-12-05T17:01:00Z,5
2024-12-05T17:02:00Z,5
2024-12-05T17:03:00Z,3
2024-12-05T17:04:00Z,3
2024-12-05T17:05:00Z,3
2024-12-05T17:06:00Z,3
2024-12-05T17:07:00Z,3
2024-12-05T17:08:00Z,3
2024-12-05T17:09:00Z,5
2024-12-05T17:10:00Z,5
2024-12-05T17:11:00Z,5
2024-12-05T17:12:00Z,5
2024-12-05T17:13:00Z,5
2024-12-05T17:14:00Z,5
2024-12-05T17:15:00Z,5
2024-12-05T17:16:00Z,5
2024-12-05T17:17:00Z,5
2024-12-05T17:18:00Z,5
2024-12-05T17:19:00Z,5
2024-12-05T17:20:00Z,5
2024-12-05T17:21:00Z,5
2024-12-05T17:22:00Z,5
2024-12-05T17:23:00Z,5
2024-12-05T17:24:00Z,5
2024-12-05T17:25:00Z,5
2024-12-05T17:26:00Z,5
2024-12-05T17:27:00Z,5
2024-12-05T17:28:00Z,5
2024-12-05T17:29:00Z,5
2024-12-05T17:30:00Z,5
2024-12-05T17:31:00Z,4
2024-12-05T17:32:00Z,4
2024-12-05T17:33:00Z,4
2024-12-05T17:34:00Z,4
2024-12-05T17:35:00Z,4
2024-12-05T17:36:00Z,4
2024-12-05T17:37:00Z,5
2024-12-05T17:38:00Z,5
2024-12-05T17:39:00Z,5
2024-12-05T17:40:00Z,5
2024-12-05T17:41:00Z,5
2024-12-05T17:42:00Z,5
2024-12-05T17:43:00Z,5
2024-12-05T17:44:00Z,5
2024-12-05T17:45:00Z,5
2024-12-05T17:46:00Z,5
2024-12-05T17:47:00Z,5
2024-12-05T17:48:00Z,5
2024-12-05T17:49:00Z,5
2024-12-05T17:50:00Z,5
2024-12-05T17:51:00Z,5
2024-12-05T17:52:00Z,5
2024-12-05T17:53:00Z,5
2024-12-05T17:54:00Z,5
2024-12-05T17:55:00Z,5
2024-12-05T17:56:00Z,5
2024-12-05T17:57:00Z,5
2024-12-05T17:58:00Z,5
2024-12-05T17:59:00Z,5
2024-12-05T18:00:00Z,5
2024-12-05T18:01:00Z,5
2024-12-05T18:02:00Z,5
2024-12-05T18:03:00Z,3
2024-12-05T18:04:00Z,3
2024-12-05T18:05:00Z,3
2024-12-05T18:06:00Z,3
2024-12-05T18:07:00Z,5
2024-12-05T18:08:00Z,5
2024-12-05T18:09:00Z,5
2024-12-05T18:10:00Z,5
2024-12-05T18:11:00Z,5
2024-12-05T18:12:00Z,5
2024-12-05T18:13:00Z,5
2024-12-05T18:14:00Z,5
2024-12-05T18:15:00Z,5
2024-12-05T18:16:00Z,5
2024-12-05T18:17:00Z,5
2024-12-05T18:18:00Z,5
2024-12-05T18:19:00Z,5
2024-12-05T18:20:00Z,5
2024-12-05T18:21:00Z,5
2024-12-05T18:22:00Z,5
2024-12-05T18:23:00Z,5
2024-12-05T18:24:00Z,5
2024-12-05T18:25:00Z,5
2024-12-05T18:26:00Z,5
2024-12-05T18:27:00Z,5
2024-12-05T18:28:00Z,4
2024-12-05T18:29:00Z,4
2024-12-05T18:30:00Z,4
2024-12-05T18:31:00Z,4
2024-12-05T18:32:00Z,4
2024-12-05T18:33:00Z,4
2024-12-05T18:34:00Z,5
2024-12-05T18:35:00Z,5
2024-12-05T18:36:00Z,5
2024-12-05T18:37:00Z,5
2024-12-05T18:38:00Z,5
2024-12-05T18:39:00Z,5
2024-12-05T18:40:00Z,5
2024-12-05T18:41:00Z,5
2024-12-05T18:42:00Z,5
2024-12-05T18:43:00Z,5
2024-12-05T18:44:00Z,5
2024-12-05T18:45:00Z,5
2024-12-05T18:46:00Z,5
2024-12-05T18:47:00Z,5
2024-12-05T18:48:00Z,5
2024-12-05T18:49:00Z,5
2024-12-05T18:50:00Z,5
2024-12-05T18:51:00Z,5
2024-12-05T18:52:00Z,5
2024-12-05T18:53:00Z,5
2024-12-05T18:54:00Z,3
2024-12-05T18:55:00Z,3
2024-12-05T18:56:00Z,3
2024-12-05T18:57:00Z,3
2024-12-05T18:58:00Z,3
2024-12-05T18:59:00Z,3
2024-12-05T19:00:00Z,5
2024-12-05T19:01:00Z,5
2024-12-05T19:02:00Z,5
2024-12-05T19:03:00Z,5
2024-12-05T19:04:00Z,5
2024-12-05T19:05:00Z,5
2024-12-05T19:06:00Z,5
2024-12-05T19:07:00Z,5
2024-12-05T19:08:00Z,5
2024-12-05T19:09:00Z,5
2024-12-05T19:10:00Z,5
2024-12-05T19:11:00Z,5
2024-12-05T19:12:00Z,5
2024-12-05T19:13:00Z,5
2024-12-05T19:14:00Z,5
2024-12-05T19:15:00Z,5
2024-12-05T19:16:00Z,5
2024-12-05T19:17:00Z,5
2024-12-05T19:18:00Z,5
2024-12-05T19:19:00Z,5
2024-12-05T19:20:00Z,5
2024-12-05T19:21:00Z,5
2024-12-05T19:22:00Z,5
2024-12-05T19:23:00Z,5
2024-12-05T19:24:00Z,5
2024-12-05T19:25:00Z,1
2024-12-05T19:26:00Z,1
2024-12-05T19:27:00Z,1
2024-12-05T19:28:00Z,1
2024-12-05T19:29:00Z,1
2024-12-05T19:30:00Z,1
2024-12-05T19:31:00Z,1
2024-12-05T19:32:00Z,1
2024-12-05T19:33:00Z,1
2024-12-05T19:34:00Z,1
2024-12-05T19:35:00Z,1
2024-12-05T19:36:00Z,1
2024-12-05T19:37:00Z,1
2024-12-05T19:38:00Z,1
2024-12-05T19:39:00Z,1
2024-12-05T19:40:00Z,1
2024-12-05T19:41:00Z,1
2024-12-05T19:42:00Z,1
2024-12-05T19:43:00Z,1
2024-12-05T19:44:00Z,1
2024-12-05T19:45:00Z,1
2024-12-05T19:46:00Z,1
2024-12-05T19:47:00Z,1
2024-12-05T19:48:00Z,1
2024-12-05T19:49:00Z,1
2024-12-05T19:50:00Z,1
2024-12-05T19:51:00Z,1
2024-12-05T19:52:00Z,1
2024-12-05T19:53:00Z,1
2024-12-05T19:54:00Z,1
2024-12-05T19:55:00Z,1
2024-12-05T19:56:00Z,1
2024-12-05T19:57:00Z,1
2024-12-05T19:58:00Z,1
2024-12-05T19:59:00Z,1
2024-12-05T20:00:00Z,1
2024-12-05T20:01:00Z,1
2024-12-05T20:02:00Z,1
2024-12-05T20:03:00Z,1
2024-12-05T20:04:00Z,1
2024-12-05T20:05:00Z,5
2024-12-05T20:06:00Z,5
2024-12-05T20:07:00Z,5
2024-12-05T20:08:00Z,5
2024-12-05T20:09:00Z,5
2024-12-05T20:10:00Z,5
2024-12-05T20:11:00Z,5
2024-12-05T20:12:00Z,5
2024-12-05T20:13:00Z,5
2024-12-05T20:14:00Z,5
2024-12-05T20:15:00Z,5
2024-12-05T20:16:00Z,5
2024-12-05T20:17:00Z,5
2024-12-05T20:18:00Z,5
2024-12-05T20:19:00Z,5
2024-12-05T20:20:00Z,5
2024-12-05T20:21:00Z,5
2024-12-05T20:22:00Z,5
2024-12-05T20:23:00Z,5
2024-12-05T20:24:00Z,5
2024-12-05T20:25:00Z,5
2024-12-05T20:26:00Z,5
2024-12-05T20:27:00Z,5
2024-12-05T20:28:00Z,5
2024-12-05T20:29:00Z,5
2024-12-05T20:30:00Z,5
2024-12-05T20:31:00Z,5
2024-12-05T20:32:00Z,4
2024-12-05T20:33:00Z,4
2024-12-05T20:34:00Z,4
2024-12-05T20:35:00Z,4
2024-12-05T20:36:00Z,4
2024-12-05T20:37:00Z,5
2024-12-05T20:38:00Z,5
2024-12-05T20:39:00Z,5
2024-12-05T20:40:00Z,5
2024-12-05T20:41:00Z,5
2024-12-05T20:42:00Z,5
2024-12-05T20:43:00Z,5
2024-12-05T20:44:00Z,5
2024-12-05T20:45:00Z,5
2024-12-05T20:46:00Z,5
2024-12-05T20:47:00Z,5
2024-12-05T20:48:00Z,5
2024-12-05T20:49:00Z,5
2024-12-05T20:50:00Z,5
2024-12-05T20:51:00Z,5
2024-12-05T20:52:00Z,5
2024-12-05T20:53:00Z,5
2024-12-05T20:54:00Z,5
2024-12-05T20:55:00Z,5
2024-12-05T20:56:00Z,5
2024-12-05T20:57:00Z,5
2024-12-05T20:58:00Z,5
2024-12-05T20:59:00Z,5
2024-12-05T21:00:00Z,3
2024-12-05T21:01:00Z,3
2024-12-05T21:02:00Z,3
2024-12-05T21:03:00Z,3
2024-12-05T21:04:00Z,5
2024-12-05T21:05:00Z,5
2024-12-05T21:06:00Z,5
2024-12-05T21:07:00Z,5
2024-12-05T21:08:00Z,5
2024-12-05T21:09:00Z,5
2024-12-05T21:10:00Z,5
2024-12-05T21:11:00Z,5
2024-12-05T21:12:00Z,5
2024-12-05T21:13:00Z,5
2024-12-05T21:14:00Z,5
2024-12-05T21:15:00Z,5
2024-12-05T21:16:00Z,5
2024-12-05T21:17:00Z,5
2024-12-05T21:18:00Z,5
2024-12-05T21:19:00Z,5
2024-12-05T21:20:00Z,5
2024-12-05T21:21:00Z,5
2024-12-05T21:22:00Z,5
2024-12-05T21:23:00Z,5
2024-12-05T21:24:00Z,5
2024-12-05T21:25:00Z,5
2024-12-05T21:26:00Z,5
2024-12-05T21:27:00Z,5
2024-12-05T21:28:00Z,5
2024-12-05T21:29:00Z,5
2024-12-05T21:30:00Z,5
2024-12-05T21:31:00Z,5
2024-12-05T21:32:00Z,5
2024-12-05T21:33:00Z,5
2024-12-05T21:34:00Z,3
2024-12-05T21:35:00Z,3
2024-12-05T21:36:00Z,3
2024-12-05T21:37:00Z,3
2024-12-05T21:38:00Z,3
2024-12-05T21:39:00Z,5
2024-12-05T21:40:00Z,5
2024-12-05T21:41:00Z,5
2024-12-05T21:42:00Z,5
2024-12-05T21:43:00Z,5
2024-12-05T21:44:00Z,5
2024-12-05T21:45:00Z,5
2024-12-05T21:46:00Z,5
2024-12-05T21:47:00Z,5
2024-12-05T21:48:00Z,5
2024-12-05T21:49:00Z,5
2024-12-05T21:50:00Z,5
2024-12-05T21:51:00Z,5
2024-12-05T21:52:00Z,5
2024-12-05T21:53:00Z,5
2024-12-05T21:54:00Z,5
2024-12-05T21:55:00Z,5
2024-12-05T21:56:00Z,5
2024-12-05T21:57:00Z,5
2024-12-05T21:58:00Z,5
2024-12-05T21:59:00Z,5
2024-12-05T22:00:00Z,5
2024-12-05T22:01:00Z,5
2024-12-05T22:02:00Z,5
2024-12-05T22:03:00Z,5
2024-12-05T22:04:00Z,5
2024-12-05T22:05:00Z,5
2024-12-05T22:06:00Z,5
2024-12-05T22:07:00Z,3
2024-12-05T22:08:00Z,3
2024-12-05T22:09:00Z,3
2024-12-05T22:10:00Z,3
2024-12-05T22:11:00Z,5
2024-12-05T22:12:00Z,5
2024-12-05T22:13:00Z,5
2024-12-05T22:14:00Z,5
2024-12-05T22:15:00Z,5
2024-12-05T22:16:00Z,5
2024-12-05T22:17:00Z,5
2024-12-05T22:18:00Z,5
2024-12-05T22:19:00Z,5
2024-12-05T22:20:00Z,5
2024-12-05T22:21:00Z,5
2024-12-05T22:22:00Z,5
2024-12-05T22:23:00Z,5
2024-12-05T22:24:00Z,5
2024-12-05T22:25:00Z,5
2024-12-05T22:26:00Z,5
2024-12-05T22:27:00Z,5
2024-12-05T22:28:00Z,5
2024-12-05T22:29:00Z,5
2024-12-05T22:30:00Z,5
2024-12-05T22:31:00Z,5
2024-12-05T22:32:00Z,5
2024-12-05T22:33:00Z,5
2024-12-05T22:34:00Z,5
2024-12-05T22:35:00Z,5
2024-12-05T22:36:00Z,5
2024-12-05T22:37:00Z,5
2024-12-05T22:38:00Z,5
2024-12-05T22:39:00Z,4
2024-12-05T22:40:00Z,4
2024-12-05T22:41:00Z,4
2024-12-05T22:42:00Z,4
2024-12-05T22:43:00Z,4
2024-12-05T22:44:00Z,4
2024-12-05T22:45:00Z,5
2024-12-05T22:46:00Z,5
2024-12-05T22:47:00Z,5
2024-12-05T22:48:00Z,5
2024-12-05T22:49:00Z,5
2024-12-05T22:50:00Z,5
2024-12-05T22:51:00Z,5
2024-12-05T22:52:00Z,5
2024-12-05T22:53:00Z,5
2024-12-05T22:54:00Z,5
2024-12-05T23:14:00Z,3
2024-12-05T23:18:00Z,5
2024-12-05T23:38:00Z,3
2024-12-05T23:44:00Z,5
2024-12-06T00:10:00Z,3
2024-12-06T00:16:00Z,5
2024-12-06T00:43:00Z,4
2024-12-06T00:49:00Z,5
2024-12-06T01:10:00Z,3
2024-12-06T01:14:00Z,5
2024-12-06T01:34:00Z,3
2024-12-06T01:38:00Z,5
2024-12-06T02:00:00Z,3
2024-12-06T02:04:00Z,5
2024-12-06T02:30:00Z,4
2024-12-06T02:36:00Z,5
2024-12-06T02:57:00Z,3
2024-12-06T03:01:00Z,5
2024-12-06T03:27:00Z,4
2024-12-06T03:30:00Z,5
2024-12-06T03:54:00Z,1
2024-12-06T04:42:00Z,5
2024-12-06T05:06:00Z,4
2024-12-06T05:10:00Z,5
2024-12-06T05:33:00Z,4
2024-12-06T05:37:00Z,5
2024-12-06T05:58:00Z,3
2024-12-06T06:02:00Z,5
2024-12-06T06:28:00Z,4
2024-12-06T06:33:00Z,5
2024-12-06T07:00:00Z,4
2024-12-06T07:03:00Z,5
2024-12-06T07:25:00Z,3
2024-12-06T07:30:00Z,5
2024-12-06T07:54:00Z,3
2024-12-06T07:57:00Z,5
2024-12-06T08:19:00Z,4
2024-12-06T08:24:00Z,5
2024-12-06T08:52:00Z,3
2024-12-06T08:57:00Z,5
2024-12-06T09:19:00Z,3
2024-12-06T09:23:00Z,5
2024-12-06T09:48:00Z,3
2024-12-06T09:52:00Z,5
2024-12-06T10:21:00Z,3
2024-12-06T10:25:00Z,5
2024-12-06T10:47:00Z,4
2024-12-06T10:51:00Z,5
2024-12-06T11:11:00Z,4
2024-12-06T11:15:00Z,5
2024-12-06T11:44:00Z,4
2024-12-06T11:50:00Z,5
2024-12-06T12:19:00Z,3
2024-12-06T12:22:00Z,5
2024-12-06T12:51:00Z,2
2024-12-06T13:39:00Z,5
2024-12-06T14:08:00Z,3
2024-12-06T14:13:00Z,5
2024-12-06T14:38:00Z,3
2024-12-06T14:44:00Z,5
2024-12-06T15:09:00Z,3
2024-12-06T15:14:00Z,5
2024-12-06T15:35:00Z,4
2024-12-06T15:38:00Z,5
2024-12-06T16:01:00Z,3
2024-12-06T16:05:00Z,5
2024-12-06T16:28:00Z,4
2024-12-06T16:33:00Z,5
2024-12-06T16:53:00Z,4
2024-12-06T16:56:00Z,5
2024-12-06T17:18:00Z,3
2024-12-06T17:21:00Z,5
2024-12-06T17:51:00Z,4
2024-12-06T17:56:00Z,5
2024-12-06T18:26:00Z,3
2024-12-06T18:30:00Z,5
2024-12-06T18:58:00Z,3
2024-12-06T19:01:00Z,5
2024-12-06T19:28:00Z,3
2024-12-06T19:34:00Z,5
2024-12-06T20:01:00Z,1
2024-12-06T20:48:00Z,5
2024-12-06T21:14:00Z,4
2024-12-06T21:17:00Z,5
2024-12-06T21:44:00Z,3
2024-12-06T21:47:00Z,5
2024-12-06T22:09:00Z,4
2024-12-06T22:13:00Z,5
2024-12-06T22:43:00Z,3
2024-12-06T22:49:00Z,5
2024-12-06T23:10:00Z,4
2024-12-06T23:13:00Z,5
2024-12-06T23:35:00Z,3
2024-12-06T23:41:00Z,5
2024-12-07T00:02:00Z,3
2024-12-07T00:06:00Z,5
2024-12-07T00:33:00Z,4
2024-12-07T00:39:00Z,5
2024-12-07T01:03:00Z,4
2024-12-07T01:07:00Z,5
2024-12-07T01:28:00Z,4
2024-12-07T01:33:00Z,5
2024-12-07T02:00:00Z,4
2024-12-07T02:03:00Z,5
2024-12-07T02:26:00Z,3
2024-12-07T02:32:00Z,5
2024-12-07T02:57:00Z,3
2024-12-07T03:01:00Z,5
2024-12-07T03:26:00Z,4
2024-12-07T03:32:00Z,5
2024-12-07T03:52:00Z,3
2024-12-07T03:58:00Z,5
2024-12-07T04:28:00Z,1
2024-12-07T05:08:00Z,5
2024-12-07T05:33:00Z,4
2024-12-07T05:36:00Z,5
2024-12-07T06:01:00Z,4
2024-12-07T06:06:00Z,5
2024-12-07T06:36:00Z,3
2024-12-07T06:40:00Z,5
2024-12-07T07:00:00Z,4
2024-12-07T07:03:00Z,5
2024-12-07T07:28:00Z,4
2024-12-07T07:31:00Z,5
2024-12-07T07:56:00Z,3
2024-12-07T07:59:00Z,5
2024-12-07T08:28:00Z,4
2024-12-07T08:31:00Z,5
2024-12-07T08:51:00Z,3
2024-12-07T08:57:00Z,5
2024-12-07T09:18:00Z,3
2024-12-07T09:23:00Z,5
2024-12-07T09:43:00Z,3
2024-12-07T09:46:00Z,5
2024-12-07T10:07:00Z,4
2024-12-07T10:10:00Z,5
2024-12-07T10:38:00Z,3
2024-12-07T10:44:00Z,5
2024-12-07T11:07:00Z,3
2024-12-07T11:12:00Z,5
2024-12-07T11:37:00Z,2
2024-12-07T12:32:00Z,5
2024-12-07T12:52:00Z,4
2024-12-07T12:58:00Z,5
2024-12-07T13:18:00Z,4
2024-12-07T13:24:00Z,5
2024-12-07T13:47:00Z,4
2024-12-07T13:53:00Z,5
2024-12-07T14:19:00Z,4
2024-12-07T14:25:00Z,5
2024-12-07T14:55:00Z,3
2024-12-07T14:58:00Z,5
2024-12-07T15:18:00Z,4
2024-12-07T15:23:00Z,5
2024-12-07T15:52:00Z,4
2024-12-07T15:57:00Z,5
2024-12-07T16:19:00Z,3
2024-12-07T16:24:00Z,5
2024-12-07T16:49:00Z,4
2024-12-07T16:53:00Z,5
2024-12-07T17:23:00Z,4
2024-12-07T17:26:00Z,5
2024-12-07T17:56:00Z,3
2024-12-07T18:02:00Z,5
2024-12-07T18:23:00Z,3
2024-12-07T18:26:00Z,5
2024-12-07T18:52:00Z,1
2024-12-07T19:47:00Z,5
2024-12-07T20:16:00Z,4
2024-12-07T20:20:00Z,5
2024-12-07T20:48:00Z,3
2024-12-07T20:51:00Z,5
2024-12-07T21:17:00Z,3
2024-12-07T21:20:00Z,5
2024-12-07T21:49:00Z,3
2024-12-07T21:55:00Z,5
2024-12-07T22:20:00Z,4
2024-12-07T22:23:00Z,5
2024-12-07T22:53:00Z,4
2024-12-07T22:57:00Z,5
2024-12-07T23:20:00Z,3
2024-12-07T23:24:00Z,5
2024-12-07T23:44:00Z,4
2024-12-07T23:50:00Z,5
2024-12-08T00:15:00Z,4
2024-12-08T00:21:00Z,5
2024-12-08T00:43:00Z,4
2024-12-08T00:49:00Z,5
2024-12-08T01:16:00Z,4
2024-12-08T01:22:00Z,5
2024-12-08T01:52:00Z,4
2024-12-08T01:56:00Z,5
2024-12-08T02:24:00Z,1
2024-12-08T03:10:00Z,5
2024-12-08T03:36:00Z,3
2024-12-08T03:42:00Z,5
2024-12-08T04:02:00Z,4
2024-12-08T04:07:00Z,5
2024-12-08T04:33:00Z,4
2024-12-08T04:36:00Z,5
2024-12-08T05:04:00Z,4
2024-12-08T05:07:00Z,5
2024-12-08T05:32:00Z,3
2024-12-08T05:38:00Z,5
2024-12-08T06:02:00Z,4
2024-12-08T06:07:00Z,5
2024-12-08T06:33:00Z,4
2024-12-08T06:39:00Z,5
2024-12-08T07:07:00Z,3
2024-12-08T07:11:00Z,5
2024-12-08T07:40:00Z,4
2024-12-08T07:46:00Z,5
2024-12-08T08:06:00Z,3
2024-12-08T08:10:00Z,5
2024-12-08T08:32:00Z,4
2024-12-08T08:37:00Z,5
2024-12-08T09:03:00Z,4
2024-12-08T09:08:00Z,5
2024-12-08T09:37:00Z,2
2024-12-08T10:31:00Z,5
2024-12-08T10:54:00Z,3
2024-12-08T11:00:00Z,5
2024-12-08T11:28:00Z,3
2024-12-08T11:34:00Z,5
2024-12-08T12:02:00Z,4
2024-12-08T12:08:00Z,5
2024-12-08T12:33:00Z,3
2024-12-08T12:38:00Z,5
2024-12-08T12:58:00Z,3
2024-12-08T13:04:00Z,5
2024-12-08T13:30:00Z,3
2024-12-08T13:36:00Z,5
2024-12-08T13:58:00Z,3
2024-12-08T14:03:00Z,5
2024-12-08T14:28:00Z,4
2024-12-08T14:34:00Z,5
2024-12-08T14:55:00Z,3
2024-12-08T15:00:00Z,0
2024-12-08T18:00:00Z,5
2024-12-08T19:06:00Z,3
2024-12-08T19:12:00Z,5
2024-12-08T19:32:00Z,4
2024-12-08T19:37:00Z,5
2024-12-08T19:59:00Z,3
2024-12-08T20:03:00Z,5
2024-12-08T20:30:00Z,3
2024-12-08T20:36:00Z,5
2024-12-08T20:57:00Z,4
2024-12-08T21:03:00Z,5
2024-12-08T21:24:00Z,3
2024-12-08T21:30:00Z,5
2024-12-08T21:53:00Z,3
2024-12-08T21:59:00Z,5
2024-12-08T22:19:00Z,3
2024-12-08T22:23:00Z,5
2024-12-08T22:49:00Z,2
2024-12-08T23:49:00Z,5
2024-12-09T00:09:00Z,4
2024-12-09T00:15:00Z,5
2024-12-09T00:39:00Z,4
2024-12-09T00:42:00Z,5
2024-12-09T01:03:00Z,3
2024-12-09T01:06:00Z,5
2024-12-09T01:35:00Z,4
2024-12-09T01:38:00Z,5
2024-12-09T02:06:00Z,4
2024-12-09T02:09:00Z,5
2024-12-09T02:39:00Z,3
2024-12-09T02:42:00Z,5
2024-12-09T03:06:00Z,3
2024-12-09T03:12:00Z,5
2024-12-09T03:42:00Z,4
2024-12-09T03:48:00Z,5
2024-12-09T04:10:00Z,3
2024-12-09T04:13:00Z,5
2024-12-09T04:37:00Z,3
2024-12-09T04:43:00Z,5
2024-12-09T05:13:00Z,4
2024-12-09T05:16:00Z,5
2024-12-09T05:43:00Z,3
2024-12-09T05:46:00Z,5
2024-12-09T06:14:00Z,4
2024-12-09T06:20:00Z,5
2024-12-09T06:41:00Z,4
2024-12-09T06:45:00Z,5
2024-12-09T07:09:00Z,1
2024-12-09T08:08:00Z,5
2024-12-09T08:35:00Z,3
2024-12-09T08:40:00Z,5
2024-12-09T09:09:00Z,4
2024-12-09T09:12:00Z,5
2024-12-09T09:34:00Z,4
2024-12-09T09:40:00Z,5
2024-12-09T10:01:00Z,3
2024-12-09T10:06:00Z,5
2024-12-09T10:36:00Z,3
2024-12-09T10:39:00Z,5
2024-12-09T11:02:00Z,4
2024-12-09T11:05:00Z,5
2024-12-09T11:27:00Z,3
2024-12-09T11:32:00Z,5
2024-12-09T11:52:00Z,4
2024-12-09T11:55:00Z,5
2024-12-09T12:23:00Z,4
2024-12-09T12:29:00Z,5
2024-12-09T12:51:00Z,3
2024-12-09T12:54:00Z,5
2024-12-09T13:17:00Z,3
2024-12-09T13:22:00Z,5
2024-12-09T13:43:00Z,4
2024-12-09T13:48:00Z,5
2024-12-09T14:15:00Z,4
2024-12-09T14:18:00Z,5
2024-12-09T14:46:00Z,1
2024-12-09T15:27:00Z,5
2024-12-09T15:57:00Z,3
2024-12-09T16:01:00Z,5
2024-12-09T16:25:00Z,3
2024-12-09T16:29:00Z,5
2024-12-09T16:53:00Z,3
2024-12-09T16:57:00Z,5
2024-12-09T17:22:00Z,4
2024-12-09T17:26:00Z,5
2024-12-09T17:55:00Z,3
2024-12-09T17:58:00Z,5
2024-12-09T18:25:00Z,4
2024-12-09T18:29:00Z,5
2024-12-09T18:57:00Z,3
2024-12-09T19:02:00Z,5
2024-12-09T19:32:00Z,4
2024-12-09T19:38:00Z,5
2024-12-09T20:04:00Z,4
2024-12-09T20:10:00Z,5
2024-12-09T20:37:00Z,3
2024-12-09T20:41:00Z,5
2024-12-09T21:04:00Z,4
2024-12-09T21:09:00Z,5
2024-12-09T21:37:00Z,4
2024-12-09T21:42:00Z,5
2024-12-09T22:03:00Z,3
2024-12-09T22:09:00Z,5
2024-12-09T22:36:00Z,4
2024-12-09T22:40:00Z,5
2024-12-09T23:10:00Z,2
2024-12-10T00:07:00Z,5
2024-12-10T00:37:00Z,4
2024-12-10T00:40:00Z,5
2024-12-10T01:00:00Z,3
2024-12-10T01:03:00Z,5
2024-12-10T01:27:00Z,4
2024-12-10T01:33:00Z,5
2024-12-10T01:57:00Z,4
2024-12-10T02:00:00Z,5
2024-12-10T02:24:00Z,3
2024-12-10T02:29:00Z,5
2024-12-10T02:53:00Z,3
2024-12-10T02:56:00Z,5
2024-12-10T03:26:00Z,3
2024-12-10T03:30:00Z,5
2024-12-10T03:52:00Z,3
2024-12-10T03:57:00Z,5
2024-12-10T04:25:00Z,4
2024-12-10T04:31:00Z,5
2024-12-10T04:56:00Z,3
2024-12-10T05:00:00Z,5
2024-12-10T05:28:00Z,4
2024-12-10T05:33:00Z,5
2024-12-10T05:55:00Z,4
2024-12-10T05:59:00Z,5
2024-12-10T07:48:00Z,4
2024-12-10T07:53:00Z,5
2024-12-10T08:17:00Z,4
2024-12-10T08:22:00Z,5
2024-12-10T08:42:00Z,4
2024-12-10T08:48:00Z,5
2024-12-10T09:08:00Z,3
2024-12-10T09:13:00Z,5
2024-12-10T09:38:00Z,3
2024-12-10T09:41:00Z,5
2024-12-10T10:02:00Z,3
2024-12-10T10:07:00Z,5
2024-12-10T10:35:00Z,3
2024-12-10T10:39:00Z,5
2024-12-10T11:04:00Z,3
2024-12-10T11:10:00Z,5
2024-12-10T11:35:00Z,3
2024-12-10T11:39:00Z,5
2024-12-10T12:07:00Z,3
2024-12-10T12:13:00Z,5
2024-12-10T12:38:00Z,4
2024-12-10T12:42:00Z,5
2024-12-10T13:04:00Z,4
2024-12-10T13:09:00Z,5
2024-12-10T13:37:00Z,1
2024-12-10T14:33:00Z,5
2024-12-10T14:56:00Z,4
2024-12-10T15:02:00Z,5
2024-12-10T15:30:00Z,4
2024-12-10T15:35:00Z,5
2024-12-10T16:00:00Z,4
2024-12-10T16:04:00Z,5
2024-12-10T16:28:00Z,4
2024-12-10T16:33:00Z,5
2024-12-10T16:54:00Z,3
2024-12-10T17:00:00Z,5
2024-12-10T17:30:00Z,4
2024-12-10T17:34:00Z,5
2024-12-10T18:01:00Z,3
2024-12-10T18:07:00Z,5
2024-12-10T18:27:00Z,4
2024-12-10T18:33:00Z,5
2024-12-10T18:54:00Z,4
2024-12-10T18:58:00Z,5
2024-12-10T19:22:00Z,4
2024-12-10T19:27:00Z,5
2024-12-10T19:55:00Z,3
2024-12-10T19:59:00Z,5
2024-12-10T20:22:00Z,2
2024-12-10T21:16:00Z,5
2024-12-10T21:42:00Z,3
2024-12-10T21:45:00Z,5
2024-12-10T22:09:00Z,3
2024-12-10T22:15:00Z,5
2024-12-10T22:41:00Z,3
2024-12-10T22:45:00Z,5
2024-12-10T23:11:00Z,3
2024-12-10T23:16:00Z,5
2024-12-10T23:40:00Z,4
2024-12-10T23:44:00Z,5
2024-12-11T00:14:00Z,4
2024-12-11T00:17:00Z,5
2024-12-11T00:43:00Z,4
2024-12-11T00:48:00Z,5
2024-12-11T01:15:00Z,4
2024-12-11T01:18:00Z,5
2024-12-11T01:41:00Z,3
2024-12-11T01:47:00Z,5
2024-12-11T02:17:00Z,3
2024-12-11T02:22:00Z,5
2024-12-11T02:47:00Z,4
2024-12-11T02:51:00Z,5
2024-12-11T03:19:00Z,3
2024-12-11T03:24:00Z,5
2024-12-11T03:52:00Z,3
2024-12-11T03:58:00Z,5
2024-12-11T04:26:00Z,4
2024-12-11T04:31:00Z,5
2024-12-11T04:55:00Z,2
2024-12-11T05:36:00Z,5
2024-12-11T05:58:00Z,4
2024-12-11T06:03:00Z,5
2024-12-11T06:26:00Z,3
2024-12-11T06:32:00Z,5
2024-12-11T06:52:00Z,3
2024-12-11T06:57:00Z,5
2024-12-11T07:17:00Z,3
2024-12-11T07:21:00Z,5
2024-12-11T07:41:00Z,3
2024-12-11T07:44:00Z,5
2024-12-11T08:13:00Z,3
2024-12-11T08:18:00Z,5
2024-12-11T08:42:00Z,3
2024-12-11T08:45:00Z,5
2024-12-11T09:12:00Z,4
2024-12-11T09:16:00Z,5
2024-12-11T09:44:00Z,4
2024-12-11T09:50:00Z,5
2024-12-11T10:11:00Z,3
2024-12-11T10:17:00Z,5
2024-12-11T10:43:00Z,3
2024-12-11T10:48:00Z,5
2024-12-11T11:12:00Z,3
2024-12-11T11:17:00Z,5
2024-12-11T11:47:00Z,3
2024-12-11T11:50:00Z,5
2024-12-11T12:11:00Z,1
2024-12-11T13:05:00Z,5
2024-12-11T13:34:00Z,3
2024-12-11T13:40:00Z,5
2024-12-11T14:05:00Z,3
2024-12-11T14:11:00Z,5
2024-12-11T14:35:00Z,3
2024-12-11T14:41:00Z,5
2024-12-11T15:01:00Z,3
2024-12-11T15:05:00Z,5
2024-12-11T15:33:00Z,3
2024-12-11T15:39:00Z,5
2024-12-11T16:03:00Z,4
2024-12-11T16:08:00Z,5
2024-12-11T16:36:00Z,3
2024-12-11T16:41:00Z,5
2024-12-11T17:03:00Z,4
2024-12-11T17:06:00Z,5
2024-12-11T17:35:00Z,4
2024-12-11T17:38:00Z,5
2024-12-11T17:59:00Z,3
2024-12-11T18:04:00Z,5
2024-12-11T19:26:00Z,1
2024-12-11T20:07:00Z,5
2024-12-11T20:33:00Z,3
2024-12-11T20:36:00Z,5
2024-12-11T20:59:00Z,3
2024-12-11T21:02:00Z,5
2024-12-11T21:28:00Z,4
2024-12-11T21:31:00Z,5
2024-12-11T21:52:00Z,3
2024-12-11T21:57:00Z,5
2024-12-11T22:19:00Z,3
2024-12-11T22:23:00Z,5
2024-12-11T22:52:00Z,3
2024-12-11T22:57:00Z,5
2024-12-11T23:23:00Z,3
2024-12-11T23:27:00Z,5
2024-12-11T23:53:00Z,3
2024-12-11T23:58:00Z,5
2024-12-12T00:21:00Z,4
2024-12-12T00:25:00Z,5
2024-12-12T00:49:00Z,4
2024-12-12T00:54:00Z,5
2024-12-12T01:15:00Z,4
2024-12-12T01:20:00Z,5
2024-12-12T01:45:00Z,4
2024-12-12T01:51:00Z,5
2024-12-12T02:14:00Z,3
2024-12-12T02:19:00Z,5
2024-12-12T02:49:00Z,3
2024-12-12T02:53:00Z,5
2024-12-12T03:14:00Z,1
2024-12-12T04:04:00Z,5
2024-12-12T04:29:00Z,4
2024-12-12T04:32:00Z,5
2024-12-12T04:54:00Z,3
2024-12-12T05:00:00Z,5
2024-12-12T05:27:00Z,3
2024-12-12T05:32:00Z,5
2024-12-12T05:52:00Z,3
2024-12-12T05:56:00Z,5
2024-12-12T06:18:00Z,4
2024-12-12T06:21:00Z,5
2024-12-12T06:50:00Z,4
2024-12-12T06:55:00Z,5
2024-12-12T07:18:00Z,3
2024-12-12T07:24:00Z,5
2024-12-12T07:45:00Z,4
2024-12-12T07:50:00Z,5
2024-12-12T08:17:00Z,4
2024-12-12T08:23:00Z,5
2024-12-12T08:46:00Z,3
2024-12-12T08:50:00Z,5
2024-12-12T09:13:00Z,3
2024-12-12T09:17:00Z,5
2024-12-12T09:44:00Z,3
2024-12-12T09:48:00Z,5
2024-12-12T10:12:00Z,4
2024-12-12T10:18:00Z,5
2024-12-12T10:45:00Z,2
2024-12-12T11:44:00Z,5
2024-12-12T12:07:00Z,4
2024-12-12T12:13:00Z,5
2024-12-12T12:36:00Z,3
2024-12-12T12:40:00Z,5
2024-12-12T13:05:00Z,4
2024-12-12T13:08:00Z,5
2024-12-12T13:35:00Z,4
2024-12-12T13:40:00Z,5
2024-12-12T14:00:00Z,3
2024-12-12T14:06:00Z,5
2024-12-12T14:30:00Z,4
2024-12-12T14:33:00Z,5
2024-12-12T15:03:00Z,3
2024-12-12T15:06:00Z,5
2024-12-12T15:29:00Z,3
2024-12-12T15:33:00Z,5
2024-12-12T16:01:00Z,3
2024-12-12T16:07:00Z,5
2024-12-12T16:31:00Z,4
2024-12-12T16:34:00Z,5
2024-12-12T16:54:00Z,4
2024-12-12T16:58:00Z,5
2024-12-12T17:23:00Z,3
2024-12-12T17:26:00Z,5
2024-12-12T17:56:00Z,3
2024-12-12T17:59:00Z,5
2024-12-12T18:26:00Z,4
2024-12-12T18:32:00Z,5
2024-12-12T18:54:00Z,4
2024-12-12T18:58:00Z,5
2024-12-12T19:27:00Z,3
2024-12-12T19:33:00Z,5
2024-12-12T19:56:00Z,1
2024-12-12T20:39:00Z,5
2024-12-12T21:00:00Z,3
2024-12-12T21:05:00Z,5
2024-12-12T21:26:00Z,4
2024-12-12T21:30:00Z,5
2024-12-12T21:57:00Z,3
2024-12-12T22:03:00Z,5
2024-12-12T22:28:00Z,3
2024-12-12T22:32:00Z,5
2024-12-12T22:53:00Z,3
2024-12-12T22:56:00Z,5
2024-12-12T23:26:00Z,3
2024-12-12T23:30:00Z,5
2024-12-12T23:58:00Z,4
2024-12-13T00:02:00Z,5
2024-12-13T00:32:00Z,4
2024-12-13T00:37:00Z,5
2024-12-13T01:04:00Z,3
2024-12-13T01:07:00Z,5
2024-12-13T01:33:00Z,4
2024-12-13T01:38:00Z,5
2024-12-13T01:59:00Z,4
2024-12-13T02:04:00Z,5
2024-12-13T02:31:00Z,4
2024-12-13T02:35:00Z,5
2024-12-13T03:03:00Z,2
2024-12-13T03:57:00Z,5
2024-12-13T04:20:00Z,4
2024-12-13T04:25:00Z,5
2024-12-13T04:55:00Z,3
2024-12-13T04:58:00Z,5
2024-12-13T05:24:00Z,4
2024-12-13T05:27:00Z,5
2024-12-13T05:47:00Z,4
2024-12-13T05:51:00Z,5
2024-12-13T06:14:00Z,3
2024-12-13T06:18:00Z,5
2024-12-13T06:42:00Z,3
2024-12-13T06:45:00Z,5
2024-12-13T07:05:00Z,3
2024-12-13T07:08:00Z,5
2024-12-13T07:38:00Z,3
2024-12-13T07:42:00Z,5
2024-12-13T08:12:00Z,4
2024-12-13T08:18:00Z,5
2024-12-13T08:39:00Z,4
2024-12-13T08:45:00Z,5
2024-12-13T09:12:00Z,3
2024-12-13T09:15:00Z,5
2024-12-13T09:41:00Z,4
2024-12-13T09:44:00Z,5
2024-12-13T10:06:00Z,3
2024-12-13T10:10:00Z,5
2024-12-13T10:38:00Z,4
2024-12-13T10:41:00Z,5
2024-12-13T11:05:00Z,4
2024-12-13T11:09:00Z,5
2024-12-13T11:30:00Z,2
2024-12-13T12:13:00Z,5
2024-12-13T12:33:00Z,4
2024-12-13T12:37:00Z,5
2024-12-13T13:00:00Z,4
2024-12-13T13:03:00Z,5
2024-12-13T13:23:00Z,4
2024-12-13T13:28:00Z,5
2024-12-13T13:55:00Z,4
2024-12-13T14:01:00Z,5
2024-12-13T14:29:00Z,3
2024-12-13T14:33:00Z,5
2024-12-13T14:53:00Z,3
2024-12-13T14:59:00Z,5
2024-12-13T15:21:00Z,4
2024-12-13T15:25:00Z,5
2024-12-13T15:45:00Z,3
2024-12-13T15:50:00Z,5
2024-12-13T16:11:00Z,3
2024-12-13T16:15:00Z,5
2024-12-13T16:39:00Z,4
2024-12-13T16:44:00Z,5
2024-12-13T17:14:00Z,3
2024-12-13T17:19:00Z,5
2024-12-13T17:40:00Z,4
2024-12-13T17:45:00Z,5
2024-12-13T19:46:00Z,4
2024-12-13T19:49:00Z,5
2024-12-13T20:11:00Z,4
2024-12-13T20:14:00Z,5
2024-12-13T20:39:00Z,3
2024-12-13T20:42:00Z,5
2024-12-13T21:08:00Z,4
2024-12-13T21:14:00Z,5
2024-12-13T21:36:00Z,3
2024-12-13T21:39:00Z,5
2024-12-13T22:02:00Z,3
2024-12-13T22:08:00Z,5
2024-12-13T22:37:00Z,4
2024-12-13T22:42:00Z,5
2024-12-13T23:04:00Z,3
2024-12-13T23:09:00Z,5
2024-12-13T23:38:00Z,4
2024-12-13T23:42:00Z,5
2024-12-14T00:08:00Z,4
2024-12-14T00:13:00Z,5
2024-12-14T00:41:00Z,3
2024-12-14T00:44:00Z,5
2024-12-14T01:04:00Z,3
2024-12-14T01:07:00Z,5
2024-12-14T01:36:00Z,2
2024-12-14T02:21:00Z,5
2024-12-14T02:51:00Z,3
2024-12-14T02:57:00Z,5
2024-12-14T03:25:00Z,4
2024-12-14T03:28:00Z,5
2024-12-14T03:56:00Z,3
2024-12-14T03:59:00Z,5
2024-12-14T04:24:00Z,4
2024-12-14T04:30:00Z,5
2024-12-14T05:00:00Z,4
2024-12-14T05:06:00Z,5
2024-12-14T05:27:00Z,4
2024-12-14T05:32:00Z,5
2024-12-14T05:52:00Z,3
2024-12-14T05:56:00Z,5
2024-12-14T06:18:00Z,4
2024-12-14T06:21:00Z,5
2024-12-14T06:44:00Z,4
2024-12-14T06:47:00Z,5
2024-12-14T07:12:00Z,4
2024-12-14T07:18:00Z,5
2024-12-14T07:40:00Z,3
2024-12-14T07:43:00Z,5
2024-12-14T08:13:00Z,4
2024-12-14T08:16:00Z,5
2024-12-14T08:37:00Z,1
2024-12-14T09:17:00Z,5
2024-12-14T09:39:00Z,3
2024-12-14T09:44:00Z,5
2024-12-14T10:05:00Z,3
2024-12-14T10:11:00Z,5
2024-12-14T10:38:00Z,3
2024-12-14T10:44:00Z,5
2024-12-14T11:11:00Z,3
2024-12-14T11:16:00Z,5
2024-12-14T11:42:00Z,4
2024-12-14T11:47:00Z,5
2024-12-14T12:17:00Z,3
2024-12-14T12:20:00Z,5
2024-12-14T12:41:00Z,4
2024-12-14T12:44:00Z,5
2024-12-14T13:12:00Z,4
2024-12-14T13:17:00Z,5
2024-12-14T13:37:00Z,3
2024-12-14T13:40:00Z,5
2024-12-14T14:09:00Z,3
2024-12-14T14:12:00Z,5
2024-12-14T14:40:00Z,3
2024-12-14T14:44:00Z,5
2024-12-14T15:06:00Z,2
2024-12-14T16:05:00Z,5
2024-12-14T16:26:00Z,3
2024-12-14T16:30:00Z,5
2024-12-14T16:50:00Z,4
2024-12-14T16:55:00Z,5
2024-12-14T17:16:00Z,4
2024-12-14T17:22:00Z,5
2024-12-14T17:49:00Z,3
2024-12-14T17:54:00Z,5
2024-12-14T18:20:00Z,4
2024-12-14T18:24:00Z,5
2024-12-14T18:48:00Z,4
2024-12-14T18:52:00Z,5
2024-12-14T19:21:00Z,4
2024-12-14T19:26:00Z,5
2024-12-14T19:55:00Z,4
2024-12-14T19:58:00Z,5
2024-12-14T20:24:00Z,4
2024-12-14T20:27:00Z,5
2024-12-14T20:49:00Z,3
2024-12-14T20:54:00Z,5
2024-12-14T21:16:00Z,4
2024-12-14T21:22:00Z,5
2024-12-14T21:48:00Z,4
2024-12-14T21:52:00Z,5
2024-12-14T22:16:00Z,3
2024-12-14T22:22:00Z,5
2024-12-14T22:50:00Z,2
2024-12-14T23:38:00Z,5
2024-12-15T00:07:00Z,3
2024-12-15T00:12:00Z,5
2024-12-15T00:37:00Z,3
2024-12-15T00:42:00Z,5
2024-12-15T01:09:00Z,4
2024-12-15T01:12:00Z,5
2024-12-15T01:36:00Z,4
2024-12-15T01:39:00Z,5
2024-12-15T02:02:00Z,3
2024-12-15T02:06:00Z,5
2024-12-15T02:26:00Z,4
2024-12-15T02:30:00Z,5
2024-12-15T02:55:00Z,4
2024-12-15T03:01:00Z,5
2024-12-15T03:30:00Z,4
2024-12-15T03:33:00Z,5
2024-12-15T03:59:00Z,4
2024-12-15T04:02:00Z,5
2024-12-15T04:29:00Z,3
2024-12-15T04:34:00Z,5
2024-12-15T05:04:00Z,3
2024-12-15T05:07:00Z,5
2024-12-15T05:34:00Z,3
2024-12-15T05:37:00Z,5
2024-12-15T06:03:00Z,4
2024-12-15T06:08:00Z,5
2024-12-15T06:28:00Z,4
2024-12-15T06:32:00Z,5
2024-12-15T06:54:00Z,3
2024-12-15T06:59:00Z,5
2024-12-15T07:21:00Z,1
2024-12-15T08:08:00Z,5
2024-12-15T08:37:00Z,4
2024-12-15T08:40:00Z,5
2024-12-15T09:03:00Z,4
2024-12-15T09:07:00Z,5
2024-12-15T09:36:00Z,3
2024-12-15T09:40:00Z,5
2024-12-15T10:04:00Z,3
2024-12-15T10:08:00Z,5
2024-12-15T10:36:00Z,3
2024-12-15T10:39:00Z,5
2024-12-15T11:06:00Z,4
2024-12-15T11:10:00Z,5
2024-12-15T11:36:00Z,3
2024-12-15T11:39:00Z,5
2024-12-15T12:01:00Z,3
2024-12-15T12:05:00Z,5
2024-12-15T12:31:00Z,4
2024-12-15T12:35:00Z,5
2024-12-15T13:03:00Z,3
2024-12-15T13:06:00Z,5
2024-12-15T13:34:00Z,4
2024-12-15T13:37:00Z,5
2024-12-15T14:02:00Z,4
2024-12-15T14:06:00Z,5
2024-12-15T14:34:00Z,1
2024-12-15T15:28:00Z,5
2024-12-15T15:49:00Z,4
2024-12-15T15:54:00Z,5
2024-12-15T16:17:00Z,4
2024-12-15T16:22:00Z,5
2024-12-15T16:47:00Z,4
2024-12-15T16:53:00Z,5
2024-12-15T17:15:00Z,3
2024-12-15T17:19:00Z,5
2024-12-15T17:44:00Z,4
2024-12-15T17:47:00Z,5
2024-12-15T18:00:00Z,0
2024-12-15T21:00:00Z,5
2024-12-15T22:19:00Z,4
2024-12-15T22:23:00Z,5
2024-12-15T22:52:00Z,4
2024-12-15T22:56:00Z,5
2024-12-15T23:25:00Z,3
2024-12-15T23:29:00Z,5
2024-12-15T23:59:00Z,1
2024-12-16T00:50:00Z,5
2024-12-16T01:10:00Z,4
2024-12-16T01:15:00Z,5
2024-12-16T01:39:00Z,3
2024-12-16T01:44:00Z,5
2024-12-16T02:10:00Z,3
2024-12-16T02:14:00Z,5
2024-12-16T02:42:00Z,3
2024-12-16T02:46:00Z,5
2024-12-16T03:13:00Z,3
2024-12-16T03:18:00Z,5
2024-12-16T03:42:00Z,4
2024-12-16T03:45:00Z,5
2024-12-16T04:10:00Z,3
2024-12-16T04:14:00Z,5
2024-12-16T04:38:00Z,3
2024-12-16T04:43:00Z,5
2024-12-16T05:06:00Z,4
2024-12-16T05:10:00Z,5
2024-12-16T05:31:00Z,4
2024-12-16T05:35:00Z,5
2024-12-16T05:59:00Z,4
2024-12-16T06:05:00Z,5
2024-12-16T06:34:00Z,4
2024-12-16T06:40:00Z,5
2024-12-16T07:04:00Z,1
2024-12-16T07:47:00Z,5
2024-12-16T08:15:00Z,4
2024-12-16T08:18:00Z,5
2024-12-16T08:44:00Z,4
2024-12-16T08:48:00Z,5
2024-12-16T09:17:00Z,4
2024-12-16T09:20:00Z,5
2024-12-16T09:49:00Z,4
2024-12-16T09:53:00Z,5
2024-12-16T10:23:00Z,3
2024-12-16T10:26:00Z,5
2024-12-16T10:54:00Z,4
2024-12-16T10:58:00Z,5
2024-12-16T11:21:00Z,3
2024-12-16T11:24:00Z,5
2024-12-16T11:46:00Z,3
2024-12-16T11:49:00Z,5
2024-12-16T12:15:00Z,3
2024-12-16T12:21:00Z,5
2024-12-16T12:43:00Z,4
2024-12-16T12:48:00Z,5
2024-12-16T13:12:00Z,4
2024-12-16T13:15:00Z,5
2024-12-16T13:36:00Z,4
2024-12-16T13:39:00Z,5
2024-12-16T14:05:00Z,4
2024-12-16T14:10:00Z,5
2024-12-16T14:34:00Z,3
2024-12-16T14:40:00Z,5
2024-12-16T15:04:00Z,2
2024-12-16T16:01:00Z,5
2024-12-16T16:28:00Z,3
2024-12-16T16:34:00Z,5
2024-12-16T16:57:00Z,4
2024-12-16T17:02:00Z,5
2024-12-16T17:30:00Z,3
2024-12-16T17:34:00Z,5
2024-12-16T18:03:00Z,4
2024-12-16T18:07:00Z,5
2024-12-16T18:30:00Z,3
2024-12-16T18:34:00Z,5
2024-12-16T19:00:00Z,3
2024-12-16T19:04:00Z,5
2024-12-16T19:32:00Z,4
2024-12-16T19:36:00Z,5
2024-12-16T19:59:00Z,3
2024-12-16T20:03:00Z,5
2024-12-16T20:25:00Z,4
2024-12-16T20:29:00Z,5
2024-12-16T20:52:00Z,3
2024-12-16T20:56:00Z,5
2024-12-16T21:20:00Z,3
2024-12-16T21:26:00Z,5
2024-12-16T21:49:00Z,3
2024-12-16T21:54:00Z,5
2024-12-16T22:23:00Z,4
2024-12-16T22:27:00Z,5
2024-12-16T22:57:00Z,4
2024-12-16T23:03:00Z,5
2024-12-16T23:24:00Z,2
2024-12-17T00:08:00Z,5
2024-12-17T00:28:00Z,4
2024-12-17T00:32:00Z,5
2024-12-17T01:01:00Z,4
2024-12-17T01:06:00Z,5
2024-12-17T01:31:00Z,4
2024-12-17T01:36:00Z,5
2024-12-17T02:04:00Z,3
2024-12-17T02:07:00Z,5
2024-12-17T02:37:00Z,3
2024-12-17T02:40:00Z,5
2024-12-17T03:01:00Z,3
2024-12-17T03:07:00Z,5
2024-12-17T03:32:00Z,3
2024-12-17T03:37:00Z,5
2024-12-17T04:05:00Z,4
2024-12-17T04:08:00Z,5
2024-12-17T04:29:00Z,3
2024-12-17T04:33:00Z,5
2024-12-17T05:02:00Z,3
2024-12-17T05:07:00Z,5
2024-12-17T05:32:00Z,3
2024-12-17T05:36:00Z,5
2024-12-17T06:02:00Z,4
2024-12-17T06:06:00Z,5
2024-12-17T06:28:00Z,4
2024-12-17T06:31:00Z,5
2024-12-17T06:54:00Z,2
2024-12-17T07:51:00Z,5
2024-12-17T08:17:00Z,4
2024-12-17T08:22:00Z,5
2024-12-17T08:42:00Z,3
2024-12-17T08:45:00Z,5
2024-12-17T09:13:00Z,4
2024-12-17T09:16:00Z,5
2024-12-17T09:45:00Z,3
2024-12-17T09:50:00Z,5
2024-12-17T10:16:00Z,4
2024-12-17T10:19:00Z,5
2024-12-17T10:39:00Z,3
2024-12-17T10:45:00Z,5
2024-12-17T11:08:00Z,3
2024-12-17T11:14:00Z,5
2024-12-17T11:37:00Z,4
2024-12-17T11:43:00Z,5
2024-12-17T12:08:00Z,4
2024-12-17T12:13:00Z,5
2024-12-17T12:34:00Z,4
2024-12-17T12:37:00Z,5
2024-12-17T12:59:00Z,4
2024-12-17T13:05:00Z,5
2024-12-17T13:29:00Z,4
2024-12-17T13:32:00Z,5
2024-12-17T13:52:00Z,3
2024-12-17T13:58:00Z,5
2024-12-17T14:26:00Z,1
2024-12-17T15:10:00Z,5
2024-12-17T15:36:00Z,4
2024-12-17T15:39:00Z,5
2024-12-17T16:09:00Z,3
2024-12-17T16:12:00Z,5
2024-12-17T16:39:00Z,4
2024-12-17T16:44:00Z,5
2024-12-17T17:09:00Z,3
2024-12-17T17:13:00Z,5
2024-12-17T17:34:00Z,3
2024-12-17T17:40:00Z,5
2024-12-17T18:10:00Z,4
2024-12-17T18:13:00Z,5
2024-12-17T18:35:00Z,3
2024-12-17T18:39:00Z,5
2024-12-17T19:07:00Z,4
2024-12-17T19:12:00Z,5
2024-12-17T19:38:00Z,4
2024-12-17T19:43:00Z,5
2024-12-17T20:11:00Z,4
2024-12-17T20:16:00Z,5
2024-12-17T20:44:00Z,4
2024-12-17T20:50:00Z,5
2024-12-17T21:14:00Z,4
2024-12-17T21:18:00Z,5
2024-12-17T21:44:00Z,2
2024-12-17T22:38:00Z,5
2024-12-17T23:08:00Z,4
2024-12-17T23:14:00Z,5
2024-12-17T23:44:00Z,3
2024-12-17T23:47:00Z,5
2024-12-18T00:08:00Z,3
2024-12-18T00:12:00Z,5
2024-12-18T00:38:00Z,3
2024-12-18T00:44:00Z,5
2024-12-18T01:07:00Z,3
2024-12-18T01:11:00Z,5
2024-12-18T01:34:00Z,3
2024-12-18T01:40:00Z,5
2024-12-18T02:07:00Z,4
2024-12-18T02:13:00Z,5
2024-12-18T02:33:00Z,4
2024-12-18T02:36:00Z,5
2024-12-18T02:58:00Z,3
2024-12-18T03:01:00Z,5
2024-12-18T03:30:00Z,4
2024-12-18T03:35:00Z,5
2024-12-18T04:05:00Z,4
2024-12-18T04:08:00Z,5
2024-12-18T04:36:00Z,1
2024-12-18T05:34:00Z,5
2024-12-18T06:01:00Z,3
2024-12-18T06:05:00Z,5
2024-12-18T06:33:00Z,3
2024-12-18T06:39:00Z,5
2024-12-18T07:07:00Z,4
2024-12-18T07:12:00Z,5
2024-12-18T07:35:00Z,3
2024-12-18T07:38:00Z,5
2024-12-18T08:01:00Z,4
2024-12-18T08:05:00Z,5
2024-12-18T08:29:00Z,4
2024-12-18T08:35:00Z,5
2024-12-18T08:56:00Z,3
2024-12-18T08:59:00Z,5
2024-12-18T09:25:00Z,3
2024-12-18T09:28:00Z,5
2024-12-18T09:52:00Z,3
2024-12-18T09:57:00Z,5
2024-12-18T10:17:00Z,4
2024-12-18T10:21:00Z,5
2024-12-18T10:46:00Z,3
2024-12-18T10:49:00Z,5
2024-12-18T11:16:00Z,4
2024-12-18T11:20:00Z,5
2024-12-18T11:44:00Z,3
2024-12-18T11:47:00Z,5
2024-12-18T12:11:00Z,1
2024-12-18T13:11:00Z,5
2024-12-18T13:33:00Z,4
2024-12-18T13:37:00Z,5
2024-12-18T14:06:00Z,4
2024-12-18T14:11:00Z,5
2024-12-18T14:38:00Z,4
2024-12-18T14:41:00Z,5
2024-12-18T15:01:00Z,3
2024-12-18T15:06:00Z,5
2024-12-18T15:31:00Z,4
2024-12-18T15:34:00Z,5
2024-12-18T16:04:00Z,4
2024-12-18T16:10:00Z,5
2024-12-18T16:34:00Z,4
2024-12-18T16:40:00Z,5
2024-12-18T17:01:00Z,3
2024-12-18T17:07:00Z,5
2024-12-18T17:33:00Z,4
2024-12-18T17:37:00Z,5
2024-12-18T18:01:00Z,4
2024-12-18T18:06:00Z,5
2024-12-18T18:31:00Z,4
2024-12-18T18:35:00Z,5
2024-12-18T18:58:00Z,1
2024-12-18T19:44:00Z,5
2024-12-18T20:09:00Z,3
2024-12-18T20:12:00Z,5
2024-12-18T20:38:00Z,3
2024-12-18T20:44:00Z,5
2024-12-18T22:05:00Z,4
2024-12-18T22:08:00Z,5
2024-12-18T22:34:00Z,3
2024-12-18T22:37:00Z,5
2024-12-18T23:06:00Z,3
2024-12-18T23:11:00Z,5
2024-12-18T23:34:00Z,4
2024-12-18T23:37:00Z,5
2024-12-19T00:04:00Z,4
2024-12-19T00:07:00Z,5
2024-12-19T00:33:00Z,4
2024-12-19T00:37:00Z,5
2024-12-19T00:59:00Z,3
2024-12-19T01:03:00Z,5
2024-12-19T01:25:00Z,4
2024-12-19T01:29:00Z,5
2024-12-19T01:56:00Z,1
2024-12-19T02:45:00Z,5
2024-12-19T03:11:00Z,4
2024-12-19T03:15:00Z,5
2024-12-19T03:36:00Z,3
2024-12-19T03:42:00Z,5
2024-12-19T04:08:00Z,3
2024-12-19T04:14:00Z,5
2024-12-19T04:35:00Z,4
2024-12-19T04:40:00Z,5
2024-12-19T05:09:00Z,4
2024-12-19T05:15:00Z,5
2024-12-19T05:45:00Z,4
2024-12-19T05:49:00Z,5
2024-12-19T06:09:00Z,4
2024-12-19T06:15:00Z,5
2024-12-19T06:45:00Z,4
2024-12-19T06:49:00Z,5
2024-12-19T07:15:00Z,3
2024-12-19T07:18:00Z,5
2024-12-19T07:41:00Z,3
2024-12-19T07:45:00Z,5
2024-12-19T08:11:00Z,4
2024-12-19T08:15:00Z,5
2024-12-19T08:42:00Z,4
2024-12-19T08:48:00Z,5
2024-12-19T09:12:00Z,4
2024-12-19T09:18:00Z,5
2024-12-19T09:48:00Z,3
2024-12-19T09:53:00Z,5
2024-12-19T10:23:00Z,4
2024-12-19T10:26:00Z,5
2024-12-19T10:52:00Z,1
2024-12-19T11:35:00Z,5
2024-12-19T11:55:00Z,4
2024-12-19T12:01:00Z,5
2024-12-19T12:24:00Z,3
2024-12-19T12:28:00Z,5
2024-12-19T12:49:00Z,3
2024-12-19T12:55:00Z,5
2024-12-19T13:18:00Z,4
2024-12-19T13:22:00Z,5
2024-12-19T13:46:00Z,3
2024-12-19T13:49:00Z,5
2024-12-19T14:12:00Z,3
2024-12-19T14:15:00Z,5
2024-12-19T14:39:00Z,3
2024-12-19T14:45:00Z,5
2024-12-19T15:15:00Z,3
2024-12-19T15:18:00Z,5
2024-12-19T15:44:00Z,3
2024-12-19T15:48:00Z,5
2024-12-19T16:12:00Z,3
2024-12-19T16:18:00Z,5
2024-12-19T16:47:00Z,4
2024-12-19T16:52:00Z,5
2024-12-19T17:19:00Z,2
2024-12-19T18:11:00Z,5
2024-12-19T18:38:00Z,4
2024-12-19T18:41:00Z,5
2024-12-19T19:02:00Z,4
2024-12-19T19:05:00Z,5
2024-12-19T19:30:00Z,4
2024-12-19T19:33:00Z,5
2024-12-19T19:55:00Z,4
2024-12-19T19:59:00Z,5
2024-12-19T20:23:00Z,3
2024-12-19T20:26:00Z,5
2024-12-19T20:48:00Z,3
2024-12-19T20:51:00Z,5
2024-12-19T21:13:00Z,4
2024-12-19T21:18:00Z,5
2024-12-19T21:46:00Z,4
2024-12-19T21:49:00Z,5
2024-12-19T22:12:00Z,3
2024-12-19T22:17:00Z,5
2024-12-19T22:41:00Z,4
2024-12-19T22:45:00Z,5
2024-12-19T23:09:00Z,4
2024-12-19T23:13:00Z,5
2024-12-19T23:38:00Z,1
2024-12-20T00:22:00Z,5
2024-12-20T00:50:00Z,3
2024-12-20T00:55:00Z,5
2024-12-20T01:19:00Z,3
2024-12-20T01:24:00Z,5
2024-12-20T01:45:00Z,4
2024-12-20T01:50:00Z,5
2024-12-20T02:18:00Z,3
2024-12-20T02:24:00Z,5
2024-12-20T02:46:00Z,3
2024-12-20T02:52:00Z,5
2024-12-20T03:22:00Z,3
2024-12-20T03:25:00Z,5
2024-12-20T03:54:00Z,3
2024-12-20T03:57:00Z,5
2024-12-20T04:20:00Z,3
2024-12-20T04:23:00Z,5
2024-12-20T04:46:00Z,4
2024-12-20T04:50:00Z,5
2024-12-20T05:15:00Z,3
2024-12-20T05:21:00Z,5
2024-12-20T05:48:00Z,3
2024-12-20T05:54:00Z,5
2024-12-20T06:14:00Z,2
2024-12-20T07:03:00Z,5
2024-12-20T07:26:00Z,4
2024-12-20T07:31:00Z,5
2024-12-20T07:53:00Z,3
2024-12-20T07:58:00Z,5
2024-12-20T08:22:00Z,3
2024-12-20T08:28:00Z,5
2024-12-20T08:55:00Z,3
2024-12-20T08:58:00Z,5
2024-12-20T09:28:00Z,4
2024-12-20T09:34:00Z,5
2024-12-20T10:02:00Z,4
2024-12-20T10:07:00Z,5
2024-12-20T10:27:00Z,4
2024-12-20T10:32:00Z,5
2024-12-20T10:59:00Z,4
2024-12-20T11:03:00Z,5
2024-12-20T11:23:00Z,4
2024-12-20T11:28:00Z,5
2024-12-20T11:51:00Z,4
2024-12-20T11:56:00Z,5
2024-12-20T12:20:00Z,4
2024-12-20T12:25:00Z,5
2024-12-20T12:47:00Z,3
2024-12-20T12:52:00Z,5
2024-12-20T13:18:00Z,4
2024-12-20T13:22:00Z,5
2024-12-20T13:47:00Z,4
2024-12-20T13:50:00Z,5
2024-12-20T14:15:00Z,1
2024-12-20T15:05:00Z,5
2024-12-20T15:25:00Z,4
2024-12-20T15:30:00Z,5
2024-12-20T15:54:00Z,3
2024-12-20T15:59:00Z,5
2024-12-20T16:26:00Z,3
2024-12-20T16:30:00Z,5
2024-12-20T16:53:00Z,3
2024-12-20T16:58:00Z,5
2024-12-20T17:28:00Z,3
2024-12-20T17:32:00Z,5
2024-12-20T17:55:00Z,4
2024-12-20T18:00:00Z,5
2024-12-20T18:30:00Z,3
2024-12-20T18:36:00Z,5
2024-12-20T19:04:00Z,4
2024-12-20T19:09:00Z,5
2024-12-20T19:32:00Z,3
2024-12-20T19:35:00Z,5
2024-12-20T19:59:00Z,3
2024-12-20T20:03:00Z,5
2024-12-20T20:29:00Z,3
2024-12-20T20:33:00Z,5
2024-12-20T20:55:00Z,4
2024-12-20T20:58:00Z,5
2024-12-20T21:26:00Z,3
2024-12-20T21:29:00Z,5
2024-12-20T21:53:00Z,1
2024-12-20T22:40:00Z,5
2024-12-20T23:10:00Z,3
2024-12-20T23:15:00Z,5
2024-12-20T23:38:00Z,4
2024-12-20T23:42:00Z,5
2024-12-21T00:04:00Z,3
2024-12-21T00:07:00Z,5
2024-12-21T00:30:00Z,3
2024-12-21T00:36:00Z,5
2024-12-21T01:02:00Z,3
2024-12-21T01:07:00Z,5
2024-12-21T01:28:00Z,4
2024-12-21T01:34:00Z,5
2024-12-21T01:56:00Z,3
2024-12-21T02:01:00Z,5
2024-12-21T02:27:00Z,4
2024-12-21T02:31:00Z,5
2024-12-21T02:59:00Z,3
2024-12-21T03:04:00Z,5
2024-12-21T03:29:00Z,3
2024-12-21T03:35:00Z,5
2024-12-21T04:04:00Z,3
2024-12-21T04:08:00Z,5
2024-12-21T04:37:00Z,1
2024-12-21T05:17:00Z,5
2024-12-21T05:40:00Z,4
2024-12-21T05:43:00Z,5
2024-12-21T06:09:00Z,3
2024-12-21T06:12:00Z,5
2024-12-21T06:36:00Z,3
2024-12-21T06:39:00Z,5
2024-12-21T07:06:00Z,4
2024-12-21T07:11:00Z,5
2024-12-21T07:32:00Z,4
2024-12-21T07:37:00Z,5
2024-12-21T08:05:00Z,4
2024-12-21T08:10:00Z,5
2024-12-21T08:39:00Z,4
2024-12-21T08:43:00Z,5
2024-12-21T10:22:00Z,4
2024-12-21T10:25:00Z,5
2024-12-21T10:52:00Z,4
2024-12-21T10:58:00Z,5
2024-12-21T11:24:00Z,1
2024-12-21T12:17:00Z,5
2024-12-21T12:37:00Z,3
2024-12-21T12:40:00Z,5
2024-12-21T13:06:00Z,3
2024-12-21T13:11:00Z,5
2024-12-21T13:36:00Z,4
2024-12-21T13:39:00Z,5
2024-12-21T14:04:00Z,3
2024-12-21T14:10:00Z,5
2024-12-21T14:31:00Z,3
2024-12-21T14:34:00Z,5
2024-12-21T14:57:00Z,3
2024-12-21T15:00:00Z,5
2024-12-21T15:27:00Z,3
2024-12-21T15:30:00Z,5
2024-12-21T15:51:00Z,3
2024-12-21T15:54:00Z,5
2024-12-21T16:16:00Z,3
2024-12-21T16:19:00Z,5
2024-12-21T16:40:00Z,4
2024-12-21T16:45:00Z,5
2024-12-21T17:11:00Z,4
2024-12-21T17:16:00Z,5
2024-12-21T17:42:00Z,4
2024-12-21T17:46:00Z,5
2024-12-21T18:06:00Z,3
2024-12-21T18:09:00Z,5
2024-12-21T18:36:00Z,4
2024-12-21T18:41:00Z,5
2024-12-21T19:11:00Z,2
2024-12-21T20:00:00Z,5
2024-12-21T20:23:00Z,3
2024-12-21T20:29:00Z,5
2024-12-21T20:50:00Z,3
2024-12-21T20:56:00Z,5
2024-12-21T21:16:00Z,4
2024-12-21T21:20:00Z,5
2024-12-21T21:44:00Z,4
2024-12-21T21:49:00Z,5
2024-12-21T22:18:00Z,3
2024-12-21T22:21:00Z,5
2024-12-21T22:48:00Z,3
2024-12-21T22:53:00Z,5
2024-12-21T23:14:00Z,4
2024-12-21T23:20:00Z,5
2024-12-21T23:46:00Z,4
2024-12-21T23:51:00Z,5
2024-12-22T00:13:00Z,3
2024-12-22T00:16:00Z,5
2024-12-22T00:40:00Z,3
2024-12-22T00:46:00Z,5
2024-12-22T01:11:00Z,4
2024-12-22T01:17:00Z,5
2024-12-22T01:39:00Z,3
2024-12-22T01:43:00Z,5
2024-12-22T02:05:00Z,1
2024-12-22T03:05:00Z,5
2024-12-22T03:29:00Z,4
2024-12-22T03:35:00Z,5
2024-12-22T04:03:00Z,4
2024-12-22T04:09:00Z,5
2024-12-22T04:35:00Z,3
2024-12-22T04:38:00Z,5
2024-12-22T05:00:00Z,3
2024-12-22T05:06:00Z,5
2024-12-22T05:32:00Z,3
2024-12-22T05:35:00Z,5
2024-12-22T06:05:00Z,3
2024-12-22T06:10:00Z,5
2024-12-22T06:35:00Z,3
2024-12-22T06:39:00Z,5
2024-12-22T07:03:00Z,4
2024-12-22T07:07:00Z,5
2024-12-22T07:30:00Z,3
2024-12-22T07:36:00Z,5
2024-12-22T08:01:00Z,3
2024-12-22T08:04:00Z,5
2024-12-22T08:28:00Z,3
2024-12-22T08:33:00Z,5
2024-12-22T09:00:00Z,4
2024-12-22T09:03:00Z,5
2024-12-22T09:26:00Z,4
2024-12-22T09:31:00Z,5
2024-12-22T09:51:00Z,1
2024-12-22T10:34:00Z,5
2024-12-22T11:03:00Z,4
2024-12-22T11:09:00Z,5
2024-12-22T11:29:00Z,4
2024-12-22T11:33:00Z,5
2024-12-22T12:02:00Z,4
2024-12-22T12:08:00Z,5
2024-12-22T12:38:00Z,4
2024-12-22T12:43:00Z,5
2024-12-22T13:04:00Z,3
2024-12-22T13:10:00Z,5
2024-12-22T13:33:00Z,3
2024-12-22T13:38:00Z,5
2024-12-22T14:01:00Z,4
2024-12-22T14:04:00Z,5
2024-12-22T14:27:00Z,4
2024-12-22T14:31:00Z,5
2024-12-22T14:53:00Z,3
2024-12-22T14:58:00Z,5
2024-12-22T15:28:00Z,4
2024-12-22T15:32:00Z,5
2024-12-22T15:56:00Z,3
2024-12-22T15:59:00Z,5
2024-12-22T16:25:00Z,3
2024-12-22T16:31:00Z,5
2024-12-22T16:58:00Z,2
2024-12-22T17:40:00Z,5
2024-12-22T18:03:00Z,4
2024-12-22T18:07:00Z,5
2024-12-22T18:34:00Z,3
2024-12-22T18:37:00Z,5
2024-12-22T19:07:00Z,4
2024-12-22T19:12:00Z,5
2024-12-22T19:35:00Z,3
2024-12-22T19:40:00Z,5
2024-12-22T20:10:00Z,4
2024-12-22T20:16:00Z,5
2024-12-22T20:44:00Z,3
2024-12-22T20:48:00Z,5
2024-12-22T21:00:00Z,0
2024-12-23T05:00:00Z,0
2024-12-23T13:00:00Z,0
2024-12-23T21:00:00Z,0
2024-12-24T00:00:00Z,5
2024-12-24T01:33:00Z,3
2024-12-24T01:36:00Z,5
2024-12-24T02:03:00Z,4
2024-12-24T02:09:00Z,5
2024-12-24T02:37:00Z,4
2024-12-24T02:41:00Z,5
2024-12-24T03:08:00Z,3
2024-12-24T03:13:00Z,5
2024-12-24T03:34:00Z,3
2024-12-24T03:37:00Z,5
2024-12-24T03:58:00Z,4
2024-12-24T04:03:00Z,5
2024-12-24T04:29:00Z,3
2024-12-24T04:33:00Z,5
2024-12-24T04:54:00Z,3
2024-12-24T04:58:00Z,5
2024-12-24T05:23:00Z,4
2024-12-24T05:26:00Z,5
2024-12-24T05:51:00Z,3
2024-12-24T05:56:00Z,5
2024-12-24T06:21:00Z,3
2024-12-24T06:24:00Z,5
2024-12-24T06:47:00Z,3
2024-12-24T06:51:00Z,5
2024-12-24T07:21:00Z,4
2024-12-24T07:27:00Z,5
2024-12-24T07:54:00Z,4
2024-12-24T07:58:00Z,5
2024-12-24T08:23:00Z,3
2024-12-24T08:29:00Z,5
2024-12-24T08:59:00Z,3
2024-12-24T09:03:00Z,5
2024-12-24T09:31:00Z,3
2024-12-24T09:37:00Z,5
2024-12-24T10:07:00Z,3
2024-12-24T10:11:00Z,5
2024-12-24T10:39:00Z,1
2024-12-24T11:29:00Z,5
2024-12-24T11:55:00Z,4
2024-12-24T11:58:00Z,5
2024-12-24T12:25:00Z,3
2024-12-24T12:30:00Z,5
2024-12-24T12:52:00Z,4
2024-12-24T12:58:00Z,5
2024-12-24T13:28:00Z,4
2024-12-24T13:34:00Z,5
2024-12-24T14:04:00Z,3
2024-12-24T14:08:00Z,5
2024-12-24T14:34:00Z,4
2024-12-24T14:38:00Z,5
2024-12-24T15:06:00Z,4
2024-12-24T15:12:00Z,5
2024-12-24T15:36:00Z,3
2024-12-24T15:41:00Z,5
2024-12-24T16:03:00Z,4
2024-12-24T16:07:00Z,5
2024-12-24T16:31:00Z,3
2024-12-24T16:37:00Z,5
2024-12-24T17:07:00Z,3
2024-12-24T17:13:00Z,5
2024-12-24T17:43:00Z,4
2024-12-24T17:49:00Z,5
2024-12-24T18:09:00Z,4
2024-12-24T18:13:00Z,5
2024-12-24T18:41:00Z,2
2024-12-24T19:29:00Z,5
2024-12-24T19:57:00Z,3
2024-12-24T20:01:00Z,5
2024-12-24T20:24:00Z,3
2024-12-24T20:27:00Z,5
2024-12-24T20:50:00Z,4
2024-12-24T20:54:00Z,5
2024-12-24T21:24:00Z,4
2024-12-24T21:27:00Z,5
2024-12-24T21:52:00Z,4
2024-12-24T21:58:00Z,5
2024-12-24T22:21:00Z,4
2024-12-24T22:24:00Z,5
2024-12-24T22:45:00Z,4
2024-12-24T22:49:00Z,5
2024-12-24T23:11:00Z,3
2024-12-24T23:16:00Z,5
2024-12-24T23:37:00Z,4
2024-12-24T23:40:00Z,5
2024-12-25T00:05:00Z,4
2024-12-25T00:10:00Z,5
2024-12-25T00:31:00Z,4
2024-12-25T00:37:00Z,5
2024-12-25T01:07:00Z,4
2024-12-25T01:13:00Z,5
2024-12-25T01:39:00Z,4
2024-12-25T01:44:00Z,5
2024-12-25T02:14:00Z,4
2024-12-25T02:18:00Z,5
2024-12-25T02:38:00Z,4
2024-12-25T02:43:00Z,5
2024-12-25T03:12:00Z,1
2024-12-25T04:11:00Z,5
2024-12-25T04:34:00Z,3
2024-12-25T04:37:00Z,5
2024-12-25T05:03:00Z,3
2024-12-25T05:09:00Z,5
2024-12-25T05:30:00Z,4
2024-12-25T05:36:00Z,5
2024-12-25T06:05:00Z,4
2024-12-25T06:10:00Z,5
2024-12-25T06:33:00Z,4
2024-12-25T06:39:00Z,5
2024-12-25T07:07:00Z,3
2024-12-25T07:10:00Z,5
2024-12-25T07:34:00Z,4
2024-12-25T07:38:00Z,5
2024-12-25T08:01:00Z,4
2024-12-25T08:06:00Z,5
2024-12-25T08:31:00Z,4
2024-12-25T08:37:00Z,5
2024-12-25T09:05:00Z,3
2024-12-25T09:09:00Z,5
2024-12-25T09:29:00Z,3
2024-12-25T09:33:00Z,5
2024-12-25T09:58:00Z,3
2024-12-25T10:01:00Z,5
2024-12-25T10:26:00Z,1
2024-12-25T11:19:00Z,5
2024-12-25T11:46:00Z,3
2024-12-25T11:52:00Z,5
2024-12-25T12:13:00Z,4
2024-12-25T12:19:00Z,5
2024-12-25T12:47:00Z,3
2024-12-25T12:52:00Z,5
2024-12-25T13:15:00Z,3
2024-12-25T13:21:00Z,5
2024-12-25T13:43:00Z,3
2024-12-25T13:46:00Z,5
2024-12-25T14:09:00Z,4
2024-12-25T14:14:00Z,5
2024-12-25T14:36:00Z,3
2024-12-25T14:41:00Z,5
2024-12-25T15:11:00Z,3
2024-12-25T15:16:00Z,5
2024-12-25T15:39:00Z,3
2024-12-25T15:44:00Z,5
2024-12-25T16:05:00Z,3
2024-12-25T16:08:00Z,5
2024-12-25T16:32:00Z,4
2024-12-25T16:37:00Z,5
2024-12-25T17:00:00Z,3
2024-12-25T17:04:00Z,5
2024-12-25T17:26:00Z,4
2024-12-25T17:32:00Z,5
2024-12-25T18:00:00Z,4
2024-12-25T18:04:00Z,5
2024-12-25T18:28:00Z,4
2024-12-25T18:32:00Z,5
2024-12-25T18:56:00Z,3
2024-12-25T19:01:00Z,5
2024-12-25T19:28:00Z,1
2024-12-25T20:17:00Z,5
2024-12-25T20:46:00Z,3
2024-12-25T20:49:00Z,5
2024-12-25T21:09:00Z,4
2024-12-25T21:12:00Z,5
2024-12-25T21:41:00Z,4
2024-12-25T21:44:00Z,5
2024-12-25T22:14:00Z,4
2024-12-25T22:19:00Z,5
2024-12-25T22:48:00Z,3
2024-12-25T22:54:00Z,5
2024-12-25T23:20:00Z,4
2024-12-25T23:26:00Z,5
2024-12-25T23:47:00Z,4
2024-12-25T23:51:00Z,5
2024-12-26T00:11:00Z,3
2024-12-26T00:15:00Z,5
2024-12-26T00:45:00Z,3
2024-12-26T00:49:00Z,5
2024-12-26T01:19:00Z,4
2024-12-26T01:22:00Z,5
2024-12-26T01:42:00Z,3
2024-12-26T01:45:00Z,5
2024-12-26T02:09:00Z,3
2024-12-26T02:13:00Z,5
2024-12-26T02:39:00Z,4
2024-12-26T02:44:00Z,5
2024-12-26T03:14:00Z,4
2024-12-26T03:20:00Z,5
2024-12-26T03:41:00Z,3
2024-12-26T03:45:00Z,5
2024-12-26T04:07:00Z,2
2024-12-26T04:58:00Z,5
2024-12-26T05:21:00Z,4
2024-12-26T05:25:00Z,5
2024-12-26T05:46:00Z,3
2024-12-26T05:51:00Z,5
2024-12-26T06:15:00Z,4
2024-12-26T06:18:00Z,5
2024-12-26T06:46:00Z,3
2024-12-26T06:50:00Z,5
2024-12-26T07:16:00Z,4
2024-12-26T07:19:00Z,5
2024-12-26T07:39:00Z,3
2024-12-26T07:44:00Z,5
2024-12-26T08:10:00Z,4
2024-12-26T08:16:00Z,5
2024-12-26T08:40:00Z,4
2024-12-26T08:44:00Z,5
2024-12-26T09:08:00Z,4
2024-12-26T09:12:00Z,5
2024-12-26T09:33:00Z,3
2024-12-26T09:36:00Z,5
2024-12-26T10:05:00Z,4
2024-12-26T10:09:00Z,5
2024-12-26T10:29:00Z,3
2024-12-26T10:35:00Z,5
2024-12-26T10:57:00Z,4
2024-12-26T11:01:00Z,5
2024-12-26T11:28:00Z,4
2024-12-26T11:33:00Z,5
2024-12-26T11:59:00Z,2
2024-12-26T12:42:00Z,5
2024-12-26T13:05:00Z,4
2024-12-26T13:10:00Z,5
2024-12-26T13:34:00Z,3
2024-12-26T13:37:00Z,5
2024-12-26T13:58:00Z,4
2024-12-26T14:04:00Z,5
2024-12-26T14:27:00Z,3
2024-12-26T14:30:00Z,5
2024-12-26T14:50:00Z,4
2024-12-26T14:53:00Z,5
2024-12-26T15:17:00Z,4
2024-12-26T15:20:00Z,5
2024-12-26T15:46:00Z,3
2024-12-26T15:51:00Z,5
2024-12-26T16:15:00Z,3
2024-12-26T16:18:00Z,5
2024-12-26T16:42:00Z,3
2024-12-26T16:45:00Z,5
2024-12-26T17:15:00Z,3
2024-12-26T17:21:00Z,5
2024-12-26T17:50:00Z,3
2024-12-26T17:56:00Z,5
2024-12-26T18:24:00Z,3
2024-12-26T18:27:00Z,5
2024-12-26T18:53:00Z,4
2024-12-26T18:59:00Z,5
2024-12-26T19:23:00Z,4
2024-12-26T19:29:00Z,5
2024-12-26T19:58:00Z,4
2024-12-26T20:02:00Z,5
2024-12-26T20:31:00Z,1
2024-12-26T21:27:00Z,5
2024-12-26T21:49:00Z,4
2024-12-26T21:54:00Z,5
2024-12-26T22:16:00Z,3
2024-12-26T22:20:00Z,5
2024-12-26T22:44:00Z,4
2024-12-26T22:49:00Z,5
2024-12-26T23:12:00Z,4
2024-12-26T23:16:00Z,5
2024-12-26T23:42:00Z,3
2024-12-26T23:47:00Z,5
2024-12-27T00:08:00Z,3
2024-12-27T00:12:00Z,5
2024-12-27T00:41:00Z,3
2024-12-27T00:44:00Z,5
2024-12-27T01:06:00Z,4
2024-12-27T01:12:00Z,5
2024-12-27T01:34:00Z,4
2024-12-27T01:38:00Z,5
2024-12-27T02:03:00Z,4
2024-12-27T02:08:00Z,5
2024-12-27T02:36:00Z,4
2024-12-27T02:42:00Z,5
2024-12-27T03:02:00Z,4
2024-12-27T03:07:00Z,5
2024-12-27T03:37:00Z,1
2024-12-27T04:35:00Z,5
2024-12-27T04:59:00Z,3
2024-12-27T05:04:00Z,5
2024-12-27T05:33:00Z,4
2024-12-27T05:38:00Z,5
2024-12-27T06:04:00Z,4
2024-12-27T06:08:00Z,5
2024-12-27T06:35:00Z,3
2024-12-27T06:41:00Z,5
2024-12-27T07:05:00Z,3
2024-12-27T07:11:00Z,5
2024-12-27T07:34:00Z,3
2024-12-27T07:37:00Z,5
2024-12-27T08:05:00Z,3
2024-12-27T08:08:00Z,5
2024-12-27T08:32:00Z,4
2024-12-27T08:38:00Z,5
2024-12-27T08:59:00Z,3
2024-12-27T09:05:00Z,5
2024-12-27T09:25:00Z,4
2024-12-27T09:28:00Z,5
2024-12-27T09:51:00Z,3
2024-12-27T09:54:00Z,5
2024-12-27T10:20:00Z,1
2024-12-27T11:19:00Z,5
2024-12-27T11:43:00Z,3
2024-12-27T11:49:00Z,5
2024-12-27T13:18:00Z,4
2024-12-27T13:24:00Z,5
2024-12-27T13:54:00Z,3
2024-12-27T13:57:00Z,5
2024-12-27T14:26:00Z,4
2024-12-27T14:30:00Z,5
2024-12-27T14:54:00Z,3
2024-12-27T14:58:00Z,5
2024-12-27T15:25:00Z,3
2024-12-27T15:31:00Z,5
2024-12-27T15:51:00Z,4
2024-12-27T15:54:00Z,5
2024-12-27T16:22:00Z,3
2024-12-27T16:28:00Z,5
2024-12-27T16:48:00Z,4
2024-12-27T16:54:00Z,5
2024-12-27T17:19:00Z,4
2024-12-27T17:24:00Z,5
2024-12-27T17:53:00Z,2
2024-12-27T18:49:00Z,5
2024-12-27T19:13:00Z,3
2024-12-27T19:16:00Z,5
2024-12-27T19:44:00Z,4
2024-12-27T19:47:00Z,5
2024-12-27T20:15:00Z,3
2024-12-27T20:20:00Z,5
2024-12-27T20:47:00Z,3
2024-12-27T20:50:00Z,5
2024-12-27T21:15:00Z,4
2024-12-27T21:19:00Z,5
2024-12-27T21:49:00Z,3
2024-12-27T21:53:00Z,5
2024-12-27T22:23:00Z,3
2024-12-27T22:28:00Z,5
2024-12-27T22:51:00Z,4
2024-12-27T22:55:00Z,5
2024-12-27T23:22:00Z,3
2024-12-27T23:28:00Z,5
2024-12-27T23:50:00Z,4
2024-12-27T23:56:00Z,5
2024-12-28T00:22:00Z,2
2024-12-28T01:15:00Z,5
2024-12-28T01:39:00Z,4
2024-12-28T01:42:00Z,5
2024-12-28T02:11:00Z,4
2024-12-28T02:14:00Z,5
2024-12-28T02:40:00Z,3
2024-12-28T02:43:00Z,5
2024-12-28T03:11:00Z,3
2024-12-28T03:14:00Z,5
2024-12-28T03:36:00Z,3
2024-12-28T03:40:00Z,5
2024-12-28T04:06:00Z,4
2024-12-28T04:10:00Z,5
2024-12-28T04:34:00Z,4
2024-12-28T04:37:00Z,5
2024-12-28T05:05:00Z,3
2024-12-28T05:11:00Z,5
2024-12-28T05:31:00Z,4
2024-12-28T05:34:00Z,5
2024-12-28T05:57:00Z,3
2024-12-28T06:03:00Z,5
2024-12-28T06:31:00Z,3
2024-12-28T06:34:00Z,5
2024-12-28T06:54:00Z,4
2024-12-28T06:58:00Z,5
2024-12-28T07:24:00Z,3
2024-12-28T07:27:00Z,5
2024-12-28T07:49:00Z,1
2024-12-28T08:49:00Z,5
2024-12-28T09:10:00Z,3
2024-12-28T09:14:00Z,5
2024-12-28T09:42:00Z,3
2024-12-28T09:46:00Z,5
2024-12-28T10:13:00Z,3
2024-12-28T10:18:00Z,5
2024-12-28T10:45:00Z,4
2024-12-28T10:49:00Z,5
2024-12-28T11:11:00Z,3
2024-12-28T11:16:00Z,5
2024-12-28T11:39:00Z,4
2024-12-28T11:43:00Z,5
2024-12-28T12:10:00Z,3
2024-12-28T12:13:00Z,5
2024-12-28T12:38:00Z,4
2024-12-28T12:44:00Z,5
2024-12-28T13:06:00Z,4
2024-12-28T13:11:00Z,5
2024-12-28T13:35:00Z,4
2024-12-28T13:39:00Z,5
2024-12-28T14:09:00Z,3
2024-12-28T14:14:00Z,5
2024-12-28T14:41:00Z,4
2024-12-28T14:47:00Z,5
2024-12-28T15:15:00Z,2
2024-12-28T15:55:00Z,5
2024-12-28T16:16:00Z,3
2024-12-28T16:19:00Z,5
2024-12-28T16:45:00Z,3
2024-12-28T16:48:00Z,5
2024-12-28T17:16:00Z,3
2024-12-28T17:20:00Z,5
2024-12-28T17:41:00Z,4
2024-12-28T17:44:00Z,5
2024-12-28T18:07:00Z,3
2024-12-28T18:11:00Z,5
2024-12-28T18:33:00Z,3
2024-12-28T18:37:00Z,5
2024-12-28T18:57:00Z,3
2024-12-28T19:00:00Z,5
2024-12-28T19:25:00Z,3
2024-12-28T19:31:00Z,5
2024-12-28T19:59:00Z,3
2024-12-28T20:04:00Z,5
2024-12-28T20:32:00Z,4
2024-12-28T20:36:00Z,5
2024-12-28T21:00:00Z,3
2024-12-28T21:04:00Z,5
2024-12-28T21:32:00Z,3
2024-12-28T21:37:00Z,5
2024-12-28T21:57:00Z,4
2024-12-28T22:02:00Z,5
2024-12-28T22:24:00Z,4
2024-12-28T22:30:00Z,5
2024-12-28T22:55:00Z,1
2024-12-28T23:44:00Z,5
2024-12-29T00:14:00Z,3
2024-12-29T00:17:00Z,5
2024-12-29T00:46:00Z,3
2024-12-29T00:51:00Z,5
2024-12-29T01:16:00Z,4
2024-12-29T01:20:00Z,5
2024-12-29T01:43:00Z,4
2024-12-29T01:46:00Z,5
2024-12-29T02:10:00Z,3
2024-12-29T02:14:00Z,5
2024-12-29T02:43:00Z,4
2024-12-29T02:46:00Z,5
2024-12-29T03:06:00Z,4
2024-12-29T03:11:00Z,5
2024-12-29T03:32:00Z,4
2024-12-29T03:36:00Z,5
2024-12-29T03:56:00Z,3
2024-12-29T04:00:00Z,5
2024-12-29T04:22:00Z,3
2024-12-29T04:27:00Z,5
2024-12-29T04:57:00Z,4
2024-12-29T05:00:00Z,5
2024-12-29T05:25:00Z,3
2024-12-29T05:28:00Z,5
2024-12-29T05:53:00Z,3
2024-12-29T05:59:00Z,5
2024-12-29T06:20:00Z,3
2024-12-29T06:23:00Z,5
2024-12-29T06:49:00Z,2
2024-12-29T07:31:00Z,5
2024-12-29T07:53:00Z,3
2024-12-29T07:57:00Z,5
2024-12-29T08:23:00Z,4
2024-12-29T08:29:00Z,5
2024-12-29T08:51:00Z,4
2024-12-29T08:54:00Z,5
2024-12-29T09:17:00Z,4
2024-12-29T09:23:00Z,5
2024-12-29T09:45:00Z,3
2024-12-29T09:50:00Z,5
2024-12-29T10:11:00Z,3
2024-12-29T10:17:00Z,5
2024-12-29T10:45:00Z,3
2024-12-29T10:49:00Z,5
2024-12-29T11:17:00Z,3
2024-12-29T11:22:00Z,5
2024-12-29T11:44:00Z,4
2024-12-29T11:48:00Z,5
2024-12-29T12:11:00Z,4
2024-12-29T12:15:00Z,5
2024-12-29T12:43:00Z,4
2024-12-29T12:49:00Z,5
2024-12-29T13:12:00Z,3
2024-12-29T13:15:00Z,5
2024-12-29T13:39:00Z,3
2024-12-29T13:45:00Z,5
2024-12-29T14:05:00Z,1
2024-12-29T15:05:00Z,5
2024-12-29T15:32:00Z,4
2024-12-29T15:36:00Z,5
2024-12-29T16:03:00Z,4
2024-12-29T16:08:00Z,5
2024-12-29T16:30:00Z,3
2024-12-29T16:33:00Z,5
2024-12-29T16:57:00Z,3
2024-12-29T17:00:00Z,5
2024-12-29T17:30:00Z,3
2024-12-29T17:33:00Z,5
2024-12-29T17:59:00Z,4
2024-12-29T18:02:00Z,5
2024-12-29T18:24:00Z,3
2024-12-29T18:27:00Z,5
2024-12-29T18:49:00Z,4
2024-12-29T18:54:00Z,5
2024-12-29T19:23:00Z,4
2024-12-29T19:27:00Z,5
2024-12-29T19:49:00Z,3
2024-12-29T19:54:00Z,5
2024-12-29T20:20:00Z,3
2024-12-29T20:24:00Z,5
2024-12-29T20:54:00Z,4
2024-12-29T21:00:00Z,5
2024-12-29T21:23:00Z,1
2024-12-29T22:16:00Z,5
2024-12-29T22:43:00Z,3
2024-12-29T22:48:00Z,5
2024-12-29T23:14:00Z,4
2024-12-29T23:20:00Z,5
2024-12-29T23:40:00Z,3
2024-12-29T23:44:00Z,5
2024-12-30T00:00:00Z,0
2024-12-30T03:00:00Z,5
2024-12-30T04:06:00Z,4
2024-12-30T04:11:00Z,5
2024-12-30T04:34:00Z,3
2024-12-30T04:39:00Z,5
2024-12-30T05:01:00Z,1
2024-12-30T06:01:00Z,5
2024-12-30T06:27:00Z,4
2024-12-30T06:31:00Z,5
2024-12-30T06:58:00Z,4
2024-12-30T07:03:00Z,5
2024-12-30T07:30:00Z,4
2024-12-30T07:34:00Z,5
2024-12-30T08:03:00Z,4
2024-12-30T08:07:00Z,5
2024-12-30T08:37:00Z,3
2024-12-30T08:43:00Z,5
2024-12-30T09:11:00Z,3
2024-12-30T09:17:00Z,5
2024-12-30T09:42:00Z,3
2024-12-30T09:48:00Z,5
2024-12-30T10:09:00Z,3
2024-12-30T10:13:00Z,5
2024-12-30T10:38:00Z,4
2024-12-30T10:44:00Z,5
2024-12-30T11:04:00Z,4
2024-12-30T11:08:00Z,5
2024-12-30T11:36:00Z,4
2024-12-30T11:40:00Z,5
2024-12-30T12:10:00Z,4
2024-12-30T12:13:00Z,5
2024-12-30T12:40:00Z,3
2024-12-30T12:46:00Z,5
2024-12-30T13:06:00Z,4
2024-12-30T13:09:00Z,5
2024-12-30T13:32:00Z,4
2024-12-30T13:38:00Z,5
2024-12-30T14:07:00Z,3
2024-12-30T14:10:00Z,5
2024-12-30T14:35:00Z,1
2024-12-30T15:20:00Z,5
2024-12-30T15:49:00Z,3
2024-12-30T15:55:00Z,5
2024-12-30T16:15:00Z,4
2024-12-30T16:18:00Z,5
2024-12-30T16:42:00Z,3
2024-12-30T16:47:00Z,5
2024-12-30T17:07:00Z,3
2024-12-30T17:13:00Z,5
2024-12-30T17:41:00Z,3
2024-12-30T17:46:00Z,5
2024-12-30T18:13:00Z,3
2024-12-30T18:18:00Z,5
2024-12-30T18:47:00Z,3
2024-12-30T18:53:00Z,5
2024-12-30T19:16:00Z,4
2024-12-30T19:21:00Z,5
2024-12-30T19:46:00Z,4
2024-12-30T19:49:00Z,5
2024-12-30T20:12:00Z,3
2024-12-30T20:17:00Z,5
2024-12-30T20:44:00Z,4
2024-12-30T20:49:00Z,5
2024-12-30T21:09:00Z,4
2024-12-30T21:14:00Z,5
2024-12-30T21:41:00Z,1
2024-12-30T22:32:00Z,5
2024-12-30T22:58:00Z,4
2024-12-30T23:03:00Z,5
2024-12-30T23:32:00Z,4
2024-12-30T23:37:00Z,5
2024-12-31T00:00:00Z,4
2024-12-31T00:05:00Z,5
2024-12-31T00:28:00Z,4
2024-12-31T00:33:00Z,5
2024-12-31T00:53:00Z,3
2024-12-31T00:56:00Z,5
2024-12-31T01:21:00Z,3
2024-12-31T01:26:00Z,5
2024-12-31T01:49:00Z,3
2024-12-31T01:53:00Z,5
2024-12-31T02:14:00Z,4
2024-12-31T02:17:00Z,5
2024-12-31T02:47:00Z,3
2024-12-31T02:50:00Z,5
2024-12-31T03:19:00Z,4
2024-12-31T03:22:00Z,5
2024-12-31T03:52:00Z,4
2024-12-31T03:57:00Z,5
2024-12-31T04:25:00Z,3
2024-12-31T04:29:00Z,5
2024-12-31T04:49:00Z,3
2024-12-31T04:55:00Z,5
2024-12-31T05:20:00Z,1
2024-12-31T06:04:00Z,5
2024-12-31T06:25:00Z,4
2024-12-31T06:28:00Z,5
2024-12-31T06:53:00Z,4
2024-12-31T06:58:00Z,5
2024-12-31T07:28:00Z,4
2024-12-31T07:32:00Z,5
2024-12-31T07:58:00Z,3
2024-12-31T08:03:00Z,5
2024-12-31T08:26:00Z,3
2024-12-31T08:32:00Z,5
2024-12-31T09:02:00Z,3
2024-12-31T09:06:00Z,5
2024-12-31T09:36:00Z,3
2024-12-31T09:40:00Z,5
2024-12-31T10:01:00Z,3
2024-12-31T10:05:00Z,5
2024-12-31T10:31:00Z,4
2024-12-31T10:35:00Z,5
2024-12-31T10:59:00Z,4
2024-12-31T11:04:00Z,5
2024-12-31T11:25:00Z,3
2024-12-31T11:30:00Z,5
2024-12-31T12:00:00Z,3
2024-12-31T12:03:00Z,5
2024-12-31T12:30:00Z,2
2024-12-31T13:29:00Z,5
2024-12-31T13:51:00Z,4
2024-12-31T13:55:00Z,5
2024-12-31T14:21:00Z,4
2024-12-31T14:25:00Z,5
2024-12-31T14:46:00Z,4
2024-12-31T14:52:00Z,5
2024-12-31T15:13:00Z,4
2024-12-31T15:19:00Z,5
2024-12-31T15:48:00Z,3
2024-12-31T15:54:00Z,5
2024-12-31T16:23:00Z,3
2024-12-31T16:28:00Z,5
2024-12-31T16:48:00Z,4
2024-12-31T16:52:00Z,5
2024-12-31T17:13:00Z,3
2024-12-31T17:17:00Z,5
2024-12-31T17:46:00Z,3
2024-12-31T17:49:00Z,5
2024-12-31T18:18:00Z,3
2024-12-31T18:22:00Z,5
2024-12-31T18:52:00Z,3
2024-12-31T18:56:00Z,5
2024-12-31T19:24:00Z,3
2024-12-31T19:28:00Z,5
2024-12-31T19:50:00Z,1
2024-12-31T20:36:00Z,5
2024-12-31T20:56:00Z,3
2024-12-31T21:00:00Z,5
2024-12-31T21:30:00Z,4
2024-12-31T21:33:00Z,5
2024-12-31T21:57:00Z,3
2024-12-31T22:00:00Z,5
2024-12-31T22:28:00Z,3
2024-12-31T22:34:00Z,5
2024-12-31T22:59:00Z,4
2024-12-31T23:04:00Z,5
2024-12-31T23:33:00Z,3
2024-12-31T23:39:00Z,5
2025-01-01T00:05:00Z,3
2025-01-01T00:10:00Z,5
2025-01-01T00:35:00Z,3
2025-01-01T00:41:00Z,5
2025-01-01T01:05:00Z,4
2025-01-01T01:08:00Z,5
2025-01-01T01:32:00Z,4
2025-01-01T01:35:00Z,5
2025-01-01T01:56:00Z,4
2025-01-01T02:01:00Z,5
2025-01-01T02:21:00Z,3
2025-01-01T02:26:00Z,5
2025-01-01T02:48:00Z,3
2025-01-01T02:51:00Z,5
2025-01-01T03:21:00Z,3
2025-01-01T03:26:00Z,5
2025-01-01T03:55:00Z,1
2025-01-01T04:54:00Z,5
2025-01-01T05:22:00Z,3
2025-01-01T05:26:00Z,5
2025-01-01T05:46:00Z,3
2025-01-01T05:49:00Z,5
2025-01-01T06:16:00Z,4
2025-01-01T06:20:00Z,5
2025-01-01T06:46:00Z,3
2025-01-01T06:50:00Z,5
2025-01-01T07:12:00Z,3
2025-01-01T07:18:00Z,5
2025-01-01T07:42:00Z,3
2025-01-01T07:45:00Z,5
2025-01-01T08:14:00Z,3
2025-01-01T08:17:00Z,5
2025-01-01T08:37:00Z,3
2025-01-01T08:42:00Z,5
2025-01-01T09:04:00Z,3
2025-01-01T09:08:00Z,5
2025-01-01T09:28:00Z,4
2025-01-01T09:34:00Z,5
2025-01-01T10:04:00Z,4
2025-01-01T10:07:00Z,5
2025-01-01T10:31:00Z,4
2025-01-01T10:35:00Z,5
2025-01-01T10:56:00Z,4
2025-01-01T11:00:00Z,5
2025-01-01T11:23:00Z,2
2025-01-01T12:03:00Z,5
2025-01-01T12:28:00Z,3
2025-01-01T12:31:00Z,5
2025-01-01T12:56:00Z,3
2025-01-01T13:02:00Z,5
2025-01-01T13:30:00Z,3
2025-01-01T13:36:00Z,5
2025-01-01T13:57:00Z,4
2025-01-01T14:03:00Z,5
2025-01-01T14:30:00Z,4
2025-01-01T14:36:00Z,5
2025-01-01T15:02:00Z,4
2025-01-01T15:06:00Z,5
2025-01-01T15:29:00Z,3
2025-01-01T15:34:00Z,5
2025-01-01T16:01:00Z,4
2025-01-01T16:05:00Z,5
2025-01-01T16:34:00Z,3
2025-01-01T16:40:00Z,5
2025-01-01T17:09:00Z,4
2025-01-01T17:15:00Z,5
2025-01-01T17:44:00Z,3
2025-01-01T17:50:00Z,5
2025-01-01T18:14:00Z,3
2025-01-01T18:19:00Z,5
2025-01-01T18:44:00Z,4
2025-01-01T18:49:00Z,5
2025-01-01T19:14:00Z,3
2025-01-01T19:19:00Z,5
2025-01-01T19:42:00Z,4
2025-01-01T19:46:00Z,5
2025-01-01T20:13:00Z,3
2025-01-01T20:17:00Z,5
2025-01-01T20:41:00Z,2
2025-01-01T21:25:00Z,5
2025-01-01T21:52:00Z,4
2025-01-01T21:55:00Z,5
2025-01-01T22:18:00Z,3
2025-01-01T22:23:00Z,5
2025-01-01T22:49:00Z,4
2025-01-01T22:52:00Z,5
2025-01-01T23:19:00Z,3
2025-01-01T23:25:00Z,5
2025-01-01T23:46:00Z,3
2025-01-01T23:51:00Z,5
2025-01-02T00:11:00Z,4
2025-01-02T00:16:00Z,5
2025-01-02T00:46:00Z,4
2025-01-02T00:49:00Z,5
2025-01-02T01:11:00Z,3
2025-01-02T01:14:00Z,5
2025-01-02T01:34:00Z,3
2025-01-02T01:40:00Z,5
2025-01-02T02:03:00Z,4
2025-01-02T02:06:00Z,5
2025-01-02T02:33:00Z,4
2025-01-02T02:39:00Z,5
2025-01-02T02:59:00Z,4
2025-01-02T03:04:00Z,5
2025-01-02T05:06:00Z,3
2025-01-02T05:09:00Z,5
2025-01-02T05:31:00Z,4
2025-01-02T05:37:00Z,5
2025-01-02T05:59:00Z,3
2025-01-02T06:03:00Z,5
2025-01-02T06:31:00Z,3
2025-01-02T06:34:00Z,5
2025-01-02T06:58:00Z,4
2025-01-02T07:03:00Z,5
2025-01-02T07:30:00Z,4
2025-01-02T07:35:00Z,5
2025-01-02T07:59:00Z,4
2025-01-02T08:05:00Z,5
2025-01-02T08:25:00Z,4
2025-01-02T08:31:00Z,5
2025-01-02T08:58:00Z,3
2025-01-02T09:04:00Z,5
2025-01-02T09:25:00Z,4
2025-01-02T09:30:00Z,5
2025-01-02T09:52:00Z,4
2025-01-02T09:55:00Z,5
2025-01-02T10:23:00Z,4
2025-01-02T10:28:00Z,5
2025-01-02T10:54:00Z,3
2025-01-02T10:59:00Z,5
2025-01-02T11:25:00Z,3
2025-01-02T11:28:00Z,5
2025-01-02T11:53:00Z,2
2025-01-02T12:43:00Z,5
2025-01-02T13:08:00Z,3
2025-01-02T13:14:00Z,5
2025-01-02T13:39:00Z,4
2025-01-02T13:45:00Z,5
2025-01-02T14:13:00Z,3
2025-01-02T14:19:00Z,5
2025-01-02T14:44:00Z,4
2025-01-02T14:50:00Z,5
2025-01-02T15:10:00Z,4
2025-01-02T15:14:00Z,5
2025-01-02T15:42:00Z,4
2025-01-02T15:45:00Z,5
2025-01-02T16:05:00Z,4
2025-01-02T16:08:00Z,5
2025-01-02T16:36:00Z,4
2025-01-02T16:41:00Z,5
2025-01-02T17:03:00Z,3
2025-01-02T17:09:00Z,5
2025-01-02T17:31:00Z,4
2025-01-02T17:37:00Z,5
2025-01-02T18:03:00Z,3
2025-01-02T18:07:00Z,5
2025-01-02T18:28:00Z,4
2025-01-02T18:34:00Z,5
2025-01-02T18:54:00Z,3
2025-01-02T19:00:00Z,5
2025-01-02T19:25:00Z,1
2025-01-02T20:05:00Z,5
2025-01-02T20:32:00Z,4
2025-01-02T20:37:00Z,5
2025-01-02T21:00:00Z,3
2025-01-02T21:04:00Z,5
2025-01-02T21:34:00Z,3
2025-01-02T21:39:00Z,5
2025-01-02T22:07:00Z,3
2025-01-02T22:11:00Z,5
2025-01-02T22:39:00Z,4
2025-01-02T22:45:00Z,5
2025-01-02T23:14:00Z,3
2025-01-02T23:18:00Z,5
2025-01-02T23:38:00Z,3
2025-01-02T23:44:00Z,5
2025-01-03T00:10:00Z,3
2025-01-03T00:16:00Z,5
2025-01-03T00:43:00Z,4
2025-01-03T00:49:00Z,5
2025-01-03T01:10:00Z,3
2025-01-03T01:14:00Z,5
2025-01-03T01:34:00Z,3
2025-01-03T01:38:00Z,5
2025-01-03T02:00:00Z,3
2025-01-03T02:04:00Z,5
2025-01-03T02:30:00Z,4
2025-01-03T02:36:00Z,5
2025-01-03T02:57:00Z,3
2025-01-03T03:01:00Z,5
2025-01-03T03:27:00Z,4
2025-01-03T03:30:00Z,5
2025-01-03T03:54:00Z,1
2025-01-03T04:42:00Z,5
2025-01-03T05:06:00Z,4
2025-01-03T05:10:00Z,5
2025-01-03T05:33:00Z,4
2025-01-03T05:37:00Z,5
2025-01-03T05:58:00Z,3
2025-01-03T06:02:00Z,5
2025-01-03T06:28:00Z,4
2025-01-03T06:33:00Z,5
2025-01-03T07:00:00Z,4
2025-01-03T07:03:00Z,5
2025-01-03T07:25:00Z,3
2025-01-03T07:30:00Z,5
2025-01-03T07:54:00Z,3
2025-01-03T07:57:00Z,5
2025-01-03T08:19:00Z,4
2025-01-03T08:24:00Z,5
2025-01-03T08:52:00Z,3
2025-01-03T08:57:00Z,5
2025-01-03T09:19:00Z,3
2025-01-03T09:23:00Z,5
2025-01-03T09:48:00Z,3
2025-01-03T09:52:00Z,5
2025-01-03T10:21:00Z,3
2025-01-03T10:25:00Z,5
2025-01-03T10:47:00Z,4
2025-01-03T10:51:00Z,5
2025-01-03T11:11:00Z,4
2025-01-03T11:15:00Z,5
2025-01-03T11:44:00Z,4
2025-01-03T11:50:00Z,5
2025-01-03T12:19:00Z,3
2025-01-03T12:22:00Z,5
2025-01-03T12:51:00Z,2
2025-01-03T13:39:00Z,5
2025-01-03T14:08:00Z,3
2025-01-03T14:13:00Z,5
2025-01-03T14:38:00Z,3
2025-01-03T14:44:00Z,5
2025-01-03T15:09:00Z,3
2025-01-03T15:14:00Z,5
2025-01-03T15:35:00Z,4
2025-01-03T15:38:00Z,5
2025-01-03T16:01:00Z,3
2025-01-03T16:05:00Z,5
2025-01-03T16:28:00Z,4
2025-01-03T16:33:00Z,5
2025-01-03T16:53:00Z,4
2025-01-03T16:56:00Z,5
2025-01-03T17:18:00Z,3
2025-01-03T17:21:00Z,5
2025-01-03T17:51:00Z,4
2025-01-03T17:56:00Z,5
2025-01-03T18:26:00Z,3
2025-01-03T18:30:00Z,5
2025-01-03T18:58:00Z,3
2025-01-03T19:01:00Z,5
2025-01-03T19:28:00Z,3
2025-01-03T19:34:00Z,5
2025-01-03T20:01:00Z,1
2025-01-03T20:48:00Z,5
2025-01-03T21:14:00Z,4
2025-01-03T21:17:00Z,5
2025-01-03T21:44:00Z,3
2025-01-03T21:47:00Z,5
2025-01-03T22:09:00Z,4
2025-01-03T22:13:00Z,5
2025-01-03T22:43:00Z,3
2025-01-03T22:49:00Z,5
2025-01-03T23:10:00Z,4
2025-01-03T23:13:00Z,5
2025-01-03T23:35:00Z,3
2025-01-03T23:41:00Z,5
2025-01-04T00:02:00Z,3
2025-01-04T00:06:00Z,5
2025-01-04T00:33:00Z,4
2025-01-04T00:39:00Z,5
2025-01-04T01:03:00Z,4
2025-01-04T01:07:00Z,5
2025-01-04T01:28:00Z,4
2025-01-04T01:33:00Z,5
2025-01-04T02:00:00Z,4
2025-01-04T02:03:00Z,5
2025-01-04T02:26:00Z,3
2025-01-04T02:32:00Z,5
2025-01-04T02:57:00Z,3
2025-01-04T03:01:00Z,5
2025-01-04T03:26:00Z,4
2025-01-04T03:32:00Z,5
2025-01-04T03:52:00Z,3
2025-01-04T03:58:00Z,5
2025-01-04T04:28:00Z,1
2025-01-04T05:08:00Z,5
2025-01-04T05:33:00Z,4
2025-01-04T05:36:00Z,5
2025-01-04T06:01:00Z,4
2025-01-04T06:06:00Z,5
2025-01-04T06:36:00Z,3
2025-01-04T06:40:00Z,5
2025-01-04T07:00:00Z,4
2025-01-04T07:03:00Z,5
2025-01-04T07:28:00Z,4
2025-01-04T07:31:00Z,5
2025-01-04T07:56:00Z,3
2025-01-04T07:59:00Z,5
2025-01-04T08:28:00Z,4
2025-01-04T08:31:00Z,5
2025-01-04T08:51:00Z,3
2025-01-04T08:57:00Z,5
2025-01-04T09:18:00Z,3
2025-01-04T09:23:00Z,5
2025-01-04T09:43:00Z,3
2025-01-04T09:46:00Z,5
2025-01-04T10:07:00Z,4
2025-01-04T10:10:00Z,5
2025-01-04T10:38:00Z,3
2025-01-04T10:44:00Z,5
2025-01-04T11:07:00Z,3
2025-01-04T11:12:00Z,5
2025-01-04T11:37:00Z,2
2025-01-04T12:32:00Z,5
2025-01-04T12:52:00Z,4
2025-01-04T12:58:00Z,5
2025-01-04T13:18:00Z,4
2025-01-04T13:24:00Z,5
2025-01-04T13:47:00Z,4
2025-01-04T13:53:00Z,5
2025-01-04T14:19:00Z,4
2025-01-04T14:25:00Z,5
2025-01-04T14:55:00Z,3
2025-01-04T14:58:00Z,5
2025-01-04T15:18:00Z,4
2025-01-04T15:23:00Z,5
2025-01-04T15:52:00Z,4
2025-01-04T15:57:00Z,5
2025-01-04T16:19:00Z,3
2025-01-04T16:24:00Z,5
2025-01-04T16:49:00Z,4
2025-01-04T16:53:00Z,5
2025-01-04T17:23:00Z,4
2025-01-04T17:26:00Z,5
2025-01-04T17:56:00Z,3
2025-01-04T18:02:00Z,5
2025-01-04T18:23:00Z,3
2025-01-04T18:26:00Z,5
2025-01-04T18:52:00Z,1
2025-01-04T19:47:00Z,5
2025-01-04T20:16:00Z,4
2025-01-04T20:20:00Z,5
2025-01-04T20:48:00Z,3
2025-01-04T20:51:00Z,5
2025-01-04T21:17:00Z,3
2025-01-04T21:20:00Z,5
2025-01-04T21:49:00Z,3
2025-01-04T21:55:00Z,5
2025-01-04T22:20:00Z,4
2025-01-04T22:23:00Z,5
2025-01-04T22:53:00Z,4
2025-01-04T22:57:00Z,5
2025-01-04T23:20:00Z,3
2025-01-04T23:24:00Z,5
2025-01-04T23:44:00Z,4
2025-01-04T23:50:00Z,5
2025-01-05T00:15:00Z,4
2025-01-05T00:21:00Z,5
2025-01-05T00:43:00Z,4
2025-01-05T00:49:00Z,5
2025-01-05T01:16:00Z,4
2025-01-05T01:22:00Z,5
2025-01-05T01:52:00Z,4
2025-01-05T01:56:00Z,5
2025-01-05T02:24:00Z,1
2025-01-05T03:10:00Z,5
2025-01-05T03:36:00Z,3
2025-01-05T03:42:00Z,5
2025-01-05T04:02:00Z,4
2025-01-05T04:07:00Z,5
2025-01-05T04:33:00Z,4
2025-01-05T04:36:00Z,5
2025-01-05T05:04:00Z,4
2025-01-05T05:07:00Z,5
2025-01-05T05:32:00Z,3
2025-01-05T05:38:00Z,5
2025-01-05T06:02:00Z,4
2025-01-05T06:07:00Z,5
2025-01-05T06:33:00Z,4
2025-01-05T06:39:00Z,5
2025-01-05T07:07:00Z,3
2025-01-05T07:11:00Z,5
2025-01-05T07:40:00Z,4
2025-01-05T07:46:00Z,5
2025-01-05T08:06:00Z,3
2025-01-05T08:10:00Z,5
2025-01-05T08:32:00Z,4
2025-01-05T08:37:00Z,5
2025-01-05T09:03:00Z,4
2025-01-05T09:08:00Z,5
2025-01-05T09:37:00Z,2
2025-01-05T10:31:00Z,5
2025-01-05T10:54:00Z,3
2025-01-05T11:00:00Z,5
2025-01-05T11:28:00Z,3
2025-01-05T11:34:00Z,5
2025-01-05T12:02:00Z,4
2025-01-05T12:08:00Z,5
2025-01-05T12:33:00Z,3
2025-01-05T12:38:00Z,5
2025-01-05T12:58:00Z,3
2025-01-05T13:04:00Z,5
2025-01-05T13:30:00Z,3
2025-01-05T13:36:00Z,5
2025-01-05T13:58:00Z,3
2025-01-05T14:03:00Z,5
2025-01-05T14:28:00Z,4
2025-01-05T14:34:00Z,5
2025-01-05T14:55:00Z,3
2025-01-05T15:00:00Z,0
2025-01-05T18:00:00Z,5
2025-01-05T19:06:00Z,3
2025-01-05T19:12:00Z,5
2025-01-05T19:32:00Z,4
2025-01-05T19:37:00Z,5
2025-01-05T19:59:00Z,3
2025-01-05T20:03:00Z,5
2025-01-05T20:30:00Z,3
2025-01-05T20:36:00Z,5
2025-01-05T20:57:00Z,4
2025-01-05T21:03:00Z,5
2025-01-05T21:24:00Z,3
2025-01-05T21:30:00Z,5
2025-01-05T21:53:00Z,3
2025-01-05T21:59:00Z,5
2025-01-05T22:19:00Z,3
2025-01-05T22:23:00Z,5
2025-01-05T22:49:00Z,2
2025-01-05T23:49:00Z,5
2025-01-06T00:09:00Z,4
2025-01-06T00:15:00Z,5
2025-01-06T00:39:00Z,4
2025-01-06T00:42:00Z,5
2025-01-06T01:03:00Z,3
2025-01-06T01:06:00Z,5
2025-01-06T01:35:00Z,4
2025-01-06T01:38:00Z,5
2025-01-06T02:06:00Z,4
2025-01-06T02:09:00Z,5
2025-01-06T02:39:00Z,3
2025-01-06T02:42:00Z,5
2025-01-06T03:06:00Z,3
2025-01-06T03:12:00Z,5
2025-01-06T03:42:00Z,4
2025-01-06T03:48:00Z,5
2025-01-06T04:10:00Z,3
2025-01-06T04:13:00Z,5
2025-01-06T04:37:00Z,3
2025-01-06T04:43:00Z,5
2025-01-06T05:13:00Z,4
2025-01-06T05:16:00Z,5
2025-01-06T05:43:00Z,3
2025-01-06T05:46:00Z,5
2025-01-06T06:14:00Z,4
2025-01-06T06:20:00Z,5
2025-01-06T06:41:00Z,4
2025-01-06T06:45:00Z,5
2025-01-06T07:09:00Z,1
2025-01-06T08:08:00Z,5
2025-01-06T08:35:00Z,3
2025-01-06T08:40:00Z,5
2025-01-06T09:09:00Z,4
2025-01-06T09:12:00Z,5
2025-01-06T09:34:00Z,4
2025-01-06T09:40:00Z,5
2025-01-06T10:01:00Z,3
2025-01-06T10:06:00Z,5
2025-01-06T10:36:00Z,3
2025-01-06T10:39:00Z,5
2025-01-06T11:02:00Z,4
2025-01-06T11:05:00Z,5
2025-01-06T11:27:00Z,3
2025-01-06T11:32:00Z,5
2025-01-06T11:52:00Z,4
2025-01-06T11:55:00Z,5
2025-01-06T12:23:00Z,4
2025-01-06T12:29:00Z,5
2025-01-06T12:51:00Z,3
2025-01-06T12:54:00Z,5
2025-01-06T13:17:00Z,3
2025-01-06T13:22:00Z,5
2025-01-06T13:43:00Z,4
2025-01-06T13:48:00Z,5
2025-01-06T14:15:00Z,4
2025-01-06T14:18:00Z,5
2025-01-06T14:46:00Z,1
2025-01-06T15:27:00Z,5
2025-01-06T15:57:00Z,3
2025-01-06T16:01:00Z,5
2025-01-06T16:25:00Z,3
2025-01-06T16:29:00Z,5
2025-01-06T16:53:00Z,3
2025-01-06T16:57:00Z,5
2025-01-06T17:22:00Z,4
2025-01-06T17:26:00Z,5
2025-01-06T17:55:00Z,3
2025-01-06T17:58:00Z,5
2025-01-06T18:25:00Z,4
2025-01-06T18:29:00Z,5
2025-01-06T18:57:00Z,3
2025-01-06T19:02:00Z,5
2025-01-06T19:32:00Z,4
2025-01-06T19:38:00Z,5
2025-01-06T20:04:00Z,4
2025-01-06T20:10:00Z,5
2025-01-06T20:37:00Z,3
2025-01-06T20:41:00Z,5
2025-01-06T21:04:00Z,4
2025-01-06T21:09:00Z,5
2025-01-06T21:37:00Z,4
2025-01-06T21:42:00Z,5
2025-01-06T22:03:00Z,3
2025-01-06T22:09:00Z,5
2025-01-06T22:36:00Z,4
2025-01-06T22:40:00Z,5
2025-01-06T23:10:00Z,2
2025-01-07T00:07:00Z,5
2025-01-07T00:37:00Z,4
2025-01-07T00:40:00Z,5
2025-01-07T01:00:00Z,3
2025-01-07T01:03:00Z,5
2025-01-07T01:27:00Z,4
2025-01-07T01:33:00Z,5
2025-01-07T01:57:00Z,4
2025-01-07T02:00:00Z,5
2025-01-07T02:24:00Z,3
2025-01-07T02:29:00Z,5
2025-01-07T02:53:00Z,3
2025-01-07T02:56:00Z,5
2025-01-07T03:26:00Z,3
2025-01-07T03:30:00Z,5
2025-01-07T03:52:00Z,3
2025-01-07T03:57:00Z,5
2025-01-07T04:25:00Z,4
2025-01-07T04:31:00Z,5
2025-01-07T04:56:00Z,3
2025-01-07T05:00:00Z,5
2025-01-07T05:28:00Z,4
2025-01-07T05:33:00Z,5
2025-01-07T05:55:00Z,4
2025-01-07T05:59:00Z,5
2025-01-07T07:48:00Z,4
2025-01-07T07:53:00Z,5
2025-01-07T08:17:00Z,4
2025-01-07T08:22:00Z,5
2025-01-07T08:42:00Z,4
2025-01-07T08:48:00Z,5
2025-01-07T09:08:00Z,3
2025-01-07T09:13:00Z,5
2025-01-07T09:38:00Z,3
2025-01-07T09:41:00Z,5
2025-01-07T10:02:00Z,3
2025-01-07T10:07:00Z,5
2025-01-07T10:35:00Z,3
2025-01-07T10:39:00Z,5
2025-01-07T11:04:00Z,3
2025-01-07T11:10:00Z,5
2025-01-07T11:35:00Z,3
2025-01-07T11:39:00Z,5
2025-01-07T12:07:00Z,3
2025-01-07T12:13:00Z,5
2025-01-07T12:38:00Z,4
2025-01-07T12:42:00Z,5
2025-01-07T13:04:00Z,4
2025-01-07T13:09:00Z,5
2025-01-07T13:37:00Z,1
2025-01-07T14:33:00Z,5
2025-01-07T14:56:00Z,4
2025-01-07T15:02:00Z,5
2025-01-07T15:30:00Z,4
2025-01-07T15:35:00Z,5
2025-01-07T16:00:00Z,4
2025-01-07T16:04:00Z,5
2025-01-07T16:28:00Z,4
2025-01-07T16:33:00Z,5
2025-01-07T16:54:00Z,3
2025-01-07T17:00:00Z,5
2025-01-07T17:30:00Z,4
2025-01-07T17:34:00Z,5
2025-01-07T18:01:00Z,3
2025-01-07T18:07:00Z,5
2025-01-07T18:27:00Z,4
2025-01-07T18:33:00Z,5
2025-01-07T18:54:00Z,4
2025-01-07T18:58:00Z,5
2025-01-07T19:22:00Z,4
2025-01-07T19:27:00Z,5
2025-01-07T19:55:00Z,3
2025-01-07T19:59:00Z,5
2025-01-07T20:22:00Z,2
2025-01-07T21:16:00Z,5
2025-01-07T21:42:00Z,3
2025-01-07T21:45:00Z,5
2025-01-07T22:09:00Z,3
2025-01-07T22:15:00Z,5
2025-01-07T22:41:00Z,3
2025-01-07T22:45:00Z,5
2025-01-07T23:11:00Z,3
2025-01-07T23:16:00Z,5
2025-01-07T23:40:00Z,4
2025-01-07T23:44:00Z,5
2025-01-08T00:14:00Z,4
2025-01-08T00:17:00Z,5
2025-01-08T00:43:00Z,4
2025-01-08T00:48:00Z,5
2025-01-08T01:15:00Z,4
2025-01-08T01:18:00Z,5
2025-01-08T01:41:00Z,3
2025-01-08T01:47:00Z,5
2025-01-08T02:17:00Z,3
2025-01-08T02:22:00Z,5
2025-01-08T02:47:00Z,4
2025-01-08T02:51:00Z,5
2025-01-08T03:19:00Z,3
2025-01-08T03:24:00Z,5
2025-01-08T03:52:00Z,3
2025-01-08T03:58:00Z,5
2025-01-08T04:26:00Z,4
2025-01-08T04:31:00Z,5
2025-01-08T04:55:00Z,2
2025-01-08T05:36:00Z,5
2025-01-08T05:58:00Z,4
2025-01-08T06:03:00Z,5
2025-01-08T06:26:00Z,3
2025-01-08T06:32:00Z,5
2025-01-08T06:52:00Z,3
2025-01-08T06:57:00Z,5
2025-01-08T07:17:00Z,3
2025-01-08T07:21:00Z,5
2025-01-08T07:41:00Z,3
2025-01-08T07:44:00Z,5
2025-01-08T08:13:00Z,3
2025-01-08T08:18:00Z,5
2025-01-08T08:42:00Z,3
2025-01-08T08:45:00Z,5
2025-01-08T09:12:00Z,4
2025-01-08T09:16:00Z,5
2025-01-08T09:44:00Z,4
2025-01-08T09:50:00Z,5
2025-01-08T10:11:00Z,3
2025-01-08T10:17:00Z,5
2025-01-08T10:43:00Z,3
2025-01-08T10:48:00Z,5
2025-01-08T11:12:00Z,3
2025-01-08T11:17:00Z,5
2025-01-08T11:47:00Z,3
2025-01-08T11:50:00Z,5
2025-01-08T12:11:00Z,1
2025-01-08T13:05:00Z,5
2025-01-08T13:34:00Z,3
2025-01-08T13:40:00Z,5
2025-01-08T14:05:00Z,3
2025-01-08T14:11:00Z,5
2025-01-08T14:35:00Z,3
2025-01-08T14:41:00Z,5
2025-01-08T15:01:00Z,3
2025-01-08T15:05:00Z,5
2025-01-08T15:33:00Z,3
2025-01-08T15:39:00Z,5
2025-01-08T16:03:00Z,4
2025-01-08T16:08:00Z,5
2025-01-08T16:36:00Z,3
2025-01-08T16:41:00Z,5
2025-01-08T17:03:00Z,4
2025-01-08T17:06:00Z,5
2025-01-08T17:35:00Z,4
2025-01-08T17:38:00Z,5
2025-01-08T17:59:00Z,3
2025-01-08T18:04:00Z,5
2025-01-08T19:26:00Z,1
2025-01-08T20:07:00Z,5
2025-01-08T20:33:00Z,3
2025-01-08T20:36:00Z,5
2025-01-08T20:59:00Z,3
2025-01-08T21:02:00Z,5
2025-01-08T21:28:00Z,4
2025-01-08T21:31:00Z,5
2025-01-08T21:52:00Z,3
2025-01-08T21:57:00Z,5
2025-01-08T22:19:00Z,3
2025-01-08T22:23:00Z,5
2025-01-08T22:52:00Z,3
2025-01-08T22:57:00Z,5
2025-01-08T23:23:00Z,3
2025-01-08T23:27:00Z,5
2025-01-08T23:53:00Z,3
2025-01-08T23:58:00Z,5
2025-01-09T00:21:00Z,4
2025-01-09T00:25:00Z,5
2025-01-09T00:49:00Z,4
2025-01-09T00:54:00Z,5
2025-01-09T01:15:00Z,4
2025-01-09T01:20:00Z,5
2025-01-09T01:45:00Z,4
2025-01-09T01:51:00Z,5
2025-01-09T02:14:00Z,3
2025-01-09T02:19:00Z,5
2025-01-09T02:49:00Z,3
2025-01-09T02:53:00Z,5
2025-01-09T03:14:00Z,1
2025-01-09T04:04:00Z,5
2025-01-09T04:29:00Z,4
2025-01-09T04:32:00Z,5
2025-01-09T04:54:00Z,3
2025-01-09T05:00:00Z,5
2025-01-09T05:27:00Z,3
2025-01-09T05:32:00Z,5
2025-01-09T05:52:00Z,3
2025-01-09T05:56:00Z,5
2025-01-09T06:18:00Z,4
2025-01-09T06:21:00Z,5
2025-01-09T06:50:00Z,4
2025-01-09T06:55:00Z,5
2025-01-09T07:18:00Z,3
2025-01-09T07:24:00Z,5
2025-01-09T07:45:00Z,4
2025-01-09T07:50:00Z,5
2025-01-09T08:17:00Z,4
2025-01-09T08:23:00Z,5
2025-01-09T08:46:00Z,3
2025-01-09T08:50:00Z,5
2025-01-09T09:13:00Z,3
2025-01-09T09:17:00Z,5
2025-01-09T09:44:00Z,3
2025-01-09T09:48:00Z,5
2025-01-09T10:12:00Z,4
2025-01-09T10:18:00Z,5
2025-01-09T10:45:00Z,2
2025-01-09T11:44:00Z,5
2025-01-09T12:07:00Z,4
2025-01-09T12:13:00Z,5
2025-01-09T12:36:00Z,3
2025-01-09T12:40:00Z,5
2025-01-09T13:05:00Z,4
2025-01-09T13:08:00Z,5
2025-01-09T13:35:00Z,4
2025-01-09T13:40:00Z,5
2025-01-09T14:00:00Z,3
2025-01-09T14:06:00Z,5
2025-01-09T14:30:00Z,4
2025-01-09T14:33:00Z,5
2025-01-09T15:03:00Z,3
2025-01-09T15:06:00Z,5
2025-01-09T15:29:00Z,3
2025-01-09T15:33:00Z,5
2025-01-09T16:01:00Z,3
2025-01-09T16:07:00Z,5
2025-01-09T16:31:00Z,4
2025-01-09T16:34:00Z,5
2025-01-09T16:54:00Z,4
2025-01-09T16:58:00Z,5
2025-01-09T17:23:00Z,3
2025-01-09T17:26:00Z,5
2025-01-09T17:56:00Z,3
2025-01-09T17:59:00Z,5
2025-01-09T18:26:00Z,4
2025-01-09T18:32:00Z,5
2025-01-09T18:54:00Z,4
2025-01-09T18:58:00Z,5
2025-01-09T19:27:00Z,3
2025-01-09T19:33:00Z,5
2025-01-09T19:56:00Z,1
2025-01-09T20:39:00Z,5
2025-01-09T21:00:00Z,3
2025-01-09T21:05:00Z,5
2025-01-09T21:26:00Z,4
2025-01-09T21:30:00Z,5
2025-01-09T21:57:00Z,3
2025-01-09T22:03:00Z,5
2025-01-09T22:28:00Z,3
2025-01-09T22:32:00Z,5
2025-01-09T22:53:00Z,3
2025-01-09T22:56:00Z,5
2025-01-09T23:26:00Z,3
2025-01-09T23:30:00Z,5
2025-01-09T23:58:00Z,4
2025-01-10T00:02:00Z,5
2025-01-10T00:32:00Z,4
2025-01-10T00:37:00Z,5
2025-01-10T01:04:00Z,3
2025-01-10T01:07:00Z,5
2025-01-10T01:33:00Z,4
2025-01-10T01:38:00Z,5
2025-01-10T01:59:00Z,4
2025-01-10T02:04:00Z,5
2025-01-10T02:31:00Z,4
2025-01-10T02:35:00Z,5
2025-01-10T03:03:00Z,2
2025-01-10T03:57:00Z,5
2025-01-10T04:20:00Z,4
2025-01-10T04:25:00Z,5
2025-01-10T04:55:00Z,3
2025-01-10T04:58:00Z,5
2025-01-10T05:24:00Z,4
2025-01-10T05:27:00Z,5
2025-01-10T05:47:00Z,4
2025-01-10T05:51:00Z,5
2025-01-10T06:14:00Z,3
2025-01-10T06:18:00Z,5
2025-01-10T06:42:00Z,3
2025-01-10T06:45:00Z,5
2025-01-10T07:05:00Z,3
2025-01-10T07:08:00Z,5
2025-01-10T07:38:00Z,3
2025-01-10T07:42:00Z,5
2025-01-10T08:12:00Z,4
2025-01-10T08:18:00Z,5
2025-01-10T08:39:00Z,4
2025-01-10T08:45:00Z,5
2025-01-10T09:12:00Z,3
2025-01-10T09:15:00Z,5
2025-01-10T09:41:00Z,4
2025-01-10T09:44:00Z,5
2025-01-10T10:06:00Z,3
2025-01-10T10:10:00Z,5
2025-01-10T10:38:00Z,4
2025-01-10T10:41:00Z,5
2025-01-10T11:05:00Z,4
2025-01-10T11:09:00Z,5
2025-01-10T11:30:00Z,2
2025-01-10T12:13:00Z,5
2025-01-10T12:33:00Z,4
2025-01-10T12:37:00Z,5
2025-01-10T13:00:00Z,4
2025-01-10T13:03:00Z,5
2025-01-10T13:23:00Z,4
2025-01-10T13:28:00Z,5
2025-01-10T13:55:00Z,4
2025-01-10T14:01:00Z,5
2025-01-10T14:29:00Z,3
2025-01-10T14:33:00Z,5
2025-01-10T14:53:00Z,3
2025-01-10T14:59:00Z,5
2025-01-10T15:21:00Z,4
2025-01-10T15:25:00Z,5
2025-01-10T15:45:00Z,3
2025-01-10T15:50:00Z,5
2025-01-10T16:11:00Z,3
2025-01-10T16:15:00Z,5
2025-01-10T16:39:00Z,4
2025-01-10T16:44:00Z,5
2025-01-10T17:14:00Z,3
2025-01-10T17:19:00Z,5
2025-01-10T17:40:00Z,4
2025-01-10T17:45:00Z,5
2025-01-10T19:46:00Z,4
2025-01-10T19:49:00Z,5
2025-01-10T20:11:00Z,4
2025-01-10T20:14:00Z,5
2025-01-10T20:39:00Z,3
2025-01-10T20:42:00Z,5
2025-01-10T21:08:00Z,4
2025-01-10T21:14:00Z,5
2025-01-10T21:36:00Z,3
2025-01-10T21:39:00Z,5
2025-01-10T22:02:00Z,3
2025-01-10T22:08:00Z,5
2025-01-10T22:37:00Z,4
2025-01-10T22:42:00Z,5
2025-01-10T23:04:00Z,3
2025-01-10T23:09:00Z,5
2025-01-10T23:38:00Z,4
2025-01-10T23:42:00Z,5
2025-01-11T00:08:00Z,4
2025-01-11T00:13:00Z,5
2025-01-11T00:41:00Z,3
2025-01-11T00:44:00Z,5
2025-01-11T01:04:00Z,3
2025-01-11T01:07:00Z,5
2025-01-11T01:36:00Z,2
2025-01-11T02:21:00Z,5
2025-01-11T02:51:00Z,3
2025-01-11T02:57:00Z,5
2025-01-11T03:25:00Z,4
2025-01-11T03:28:00Z,5
2025-01-11T03:56:00Z,3
2025-01-11T03:59:00Z,5
2025-01-11T04:24:00Z,4
2025-01-11T04:30:00Z,5
2025-01-11T05:00:00Z,4
2025-01-11T05:06:00Z,5
2025-01-11T05:27:00Z,4
2025-01-11T05:32:00Z,5
2025-01-11T05:52:00Z,3
2025-01-11T05:56:00Z,5
2025-01-11T06:18:00Z,4
2025-01-11T06:21:00Z,5
2025-01-11T06:44:00Z,4
2025-01-11T06:47:00Z,5
2025-01-11T07:12:00Z,4
2025-01-11T07:18:00Z,5
2025-01-11T07:40:00Z,3
2025-01-11T07:43:00Z,5
2025-01-11T08:13:00Z,4
2025-01-11T08:16:00Z,5
2025-01-11T08:37:00Z,1
2025-01-11T09:17:00Z,5
2025-01-11T09:39:00Z,3
2025-01-11T09:44:00Z,5
2025-01-11T10:05:00Z,3
2025-01-11T10:11:00Z,5
2025-01-11T10:38:00Z,3
2025-01-11T10:44:00Z,5
2025-01-11T11:11:00Z,3
2025-01-11T11:16:00Z,5
2025-01-11T11:42:00Z,4
2025-01-11T11:47:00Z,5
2025-01-11T12:17:00Z,3
2025-01-11T12:20:00Z,5
2025-01-11T12:41:00Z,4
2025-01-11T12:44:00Z,5
2025-01-11T13:12:00Z,4
2025-01-11T13:17:00Z,5
2025-01-11T13:37:00Z,3
2025-01-11T13:40:00Z,5
2025-01-11T14:09:00Z,3
2025-01-11T14:12:00Z,5
2025-01-11T14:40:00Z,3
2025-01-11T14:44:00Z,5
2025-01-11T15:06:00Z,2
2025-01-11T16:05:00Z,5
2025-01-11T16:26:00Z,3
2025-01-11T16:30:00Z,5
2025-01-11T16:50:00Z,4
2025-01-11T16:55:00Z,5
2025-01-11T17:16:00Z,4
2025-01-11T17:22:00Z,5
2025-01-11T17:49:00Z,3
2025-01-11T17:54:00Z,5
2025-01-11T18:20:00Z,4
2025-01-11T18:24:00Z,5
2025-01-11T18:48:00Z,4
2025-01-11T18:52:00Z,5
2025-01-11T19:21:00Z,4
2025-01-11T19:26:00Z,5
2025-01-11T19:55:00Z,4
2025-01-11T19:58:00Z,5
2025-01-11T20:24:00Z,4
2025-01-11T20:27:00Z,5
2025-01-11T20:49:00Z,3
2025-01-11T20:54:00Z,5
2025-01-11T21:16:00Z,4
2025-01-11T21:22:00Z,5
2025-01-11T21:48:00Z,4
2025-01-11T21:52:00Z,5
2025-01-11T22:16:00Z,3
2025-01-11T22:22:00Z,5
2025-01-11T22:50:00Z,2
2025-01-11T23:38:00Z,5
2025-01-12T00:07:00Z,3
2025-01-12T00:12:00Z,5
2025-01-12T00:37:00Z,3
2025-01-12T00:42:00Z,5
2025-01-12T01:09:00Z,4
2025-01-12T01:12:00Z,5
2025-01-12T01:36:00Z,4
2025-01-12T01:39:00Z,5
2025-01-12T02:02:00Z,3
2025-01-12T02:06:00Z,5
2025-01-12T02:26:00Z,4
2025-01-12T02:30:00Z,5
2025-01-12T02:55:00Z,4
2025-01-12T03:01:00Z,5
2025-01-12T03:30:00Z,4
2025-01-12T03:33:00Z,5
2025-01-12T03:59:00Z,4
2025-01-12T04:02:00Z,5
2025-01-12T04:29:00Z,3
2025-01-12T04:34:00Z,5
2025-01-12T05:04:00Z,3
2025-01-12T05:07:00Z,5
2025-01-12T05:34:00Z,3
2025-01-12T05:37:00Z,5
2025-01-12T06:03:00Z,4
2025-01-12T06:08:00Z,5
2025-01-12T06:28:00Z,4
2025-01-12T06:32:00Z,5
2025-01-12T06:54:00Z,3
2025-01-12T06:59:00Z,5
2025-01-12T07:21:00Z,1
2025-01-12T08:08:00Z,5
2025-01-12T08:37:00Z,4
2025-01-12T08:40:00Z,5
2025-01-12T09:03:00Z,4
2025-01-12T09:07:00Z,5
2025-01-12T09:36:00Z,3
2025-01-12T09:40:00Z,5
2025-01-12T10:04:00Z,3
2025-01-12T10:08:00Z,5
2025-01-12T10:36:00Z,3
2025-01-12T10:39:00Z,5
2025-01-12T11:06:00Z,4
2025-01-12T11:10:00Z,5
2025-01-12T11:36:00Z,3
2025-01-12T11:39:00Z,5
2025-01-12T12:01:00Z,3
2025-01-12T12:05:00Z,5
2025-01-12T12:31:00Z,4
2025-01-12T12:35:00Z,5
2025-01-12T13:03:00Z,3
2025-01-12T13:06:00Z,5
2025-01-12T13:34:00Z,4
2025-01-12T13:37:00Z,5
2025-01-12T14:02:00Z,4
2025-01-12T14:06:00Z,5
2025-01-12T14:34:00Z,1
2025-01-12T15:28:00Z,5
2025-01-12T15:49:00Z,4
2025-01-12T15:54:00Z,5
2025-01-12T16:17:00Z,4
2025-01-12T16:22:00Z,5
2025-01-12T16:47:00Z,4
2025-01-12T16:53:00Z,5
2025-01-12T17:15:00Z,3
2025-01-12T17:19:00Z,5
2025-01-12T17:44:00Z,4
2025-01-12T17:47:00Z,5
2025-01-12T18:00:00Z,0
2025-01-12T21:00:00Z,5
2025-01-12T22:19:00Z,4
2025-01-12T22:23:00Z,5
2025-01-12T22:52:00Z,4
2025-01-12T22:56:00Z,5
2025-01-12T23:25:00Z,3
2025-01-12T23:29:00Z,5
2025-01-12T23:59:00Z,1
2025-01-13T00:50:00Z,5
2025-01-13T01:10:00Z,4
2025-01-13T01:15:00Z,5
2025-01-13T01:39:00Z,3
2025-01-13T01:44:00Z,5
2025-01-13T02:10:00Z,3
2025-01-13T02:14:00Z,5
2025-01-13T02:42:00Z,3
2025-01-13T02:46:00Z,5
2025-01-13T03:13:00Z,3
2025-01-13T03:18:00Z,5
2025-01-13T03:42:00Z,4
2025-01-13T03:45:00Z,5
2025-01-13T04:10:00Z,3
2025-01-13T04:14:00Z,5
2025-01-13T04:38:00Z,3
2025-01-13T04:43:00Z,5
2025-01-13T05:06:00Z,4
2025-01-13T05:10:00Z,5
2025-01-13T05:31:00Z,4
2025-01-13T05:35:00Z,5
2025-01-13T05:59:00Z,4
2025-01-13T06:05:00Z,5
2025-01-13T06:34:00Z,4
2025-01-13T06:40:00Z,5
2025-01-13T07:04:00Z,1
2025-01-13T07:47:00Z,5
2025-01-13T08:15:00Z,4
2025-01-13T08:18:00Z,5
2025-01-13T08:44:00Z,4
2025-01-13T08:48:00Z,5
2025-01-13T09:17:00Z,4
2025-01-13T09:20:00Z,5
2025-01-13T09:49:00Z,4
2025-01-13T09:53:00Z,5
2025-01-13T10:23:00Z,3
2025-01-13T10:26:00Z,5
2025-01-13T10:54:00Z,4
2025-01-13T10:58:00Z,5
2025-01-13T11:21:00Z,3
2025-01-13T11:24:00Z,5
2025-01-13T11:46:00Z,3
2025-01-13T11:49:00Z,5
2025-01-13T12:15:00Z,3
2025-01-13T12:21:00Z,5
2025-01-13T12:43:00Z,4
2025-01-13T12:48:00Z,5
2025-01-13T13:12:00Z,4
2025-01-13T13:15:00Z,5
2025-01-13T13:36:00Z,4
2025-01-13T13:39:00Z,5
2025-01-13T14:05:00Z,4
2025-01-13T14:10:00Z,5
2025-01-13T14:34:00Z,3
2025-01-13T14:40:00Z,5
2025-01-13T15:04:00Z,2
2025-01-13T16:01:00Z,5
2025-01-13T16:28:00Z,3
2025-01-13T16:34:00Z,5
2025-01-13T16:57:00Z,4
2025-01-13T17:02:00Z,5
2025-01-13T17:30:00Z,3
2025-01-13T17:34:00Z,5
2025-01-13T18:03:00Z,4
2025-01-13T18:07:00Z,5
2025-01-13T18:30:00Z,3
2025-01-13T18:34:00Z,5
2025-01-13T19:00:00Z,3
2025-01-13T19:04:00Z,5
2025-01-13T19:32:00Z,4
2025-01-13T19:36:00Z,5
2025-01-13T19:59:00Z,3
2025-01-13T20:03:00Z,5
2025-01-13T20:25:00Z,4
2025-01-13T20:29:00Z,5
2025-01-13T20:52:00Z,3
2025-01-13T20:56:00Z,5
2025-01-13T21:20:00Z,3
2025-01-13T21:26:00Z,5
2025-01-13T21:49:00Z,3
2025-01-13T21:54:00Z,5
2025-01-13T22:23:00Z,4
2025-01-13T22:27:00Z,5
2025-01-13T22:57:00Z,4
2025-01-13T23:03:00Z,5
2025-01-13T23:24:00Z,2
2025-01-14T00:08:00Z,5
2025-01-14T00:28:00Z,4
2025-01-14T00:32:00Z,5
2025-01-14T01:01:00Z,4
2025-01-14T01:06:00Z,5
2025-01-14T01:31:00Z,4
2025-01-14T01:36:00Z,5
2025-01-14T02:04:00Z,3
2025-01-14T02:07:00Z,5
2025-01-14T02:37:00Z,3
2025-01-14T02:40:00Z,5
2025-01-14T03:01:00Z,3
2025-01-14T03:07:00Z,5
2025-01-14T03:32:00Z,3
2025-01-14T03:37:00Z,5
2025-01-14T04:05:00Z,4
2025-01-14T04:08:00Z,5
2025-01-14T04:29:00Z,3
2025-01-14T04:33:00Z,5
2025-01-14T05:02:00Z,3
2025-01-14T05:07:00Z,5
2025-01-14T05:32:00Z,3
2025-01-14T05:36:00Z,5
2025-01-14T06:02:00Z,4
2025-01-14T06:06:00Z,5
2025-01-14T06:28:00Z,4
2025-01-14T06:31:00Z,5
2025-01-14T06:54:00Z,2
2025-01-14T07:51:00Z,5
2025-01-14T08:17:00Z,4
2025-01-14T08:22:00Z,5
2025-01-14T08:42:00Z,3
2025-01-14T08:45:00Z,5
2025-01-14T09:13:00Z,4
2025-01-14T09:16:00Z,5
2025-01-14T09:45:00Z,3
2025-01-14T09:50:00Z,5
2025-01-14T10:16:00Z,4
2025-01-14T10:19:00Z,5
2025-01-14T10:39:00Z,3
2025-01-14T10:45:00Z,5
2025-01-14T11:08:00Z,3
2025-01-14T11:14:00Z,5
2025-01-14T11:37:00Z,4
2025-01-14T11:43:00Z,5
2025-01-14T12:08:00Z,4
2025-01-14T12:13:00Z,5
2025-01-14T12:34:00Z,4
2025-01-14T12:37:00Z,5
2025-01-14T12:59:00Z,4
2025-01-14T13:05:00Z,5
2025-01-14T13:29:00Z,4
2025-01-14T13:32:00Z,5
2025-01-14T13:52:00Z,3
2025-01-14T13:58:00Z,5
2025-01-14T14:26:00Z,1
2025-01-14T15:10:00Z,5
2025-01-14T15:36:00Z,4
2025-01-14T15:39:00Z,5
2025-01-14T16:09:00Z,3
2025-01-14T16:12:00Z,5
2025-01-14T16:39:00Z,4
2025-01-14T16:44:00Z,5
2025-01-14T17:09:00Z,3
2025-01-14T17:13:00Z,5
2025-01-14T17:34:00Z,3
2025-01-14T17:40:00Z,5
2025-01-14T18:10:00Z,4
2025-01-14T18:13:00Z,5
2025-01-14T18:35:00Z,3
2025-01-14T18:39:00Z,5
2025-01-14T19:07:00Z,4
2025-01-14T19:12:00Z,5
2025-01-14T19:38:00Z,4
2025-01-14T19:43:00Z,5
2025-01-14T20:11:00Z,4
2025-01-14T20:16:00Z,5
2025-01-14T20:44:00Z,4
2025-01-14T20:50:00Z,5
2025-01-14T21:14:00Z,4
2025-01-14T21:18:00Z,5
2025-01-14T21:44:00Z,2
2025-01-14T22:38:00Z,5
2025-01-14T23:08:00Z,4
2025-01-14T23:14:00Z,5
2025-01-14T23:44:00Z,3
2025-01-14T23:47:00Z,5
2025-01-15T00:08:00Z,3
2025-01-15T00:12:00Z,5
2025-01-15T00:38:00Z,3
2025-01-15T00:44:00Z,5
2025-01-15T01:07:00Z,3
2025-01-15T01:11:00Z,5
2025-01-15T01:34:00Z,3
2025-01-15T01:40:00Z,5
2025-01-15T02:07:00Z,4
2025-01-15T02:13:00Z,5
2025-01-15T02:33:00Z,4
2025-01-15T02:36:00Z,5
2025-01-15T02:58:00Z,3
2025-01-15T03:01:00Z,5
2025-01-15T03:30:00Z,4
2025-01-15T03:35:00Z,5
2025-01-15T04:05:00Z,4
2025-01-15T04:08:00Z,5
2025-01-15T04:36:00Z,1
2025-01-15T05:34:00Z,5
2025-01-15T06:01:00Z,3
2025-01-15T06:05:00Z,5
2025-01-15T06:33:00Z,3
2025-01-15T06:39:00Z,5
2025-01-15T07:07:00Z,4
2025-01-15T07:12:00Z,5
2025-01-15T07:35:00Z,3
2025-01-15T07:38:00Z,5
2025-01-15T08:01:00Z,4
2025-01-15T08:05:00Z,5
2025-01-15T08:29:00Z,4
2025-01-15T08:35:00Z,5
2025-01-15T08:56:00Z,3
2025-01-15T08:59:00Z,5
2025-01-15T09:25:00Z,3
2025-01-15T09:28:00Z,5
2025-01-15T09:52:00Z,3
2025-01-15T09:57:00Z,5
2025-01-15T10:17:00Z,4
2025-01-15T10:21:00Z,5
2025-01-15T10:46:00Z,3
2025-01-15T10:49:00Z,5
2025-01-15T11:16:00Z,4
2025-01-15T11:20:00Z,5
2025-01-15T11:44:00Z,3
2025-01-15T11:47:00Z,5
2025-01-15T12:11:00Z,1
2025-01-15T13:11:00Z,5
2025-01-15T13:33:00Z,4
2025-01-15T13:37:00Z,5
2025-01-15T14:06:00Z,4
2025-01-15T14:11:00Z,5
2025-01-15T14:38:00Z,4
2025-01-15T14:41:00Z,5
2025-01-15T15:01:00Z,3
2025-01-15T15:06:00Z,5
2025-01-15T15:31:00Z,4
2025-01-15T15:34:00Z,5
2025-01-15T16:04:00Z,4
2025-01-15T16:10:00Z,5
2025-01-15T16:34:00Z,4
2025-01-15T16:40:00Z,5
2025-01-15T17:01:00Z,3
2025-01-15T17:07:00Z,5
2025-01-15T17:33:00Z,4
2025-01-15T17:37:00Z,5
2025-01-15T18:01:00Z,4
2025-01-15T18:06:00Z,5
2025-01-15T18:31:00Z,4
2025-01-15T18:35:00Z,5
2025-01-15T18:58:00Z,1
2025-01-15T19:44:00Z,5
2025-01-15T20:09:00Z,3
2025-01-15T20:12:00Z,5
2025-01-15T20:38:00Z,3
2025-01-15T20:44:00Z,5
2025-01-15T22:05:00Z,4
2025-01-15T22:08:00Z,5
2025-01-15T22:34:00Z,3
2025-01-15T22:37:00Z,5
2025-01-15T23:06:00Z,3
2025-01-15T23:11:00Z,5
2025-01-15T23:34:00Z,4
2025-01-15T23:37:00Z,5
2025-01-16T00:04:00Z,4
2025-01-16T00:07:00Z,5
2025-01-16T00:33:00Z,4
2025-01-16T00:37:00Z,5
2025-01-16T00:59:00Z,3
2025-01-16T01:03:00Z,5
2025-01-16T01:25:00Z,4
2025-01-16T01:29:00Z,5
2025-01-16T01:56:00Z,1
2025-01-16T02:45:00Z,5
2025-01-16T03:11:00Z,4
2025-01-16T03:15:00Z,5
2025-01-16T03:36:00Z,3
2025-01-16T03:42:00Z,5
2025-01-16T04:08:00Z,3
2025-01-16T04:14:00Z,5
2025-01-16T04:35:00Z,4
2025-01-16T04:40:00Z,5
2025-01-16T05:09:00Z,4
2025-01-16T05:15:00Z,5
2025-01-16T05:45:00Z,4
2025-01-16T05:49:00Z,5
2025-01-16T06:09:00Z,4
2025-01-16T06:15:00Z,5
2025-01-16T06:45:00Z,4
2025-01-16T06:49:00Z,5
2025-01-16T07:15:00Z,3
2025-01-16T07:18:00Z,5
2025-01-16T07:41:00Z,3
2025-01-16T07:45:00Z,5
2025-01-16T08:11:00Z,4
2025-01-16T08:15:00Z,5
2025-01-16T08:42:00Z,4
2025-01-16T08:48:00Z,5
2025-01-16T09:12:00Z,4
2025-01-16T09:18:00Z,5
2025-01-16T09:48:00Z,3
2025-01-16T09:53:00Z,5
2025-01-16T10:23:00Z,4
2025-01-16T10:26:00Z,5
2025-01-16T10:52:00Z,1
2025-01-16T11:35:00Z,5
2025-01-16T11:55:00Z,4
2025-01-16T12:01:00Z,5
2025-01-16T12:24:00Z,3
2025-01-16T12:28:00Z,5
2025-01-16T12:49:00Z,3
2025-01-16T12:55:00Z,5
2025-01-16T13:18:00Z,4
2025-01-16T13:22:00Z,5
2025-01-16T13:46:00Z,3
2025-01-16T13:49:00Z,5
2025-01-16T14:12:00Z,3
2025-01-16T14:15:00Z,5
2025-01-16T14:39:00Z,3
2025-01-16T14:45:00Z,5
2025-01-16T15:15:00Z,3
2025-01-16T15:18:00Z,5
2025-01-16T15:44:00Z,3
2025-01-16T15:48:00Z,5
2025-01-16T16:12:00Z,3
2025-01-16T16:18:00Z,5
2025-01-16T16:47:00Z,4
2025-01-16T16:52:00Z,5
2025-01-16T17:19:00Z,2
2025-01-16T18:11:00Z,5
2025-01-16T18:38:00Z,4
2025-01-16T18:41:00Z,5
2025-01-16T19:02:00Z,4
2025-01-16T19:05:00Z,5
2025-01-16T19:30:00Z,4
2025-01-16T19:33:00Z,5
2025-01-16T19:55:00Z,4
2025-01-16T19:59:00Z,5
2025-01-16T20:23:00Z,3
2025-01-16T20:26:00Z,5
2025-01-16T20:48:00Z,3
2025-01-16T20:51:00Z,5
2025-01-16T21:13:00Z,4
2025-01-16T21:18:00Z,5
2025-01-16T21:46:00Z,4
2025-01-16T21:49:00Z,5
2025-01-16T22:12:00Z,3
2025-01-16T22:17:00Z,5
2025-01-16T22:41:00Z,4
2025-01-16T22:45:00Z,5
2025-01-16T23:09:00Z,4
2025-01-16T23:13:00Z,5
2025-01-16T23:38:00Z,1
2025-01-17T00:22:00Z,5
2025-01-17T00:50:00Z,3
2025-01-17T00:55:00Z,5
2025-01-17T01:19:00Z,3
2025-01-17T01:24:00Z,5
2025-01-17T01:45:00Z,4
2025-01-17T01:50:00Z,5
2025-01-17T02:18:00Z,3
2025-01-17T02:24:00Z,5
2025-01-17T02:46:00Z,3
2025-01-17T02:52:00Z,5
2025-01-17T03:22:00Z,3
2025-01-17T03:25:00Z,5
2025-01-17T03:54:00Z,3
2025-01-17T03:57:00Z,5
2025-01-17T04:20:00Z,3
2025-01-17T04:23:00Z,5
2025-01-17T04:46:00Z,4
2025-01-17T04:50:00Z,5
2025-01-17T05:15:00Z,3
2025-01-17T05:21:00Z,5
2025-01-17T05:48:00Z,3
2025-01-17T05:54:00Z,5
2025-01-17T06:14:00Z,2
2025-01-17T07:03:00Z,5
2025-01-17T07:26:00Z,4
2025-01-17T07:31:00Z,5
2025-01-17T07:53:00Z,3
2025-01-17T07:58:00Z,5
2025-01-17T08:22:00Z,3
2025-01-17T08:28:00Z,5
2025-01-17T08:55:00Z,3
2025-01-17T08:58:00Z,5
2025-01-17T09:28:00Z,4
2025-01-17T09:34:00Z,5
2025-01-17T10:02:00Z,4
2025-01-17T10:07:00Z,5
2025-01-17T10:27:00Z,4
2025-01-17T10:32:00Z,5
2025-01-17T10:59:00Z,4
2025-01-17T11:03:00Z,5
2025-01-17T11:23:00Z,4
2025-01-17T11:28:00Z,5
2025-01-17T11:51:00Z,4
2025-01-17T11:56:00Z,5
2025-01-17T12:20:00Z,4
2025-01-17T12:25:00Z,5
2025-01-17T12:47:00Z,3
2025-01-17T12:52:00Z,5
2025-01-17T13:18:00Z,4
2025-01-17T13:22:00Z,5
2025-01-17T13:47:00Z,4
2025-01-17T13:50:00Z,5
2025-01-17T14:15:00Z,1
2025-01-17T15:05:00Z,5
2025-01-17T15:25:00Z,4
2025-01-17T15:30:00Z,5
2025-01-17T15:54:00Z,3
2025-01-17T15:59:00Z,5
2025-01-17T16:26:00Z,3
2025-01-17T16:30:00Z,5
2025-01-17T16:53:00Z,3
2025-01-17T16:58:00Z,5
2025-01-17T17:28:00Z,3
2025-01-17T17:32:00Z,5
2025-01-17T17:55:00Z,4
2025-01-17T18:00:00Z,5
2025-01-17T18:30:00Z,3
2025-01-17T18:36:00Z,5
2025-01-17T19:04:00Z,4
2025-01-17T19:09:00Z,5
2025-01-17T19:32:00Z,3
2025-01-17T19:35:00Z,5
2025-01-17T19:59:00Z,3
2025-01-17T20:03:00Z,5
2025-01-17T20:29:00Z,3
2025-01-17T20:33:00Z,5
2025-01-17T20:55:00Z,4
2025-01-17T20:58:00Z,5
2025-01-17T21:26:00Z,3
2025-01-17T21:29:00Z,5
2025-01-17T21:53:00Z,1
2025-01-17T22:40:00Z,5
2025-01-17T23:10:00Z,3
2025-01-17T23:15:00Z,5
2025-01-17T23:38:00Z,4
2025-01-17T23:42:00Z,5
2025-01-18T00:04:00Z,3
2025-01-18T00:07:00Z,5
2025-01-18T00:30:00Z,3
2025-01-18T00:36:00Z,5
2025-01-18T01:02:00Z,3
2025-01-18T01:07:00Z,5
2025-01-18T01:28:00Z,4
2025-01-18T01:34:00Z,5
2025-01-18T01:56:00Z,3
2025-01-18T02:01:00Z,5
2025-01-18T02:27:00Z,4
2025-01-18T02:31:00Z,5
2025-01-18T02:59:00Z,3
2025-01-18T03:04:00Z,5
2025-01-18T03:29:00Z,3
2025-01-18T03:35:00Z,5
2025-01-18T04:04:00Z,3
2025-01-18T04:08:00Z,5
2025-01-18T04:37:00Z,1
2025-01-18T05:17:00Z,5
2025-01-18T05:40:00Z,4
2025-01-18T05:43:00Z,5
2025-01-18T06:09:00Z,3
2025-01-18T06:12:00Z,5
2025-01-18T06:36:00Z,3
2025-01-18T06:39:00Z,5
2025-01-18T07:06:00Z,4
2025-01-18T07:11:00Z,5
2025-01-18T07:32:00Z,4
2025-01-18T07:37:00Z,5
2025-01-18T08:05:00Z,4
2025-01-18T08:10:00Z,5
2025-01-18T08:39:00Z,4
2025-01-18T08:43:00Z,5
2025-01-18T10:22:00Z,4
2025-01-18T10:25:00Z,5
2025-01-18T10:52:00Z,4
2025-01-18T10:58:00Z,5
2025-01-18T11:24:00Z,1
2025-01-18T12:17:00Z,5
2025-01-18T12:37:00Z,3
2025-01-18T12:40:00Z,5
2025-01-18T13:06:00Z,3
2025-01-18T13:11:00Z,5
2025-01-18T13:36:00Z,4
2025-01-18T13:39:00Z,5
2025-01-18T14:04:00Z,3
2025-01-18T14:10:00Z,5
2025-01-18T14:31:00Z,3
2025-01-18T14:34:00Z,5
2025-01-18T14:57:00Z,3
2025-01-18T15:00:00Z,5
2025-01-18T15:27:00Z,3
2025-01-18T15:30:00Z,5
2025-01-18T15:51:00Z,3
2025-01-18T15:54:00Z,5
2025-01-18T16:16:00Z,3
2025-01-18T16:19:00Z,5
2025-01-18T16:40:00Z,4
2025-01-18T16:45:00Z,5
2025-01-18T17:11:00Z,4
2025-01-18T17:16:00Z,5
2025-01-18T17:42:00Z,4
2025-01-18T17:46:00Z,5
2025-01-18T18:06:00Z,3
2025-01-18T18:09:00Z,5
2025-01-18T18:36:00Z,4
2025-01-18T18:41:00Z,5
2025-01-18T19:11:00Z,2
2025-01-18T20:00:00Z,5
2025-01-18T20:23:00Z,3
2025-01-18T20:29:00Z,5
2025-01-18T20:50:00Z,3
2025-01-18T20:56:00Z,5
2025-01-18T21:16:00Z,4
2025-01-18T21:20:00Z,5
2025-01-18T21:44:00Z,4
2025-01-18T21:49:00Z,5
2025-01-18T22:18:00Z,3
2025-01-18T22:21:00Z,5
2025-01-18T22:48:00Z,3
2025-01-18T22:53:00Z,5
2025-01-18T23:14:00Z,4
2025-01-18T23:20:00Z,5
2025-01-18T23:46:00Z,4
2025-01-18T23:51:00Z,5
2025-01-19T00:13:00Z,3
2025-01-19T00:16:00Z,5
2025-01-19T00:40:00Z,3
2025-01-19T00:46:00Z,5
2025-01-19T01:11:00Z,4
2025-01-19T01:17:00Z,5
2025-01-19T01:39:00Z,3
2025-01-19T01:43:00Z,5
2025-01-19T02:05:00Z,1
2025-01-19T03:05:00Z,5
2025-01-19T03:29:00Z,4
2025-01-19T03:35:00Z,5
2025-01-19T04:03:00Z,4
2025-01-19T04:09:00Z,5
2025-01-19T04:35:00Z,3
2025-01-19T04:38:00Z,5
2025-01-19T05:00:00Z,3
2025-01-19T05:06:00Z,5
2025-01-19T05:32:00Z,3
2025-01-19T05:35:00Z,5
2025-01-19T06:05:00Z,3
2025-01-19T06:10:00Z,5
2025-01-19T06:35:00Z,3
2025-01-19T06:39:00Z,5
2025-01-19T07:03:00Z,4
2025-01-19T07:07:00Z,5
2025-01-19T07:30:00Z,3
2025-01-19T07:36:00Z,5
2025-01-19T08:01:00Z,3
2025-01-19T08:04:00Z,5
2025-01-19T08:28:00Z,3
2025-01-19T08:33:00Z,5
2025-01-19T09:00:00Z,4
2025-01-19T09:03:00Z,5
2025-01-19T09:26:00Z,4
2025-01-19T09:31:00Z,5
2025-01-19T09:51:00Z,1
2025-01-19T10:34:00Z,5
2025-01-19T11:03:00Z,4
2025-01-19T11:09:00Z,5
2025-01-19T11:29:00Z,4
2025-01-19T11:33:00Z,5
2025-01-19T12:02:00Z,4
2025-01-19T12:08:00Z,5
2025-01-19T12:38:00Z,4
2025-01-19T12:43:00Z,5
2025-01-19T13:04:00Z,3
2025-01-19T13:10:00Z,5
2025-01-19T13:33:00Z,3
2025-01-19T13:38:00Z,5
2025-01-19T14:01:00Z,4
2025-01-19T14:04:00Z,5
2025-01-19T14:27:00Z,4
2025-01-19T14:31:00Z,5
2025-01-19T14:53:00Z,3
2025-01-19T14:58:00Z,5
2025-01-19T15:28:00Z,4
2025-01-19T15:32:00Z,5
2025-01-19T15:56:00Z,3
2025-01-19T15:59:00Z,5
2025-01-19T16:25:00Z,3
2025-01-19T16:31:00Z,5
2025-01-19T16:58:00Z,2
2025-01-19T17:40:00Z,5
2025-01-19T18:03:00Z,4
2025-01-19T18:07:00Z,5
2025-01-19T18:34:00Z,3
2025-01-19T18:37:00Z,5
2025-01-19T19:07:00Z,4
2025-01-19T19:12:00Z,5
2025-01-19T19:35:00Z,3
2025-01-19T19:40:00Z,5
2025-01-19T20:10:00Z,4
2025-01-19T20:16:00Z,5
2025-01-19T20:44:00Z,3
2025-01-19T20:48:00Z,5
2025-01-19T21:00:00Z,0
2025-01-20T05:00:00Z,0
2025-01-20T13:00:00Z,0
2025-01-20T21:00:00Z,0
2025-01-21T00:00:00Z,5
2025-01-21T01:33:00Z,3
2025-01-21T01:36:00Z,5
2025-01-21T02:03:00Z,4
2025-01-21T02:09:00Z,5
2025-01-21T02:37:00Z,4
2025-01-21T02:41:00Z,5
2025-01-21T03:08:00Z,3
2025-01-21T03:13:00Z,5
2025-01-21T03:34:00Z,3
2025-01-21T03:37:00Z,5
2025-01-21T03:58:00Z,4
2025-01-21T04:03:00Z,5
2025-01-21T04:29:00Z,3
2025-01-21T04:33:00Z,5
2025-01-21T04:54:00Z,3
2025-01-21T04:58:00Z,5
2025-01-21T05:23:00Z,4
2025-01-21T05:26:00Z,5
2025-01-21T05:51:00Z,3
2025-01-21T05:56:00Z,5
2025-01-21T06:21:00Z,3
2025-01-21T06:24:00Z,5
2025-01-21T06:47:00Z,3
2025-01-21T06:51:00Z,5
2025-01-21T07:21:00Z,4
2025-01-21T07:27:00Z,5
2025-01-21T07:54:00Z,4
2025-01-21T07:58:00Z,5
2025-01-21T08:23:00Z,3
2025-01-21T08:29:00Z,5
2025-01-21T08:59:00Z,3
2025-01-21T09:03:00Z,5
2025-01-21T09:31:00Z,3
2025-01-21T09:37:00Z,5
2025-01-21T10:07:00Z,3
2025-01-21T10:11:00Z,5
2025-01-21T10:39:00Z,1
2025-01-21T11:29:00Z,5
2025-01-21T11:55:00Z,4
2025-01-21T11:58:00Z,5
2025-01-21T12:25:00Z,3
2025-01-21T12:30:00Z,5
2025-01-21T12:52:00Z,4
2025-01-21T12:58:00Z,5
2025-01-21T13:28:00Z,4
2025-01-21T13:34:00Z,5
2025-01-21T14:04:00Z,3
2025-01-21T14:08:00Z,5
2025-01-21T14:34:00Z,4
2025-01-21T14:38:00Z,5
2025-01-21T15:06:00Z,4
2025-01-21T15:12:00Z,5
2025-01-21T15:36:00Z,3
2025-01-21T15:41:00Z,5
2025-01-21T16:03:00Z,4
2025-01-21T16:07:00Z,5
2025-01-21T16:31:00Z,3
2025-01-21T16:37:00Z,5
2025-01-21T17:07:00Z,3
2025-01-21T17:13:00Z,5
2025-01-21T17:43:00Z,4
2025-01-21T17:49:00Z,5
2025-01-21T18:09:00Z,4
2025-01-21T18:13:00Z,5
2025-01-21T18:41:00Z,2
2025-01-21T19:29:00Z,5
2025-01-21T19:57:00Z,3
2025-01-21T20:01:00Z,5
2025-01-21T20:24:00Z,3
2025-01-21T20:27:00Z,5
2025-01-21T20:50:00Z,4
2025-01-21T20:54:00Z,5
2025-01-21T21:24:00Z,4
2025-01-21T21:27:00Z,5
2025-01-21T21:52:00Z,4
2025-01-21T21:58:00Z,5
2025-01-21T22:21:00Z,4
2025-01-21T22:24:00Z,5
2025-01-21T22:45:00Z,4
2025-01-21T22:49:00Z,5
2025-01-21T23:11:00Z,3
2025-01-21T23:16:00Z,5
2025-01-21T23:37:00Z,4
2025-01-21T23:40:00Z,5
2025-01-22T00:05:00Z,4
2025-01-22T00:10:00Z,5
2025-01-22T00:31:00Z,4
2025-01-22T00:37:00Z,5
2025-01-22T01:07:00Z,4
2025-01-22T01:13:00Z,5
2025-01-22T01:39:00Z,4
2025-01-22T01:44:00Z,5
2025-01-22T02:14:00Z,4
2025-01-22T02:18:00Z,5
2025-01-22T02:38:00Z,4
2025-01-22T02:43:00Z,5
2025-01-22T03:12:00Z,1
2025-01-22T04:11:00Z,5
2025-01-22T04:34:00Z,3
2025-01-22T04:37:00Z,5
2025-01-22T05:03:00Z,3
2025-01-22T05:09:00Z,5
2025-01-22T05:30:00Z,4
2025-01-22T05:36:00Z,5
2025-01-22T06:05:00Z,4
2025-01-22T06:10:00Z,5
2025-01-22T06:33:00Z,4
2025-01-22T06:39:00Z,5
2025-01-22T07:07:00Z,3
2025-01-22T07:10:00Z,5
2025-01-22T07:34:00Z,4
2025-01-22T07:38:00Z,5
2025-01-22T08:01:00Z,4
2025-01-22T08:06:00Z,5
2025-01-22T08:31:00Z,4
2025-01-22T08:37:00Z,5
2025-01-22T09:05:00Z,3
2025-01-22T09:09:00Z,5
2025-01-22T09:29:00Z,3
2025-01-22T09:33:00Z,5
2025-01-22T09:58:00Z,3
2025-01-22T10:01:00Z,5
2025-01-22T10:26:00Z,1
2025-01-22T11:19:00Z,5
2025-01-22T11:46:00Z,3
2025-01-22T11:52:00Z,5
2025-01-22T12:13:00Z,4
2025-01-22T12:19:00Z,5
2025-01-22T12:47:00Z,3
2025-01-22T12:52:00Z,5
2025-01-22T13:15:00Z,3
2025-01-22T13:21:00Z,5
2025-01-22T13:43:00Z,3
2025-01-22T13:46:00Z,5
2025-01-22T14:09:00Z,4
2025-01-22T14:14:00Z,5
2025-01-22T14:36:00Z,3
2025-01-22T14:41:00Z,5
2025-01-22T15:11:00Z,3
2025-01-22T15:16:00Z,5
2025-01-22T15:39:00Z,3
2025-01-22T15:44:00Z,5
2025-01-22T16:05:00Z,3
2025-01-22T16:08:00Z,5
2025-01-22T16:32:00Z,4
2025-01-22T16:37:00Z,5
2025-01-22T17:00:00Z,3
2025-01-22T17:04:00Z,5
2025-01-22T17:26:00Z,4
2025-01-22T17:32:00Z,5
2025-01-22T18:00:00Z,4
2025-01-22T18:04:00Z,5
2025-01-22T18:28:00Z,4
2025-01-22T18:32:00Z,5
2025-01-22T18:56:00Z,3
2025-01-22T19:01:00Z,5
2025-01-22T19:28:00Z,1
2025-01-22T20:17:00Z,5
2025-01-22T20:46:00Z,3
2025-01-22T20:49:00Z,5
2025-01-22T21:09:00Z,4
2025-01-22T21:12:00Z,5
2025-01-22T21:41:00Z,4
2025-01-22T21:44:00Z,5
2025-01-22T22:14:00Z,4
2025-01-22T22:19:00Z,5
2025-01-22T22:48:00Z,3
2025-01-22T22:54:00Z,5
2025-01-22T23:20:00Z,4
2025-01-22T23:26:00Z,5
2025-01-22T23:47:00Z,4
2025-01-22T23:51:00Z,5
2025-01-23T00:11:00Z,3
2025-01-23T00:15:00Z,5
2025-01-23T00:45:00Z,3
2025-01-23T00:49:00Z,5
2025-01-23T01:19:00Z,4
2025-01-23T01:22:00Z,5
2025-01-23T01:42:00Z,3
2025-01-23T01:45:00Z,5
2025-01-23T02:09:00Z,3
2025-01-23T02:13:00Z,5
2025-01-23T02:39:00Z,4
2025-01-23T02:44:00Z,5
2025-01-23T03:14:00Z,4
2025-01-23T03:20:00Z,5
2025-01-23T03:41:00Z,3
2025-01-23T03:45:00Z,5
2025-01-23T04:07:00Z,2
2025-01-23T04:58:00Z,5
2025-01-23T05:21:00Z,4
2025-01-23T05:25:00Z,5
2025-01-23T05:46:00Z,3
2025-01-23T05:51:00Z,5
2025-01-23T06:15:00Z,4
2025-01-23T06:18:00Z,5
2025-01-23T06:46:00Z,3
2025-01-23T06:50:00Z,5
2025-01-23T07:16:00Z,4
2025-01-23T07:19:00Z,5
2025-01-23T07:39:00Z,3
2025-01-23T07:44:00Z,5
2025-01-23T08:10:00Z,4
2025-01-23T08:16:00Z,5
2025-01-23T08:40:00Z,4
2025-01-23T08:44:00Z,5
2025-01-23T09:08:00Z,4
2025-01-23T09:12:00Z,5
2025-01-23T09:33:00Z,3
2025-01-23T09:36:00Z,5
2025-01-23T10:05:00Z,4
2025-01-23T10:09:00Z,5
2025-01-23T10:29:00Z,3
2025-01-23T10:35:00Z,5
2025-01-23T10:57:00Z,4
2025-01-23T11:01:00Z,5
2025-01-23T11:28:00Z,4
2025-01-23T11:33:00Z,5
2025-01-23T11:59:00Z,2
2025-01-23T12:42:00Z,5
2025-01-23T13:05:00Z,4
2025-01-23T13:10:00Z,5
2025-01-23T13:34:00Z,3
2025-01-23T13:37:00Z,5
2025-01-23T13:58:00Z,4
2025-01-23T14:04:00Z,5
2025-01-23T14:27:00Z,3
2025-01-23T14:30:00Z,5
2025-01-23T14:50:00Z,4
2025-01-23T14:53:00Z,5
2025-01-23T15:17:00Z,4
2025-01-23T15:20:00Z,5
2025-01-23T15:46:00Z,3
2025-01-23T15:51:00Z,5
2025-01-23T16:15:00Z,3
2025-01-23T16:18:00Z,5
2025-01-23T16:42:00Z,3
2025-01-23T16:45:00Z,5
2025-01-23T17:15:00Z,3
2025-01-23T17:21:00Z,5
2025-01-23T17:50:00Z,3
2025-01-23T17:56:00Z,5
2025-01-23T18:24:00Z,3
2025-01-23T18:27:00Z,5
2025-01-23T18:53:00Z,4
2025-01-23T18:59:00Z,5
2025-01-23T19:23:00Z,4
2025-01-23T19:29:00Z,5
2025-01-23T19:58:00Z,4
2025-01-23T20:02:00Z,5
2025-01-23T20:31:00Z,1
2025-01-23T21:27:00Z,5
2025-01-23T21:49:00Z,4
2025-01-23T21:54:00Z,5
2025-01-23T22:16:00Z,3
2025-01-23T22:20:00Z,5
2025-01-23T22:44:00Z,4
2025-01-23T22:49:00Z,5
2025-01-23T23:12:00Z,4
2025-01-23T23:16:00Z,5
2025-01-23T23:42:00Z,3
2025-01-23T23:47:00Z,5
2025-01-24T00:08:00Z,3
2025-01-24T00:12:00Z,5
2025-01-24T00:41:00Z,3
2025-01-24T00:44:00Z,5
2025-01-24T01:06:00Z,4
2025-01-24T01:12:00Z,5
2025-01-24T01:34:00Z,4
2025-01-24T01:38:00Z,5
2025-01-24T02:03:00Z,4
2025-01-24T02:08:00Z,5
2025-01-24T02:36:00Z,4
2025-01-24T02:42:00Z,5
2025-01-24T03:02:00Z,4
2025-01-24T03:07:00Z,5
2025-01-24T03:37:00Z,1
2025-01-24T04:35:00Z,5
2025-01-24T04:59:00Z,3
2025-01-24T05:04:00Z,5
2025-01-24T05:33:00Z,4
2025-01-24T05:38:00Z,5
2025-01-24T06:04:00Z,4
2025-01-24T06:08:00Z,5
2025-01-24T06:35:00Z,3
2025-01-24T06:41:00Z,5
2025-01-24T07:05:00Z,3
2025-01-24T07:11:00Z,5
2025-01-24T07:34:00Z,3
2025-01-24T07:37:00Z,5
2025-01-24T08:05:00Z,3
2025-01-24T08:08:00Z,5
2025-01-24T08:32:00Z,4
2025-01-24T08:38:00Z,5
2025-01-24T08:59:00Z,3
2025-01-24T09:05:00Z,5
2025-01-24T09:25:00Z,4
2025-01-24T09:28:00Z,5
2025-01-24T09:51:00Z,3
2025-01-24T09:54:00Z,5
2025-01-24T10:20:00Z,1
2025-01-24T11:19:00Z,5
2025-01-24T11:43:00Z,3
2025-01-24T11:49:00Z,5
2025-01-24T13:18:00Z,4
2025-01-24T13:24:00Z,5
2025-01-24T13:54:00Z,3
2025-01-24T13:57:00Z,5
2025-01-24T14:26:00Z,4
2025-01-24T14:30:00Z,5
2025-01-24T14:54:00Z,3
2025-01-24T14:58:00Z,5
2025-01-24T15:25:00Z,3
2025-01-24T15:31:00Z,5
2025-01-24T15:51:00Z,4
2025-01-24T15:54:00Z,5
2025-01-24T16:22:00Z,3
2025-01-24T16:28:00Z,5
2025-01-24T16:48:00Z,4
2025-01-24T16:54:00Z,5
2025-01-24T17:19:00Z,4
2025-01-24T17:24:00Z,5
2025-01-24T17:53:00Z,2
2025-01-24T18:49:00Z,5
2025-01-24T19:13:00Z,3
2025-01-24T19:16:00Z,5
2025-01-24T19:44:00Z,4
2025-01-24T19:47:00Z,5
2025-01-24T20:15:00Z,3
2025-01-24T20:20:00Z,5
2025-01-24T20:47:00Z,3
2025-01-24T20:50:00Z,5
2025-01-24T21:15:00Z,4
2025-01-24T21:19:00Z,5
2025-01-24T21:49:00Z,3
2025-01-24T21:53:00Z,5
2025-01-24T22:23:00Z,3
2025-01-24T22:28:00Z,5
2025-01-24T22:51:00Z,4
2025-01-24T22:55:00Z,5
2025-01-24T23:22:00Z,3
2025-01-24T23:28:00Z,5
2025-01-24T23:50:00Z,4
2025-01-24T23:56:00Z,5
2025-01-25T00:22:00Z,2
2025-01-25T01:15:00Z,5
2025-01-25T01:39:00Z,4
2025-01-25T01:42:00Z,5
2025-01-25T02:11:00Z,4
2025-01-25T02:14:00Z,5
2025-01-25T02:40:00Z,3
2025-01-25T02:43:00Z,5
2025-01-25T03:11:00Z,3
2025-01-25T03:14:00Z,5
2025-01-25T03:36:00Z,3
2025-01-25T03:40:00Z,5
2025-01-25T04:06:00Z,4
2025-01-25T04:10:00Z,5
2025-01-25T04:34:00Z,4
2025-01-25T04:37:00Z,5
2025-01-25T05:05:00Z,3
2025-01-25T05:11:00Z,5
2025-01-25T05:31:00Z,4
2025-01-25T05:34:00Z,5
2025-01-25T05:57:00Z,3
2025-01-25T06:03:00Z,5
2025-01-25T06:31:00Z,3
2025-01-25T06:34:00Z,5
2025-01-25T06:54:00Z,4
2025-01-25T06:58:00Z,5
2025-01-25T07:24:00Z,3
2025-01-25T07:27:00Z,5
2025-01-25T07:49:00Z,1
2025-01-25T08:49:00Z,5
2025-01-25T09:10:00Z,3
2025-01-25T09:14:00Z,5
2025-01-25T09:42:00Z,3
2025-01-25T09:46:00Z,5
2025-01-25T10:13:00Z,3
2025-01-25T10:18:00Z,5
2025-01-25T10:45:00Z,4
2025-01-25T10:49:00Z,5
2025-01-25T11:11:00Z,3
2025-01-25T11:16:00Z,5
2025-01-25T11:39:00Z,4
2025-01-25T11:43:00Z,5
2025-01-25T12:10:00Z,3
2025-01-25T12:13:00Z,5
2025-01-25T12:38:00Z,4
2025-01-25T12:44:00Z,5
2025-01-25T13:06:00Z,4
2025-01-25T13:11:00Z,5
2025-01-25T13:35:00Z,4
2025-01-25T13:39:00Z,5
2025-01-25T14:09:00Z,3
2025-01-25T14:14:00Z,5
2025-01-25T14:41:00Z,4
2025-01-25T14:47:00Z,5
2025-01-25T15:15:00Z,2
2025-01-25T15:55:00Z,5
2025-01-25T16:16:00Z,3
2025-01-25T16:19:00Z,5
2025-01-25T16:45:00Z,3
2025-01-25T16:48:00Z,5
2025-01-25T17:16:00Z,3
2025-01-25T17:20:00Z,5
2025-01-25T17:41:00Z,4
2025-01-25T17:44:00Z,5
2025-01-25T18:07:00Z,3
2025-01-25T18:11:00Z,5
2025-01-25T18:33:00Z,3
2025-01-25T18:37:00Z,5
2025-01-25T18:57:00Z,3
2025-01-25T19:00:00Z,5
2025-01-25T19:25:00Z,3
2025-01-25T19:31:00Z,5
2025-01-25T19:59:00Z,3
2025-01-25T20:04:00Z,5
2025-01-25T20:32:00Z,4
2025-01-25T20:36:00Z,5
2025-01-25T21:00:00Z,3
2025-01-25T21:04:00Z,5
2025-01-25T21:32:00Z,3
2025-01-25T21:37:00Z,5
2025-01-25T21:57:00Z,4
2025-01-25T22:02:00Z,5
2025-01-25T22:24:00Z,4
2025-01-25T22:30:00Z,5
2025-01-25T22:55:00Z,1
2025-01-25T23:44:00Z,5
2025-01-26T00:14:00Z,3
2025-01-26T00:17:00Z,5
2025-01-26T00:46:00Z,3
2025-01-26T00:51:00Z,5
2025-01-26T01:16:00Z,4
2025-01-26T01:20:00Z,5
2025-01-26T01:43:00Z,4
2025-01-26T01:46:00Z,5
2025-01-26T02:10:00Z,3
2025-01-26T02:14:00Z,5
2025-01-26T02:43:00Z,4
2025-01-26T02:46:00Z,5
2025-01-26T03:06:00Z,4
2025-01-26T03:11:00Z,5
2025-01-26T03:32:00Z,4
2025-01-26T03:36:00Z,5
2025-01-26T03:56:00Z,3
2025-01-26T04:00:00Z,5
2025-01-26T04:22:00Z,3
2025-01-26T04:27:00Z,5
2025-01-26T04:57:00Z,4
2025-01-26T05:00:00Z,5
2025-01-26T05:25:00Z,3
2025-01-26T05:28:00Z,5
2025-01-26T05:53:00Z,3
2025-01-26T05:59:00Z,5
2025-01-26T06:20:00Z,3
2025-01-26T06:23:00Z,5
2025-01-26T06:49:00Z,2
2025-01-26T07:31:00Z,5
2025-01-26T07:53:00Z,3
2025-01-26T07:57:00Z,5
2025-01-26T08:23:00Z,4
2025-01-26T08:29:00Z,5
2025-01-26T08:51:00Z,4
2025-01-26T08:54:00Z,5
2025-01-26T09:17:00Z,4
2025-01-26T09:23:00Z,5
2025-01-26T09:45:00Z,3
2025-01-26T09:50:00Z,5
2025-01-26T10:11:00Z,3
2025-01-26T10:17:00Z,5
2025-01-26T10:45:00Z,3
2025-01-26T10:49:00Z,5
2025-01-26T11:17:00Z,3
2025-01-26T11:22:00Z,5
2025-01-26T11:44:00Z,4
2025-01-26T11:48:00Z,5
2025-01-26T12:11:00Z,4
2025-01-26T12:15:00Z,5
2025-01-26T12:43:00Z,4
2025-01-26T12:49:00Z,5
2025-01-26T13:12:00Z,3
2025-01-26T13:15:00Z,5
2025-01-26T13:39:00Z,3
2025-01-26T13:45:00Z,5
2025-01-26T14:05:00Z,1
2025-01-26T15:05:00Z,5
2025-01-26T15:32:00Z,4
2025-01-26T15:36:00Z,5
2025-01-26T16:03:00Z,4
2025-01-26T16:08:00Z,5
2025-01-26T16:30:00Z,3
2025-01-26T16:33:00Z,5
2025-01-26T16:57:00Z,3
2025-01-26T17:00:00Z,5
2025-01-26T17:30:00Z,3
2025-01-26T17:33:00Z,5
2025-01-26T17:59:00Z,4
2025-01-26T18:02:00Z,5
2025-01-26T18:24:00Z,3
2025-01-26T18:27:00Z,5
2025-01-26T18:49:00Z,4
2025-01-26T18:54:00Z,5
2025-01-26T19:23:00Z,4
2025-01-26T19:27:00Z,5
2025-01-26T19:49:00Z,3
2025-01-26T19:54:00Z,5
2025-01-26T20:20:00Z,3
2025-01-26T20:24:00Z,5
2025-01-26T20:54:00Z,4
2025-01-26T21:00:00Z,5
2025-01-26T21:23:00Z,1
2025-01-26T22:16:00Z,5
2025-01-26T22:43:00Z,3
2025-01-26T22:48:00Z,5
2025-01-26T23:14:00Z,4
2025-01-26T23:20:00Z,5
2025-01-26T23:40:00Z,3
2025-01-26T23:44:00Z,5
2025-01-27T00:00:00Z,0
2025-01-27T03:00:00Z,5
2025-01-27T04:06:00Z,4
2025-01-27T04:11:00Z,5
2025-01-27T04:34:00Z,3
2025-01-27T04:39:00Z,5
2025-01-27T05:01:00Z,1
2025-01-27T06:01:00Z,5
2025-01-27T06:27:00Z,4
2025-01-27T06:31:00Z,5
2025-01-27T06:58:00Z,4
2025-01-27T07:03:00Z,5
2025-01-27T07:30:00Z,4
2025-01-27T07:34:00Z,5
2025-01-27T08:03:00Z,4
2025-01-27T08:07:00Z,5
2025-01-27T08:37:00Z,3
2025-01-27T08:43:00Z,5
2025-01-27T09:11:00Z,3
2025-01-27T09:17:00Z,5
2025-01-27T09:42:00Z,3
2025-01-27T09:48:00Z,5
2025-01-27T10:09:00Z,3
2025-01-27T10:13:00Z,5
2025-01-27T10:38:00Z,4
2025-01-27T10:44:00Z,5
2025-01-27T11:04:00Z,4
2025-01-27T11:08:00Z,5
2025-01-27T11:36:00Z,4
2025-01-27T11:40:00Z,5
2025-01-27T12:10:00Z,4
2025-01-27T12:13:00Z,5
2025-01-27T12:40:00Z,3
2025-01-27T12:46:00Z,5
2025-01-27T13:06:00Z,4
2025-01-27T13:09:00Z,5
2025-01-27T13:32:00Z,4
2025-01-27T13:38:00Z,5
2025-01-27T14:07:00Z,3
2025-01-27T14:10:00Z,5
2025-01-27T14:35:00Z,1
2025-01-27T15:20:00Z,5
2025-01-27T15:49:00Z,3
2025-01-27T15:55:00Z,5
2025-01-27T16:15:00Z,4
2025-01-27T16:18:00Z,5
2025-01-27T16:42:00Z,3
2025-01-27T16:47:00Z,5
2025-01-27T17:07:00Z,3
2025-01-27T17:13:00Z,5
2025-01-27T17:41:00Z,3
2025-01-27T17:46:00Z,5
2025-01-27T18:13:00Z,3
2025-01-27T18:18:00Z,5
2025-01-27T18:47:00Z,3
2025-01-27T18:53:00Z,5
2025-01-27T19:16:00Z,4
2025-01-27T19:21:00Z,5
2025-01-27T19:46:00Z,4
2025-01-27T19:49:00Z,5
2025-01-27T20:12:00Z,3
2025-01-27T20:17:00Z,5
2025-01-27T20:44:00Z,4
2025-01-27T20:49:00Z,5
2025-01-27T21:09:00Z,4
2025-01-27T21:14:00Z,5
2025-01-27T21:41:00Z,1
2025-01-27T22:32:00Z,5
2025-01-27T22:58:00Z,4
2025-01-27T23:03:00Z,5
2025-01-27T23:32:00Z,4
2025-01-27T23:37:00Z,5
2025-01-28T00:00:00Z,4
2025-01-28T00:05:00Z,5
2025-01-28T00:28:00Z,4
2025-01-28T00:33:00Z,5
2025-01-28T00:53:00Z,3
2025-01-28T00:56:00Z,5
2025-01-28T01:21:00Z,3
2025-01-28T01:26:00Z,5
2025-01-28T01:49:00Z,3
2025-01-28T01:53:00Z,5
2025-01-28T02:14:00Z,4
2025-01-28T02:17:00Z,5
2025-01-28T02:47:00Z,3
2025-01-28T02:50:00Z,5
2025-01-28T03:19:00Z,4
2025-01-28T03:22:00Z,5
2025-01-28T03:52:00Z,4
2025-01-28T03:57:00Z,5
2025-01-28T04:25:00Z,3
2025-01-28T04:29:00Z,5
2025-01-28T04:49:00Z,3
2025-01-28T04:55:00Z,5
2025-01-28T05:20:00Z,1
2025-01-28T06:04:00Z,5
2025-01-28T06:25:00Z,4
2025-01-28T06:28:00Z,5
2025-01-28T06:53:00Z,4
2025-01-28T06:58:00Z,5
2025-01-28T07:28:00Z,4
2025-01-28T07:32:00Z,5
2025-01-28T07:58:00Z,3
2025-01-28T08:03:00Z,5
2025-01-28T08:26:00Z,3
2025-01-28T08:32:00Z,5
2025-01-28T09:02:00Z,3
2025-01-28T09:06:00Z,5
2025-01-28T09:36:00Z,3
2025-01-28T09:40:00Z,5
2025-01-28T10:01:00Z,3
2025-01-28T10:05:00Z,5
2025-01-28T10:31:00Z,4
2025-01-28T10:35:00Z,5
2025-01-28T10:59:00Z,4
2025-01-28T11:04:00Z,5
2025-01-28T11:25:00Z,3
2025-01-28T11:30:00Z,5
2025-01-28T12:00:00Z,3
2025-01-28T12:03:00Z,5
2025-01-28T12:30:00Z,2
2025-01-28T13:29:00Z,5
2025-01-28T13:51:00Z,4
2025-01-28T13:55:00Z,5
2025-01-28T14:21:00Z,4
2025-01-28T14:25:00Z,5
2025-01-28T14:46:00Z,4
2025-01-28T14:52:00Z,5
2025-01-28T15:13:00Z,4
2025-01-28T15:19:00Z,5
2025-01-28T15:48:00Z,3
2025-01-28T15:54:00Z,5
2025-01-28T16:23:00Z,3
2025-01-28T16:28:00Z,5
2025-01-28T16:48:00Z,4
2025-01-28T16:52:00Z,5
2025-01-28T17:13:00Z,3
2025-01-28T17:17:00Z,5
2025-01-28T17:46:00Z,3
2025-01-28T17:49:00Z,5
2025-01-28T18:18:00Z,3
2025-01-28T18:22:00Z,5
2025-01-28T18:52:00Z,3
2025-01-28T18:56:00Z,5
2025-01-28T19:24:00Z,3
2025-01-28T19:28:00Z,5
2025-01-28T19:50:00Z,1
2025-01-28T20:36:00Z,5
2025-01-28T20:56:00Z,3
2025-01-28T21:00:00Z,5
2025-01-28T21:30:00Z,4
2025-01-28T21:33:00Z,5
2025-01-28T21:57:00Z,3
2025-01-28T22:00:00Z,5
2025-01-28T22:28:00Z,3
2025-01-28T22:34:00Z,5
2025-01-28T22:59:00Z,4
2025-01-28T23:04:00Z,5
2025-01-28T23:33:00Z,3
2025-01-28T23:39:00Z,5
2025-01-29T00:05:00Z,3
2025-01-29T00:10:00Z,5
2025-01-29T00:35:00Z,3
2025-01-29T00:41:00Z,5
2025-01-29T01:05:00Z,4
2025-01-29T01:08:00Z,5
2025-01-29T01:32:00Z,4
2025-01-29T01:35:00Z,5
2025-01-29T01:56:00Z,4
2025-01-29T02:01:00Z,5
2025-01-29T02:21:00Z,3
2025-01-29T02:26:00Z,5
2025-01-29T02:48:00Z,3
2025-01-29T02:51:00Z,5
2025-01-29T03:21:00Z,3
2025-01-29T03:26:00Z,5
2025-01-29T03:55:00Z,1
2025-01-29T04:54:00Z,5
2025-01-29T05:22:00Z,3
2025-01-29T05:26:00Z,5
2025-01-29T05:46:00Z,3
2025-01-29T05:49:00Z,5
2025-01-29T06:16:00Z,4
2025-01-29T06:20:00Z,5
2025-01-29T06:46:00Z,3
2025-01-29T06:50:00Z,5
2025-01-29T07:12:00Z,3
2025-01-29T07:18:00Z,5
2025-01-29T07:42:00Z,3
2025-01-29T07:45:00Z,5
2025-01-29T08:14:00Z,3
2025-01-29T08:17:00Z,5
2025-01-29T08:37:00Z,3
2025-01-29T08:42:00Z,5
2025-01-29T09:04:00Z,3
2025-01-29T09:08:00Z,5
2025-01-29T09:28:00Z,4
2025-01-29T09:34:00Z,5
2025-01-29T10:04:00Z,4
2025-01-29T10:07:00Z,5
2025-01-29T10:31:00Z,4
2025-01-29T10:35:00Z,5
2025-01-29T10:56:00Z,4
2025-01-29T11:00:00Z,5
2025-01-29T11:23:00Z,2
2025-01-29T12:03:00Z,5
2025-01-29T12:28:00Z,3
2025-01-29T12:31:00Z,5
2025-01-29T12:56:00Z,3
2025-01-29T13:02:00Z,5
2025-01-29T13:30:00Z,3
2025-01-29T13:36:00Z,5
2025-01-29T13:57:00Z,4
2025-01-29T14:03:00Z,5
2025-01-29T14:30:00Z,4
2025-01-29T14:36:00Z,5
2025-01-29T15:02:00Z,4
2025-01-29T15:06:00Z,5
2025-01-29T15:29:00Z,3
2025-01-29T15:34:00Z,5
2025-01-29T16:01:00Z,4
2025-01-29T16:05:00Z,5
2025-01-29T16:34:00Z,3
2025-01-29T16:40:00Z,5
2025-01-29T17:09:00Z,4
2025-01-29T17:15:00Z,5
2025-01-29T17:44:00Z,3
2025-01-29T17:50:00Z,5
2025-01-29T18:14:00Z,3
2025-01-29T18:19:00Z,5
2025-01-29T18:44:00Z,4
2025-01-29T18:49:00Z,5
2025-01-29T19:14:00Z,3
2025-01-29T19:19:00Z,5
2025-01-29T19:42:00Z,4
2025-01-29T19:46:00Z,5
2025-01-29T20:13:00Z,3
2025-01-29T20:17:00Z,5
2025-01-29T20:41:00Z,2
2025-01-29T21:25:00Z,5
2025-01-29T21:52:00Z,4
2025-01-29T21:55:00Z,5
2025-01-29T22:18:00Z,3
2025-01-29T22:23:00Z,5
2025-01-29T22:49:00Z,4
2025-01-29T22:52:00Z,5
2025-01-29T23:19:00Z,3
2025-01-29T23:25:00Z,5
2025-01-29T23:46:00Z,3
2025-01-29T23:51:00Z,5
2025-01-30T00:11:00Z,4
2025-01-30T00:16:00Z,5
2025-01-30T00:46:00Z,4
2025-01-30T00:49:00Z,5
2025-01-30T01:11:00Z,3
2025-01-30T01:14:00Z,5
2025-01-30T01:34:00Z,3
2025-01-30T01:40:00Z,5
2025-01-30T02:03:00Z,4
2025-01-30T02:06:00Z,5
2025-01-30T02:33:00Z,4
2025-01-30T02:39:00Z,5
2025-01-30T02:59:00Z,4
2025-01-30T03:04:00Z,5
2025-01-30T05:06:00Z,3
2025-01-30T05:09:00Z,5
2025-01-30T05:31:00Z,4
2025-01-30T05:37:00Z,5
2025-01-30T05:59:00Z,3
2025-01-30T06:03:00Z,5
2025-01-30T06:31:00Z,3
2025-01-30T06:34:00Z,5
2025-01-30T06:58:00Z,4
2025-01-30T07:03:00Z,5
2025-01-30T07:30:00Z,4
2025-01-30T07:35:00Z,5
2025-01-30T07:59:00Z,4
2025-01-30T08:05:00Z,5
2025-01-30T08:25:00Z,4
2025-01-30T08:31:00Z,5
2025-01-30T08:58:00Z,3
2025-01-30T09:04:00Z,5
2025-01-30T09:25:00Z,4
2025-01-30T09:30:00Z,5
2025-01-30T09:52:00Z,4
2025-01-30T09:55:00Z,5
2025-01-30T10:23:00Z,4
2025-01-30T10:28:00Z,5
2025-01-30T10:54:00Z,3
2025-01-30T10:59:00Z,5
2025-01-30T11:25:00Z,3
2025-01-30T11:28:00Z,5
2025-01-30T11:53:00Z,2
2025-01-30T12:43:00Z,5
2025-01-30T13:08:00Z,3
2025-01-30T13:14:00Z,5
2025-01-30T13:39:00Z,4
2025-01-30T13:45:00Z,5
2025-01-30T14:13:00Z,3
2025-01-30T14:19:00Z,5
2025-01-30T14:44:00Z,4
2025-01-30T14:50:00Z,5
2025-01-30T15:10:00Z,4
2025-01-30T15:14:00Z,5
2025-01-30T15:42:00Z,4
2025-01-30T15:45:00Z,5
2025-01-30T16:05:00Z,4
2025-01-30T16:08:00Z,5
2025-01-30T16:36:00Z,4
2025-01-30T16:41:00Z,5
2025-01-30T17:03:00Z,3
2025-01-30T17:09:00Z,5
2025-01-30T17:31:00Z,4
2025-01-30T17:37:00Z,5
2025-01-30T18:03:00Z,3
2025-01-30T18:07:00Z,5
2025-01-30T18:28:00Z,4
2025-01-30T18:34:00Z,5
2025-01-30T18:54:00Z,3
2025-01-30T19:00:00Z,5
2025-01-30T19:25:00Z,1
2025-01-30T20:05:00Z,5
2025-01-30T20:32:00Z,4
2025-01-30T20:37:00Z,5
2025-01-30T21:00:00Z,3
2025-01-30T21:04:00Z,5
2025-01-30T21:34:00Z,3
2025-01-30T21:39:00Z,5
2025-01-30T22:07:00Z,3
2025-01-30T22:11:00Z,5
2025-01-30T22:39:00Z,4
2025-01-30T22:45:00Z,5
2025-01-30T23:14:00Z,3
2025-01-30T23:18:00Z,5
2025-01-30T23:38:00Z,3
2025-01-30T23:44:00Z,5
2025-01-31T00:10:00Z,3
2025-01-31T00:16:00Z,5
2025-01-31T00:43:00Z,4
2025-01-31T00:49:00Z,5
2025-01-31T01:10:00Z,3
2025-01-31T01:14:00Z,5
2025-01-31T01:34:00Z,3
2025-01-31T01:38:00Z,5
2025-01-31T02:00:00Z,3
2025-01-31T02:04:00Z,5
2025-01-31T02:30:00Z,4
2025-01-31T02:36:00Z,5
2025-01-31T02:57:00Z,3
2025-01-31T03:01:00Z,5
2025-01-31T03:27:00Z,4
2025-01-31T03:30:00Z,5
2025-01-31T03:54:00Z,1
2025-01-31T04:42:00Z,5
2025-01-31T05:06:00Z,4
2025-01-31T05:10:00Z,5
2025-01-31T05:33:00Z,4
2025-01-31T05:37:00Z,5
2025-01-31T05:58:00Z,3
2025-01-31T06:02:00Z,5
2025-01-31T06:28:00Z,4
2025-01-31T06:33:00Z,5
2025-01-31T07:00:00Z,4
2025-01-31T07:03:00Z,5
2025-01-31T07:25:00Z,3
2025-01-31T07:30:00Z,5
2025-01-31T07:54:00Z,3
2025-01-31T07:57:00Z,5
2025-01-31T08:19:00Z,4
2025-01-31T08:24:00Z,5
2025-01-31T08:52:00Z,3
2025-01-31T08:57:00Z,5
2025-01-31T09:19:00Z,3
2025-01-31T09:23:00Z,5
2025-01-31T09:48:00Z,3
2025-01-31T09:52:00Z,5
2025-01-31T10:21:00Z,3
2025-01-31T10:25:00Z,5
2025-01-31T10:47:00Z,4
2025-01-31T10:51:00Z,5
2025-01-31T11:11:00Z,4
2025-01-31T11:15:00Z,5
2025-01-31T11:44:00Z,4
2025-01-31T11:50:00Z,5
2025-01-31T12:19:00Z,3
2025-01-31T12:22:00Z,5
2025-01-31T12:51:00Z,2
2025-01-31T13:39:00Z,5
2025-01-31T14:08:00Z,3
2025-01-31T14:13:00Z,5
2025-01-31T14:38:00Z,3
2025-01-31T14:44:00Z,5
2025-01-31T15:09:00Z,3
2025-01-31T15:14:00Z,5
2025-01-31T15:35:00Z,4
2025-01-31T15:38:00Z,5
2025-01-31T16:01:00Z,3
2025-01-31T16:05:00Z,5
2025-01-31T16:28:00Z,4
2025-01-31T16:33:00Z,5
2025-01-31T16:53:00Z,4
2025-01-31T16:56:00Z,5
2025-01-31T17:18:00Z,3
2025-01-31T17:21:00Z,5
2025-01-31T17:51:00Z,4
2025-01-31T17:56:00Z,5
2025-01-31T18:26:00Z,3
2025-01-31T18:30:00Z,5
2025-01-31T18:58:00Z,3
2025-01-31T19:01:00Z,5
2025-01-31T19:28:00Z,3
2025-01-31T19:34:00Z,5
2025-01-31T20:01:00Z,1
2025-01-31T20:48:00Z,5
2025-01-31T21:14:00Z,4
2025-01-31T21:17:00Z,5
2025-01-31T21:44:00Z,3
2025-01-31T21:47:00Z,5
2025-01-31T22:09:00Z,4
2025-01-31T22:13:00Z,5
2025-01-31T22:43:00Z,3
2025-01-31T22:49:00Z,5
2025-01-31T23:10:00Z,4
2025-01-31T23:13:00Z,5
2025-01-31T23:35:00Z,3
2025-01-31T23:41:00Z,5
2025-02-01T00:02:00Z,3
2025-02-01T00:06:00Z,5
2025-02-01T00:33:00Z,4
2025-02-01T00:39:00Z,5
2025-02-01T01:03:00Z,4
2025-02-01T01:07:00Z,5
2025-02-01T01:28:00Z,4
2025-02-01T01:33:00Z,5
2025-02-01T02:00:00Z,4
2025-02-01T02:03:00Z,5
2025-02-01T02:26:00Z,3
2025-02-01T02:32:00Z,5
2025-02-01T02:57:00Z,3
2025-02-01T03:01:00Z,5
2025-02-01T03:26:00Z,4
2025-02-01T03:32:00Z,5
2025-02-01T03:52:00Z,3
2025-02-01T03:58:00Z,5
2025-02-01T04:28:00Z,1
2025-02-01T05:08:00Z,5
2025-02-01T05:33:00Z,4
2025-02-01T05:36:00Z,5
2025-02-01T06:01:00Z,4
2025-02-01T06:06:00Z,5
2025-02-01T06:36:00Z,3
2025-02-01T06:40:00Z,5
2025-02-01T07:00:00Z,4
2025-02-01T07:03:00Z,5
2025-02-01T07:28:00Z,4
2025-02-01T07:31:00Z,5
2025-02-01T07:56:00Z,3
2025-02-01T07:59:00Z,5
2025-02-01T08:28:00Z,4
2025-02-01T08:31:00Z,5
2025-02-01T08:51:00Z,3
2025-02-01T08:57:00Z,5
2025-02-01T09:18:00Z,3
2025-02-01T09:23:00Z,5
2025-02-01T09:43:00Z,3
2025-02-01T09:46:00Z,5
2025-02-01T10:07:00Z,4
2025-02-01T10:10:00Z,5
2025-02-01T10:38:00Z,3
2025-02-01T10:44:00Z,5
2025-02-01T11:07:00Z,3
2025-02-01T11:12:00Z,5
2025-02-01T11:37:00Z,2
2025-02-01T12:32:00Z,5
2025-02-01T12:52:00Z,4
2025-02-01T12:58:00Z,5
2025-02-01T13:18:00Z,4
2025-02-01T13:24:00Z,5
2025-02-01T13:47:00Z,4
2025-02-01T13:53:00Z,5
2025-02-01T14:19:00Z,4
2025-02-01T14:25:00Z,5
2025-02-01T14:55:00Z,3
2025-02-01T14:58:00Z,5
2025-02-01T15:18:00Z,4
2025-02-01T15:23:00Z,5
2025-02-01T15:52:00Z,4
2025-02-01T15:57:00Z,5
2025-02-01T16:19:00Z,3
2025-02-01T16:24:00Z,5
2025-02-01T16:49:00Z,4
2025-02-01T16:53:00Z,5
2025-02-01T17:23:00Z,4
2025-02-01T17:26:00Z,5
2025-02-01T17:56:00Z,3
2025-02-01T18:02:00Z,5
2025-02-01T18:23:00Z,3
2025-02-01T18:26:00Z,5
2025-02-01T18:52:00Z,1
2025-02-01T19:47:00Z,5
2025-02-01T20:16:00Z,4
2025-02-01T20:20:00Z,5
2025-02-01T20:48:00Z,3
2025-02-01T20:51:00Z,5
2025-02-01T21:17:00Z,3
2025-02-01T21:20:00Z,5
2025-02-01T21:49:00Z,3
2025-02-01T21:55:00Z,5
2025-02-01T22:20:00Z,4
2025-02-01T22:23:00Z,5
2025-02-01T22:53:00Z,4
2025-02-01T22:57:00Z,5
2025-02-01T23:20:00Z,3
2025-02-01T23:24:00Z,5
2025-02-01T23:44:00Z,4
2025-02-01T23:50:00Z,5
2025-02-02T00:15:00Z,4
2025-02-02T00:21:00Z,5
2025-02-02T00:43:00Z,4
2025-02-02T00:49:00Z,5
2025-02-02T01:16:00Z,4
2025-02-02T01:22:00Z,5
2025-02-02T01:52:00Z,4
2025-02-02T01:56:00Z,5
2025-02-02T02:24:00Z,1
2025-02-02T03:10:00Z,5
2025-02-02T03:36:00Z,3
2025-02-02T03:42:00Z,5
2025-02-02T04:02:00Z,4
2025-02-02T04:07:00Z,5
2025-02-02T04:33:00Z,4
2025-02-02T04:36:00Z,5
2025-02-02T05:04:00Z,4
2025-02-02T05:07:00Z,5
2025-02-02T05:32:00Z,3
2025-02-02T05:38:00Z,5
2025-02-02T06:02:00Z,4
2025-02-02T06:07:00Z,5
2025-02-02T06:33:00Z,4
2025-02-02T06:39:00Z,5
2025-02-02T07:07:00Z,3
2025-02-02T07:11:00Z,5
2025-02-02T07:40:00Z,4
2025-02-02T07:46:00Z,5
2025-02-02T08:06:00Z,3
2025-02-02T08:10:00Z,5
2025-02-02T08:32:00Z,4
2025-02-02T08:37:00Z,5
2025-02-02T09:03:00Z,4
2025-02-02T09:08:00Z,5
2025-02-02T09:37:00Z,2
2025-02-02T10:31:00Z,5
2025-02-02T10:54:00Z,3
2025-02-02T11:00:00Z,5
2025-02-02T11:28:00Z,3
2025-02-02T11:34:00Z,5
2025-02-02T12:02:00Z,4
2025-02-02T12:08:00Z,5
2025-02-02T12:33:00Z,3
2025-02-02T12:38:00Z,5
2025-02-02T12:58:00Z,3
2025-02-02T13:04:00Z,5
2025-02-02T13:30:00Z,3
2025-02-02T13:36:00Z,5
2025-02-02T13:58:00Z,3
2025-02-02T14:03:00Z,5
2025-02-02T14:28:00Z,4
2025-02-02T14:34:00Z,5
2025-02-02T14:55:00Z,3
2025-02-02T15:00:00Z,0
2025-02-02T18:00:00Z,5
2025-02-02T19:06:00Z,3
2025-02-02T19:12:00Z,5
2025-02-02T19:32:00Z,4
2025-02-02T19:37:00Z,5
2025-02-02T19:59:00Z,3
2025-02-02T20:03:00Z,5
2025-02-02T20:30:00Z,3
2025-02-02T20:36:00Z,5
2025-02-02T20:57:00Z,4
2025-02-02T21:03:00Z,5
2025-02-02T21:24:00Z,3
2025-02-02T21:30:00Z,5
2025-02-02T21:53:00Z,3
2025-02-02T21:59:00Z,5
2025-02-02T22:19:00Z,3
2025-02-02T22:23:00Z,5
2025-02-02T22:49:00Z,2
2025-02-02T23:49:00Z,5
2025-02-03T00:09:00Z,4
2025-02-03T00:15:00Z,5
2025-02-03T00:39:00Z,4
2025-02-03T00:42:00Z,5
2025-02-03T01:03:00Z,3
2025-02-03T01:06:00Z,5
2025-02-03T01:35:00Z,4
2025-02-03T01:38:00Z,5
2025-02-03T02:06:00Z,4
2025-02-03T02:09:00Z,5
2025-02-03T02:39:00Z,3
2025-02-03T02:42:00Z,5
2025-02-03T03:06:00Z,3
2025-02-03T03:12:00Z,5
2025-02-03T03:42:00Z,4
2025-02-03T03:48:00Z,5
2025-02-03T04:10:00Z,3
2025-02-03T04:13:00Z,5
2025-02-03T04:37:00Z,3
2025-02-03T04:43:00Z,5
2025-02-03T05:13:00Z,4
2025-02-03T05:16:00Z,5
2025-02-03T05:43:00Z,3
2025-02-03T05:46:00Z,5
2025-02-03T06:14:00Z,4
2025-02-03T06:20:00Z,5
2025-02-03T06:41:00Z,4
2025-02-03T06:45:00Z,5
2025-02-03T07:09:00Z,1
2025-02-03T08:08:00Z,5
2025-02-03T08:35:00Z,3
2025-02-03T08:40:00Z,5
2025-02-03T09:09:00Z,4
2025-02-03T09:12:00Z,5
2025-02-03T09:34:00Z,4
2025-02-03T09:40:00Z,5
2025-02-03T10:01:00Z,3
2025-02-03T10:06:00Z,5
2025-02-03T10:36:00Z,3
2025-02-03T10:39:00Z,5
2025-02-03T11:02:00Z,4
2025-02-03T11:05:00Z,5
2025-02-03T11:27:00Z,3
2025-02-03T11:32:00Z,5
2025-02-03T11:52:00Z,4
2025-02-03T11:55:00Z,5
2025-02-03T12:23:00Z,4
2025-02-03T12:29:00Z,5
2025-02-03T12:51:00Z,3
2025-02-03T12:54:00Z,5
2025-02-03T13:17:00Z,3
2025-02-03T13:22:00Z,5
2025-02-03T13:43:00Z,4
2025-02-03T13:48:00Z,5
2025-02-03T14:15:00Z,4
2025-02-03T14:18:00Z,5
2025-02-03T14:46:00Z,1
2025-02-03T15:27:00Z,5
2025-02-03T15:57:00Z,3
2025-02-03T16:01:00Z,5
2025-02-03T16:25:00Z,3
2025-02-03T16:29:00Z,5
2025-02-03T16:53:00Z,3
2025-02-03T16:57:00Z,5
2025-02-03T17:22:00Z,4
2025-02-03T17:26:00Z,5
2025-02-03T17:55:00Z,3
2025-02-03T17:58:00Z,5
2025-02-03T18:25:00Z,4
2025-02-03T18:29:00Z,5
2025-02-03T18:57:00Z,3
2025-02-03T19:02:00Z,5
2025-02-03T19:32:00Z,4
2025-02-03T19:38:00Z,5
2025-02-03T20:04:00Z,4
2025-02-03T20:10:00Z,5
2025-02-03T20:37:00Z,3
2025-02-03T20:41:00Z,5
2025-02-03T21:04:00Z,4
2025-02-03T21:09:00Z,5
2025-02-03T21:37:00Z,4
2025-02-03T21:42:00Z,5
2025-02-03T22:03:00Z,3
2025-02-03T22:09:00Z,5
2025-02-03T22:36:00Z,4
2025-02-03T22:40:00Z,5
2025-02-03T23:10:00Z,2
2025-02-04T00:07:00Z,5
2025-02-04T00:37:00Z,4
2025-02-04T00:40:00Z,5
2025-02-04T01:00:00Z,3
2025-02-04T01:03:00Z,5
2025-02-04T01:27:00Z,4
2025-02-04T01:33:00Z,5
2025-02-04T01:57:00Z,4
2025-02-04T02:00:00Z,5
2025-02-04T02:24:00Z,3
2025-02-04T02:29:00Z,5
2025-02-04T02:53:00Z,3
2025-02-04T02:56:00Z,5
2025-02-04T03:26:00Z,3
2025-02-04T03:30:00Z,5
2025-02-04T03:52:00Z,3
2025-02-04T03:57:00Z,5
2025-02-04T04:25:00Z,4
2025-02-04T04:31:00Z,5
2025-02-04T04:56:00Z,3
2025-02-04T05:00:00Z,5
2025-02-04T05:28:00Z,4
2025-02-04T05:33:00Z,5
2025-02-04T05:55:00Z,4
2025-02-04T05:59:00Z,5
2025-02-04T07:48:00Z,4
2025-02-04T07:53:00Z,5
2025-02-04T08:17:00Z,4
2025-02-04T08:22:00Z,5
2025-02-04T08:42:00Z,4
2025-02-04T08:48:00Z,5
2025-02-04T09:08:00Z,3
2025-02-04T09:13:00Z,5
2025-02-04T09:38:00Z,3
2025-02-04T09:41:00Z,5
2025-02-04T10:02:00Z,3
2025-02-04T10:07:00Z,5
2025-02-04T10:35:00Z,3
2025-02-04T10:39:00Z,5
2025-02-04T11:04:00Z,3
2025-02-04T11:10:00Z,5
2025-02-04T11:35:00Z,3
2025-02-04T11:39:00Z,5
2025-02-04T12:07:00Z,3
2025-02-04T12:13:00Z,5
2025-02-04T12:38:00Z,4
2025-02-04T12:42:00Z,5
2025-02-04T13:04:00Z,4
2025-02-04T13:09:00Z,5
2025-02-04T13:37:00Z,1
2025-02-04T14:33:00Z,5
2025-02-04T14:56:00Z,4
2025-02-04T15:02:00Z,5
2025-02-04T15:30:00Z,4
2025-02-04T15:35:00Z,5
2025-02-04T16:00:00Z,4
2025-02-04T16:04:00Z,5
2025-02-04T16:28:00Z,4
2025-02-04T16:33:00Z,5
2025-02-04T16:54:00Z,3
2025-02-04T17:00:00Z,5
2025-02-04T17:30:00Z,4
2025-02-04T17:34:00Z,5
2025-02-04T18:01:00Z,3
2025-02-04T18:07:00Z,5
2025-02-04T18:27:00Z,4
2025-02-04T18:33:00Z,5
2025-02-04T18:54:00Z,4
2025-02-04T18:58:00Z,5
2025-02-04T19:22:00Z,4
2025-02-04T19:27:00Z,5
2025-02-04T19:55:00Z,3
2025-02-04T19:59:00Z,5
2025-02-04T20:22:00Z,2
2025-02-04T21:16:00Z,5
2025-02-04T21:42:00Z,3
2025-02-04T21:45:00Z,5
2025-02-04T22:09:00Z,3
2025-02-04T22:15:00Z,5
2025-02-04T22:41:00Z,3
2025-02-04T22:45:00Z,5
2025-02-04T23:11:00Z,3
2025-02-04T23:16:00Z,5
2025-02-04T23:40:00Z,4
2025-02-04T23:44:00Z,5
2025-02-05T00:14:00Z,4
2025-02-05T00:17:00Z,5
2025-02-05T00:43:00Z,4
2025-02-05T00:48:00Z,5
2025-02-05T01:15:00Z,4
2025-02-05T01:18:00Z,5
2025-02-05T01:41:00Z,3
2025-02-05T01:47:00Z,5
2025-02-05T02:17:00Z,3
2025-02-05T02:22:00Z,5
2025-02-05T02:47:00Z,4
2025-02-05T02:51:00Z,5
2025-02-05T03:19:00Z,3
2025-02-05T03:24:00Z,5
2025-02-05T03:52:00Z,3
2025-02-05T03:58:00Z,5
2025-02-05T04:26:00Z,4
2025-02-05T04:31:00Z,5
2025-02-05T04:55:00Z,2
2025-02-05T05:36:00Z,5
2025-02-05T05:58:00Z,4
2025-02-05T06:03:00Z,5
2025-02-05T06:26:00Z,3
2025-02-05T06:32:00Z,5
2025-02-05T06:52:00Z,3
2025-02-05T06:57:00Z,5
2025-02-05T07:17:00Z,3
2025-02-05T07:21:00Z,5
2025-02-05T07:41:00Z,3
2025-02-05T07:44:00Z,5
2025-02-05T08:13:00Z,3
2025-02-05T08:18:00Z,5
2025-02-05T08:42:00Z,3
2025-02-05T08:45:00Z,5
2025-02-05T09:12:00Z,4
2025-02-05T09:16:00Z,5
2025-02-05T09:44:00Z,4
2025-02-05T09:50:00Z,5
2025-02-05T10:11:00Z,3
2025-02-05T10:17:00Z,5
2025-02-05T10:43:00Z,3
2025-02-05T10:48:00Z,5
2025-02-05T11:12:00Z,3
2025-02-05T11:17:00Z,5
2025-02-05T11:47:00Z,3
2025-02-05T11:50:00Z,5
2025-02-05T12:11:00Z,1
2025-02-05T13:05:00Z,5
2025-02-05T13:34:00Z,3
2025-02-05T13:40:00Z,5
2025-02-05T14:05:00Z,3
2025-02-05T14:11:00Z,5
2025-02-05T14:35:00Z,3
2025-02-05T14:41:00Z,5
2025-02-05T15:01:00Z,3
2025-02-05T15:05:00Z,5
2025-02-05T15:33:00Z,3
2025-02-05T15:39:00Z,5
2025-02-05T16:03:00Z,4
2025-02-05T16:08:00Z,5
2025-02-05T16:36:00Z,3
2025-02-05T16:41:00Z,5
2025-02-05T17:03:00Z,4
2025-02-05T17:06:00Z,5
2025-02-05T17:35:00Z,4
2025-02-05T17:38:00Z,5
2025-02-05T17:59:00Z,3
2025-02-05T18:04:00Z,5
2025-02-05T19:26:00Z,1
2025-02-05T20:07:00Z,5
2025-02-05T20:33:00Z,3
2025-02-05T20:36:00Z,5
2025-02-05T20:59:00Z,3
2025-02-05T21:02:00Z,5
2025-02-05T21:28:00Z,4
2025-02-05T21:31:00Z,5
2025-02-05T21:52:00Z,3
2025-02-05T21:57:00Z,5
2025-02-05T22:19:00Z,3
2025-02-05T22:23:00Z,5
2025-02-05T22:52:00Z,3
2025-02-05T22:57:00Z,5
2025-02-05T23:23:00Z,3
2025-02-05T23:27:00Z,5
2025-02-05T23:53:00Z,3
2025-02-05T23:58:00Z,5
2025-02-06T00:21:00Z,4
2025-02-06T00:25:00Z,5
2025-02-06T00:49:00Z,4
2025-02-06T00:54:00Z,5
2025-02-06T01:15:00Z,4
2025-02-06T01:20:00Z,5
2025-02-06T01:45:00Z,4
2025-02-06T01:51:00Z,5
2025-02-06T02:14:00Z,3
2025-02-06T02:19:00Z,5
2025-02-06T02:49:00Z,3
2025-02-06T02:53:00Z,5
2025-02-06T03:14:00Z,1
2025-02-06T04:04:00Z,5
2025-02-06T04:29:00Z,4
2025-02-06T04:32:00Z,5
2025-02-06T04:54:00Z,3
2025-02-06T05:00:00Z,5
2025-02-06T05:27:00Z,3
2025-02-06T05:32:00Z,5
2025-02-06T05:52:00Z,3
2025-02-06T05:56:00Z,5
2025-02-06T06:18:00Z,4
2025-02-06T06:21:00Z,5
2025-02-06T06:50:00Z,4
2025-02-06T06:55:00Z,5
2025-02-06T07:18:00Z,3
2025-02-06T07:24:00Z,5
2025-02-06T07:45:00Z,4
2025-02-06T07:50:00Z,5
2025-02-06T08:17:00Z,4
2025-02-06T08:23:00Z,5
2025-02-06T08:46:00Z,3
2025-02-06T08:50:00Z,5
2025-02-06T09:13:00Z,3
2025-02-06T09:17:00Z,5
2025-02-06T09:44:00Z,3
2025-02-06T09:48:00Z,5
2025-02-06T10:12:00Z,4
2025-02-06T10:18:00Z,5
2025-02-06T10:45:00Z,2
2025-02-06T11:44:00Z,5
2025-02-06T12:07:00Z,4
2025-02-06T12:13:00Z,5
2025-02-06T12:36:00Z,3
2025-02-06T12:40:00Z,5
2025-02-06T13:05:00Z,4
2025-02-06T13:08:00Z,5
2025-02-06T13:35:00Z,4
2025-02-06T13:40:00Z,5
2025-02-06T14:00:00Z,3
2025-02-06T14:06:00Z,5
2025-02-06T14:30:00Z,4
2025-02-06T14:33:00Z,5
2025-02-06T15:03:00Z,3
2025-02-06T15:06:00Z,5
2025-02-06T15:29:00Z,3
2025-02-06T15:33:00Z,5
2025-02-06T16:01:00Z,3
2025-02-06T16:07:00Z,5
2025-02-06T16:31:00Z,4
2025-02-06T16:34:00Z,5
2025-02-06T16:54:00Z,4
2025-02-06T16:58:00Z,5
2025-02-06T17:23:00Z,3
2025-02-06T17:26:00Z,5
2025-02-06T17:56:00Z,3
2025-02-06T17:59:00Z,5
2025-02-06T18:26:00Z,4
2025-02-06T18:32:00Z,5
2025-02-06T18:54:00Z,4
2025-02-06T18:58:00Z,5
2025-02-06T19:27:00Z,3
2025-02-06T19:33:00Z,5
2025-02-06T19:56:00Z,1
2025-02-06T20:39:00Z,5
2025-02-06T21:00:00Z,3
2025-02-06T21:05:00Z,5
2025-02-06T21:26:00Z,4
2025-02-06T21:30:00Z,5
2025-02-06T21:57:00Z,3
2025-02-06T22:03:00Z,5
2025-02-06T22:28:00Z,3
2025-02-06T22:32:00Z,5
2025-02-06T22:53:00Z,3
2025-02-06T22:56:00Z,5
2025-02-06T23:26:00Z,3
2025-02-06T23:30:00Z,5
2025-02-06T23:58:00Z,4
2025-02-07T00:02:00Z,5
2025-02-07T00:32:00Z,4
2025-02-07T00:37:00Z,5
2025-02-07T01:04:00Z,3
2025-02-07T01:07:00Z,5
2025-02-07T01:33:00Z,4
2025-02-07T01:38:00Z,5
2025-02-07T01:59:00Z,4
2025-02-07T02:04:00Z,5
2025-02-07T02:31:00Z,4
2025-02-07T02:35:00Z,5
2025-02-07T03:03:00Z,2
2025-02-07T03:57:00Z,5
2025-02-07T04:20:00Z,4
2025-02-07T04:25:00Z,5
2025-02-07T04:55:00Z,3
2025-02-07T04:58:00Z,5
2025-02-07T05:24:00Z,4
2025-02-07T05:27:00Z,5
2025-02-07T05:47:00Z,4
2025-02-07T05:51:00Z,5
2025-02-07T06:14:00Z,3
2025-02-07T06:18:00Z,5
2025-02-07T06:42:00Z,3
2025-02-07T06:45:00Z,5
2025-02-07T07:05:00Z,3
2025-02-07T07:08:00Z,5
2025-02-07T07:38:00Z,3
2025-02-07T07:42:00Z,5
2025-02-07T08:12:00Z,4
2025-02-07T08:18:00Z,5
2025-02-07T08:39:00Z,4
2025-02-07T08:45:00Z,5
2025-02-07T09:12:00Z,3
2025-02-07T09:15:00Z,5
2025-02-07T09:41:00Z,4
2025-02-07T09:44:00Z,5
2025-02-07T10:06:00Z,3
2025-02-07T10:10:00Z,5
2025-02-07T10:38:00Z,4
2025-02-07T10:41:00Z,5
2025-02-07T11:05:00Z,4
2025-02-07T11:09:00Z,5
2025-02-07T11:30:00Z,2
2025-02-07T12:13:00Z,5
2025-02-07T12:33:00Z,4
2025-02-07T12:37:00Z,5
2025-02-07T13:00:00Z,4
2025-02-07T13:03:00Z,5
2025-02-07T13:23:00Z,4
2025-02-07T13:28:00Z,5
2025-02-07T13:55:00Z,4
2025-02-07T14:01:00Z,5
2025-02-07T14:29:00Z,3
2025-02-07T14:33:00Z,5
2025-02-07T14:53:00Z,3
2025-02-07T14:59:00Z,5
2025-02-07T15:21:00Z,4
2025-02-07T15:25:00Z,5
2025-02-07T15:45:00Z,3
2025-02-07T15:50:00Z,5
2025-02-07T16:11:00Z,3
2025-02-07T16:15:00Z,5
2025-02-07T16:39:00Z,4
2025-02-07T16:44:00Z,5
2025-02-07T17:14:00Z,3
2025-02-07T17:19:00Z,5
2025-02-07T17:40:00Z,4
2025-02-07T17:45:00Z,5
2025-02-07T19:46:00Z,4
2025-02-07T19:49:00Z,5
2025-02-07T20:11:00Z,4
2025-02-07T20:14:00Z,5
2025-02-07T20:39:00Z,3
2025-02-07T20:42:00Z,5
2025-02-07T21:08:00Z,4
2025-02-07T21:14:00Z,5
2025-02-07T21:36:00Z,3
2025-02-07T21:39:00Z,5
2025-02-07T22:02:00Z,3
2025-02-07T22:08:00Z,5
2025-02-07T22:37:00Z,4
2025-02-07T22:42:00Z,5
2025-02-07T23:04:00Z,3
2025-02-07T23:09:00Z,5
2025-02-07T23:38:00Z,4
2025-02-07T23:42:00Z,5
2025-02-08T00:08:00Z,4
2025-02-08T00:13:00Z,5
2025-02-08T00:41:00Z,3
2025-02-08T00:44:00Z,5
2025-02-08T01:04:00Z,3
2025-02-08T01:07:00Z,5
2025-02-08T01:36:00Z,2
2025-02-08T02:21:00Z,5
2025-02-08T02:51:00Z,3
2025-02-08T02:57:00Z,5
2025-02-08T03:25:00Z,4
2025-02-08T03:28:00Z,5
2025-02-08T03:56:00Z,3
2025-02-08T03:59:00Z,5
2025-02-08T04:24:00Z,4
2025-02-08T04:30:00Z,5
2025-02-08T05:00:00Z,4
2025-02-08T05:06:00Z,5
2025-02-08T05:27:00Z,4
2025-02-08T05:32:00Z,5
2025-02-08T05:52:00Z,3
2025-02-08T05:56:00Z,5
2025-02-08T06:18:00Z,4
2025-02-08T06:21:00Z,5
2025-02-08T06:44:00Z,4
2025-02-08T06:47:00Z,5
2025-02-08T07:12:00Z,4
2025-02-08T07:18:00Z,5
2025-02-08T07:40:00Z,3
2025-02-08T07:43:00Z,5
2025-02-08T08:13:00Z,4
2025-02-08T08:16:00Z,5
2025-02-08T08:37:00Z,1
2025-02-08T09:17:00Z,5
2025-02-08T09:39:00Z,3
2025-02-08T09:44:00Z,5
2025-02-08T10:05:00Z,3
2025-02-08T10:11:00Z,5
2025-02-08T10:38:00Z,3
2025-02-08T10:44:00Z,5
2025-02-08T11:11:00Z,3
2025-02-08T11:16:00Z,5
2025-02-08T11:42:00Z,4
2025-02-08T11:47:00Z,5
2025-02-08T12:17:00Z,3
2025-02-08T12:20:00Z,5
2025-02-08T12:41:00Z,4
2025-02-08T12:44:00Z,5
2025-02-08T13:12:00Z,4
2025-02-08T13:17:00Z,5
2025-02-08T13:37:00Z,3
2025-02-08T13:40:00Z,5
2025-02-08T14:09:00Z,3
2025-02-08T14:12:00Z,5
2025-02-08T14:40:00Z,3
2025-02-08T14:44:00Z,5
2025-02-08T15:06:00Z,2
2025-02-08T16:05:00Z,5
2025-02-08T16:26:00Z,3
2025-02-08T16:30:00Z,5
2025-02-08T16:50:00Z,4
2025-02-08T16:55:00Z,5
2025-02-08T17:16:00Z,4
2025-02-08T17:22:00Z,5
2025-02-08T17:49:00Z,3
2025-02-08T17:54:00Z,5
2025-02-08T18:20:00Z,4
2025-02-08T18:24:00Z,5
2025-02-08T18:48:00Z,4
2025-02-08T18:52:00Z,5
2025-02-08T19:21:00Z,4
2025-02-08T19:26:00Z,5
2025-02-08T19:55:00Z,4
2025-02-08T19:58:00Z,5
2025-02-08T20:24:00Z,4
2025-02-08T20:27:00Z,5
2025-02-08T20:49:00Z,3
2025-02-08T20:54:00Z,5
2025-02-08T21:16:00Z,4
2025-02-08T21:22:00Z,5
2025-02-08T21:48:00Z,4
2025-02-08T21:52:00Z,5
2025-02-08T22:16:00Z,3
2025-02-08T22:22:00Z,5
2025-02-08T22:50:00Z,2
2025-02-08T23:38:00Z,5
2025-02-09T00:07:00Z,3
2025-02-09T00:12:00Z,5
2025-02-09T00:37:00Z,3
2025-02-09T00:42:00Z,5
2025-02-09T01:09:00Z,4
2025-02-09T01:12:00Z,5
2025-02-09T01:36:00Z,4
2025-02-09T01:39:00Z,5
2025-02-09T02:02:00Z,3
2025-02-09T02:06:00Z,5
2025-02-09T02:26:00Z,4
2025-02-09T02:30:00Z,5
2025-02-09T02:55:00Z,4
2025-02-09T03:01:00Z,5
2025-02-09T03:30:00Z,4
2025-02-09T03:33:00Z,5
2025-02-09T03:59:00Z,4
2025-02-09T04:02:00Z,5
2025-02-09T04:29:00Z,3
2025-02-09T04:34:00Z,5
2025-02-09T05:04:00Z,3
2025-02-09T05:07:00Z,5
2025-02-09T05:34:00Z,3
2025-02-09T05:37:00Z,5
2025-02-09T06:03:00Z,4
2025-02-09T06:08:00Z,5
2025-02-09T06:28:00Z,4
2025-02-09T06:32:00Z,5
2025-02-09T06:54:00Z,3
2025-02-09T06:59:00Z,5
2025-02-09T07:21:00Z,1
2025-02-09T08:08:00Z,5
2025-02-09T08:37:00Z,4
2025-02-09T08:40:00Z,5
2025-02-09T09:03:00Z,4
2025-02-09T09:07:00Z,5
2025-02-09T09:36:00Z,3
2025-02-09T09:40:00Z,5
2025-02-09T10:04:00Z,3
2025-02-09T10:08:00Z,5
2025-02-09T10:36:00Z,3
2025-02-09T10:39:00Z,5
2025-02-09T11:06:00Z,4
2025-02-09T11:10:00Z,5
2025-02-09T11:36:00Z,3
2025-02-09T11:39:00Z,5
2025-02-09T12:01:00Z,3
2025-02-09T12:05:00Z,5
2025-02-09T12:31:00Z,4
2025-02-09T12:35:00Z,5
2025-02-09T13:03:00Z,3
2025-02-09T13:06:00Z,5
2025-02-09T13:34:00Z,4
2025-02-09T13:37:00Z,5
2025-02-09T14:02:00Z,4
2025-02-09T14:06:00Z,5
2025-02-09T14:34:00Z,1
2025-02-09T15:28:00Z,5
2025-02-09T15:49:00Z,4
2025-02-09T15:54:00Z,5
2025-02-09T16:17:00Z,4
2025-02-09T16:22:00Z,5
2025-02-09T16:47:00Z,4
2025-02-09T16:53:00Z,5
2025-02-09T17:15:00Z,3
2025-02-09T17:19:00Z,5
2025-02-09T17:44:00Z,4
2025-02-09T17:47:00Z,5
2025-02-09T18:00:00Z,0
2025-02-09T21:00:00Z,5
2025-02-09T22:19:00Z,4
2025-02-09T22:23:00Z,5
2025-02-09T22:52:00Z,4
2025-02-09T22:56:00Z,5
2025-02-09T23:25:00Z,3
2025-02-09T23:29:00Z,5
2025-02-09T23:59:00Z,1
2025-02-10T00:50:00Z,5
2025-02-10T01:10:00Z,4
2025-02-10T01:15:00Z,5
2025-02-10T01:39:00Z,3
2025-02-10T01:44:00Z,5
2025-02-10T02:10:00Z,3
2025-02-10T02:14:00Z,5
2025-02-10T02:42:00Z,3
2025-02-10T02:46:00Z,5
2025-02-10T03:13:00Z,3
2025-02-10T03:18:00Z,5
2025-02-10T03:42:00Z,4
2025-02-10T03:45:00Z,5
2025-02-10T04:10:00Z,3
2025-02-10T04:14:00Z,5
2025-02-10T04:38:00Z,3
2025-02-10T04:43:00Z,5
2025-02-10T05:06:00Z,4
2025-02-10T05:10:00Z,5
2025-02-10T05:31:00Z,4
2025-02-10T05:35:00Z,5
2025-02-10T05:59:00Z,4
2025-02-10T06:05:00Z,5
2025-02-10T06:34:00Z,4
2025-02-10T06:40:00Z,5
2025-02-10T07:04:00Z,1
2025-02-10T07:47:00Z,5
2025-02-10T08:15:00Z,4
2025-02-10T08:18:00Z,5
2025-02-10T08:44:00Z,4
2025-02-10T08:48:00Z,5
2025-02-10T09:17:00Z,4
2025-02-10T09:20:00Z,5
2025-02-10T09:49:00Z,4
2025-02-10T09:53:00Z,5
2025-02-10T10:23:00Z,3
2025-02-10T10:26:00Z,5
2025-02-10T10:54:00Z,4
2025-02-10T10:58:00Z,5
2025-02-10T11:21:00Z,3
2025-02-10T11:24:00Z,5
2025-02-10T11:46:00Z,3
2025-02-10T11:49:00Z,5
2025-02-10T12:15:00Z,3
2025-02-10T12:21:00Z,5
2025-02-10T12:43:00Z,4
2025-02-10T12:48:00Z,5
2025-02-10T13:12:00Z,4
2025-02-10T13:15:00Z,5
2025-02-10T13:36:00Z,4
2025-02-10T13:39:00Z,5
2025-02-10T14:05:00Z,4
2025-02-10T14:10:00Z,5
2025-02-10T14:34:00Z,3
2025-02-10T14:40:00Z,5
2025-02-10T15:04:00Z,2
2025-02-10T15:06:00Z,2
2025-02-10T16:01:00Z,5
2025-02-10T16:28:00Z,3
2025-02-10T16:34:00Z,5
2025-02-10T16:57:00Z,4
2025-02-10T17:02:00Z,5
2025-02-10T17:30:00Z,3
2025-02-10T17:34:00Z,5
2025-02-10T18:03:00Z,4
2025-02-10T18:07:00Z,5
2025-02-10T18:30:00Z,3
2025-02-10T18:34:00Z,5
2025-02-10T19:00:00Z,3
2025-02-10T19:04:00Z,5
2025-02-10T19:32:00Z,4
2025-02-10T19:36:00Z,5
2025-02-10T19:59:00Z,3
2025-02-10T20:03:00Z,5
2025-02-10T20:25:00Z,4
2025-02-10T20:29:00Z,5
2025-02-10T20:52:00Z,3
2025-02-10T20:56:00Z,5
2025-02-10T21:20:00Z,3
2025-02-10T21:26:00Z,5
2025-02-10T21:49:00Z,3
2025-02-10T21:54:00Z,5
2025-02-10T22:23:00Z,4
2025-02-10T22:27:00Z,5
2025-02-10T22:57:00Z,4
2025-02-10T23:03:00Z,5
2025-02-10T23:24:00Z,2
2025-02-11T00:08:00Z,5
2025-02-11T00:28:00Z,4
2025-02-11T00:32:00Z,5
2025-02-11T01:01:00Z,4
2025-02-11T01:06:00Z,5
2025-02-11T01:31:00Z,4
2025-02-11T01:36:00Z,5
2025-02-11T02:04:00Z,3
2025-02-11T02:07:00Z,5
2025-02-11T02:37:00Z,3
2025-02-11T02:40:00Z,5
2025-02-11T03:01:00Z,3
2025-02-11T03:07:00Z,5
2025-02-11T03:32:00Z,3
2025-02-11T03:37:00Z,5
2025-02-11T04:05:00Z,4
2025-02-11T04:08:00Z,5
2025-02-11T04:29:00Z,3
2025-02-11T04:33:00Z,5
2025-02-11T05:02:00Z,3
2025-02-11T05:07:00Z,5
2025-02-11T05:32:00Z,3
2025-02-11T05:36:00Z,5
2025-02-11T06:02:00Z,4
2025-02-11T06:06:00Z,5
2025-02-11T06:28:00Z,4
2025-02-11T06:31:00Z,5
2025-02-11T06:54:00Z,2
2025-02-11T07:51:00Z,5
2025-02-11T08:17:00Z,4
2025-02-11T08:22:00Z,5
2025-02-11T08:42:00Z,3
2025-02-11T08:45:00Z,5
2025-02-11T09:13:00Z,4
2025-02-11T09:16:00Z,5
2025-02-11T09:45:00Z,3
2025-02-11T09:50:00Z,5
2025-02-11T10:16:00Z,4
2025-02-11T10:19:00Z,5
2025-02-11T10:39:00Z,3
2025-02-11T10:45:00Z,5
2025-02-11T11:08:00Z,3
2025-02-11T11:14:00Z,5
2025-02-11T11:37:00Z,4
2025-02-11T11:43:00Z,5
2025-02-11T12:08:00Z,4
2025-02-11T12:13:00Z,5
2025-02-11T12:34:00Z,4
2025-02-11T12:37:00Z,5
2025-02-11T12:59:00Z,4
2025-02-11T13:05:00Z,5
2025-02-11T13:29:00Z,4
2025-02-11T13:32:00Z,5
2025-02-11T13:52:00Z,3
2025-02-11T13:58:00Z,5
2025-02-11T14:26:00Z,1
2025-02-11T15:10:00Z,5
2025-02-11T15:36:00Z,4
2025-02-11T15:39:00Z,5
2025-02-11T16:09:00Z,3
2025-02-11T16:12:00Z,5
2025-02-11T16:39:00Z,4
2025-02-11T16:44:00Z,5
2025-02-11T17:09:00Z,3
2025-02-11T17:13:00Z,5
2025-02-11T17:34:00Z,3
2025-02-11T17:40:00Z,5
2025-02-11T18:10:00Z,4
2025-02-11T18:13:00Z,5
2025-02-11T18:35:00Z,3
2025-02-11T18:39:00Z,5
2025-02-11T19:07:00Z,4
2025-02-11T19:12:00Z,5
2025-02-11T19:38:00Z,4
2025-02-11T19:43:00Z,5
2025-02-11T20:11:00Z,4
2025-02-11T20:16:00Z,5
2025-02-11T20:44:00Z,4
2025-02-11T20:50:00Z,5
2025-02-11T21:14:00Z,4
2025-02-11T21:18:00Z,5
2025-02-11T21:44:00Z,2
2025-02-11T22:38:00Z,5
2025-02-11T23:08:00Z,4
2025-02-11T23:14:00Z,5
2025-02-11T23:44:00Z,3
2025-02-11T23:47:00Z,5
2025-02-12T00:08:00Z,3
2025-02-12T00:12:00Z,5
2025-02-12T00:38:00Z,3
2025-02-12T00:44:00Z,5
2025-02-12T01:07:00Z,3
2025-02-12T01:11:00Z,5
2025-02-12T01:34:00Z,3
2025-02-12T01:40:00Z,5
2025-02-12T02:07:00Z,4
2025-02-12T02:13:00Z,5
2025-02-12T02:33:00Z,4
2025-02-12T02:36:00Z,5
2025-02-12T02:58:00Z,3
2025-02-12T03:01:00Z,5
2025-02-12T03:30:00Z,4
2025-02-12T03:35:00Z,5
2025-02-12T04:05:00Z,4
2025-02-12T04:08:00Z,5
2025-02-12T04:36:00Z,1
2025-02-12T05:34:00Z,5
2025-02-12T06:01:00Z,3
2025-02-12T06:05:00Z,5
2025-02-12T06:33:00Z,3
2025-02-12T06:39:00Z,5
2025-02-12T07:07:00Z,4
2025-02-12T07:12:00Z,5
2025-02-12T07:35:00Z,3
2025-02-12T07:38:00Z,5
2025-02-12T08:01:00Z,4
2025-02-12T08:05:00Z,5
2025-02-12T08:29:00Z,4
2025-02-12T08:35:00Z,5
2025-02-12T08:56:00Z,3
2025-02-12T08:59:00Z,5
2025-02-12T09:25:00Z,3
2025-02-12T09:28:00Z,5
2025-02-12T09:52:00Z,3
2025-02-12T09:57:00Z,5
2025-02-12T10:17:00Z,4
2025-02-12T10:21:00Z,5
2025-02-12T10:46:00Z,3
2025-02-12T10:49:00Z,5
2025-02-12T11:16:00Z,4
2025-02-12T11:20:00Z,5
2025-02-12T11:44:00Z,3
2025-02-12T11:47:00Z,5
2025-02-12T12:11:00Z,1
2025-02-12T13:11:00Z,5
2025-02-12T13:33:00Z,4
2025-02-12T13:37:00Z,5
2025-02-12T14:06:00Z,4
2025-02-12T14:11:00Z,5
2025-02-12T14:38:00Z,4
2025-02-12T14:41:00Z,5
2025-02-12T15:01:00Z,3
2025-02-12T15:06:00Z,5
2025-02-12T15:31:00Z,4
2025-02-12T15:34:00Z,5
2025-02-12T16:04:00Z,4
2025-02-12T16:10:00Z,5
2025-02-12T16:34:00Z,4
2025-02-12T16:40:00Z,5
2025-02-12T17:01:00Z,3
2025-02-12T17:07:00Z,5
2025-02-12T17:33:00Z,4
2025-02-12T17:37:00Z,5
2025-02-12T18:01:00Z,4
2025-02-12T18:06:00Z,5
2025-02-12T18:31:00Z,4
2025-02-12T18:35:00Z,5
2025-02-12T18:58:00Z,1
2025-02-12T19:44:00Z,5
2025-02-12T20:09:00Z,3
2025-02-12T20:12:00Z,5
2025-02-12T20:38:00Z,3
2025-02-12T20:44:00Z,5
2025-02-12T22:05:00Z,4
2025-02-12T22:08:00Z,5
2025-02-12T22:34:00Z,3
2025-02-12T22:37:00Z,5
2025-02-12T23:06:00Z,3
2025-02-12T23:11:00Z,5
2025-02-12T23:34:00Z,4
2025-02-12T23:37:00Z,5
2025-02-13T00:04:00Z,4
2025-02-13T00:07:00Z,5
2025-02-13T00:33:00Z,4
2025-02-13T00:37:00Z,5
2025-02-13T00:59:00Z,3
2025-02-13T01:03:00Z,5
2025-02-13T01:25:00Z,4
2025-02-13T01:29:00Z,5
2025-02-13T01:56:00Z,1
2025-02-13T02:45:00Z,5
2025-02-13T03:11:00Z,4
2025-02-13T03:15:00Z,5
2025-02-13T03:36:00Z,3
2025-02-13T03:42:00Z,5
2025-02-13T04:08:00Z,3
2025-02-13T04:14:00Z,5
2025-02-13T04:35:00Z,4
2025-02-13T04:40:00Z,5
2025-02-13T05:09:00Z,4
2025-02-13T05:15:00Z,5
2025-02-13T05:45:00Z,4
2025-02-13T05:49:00Z,5
2025-02-13T06:09:00Z,4
2025-02-13T06:15:00Z,5
2025-02-13T06:45:00Z,4
2025-02-13T06:49:00Z,5
2025-02-13T07:15:00Z,3
2025-02-13T07:18:00Z,5
2025-02-13T07:41:00Z,3
2025-02-13T07:45:00Z,5
2025-02-13T08:11:00Z,4
2025-02-13T08:15:00Z,5
2025-02-13T08:42:00Z,4
2025-02-13T08:48:00Z,5
2025-02-13T09:12:00Z,4
2025-02-13T09:18:00Z,5
2025-02-13T09:48:00Z,3
2025-02-13T09:53:00Z,5
2025-02-13T10:23:00Z,4
2025-02-13T10:26:00Z,5
2025-02-13T10:52:00Z,1
2025-02-13T11:35:00Z,5
2025-02-13T11:55:00Z,4
2025-02-13T12:01:00Z,5
2025-02-13T12:24:00Z,3
2025-02-13T12:28:00Z,5
2025-02-13T12:49:00Z,3
2025-02-13T12:55:00Z,5
2025-02-13T13:18:00Z,4
2025-02-13T13:22:00Z,5
2025-02-13T13:46:00Z,3
2025-02-13T13:49:00Z,5
2025-02-13T14:12:00Z,3
2025-02-13T14:15:00Z,5
2025-02-13T14:39:00Z,3
2025-02-13T14:45:00Z,5
2025-02-13T15:15:00Z,3
2025-02-13T15:18:00Z,5
2025-02-13T15:44:00Z,3
2025-02-13T15:48:00Z,5
2025-02-13T16:12:00Z,3
2025-02-13T16:18:00Z,5
2025-02-13T16:47:00Z,4
2025-02-13T16:52:00Z,5
2025-02-13T17:19:00Z,2
2025-02-13T18:11:00Z,5
2025-02-13T18:38:00Z,4
2025-02-13T18:41:00Z,5
2025-02-13T19:02:00Z,4
2025-02-13T19:05:00Z,5
2025-02-13T19:30:00Z,4
2025-02-13T19:33:00Z,5
2025-02-13T19:55:00Z,4
2025-02-13T19:59:00Z,5
2025-02-13T20:23:00Z,3
2025-02-13T20:26:00Z,5
2025-02-13T20:48:00Z,3
2025-02-13T20:51:00Z,5
2025-02-13T21:13:00Z,4
2025-02-13T21:18:00Z,5
2025-02-13T21:46:00Z,4
2025-02-13T21:49:00Z,5
2025-02-13T22:12:00Z,3
2025-02-13T22:17:00Z,5
2025-02-13T22:41:00Z,4
2025-02-13T22:45:00Z,5
2025-02-13T23:09:00Z,4
2025-02-13T23:13:00Z,5
2025-02-13T23:38:00Z,1
2025-02-14T00:22:00Z,5
2025-02-14T00:50:00Z,3
2025-02-14T00:55:00Z,5
2025-02-14T01:19:00Z,3
2025-02-14T01:24:00Z,5
2025-02-14T01:45:00Z,4
2025-02-14T01:50:00Z,5
2025-02-14T02:18:00Z,3
2025-02-14T02:24:00Z,5
2025-02-14T02:46:00Z,3
2025-02-14T02:52:00Z,5
2025-02-14T03:22:00Z,3
2025-02-14T03:25:00Z,5
2025-02-14T03:54:00Z,3
2025-02-14T03:57:00Z,5
2025-02-14T04:20:00Z,3
2025-02-14T04:23:00Z,5
2025-02-14T04:46:00Z,4
2025-02-14T04:50:00Z,5
2025-02-14T05:15:00Z,3
2025-02-14T05:21:00Z,5
2025-02-14T05:48:00Z,3
2025-02-14T05:54:00Z,5
2025-02-14T06:14:00Z,2
2025-02-14T07:03:00Z,5
2025-02-14T07:26:00Z,4
2025-02-14T07:31:00Z,5
2025-02-14T07:53:00Z,3
2025-02-14T07:58:00Z,5
2025-02-14T08:22:00Z,3
2025-02-14T08:28:00Z,5
2025-02-14T08:55:00Z,3
2025-02-14T08:58:00Z,5
2025-02-14T09:28:00Z,4
2025-02-14T09:34:00Z,5
2025-02-14T10:02:00Z,4
2025-02-14T10:07:00Z,5
2025-02-14T10:27:00Z,4
2025-02-14T10:32:00Z,5
2025-02-14T10:59:00Z,4
2025-02-14T11:03:00Z,5
2025-02-14T11:23:00Z,4
2025-02-14T11:28:00Z,5
2025-02-14T11:51:00Z,4
2025-02-14T11:56:00Z,5
2025-02-14T12:20:00Z,4
2025-02-14T12:25:00Z,5
2025-02-14T12:47:00Z,3
2025-02-14T12:52:00Z,5
2025-02-14T13:18:00Z,4
2025-02-14T13:22:00Z,5
2025-02-14T13:47:00Z,4
2025-02-14T13:50:00Z,5
2025-02-14T14:15:00Z,1
2025-02-14T15:05:00Z,5
2025-02-14T15:25:00Z,4
2025-02-14T15:30:00Z,5
2025-02-14T15:54:00Z,3
2025-02-14T15:59:00Z,5
2025-02-14T16:26:00Z,3
2025-02-14T16:30:00Z,5
2025-02-14T16:53:00Z,3
2025-02-14T16:58:00Z,5
2025-02-14T17:28:00Z,3
2025-02-14T17:32:00Z,5
2025-02-14T17:55:00Z,4
2025-02-14T18:00:00Z,5
2025-02-14T18:30:00Z,3
2025-02-14T18:36:00Z,5
2025-02-14T19:04:00Z,4
2025-02-14T19:09:00Z,5
2025-02-14T19:32:00Z,3
2025-02-14T19:35:00Z,5
2025-02-14T19:59:00Z,3
2025-02-14T20:03:00Z,5
2025-02-14T20:29:00Z,3
2025-02-14T20:33:00Z,5
2025-02-14T20:55:00Z,4
2025-02-14T20:58:00Z,5
2025-02-14T21:26:00Z,3
2025-02-14T21:29:00Z,5
2025-02-14T21:53:00Z,1
2025-02-14T22:40:00Z,5
2025-02-14T23:10:00Z,3
2025-02-14T23:15:00Z,5
2025-02-14T23:38:00Z,4
2025-02-14T23:42:00Z,5
2025-02-15T00:04:00Z,3
2025-02-15T00:07:00Z,5
2025-02-15T00:30:00Z,3
2025-02-15T00:36:00Z,5
2025-02-15T01:02:00Z,3
2025-02-15T01:07:00Z,5
2025-02-15T01:28:00Z,4
2025-02-15T01:34:00Z,5
2025-02-15T01:56:00Z,3
2025-02-15T02:01:00Z,5
2025-02-15T02:27:00Z,4
2025-02-15T02:31:00Z,5
2025-02-15T02:59:00Z,3
2025-02-15T03:04:00Z,5
2025-02-15T03:29:00Z,3
2025-02-15T03:35:00Z,5
2025-02-15T04:04:00Z,3
2025-02-15T04:08:00Z,5
2025-02-15T04:37:00Z,1
2025-02-15T05:17:00Z,5
2025-02-15T05:40:00Z,4
2025-02-15T05:43:00Z,5
2025-02-15T06:09:00Z,3
2025-02-15T06:12:00Z,5
2025-02-15T06:36:00Z,3
2025-02-15T06:39:00Z,5
2025-02-15T07:06:00Z,4
2025-02-15T07:11:00Z,5
2025-02-15T07:32:00Z,4
2025-02-15T07:37:00Z,5
2025-02-15T08:05:00Z,4
2025-02-15T08:10:00Z,5
2025-02-15T08:39:00Z,4
2025-02-15T08:43:00Z,5
2025-02-15T10:22:00Z,4
2025-02-15T10:25:00Z,5
2025-02-15T10:52:00Z,4
2025-02-15T10:58:00Z,5
2025-02-15T11:24:00Z,1
2025-02-15T12:17:00Z,5
2025-02-15T12:37:00Z,3
2025-02-15T12:40:00Z,5
2025-02-15T13:06:00Z,3
2025-02-15T13:11:00Z,5
2025-02-15T13:36:00Z,4
2025-02-15T13:39:00Z,5
2025-02-15T14:04:00Z,3
2025-02-15T14:10:00Z,5
2025-02-15T14:31:00Z,3
2025-02-15T14:34:00Z,5
2025-02-15T14:57:00Z,3
2025-02-15T15:00:00Z,5
2025-02-15T15:27:00Z,3
2025-02-15T15:30:00Z,5
2025-02-15T15:51:00Z,3
2025-02-15T15:54:00Z,5
2025-02-15T16:16:00Z,3
2025-02-15T16:19:00Z,5
2025-02-15T16:40:00Z,4
2025-02-15T16:45:00Z,5
2025-02-15T17:11:00Z,4
2025-02-15T17:16:00Z,5
2025-02-15T17:42:00Z,4
2025-02-15T17:46:00Z,5
2025-02-15T18:06:00Z,3
2025-02-15T18:09:00Z,5
2025-02-15T18:36:00Z,4
2025-02-15T18:41:00Z,5
2025-02-15T19:11:00Z,2
2025-02-15T20:00:00Z,5
2025-02-15T20:23:00Z,3
2025-02-15T20:29:00Z,5
2025-02-15T20:50:00Z,3
2025-02-15T20:56:00Z,5
2025-02-15T21:16:00Z,4
2025-02-15T21:20:00Z,5
2025-02-15T21:44:00Z,4
2025-02-15T21:49:00Z,5
2025-02-15T22:18:00Z,3
2025-02-15T22:21:00Z,5
2025-02-15T22:48:00Z,3
2025-02-15T22:53:00Z,5
2025-02-15T23:14:00Z,4
2025-02-15T23:20:00Z,5
2025-02-15T23:46:00Z,4
2025-02-15T23:51:00Z,5
2025-02-16T00:13:00Z,3
2025-02-16T00:16:00Z,5
2025-02-16T00:40:00Z,3
2025-02-16T00:46:00Z,5
2025-02-16T01:11:00Z,4
2025-02-16T01:17:00Z,5
2025-02-16T01:39:00Z,3
2025-02-16T01:43:00Z,5
2025-02-16T02:05:00Z,1
2025-02-16T03:05:00Z,5
2025-02-16T03:29:00Z,4
2025-02-16T03:35:00Z,5
2025-02-16T04:03:00Z,4
2025-02-16T04:09:00Z,5
2025-02-16T04:35:00Z,3
2025-02-16T04:38:00Z,5
2025-02-16T05:00:00Z,3
2025-02-16T05:06:00Z,5
2025-02-16T05:32:00Z,3
2025-02-16T05:35:00Z,5
2025-02-16T06:05:00Z,3
2025-02-16T06:10:00Z,5
2025-02-16T06:35:00Z,3
2025-02-16T06:39:00Z,5
2025-02-16T07:03:00Z,4
2025-02-16T07:07:00Z,5
2025-02-16T07:30:00Z,3
2025-02-16T07:36:00Z,5
2025-02-16T08:01:00Z,3
2025-02-16T08:04:00Z,5
2025-02-16T08:28:00Z,3
2025-02-16T08:33:00Z,5
2025-02-16T09:00:00Z,4
2025-02-16T09:03:00Z,5
2025-02-16T09:26:00Z,4
2025-02-16T09:31:00Z,5
2025-02-16T09:51:00Z,1
2025-02-16T10:34:00Z,5
2025-02-16T11:03:00Z,4
2025-02-16T11:09:00Z,5
2025-02-16T11:29:00Z,4
2025-02-16T11:33:00Z,5
2025-02-16T12:02:00Z,4
2025-02-16T12:08:00Z,5
2025-02-16T12:38:00Z,4
2025-02-16T12:43:00Z,5
2025-02-16T13:04:00Z,3
2025-02-16T13:10:00Z,5
2025-02-16T13:33:00Z,3
2025-02-16T13:38:00Z,5
2025-02-16T14:01:00Z,4
2025-02-16T14:04:00Z,5
2025-02-16T14:27:00Z,4
2025-02-16T14:31:00Z,5
2025-02-16T14:53:00Z,3
2025-02-16T14:58:00Z,5
2025-02-16T15:28:00Z,4
2025-02-16T15:32:00Z,5
2025-02-16T15:56:00Z,3
2025-02-16T15:59:00Z,5
2025-02-16T16:25:00Z,3
2025-02-16T16:31:00Z,5
2025-02-16T16:58:00Z,2
2025-02-16T17:40:00Z,5
2025-02-16T18:03:00Z,4
2025-02-16T18:07:00Z,5
2025-02-16T18:34:00Z,3
2025-02-16T18:37:00Z,5
2025-02-16T19:07:00Z,4
2025-02-16T19:12:00Z,5
2025-02-16T19:35:00Z,3
2025-02-16T19:40:00Z,5
2025-02-16T20:10:00Z,4
2025-02-16T20:16:00Z,5
2025-02-16T20:44:00Z,3
2025-02-16T20:48:00Z,5
2025-02-16T21:00:00Z,0
2025-02-17T05:00:00Z,0
2025-02-17T13:00:00Z,0
2025-02-17T21:00:00Z,0
2025-02-18T00:00:00Z,5
2025-02-18T01:33:00Z,3
2025-02-18T01:36:00Z,5
2025-02-18T02:03:00Z,4
2025-02-18T02:09:00Z,5
2025-02-18T02:37:00Z,4
2025-02-18T02:41:00Z,5
2025-02-18T03:08:00Z,3
2025-02-18T03:13:00Z,5
2025-02-18T03:34:00Z,3
2025-02-18T03:37:00Z,5
2025-02-18T03:58:00Z,4
2025-02-18T04:03:00Z,5
2025-02-18T04:29:00Z,3
2025-02-18T04:33:00Z,5
2025-02-18T04:54:00Z,3
2025-02-18T04:58:00Z,5
2025-02-18T05:23:00Z,4
2025-02-18T05:26:00Z,5
2025-02-18T05:51:00Z,3
2025-02-18T05:56:00Z,5
2025-02-18T06:21:00Z,3
2025-02-18T06:24:00Z,5
2025-02-18T06:47:00Z,3
2025-02-18T06:51:00Z,5
2025-02-18T07:21:00Z,4
2025-02-18T07:27:00Z,5
2025-02-18T07:54:00Z,4
2025-02-18T07:58:00Z,5
2025-02-18T08:23:00Z,3
2025-02-18T08:29:00Z,5
2025-02-18T08:59:00Z,3
2025-02-18T09:03:00Z,5
2025-02-18T09:31:00Z,3
2025-02-18T09:37:00Z,5
2025-02-18T10:07:00Z,3
2025-02-18T10:11:00Z,5
2025-02-18T10:39:00Z,1
2025-02-18T11:29:00Z,5
2025-02-18T11:55:00Z,4
2025-02-18T11:58:00Z,5
2025-02-18T12:25:00Z,3
2025-02-18T12:30:00Z,5
2025-02-18T12:52:00Z,4
2025-02-18T12:58:00Z,5
2025-02-18T13:28:00Z,4
2025-02-18T13:34:00Z,5
2025-02-18T14:04:00Z,3
2025-02-18T14:08:00Z,5
2025-02-18T14:34:00Z,4
2025-02-18T14:38:00Z,5
2025-02-18T15:06:00Z,4
2025-02-18T15:12:00Z,5
2025-02-18T15:36:00Z,3
2025-02-18T15:41:00Z,5
2025-02-18T16:03:00Z,4
2025-02-18T16:07:00Z,5
2025-02-18T16:31:00Z,3
2025-02-18T16:37:00Z,5
2025-02-18T17:07:00Z,3
2025-02-18T17:13:00Z,5
2025-02-18T17:43:00Z,4
2025-02-18T17:49:00Z,5
2025-02-18T18:09:00Z,4
2025-02-18T18:13:00Z,5
2025-02-18T18:41:00Z,2
2025-02-18T19:29:00Z,5
2025-02-18T19:57:00Z,3
2025-02-18T20:01:00Z,5
2025-02-18T20:24:00Z,3
2025-02-18T20:27:00Z,5
2025-02-18T20:50:00Z,4
2025-02-18T20:54:00Z,5
2025-02-18T21:24:00Z,4
2025-02-18T21:27:00Z,5
2025-02-18T21:52:00Z,4
2025-02-18T21:58:00Z,5
2025-02-18T22:21:00Z,4
2025-02-18T22:24:00Z,5
2025-02-18T22:45:00Z,4
2025-02-18T22:49:00Z,5
2025-02-18T23:11:00Z,3
2025-02-18T23:16:00Z,5
2025-02-18T23:37:00Z,4
2025-02-18T23:40:00Z,5
2025-02-19T00:05:00Z,4
2025-02-19T00:10:00Z,5
2025-02-19T00:31:00Z,4
2025-02-19T00:37:00Z,5
2025-02-19T01:07:00Z,4
2025-02-19T01:13:00Z,5
2025-02-19T01:39:00Z,4
2025-02-19T01:44:00Z,5
2025-02-19T02:14:00Z,4
2025-02-19T02:18:00Z,5
2025-02-19T02:38:00Z,4
2025-02-19T02:43:00Z,5
2025-02-19T03:12:00Z,1
2025-02-19T04:11:00Z,5
2025-02-19T04:34:00Z,3
2025-02-19T04:37:00Z,5
2025-02-19T05:03:00Z,3
2025-02-19T05:09:00Z,5
2025-02-19T05:30:00Z,4
2025-02-19T05:36:00Z,5
2025-02-19T06:05:00Z,4
2025-02-19T06:10:00Z,5
2025-02-19T06:33:00Z,4
2025-02-19T06:39:00Z,5
2025-02-19T07:07:00Z,3
2025-02-19T07:10:00Z,5
2025-02-19T07:34:00Z,4
2025-02-19T07:38:00Z,5
2025-02-19T08:01:00Z,4
2025-02-19T08:06:00Z,5
2025-02-19T08:31:00Z,4
2025-02-19T08:37:00Z,5
2025-02-19T09:05:00Z,3
2025-02-19T09:09:00Z,5
2025-02-19T09:29:00Z,3
2025-02-19T09:33:00Z,5
2025-02-19T09:58:00Z,3
2025-02-19T10:01:00Z,5
2025-02-19T10:26:00Z,1
2025-02-19T11:19:00Z,5
2025-02-19T11:46:00Z,3
2025-02-19T11:52:00Z,5
2025-02-19T12:13:00Z,4
2025-02-19T12:19:00Z,5
2025-02-19T12:47:00Z,3
2025-02-19T12:52:00Z,5
2025-02-19T13:15:00Z,3
2025-02-19T13:21:00Z,5
2025-02-19T13:43:00Z,3
2025-02-19T13:46:00Z,5
2025-02-19T14:09:00Z,4
2025-02-19T14:14:00Z,5
2025-02-19T14:36:00Z,3
2025-02-19T14:41:00Z,5
2025-02-19T15:11:00Z,3
2025-02-19T15:16:00Z,5
2025-02-19T15:39:00Z,3
2025-02-19T15:44:00Z,5
2025-02-19T16:05:00Z,3
2025-02-19T16:08:00Z,5
2025-02-19T16:32:00Z,4
2025-02-19T16:37:00Z,5
2025-02-19T17:00:00Z,3
2025-02-19T17:04:00Z,5
2025-02-19T17:26:00Z,4
2025-02-19T17:32:00Z,5
2025-02-19T18:00:00Z,4
2025-02-19T18:04:00Z,5
2025-02-19T18:28:00Z,4
2025-02-19T18:32:00Z,5
2025-02-19T18:56:00Z,3
2025-02-19T19:01:00Z,5
2025-02-19T19:28:00Z,1
2025-02-19T20:17:00Z,5
2025-02-19T20:46:00Z,3
2025-02-19T20:49:00Z,5
2025-02-19T21:09:00Z,4
2025-02-19T21:12:00Z,5
2025-02-19T21:41:00Z,4
2025-02-19T21:44:00Z,5
2025-02-19T22:14:00Z,4
2025-02-19T22:19:00Z,5
2025-02-19T22:48:00Z,3
2025-02-19T22:54:00Z,5
2025-02-19T23:20:00Z,4
2025-02-19T23:26:00Z,5
2025-02-19T23:47:00Z,4
2025-02-19T23:51:00Z,5
2025-02-20T00:11:00Z,3
2025-02-20T00:15:00Z,5
2025-02-20T00:45:00Z,3
2025-02-20T00:49:00Z,5
2025-02-20T01:19:00Z,4
2025-02-20T01:22:00Z,5
2025-02-20T01:42:00Z,3
2025-02-20T01:45:00Z,5
2025-02-20T02:09:00Z,3
2025-02-20T02:13:00Z,5
2025-02-20T02:39:00Z,4
2025-02-20T02:44:00Z,5
2025-02-20T03:14:00Z,4
2025-02-20T03:20:00Z,5
2025-02-20T03:41:00Z,3
2025-02-20T03:45:00Z,5
2025-02-20T04:07:00Z,2
2025-02-20T04:58:00Z,5
2025-02-20T05:21:00Z,4
2025-02-20T05:25:00Z,5
2025-02-20T05:46:00Z,3
2025-02-20T05:51:00Z,5
2025-02-20T06:15:00Z,4
2025-02-20T06:18:00Z,5
2025-02-20T06:46:00Z,3
2025-02-20T06:50:00Z,5
2025-02-20T07:16:00Z,4
2025-02-20T07:19:00Z,5
2025-02-20T07:39:00Z,3
2025-02-20T07:44:00Z,5
2025-02-20T08:10:00Z,4
2025-02-20T08:16:00Z,5
2025-02-20T08:40:00Z,4
2025-02-20T08:44:00Z,5
2025-02-20T09:08:00Z,4
2025-02-20T09:12:00Z,5
2025-02-20T09:33:00Z,3
2025-02-20T09:36:00Z,5
2025-02-20T10:05:00Z,4
2025-02-20T10:09:00Z,5
2025-02-20T10:29:00Z,3
2025-02-20T10:35:00Z,5
2025-02-20T10:57:00Z,4
2025-02-20T11:01:00Z,5
2025-02-20T11:28:00Z,4
2025-02-20T11:33:00Z,5
2025-02-20T11:59:00Z,2
2025-02-20T12:42:00Z,5
2025-02-20T13:05:00Z,4
2025-02-20T13:10:00Z,5
2025-02-20T13:34:00Z,3
2025-02-20T13:37:00Z,5
2025-02-20T13:58:00Z,4
2025-02-20T14:04:00Z,5
2025-02-20T14:27:00Z,3
2025-02-20T14:30:00Z,5
2025-02-20T14:50:00Z,4
2025-02-20T14:53:00Z,5
2025-02-20T15:17:00Z,4
2025-02-20T15:20:00Z,5
2025-02-20T15:46:00Z,3
2025-02-20T15:51:00Z,5
2025-02-20T16:15:00Z,3
2025-02-20T16:18:00Z,5
2025-02-20T16:42:00Z,3
2025-02-20T16:45:00Z,5
2025-02-20T17:15:00Z,3
2025-02-20T17:21:00Z,5
2025-02-20T17:50:00Z,3
2025-02-20T17:56:00Z,5
2025-02-20T18:24:00Z,3
2025-02-20T18:27:00Z,5
2025-02-20T18:53:00Z,4
2025-02-20T18:59:00Z,5
2025-02-20T19:23:00Z,4
2025-02-20T19:29:00Z,5
2025-02-20T19:58:00Z,4
2025-02-20T20:02:00Z,5
2025-02-20T20:31:00Z,1
2025-02-20T21:27:00Z,5
2025-02-20T21:49:00Z,4
2025-02-20T21:54:00Z,5
2025-02-20T22:16:00Z,3
2025-02-20T22:20:00Z,5
2025-02-20T22:44:00Z,4
2025-02-20T22:49:00Z,5
2025-02-20T23:12:00Z,4
2025-02-20T23:16:00Z,5
2025-02-20T23:42:00Z,3
2025-02-20T23:47:00Z,5
2025-02-21T00:08:00Z,3
2025-02-21T00:12:00Z,5
2025-02-21T00:41:00Z,3
2025-02-21T00:44:00Z,5
2025-02-21T01:06:00Z,4
2025-02-21T01:12:00Z,5
2025-02-21T01:34:00Z,4
2025-02-21T01:38:00Z,5
2025-02-21T02:03:00Z,4
2025-02-21T02:08:00Z,5
2025-02-21T02:36:00Z,4
2025-02-21T02:42:00Z,5
2025-02-21T03:02:00Z,4
2025-02-21T03:07:00Z,5
2025-02-21T03:37:00Z,1
2025-02-21T04:35:00Z,5
2025-02-21T04:59:00Z,3
2025-02-21T05:04:00Z,5
2025-02-21T05:33:00Z,4
2025-02-21T05:38:00Z,5
2025-02-21T06:04:00Z,4
2025-02-21T06:08:00Z,5
2025-02-21T06:35:00Z,3
2025-02-21T06:41:00Z,5
2025-02-21T07:05:00Z,3
2025-02-21T07:11:00Z,5
2025-02-21T07:34:00Z,3
2025-02-21T07:37:00Z,5
2025-02-21T08:05:00Z,3
2025-02-21T08:08:00Z,5
2025-02-21T08:32:00Z,4
2025-02-21T08:38:00Z,5
2025-02-21T08:59:00Z,3
2025-02-21T09:05:00Z,5
2025-02-21T09:25:00Z,4
2025-02-21T09:28:00Z,5
2025-02-21T09:51:00Z,3
2025-02-21T09:54:00Z,5
2025-02-21T10:20:00Z,1
2025-02-21T11:19:00Z,5
2025-02-21T11:43:00Z,3
2025-02-21T11:49:00Z,5
2025-02-21T13:18:00Z,4
2025-02-21T13:24:00Z,5
2025-02-21T13:54:00Z,3
2025-02-21T13:57:00Z,5
2025-02-21T14:26:00Z,4
2025-02-21T14:30:00Z,5
2025-02-21T14:54:00Z,3
2025-02-21T14:58:00Z,5
2025-02-21T15:25:00Z,3
2025-02-21T15:31:00Z,5
2025-02-21T15:51:00Z,4
2025-02-21T15:54:00Z,5
2025-02-21T16:22:00Z,3
2025-02-21T16:28:00Z,5
2025-02-21T16:48:00Z,4
2025-02-21T16:54:00Z,5
2025-02-21T17:19:00Z,4
2025-02-21T17:24:00Z,5
2025-02-21T17:53:00Z,2
2025-02-21T18:49:00Z,5
2025-02-21T19:13:00Z,3
2025-02-21T19:16:00Z,5
2025-02-21T19:44:00Z,4
2025-02-21T19:47:00Z,5
2025-02-21T20:15:00Z,3
2025-02-21T20:20:00Z,5
2025-02-21T20:47:00Z,3
2025-02-21T20:50:00Z,5
2025-02-21T21:15:00Z,4
2025-02-21T21:19:00Z,5
2025-02-21T21:49:00Z,3
2025-02-21T21:53:00Z,5
2025-02-21T22:23:00Z,3
2025-02-21T22:28:00Z,5
2025-02-21T22:51:00Z,4
2025-02-21T22:55:00Z,5
2025-02-21T23:22:00Z,3
2025-02-21T23:28:00Z,5
2025-02-21T23:50:00Z,4
2025-02-21T23:56:00Z,5
2025-02-22T00:22:00Z,2
2025-02-22T01:15:00Z,5
2025-02-22T01:39:00Z,4
2025-02-22T01:42:00Z,5
2025-02-22T02:11:00Z,4
2025-02-22T02:14:00Z,5
2025-02-22T02:40:00Z,3
2025-02-22T02:43:00Z,5
2025-02-22T03:11:00Z,3
2025-02-22T03:14:00Z,5
2025-02-22T03:36:00Z,3
2025-02-22T03:40:00Z,5
2025-02-22T04:06:00Z,4
2025-02-22T04:10:00Z,5
2025-02-22T04:34:00Z,4
2025-02-22T04:37:00Z,5
2025-02-22T05:05:00Z,3
2025-02-22T05:11:00Z,5
2025-02-22T05:31:00Z,4
2025-02-22T05:34:00Z,5
2025-02-22T05:57:00Z,3
2025-02-22T06:03:00Z,5
2025-02-22T06:31:00Z,3
2025-02-22T06:34:00Z,5
2025-02-22T06:54:00Z,4
2025-02-22T06:58:00Z,5
2025-02-22T07:24:00Z,3
2025-02-22T07:27:00Z,5
2025-02-22T07:49:00Z,1
2025-02-22T08:49:00Z,5
2025-02-22T09:10:00Z,3
2025-02-22T09:14:00Z,5
2025-02-22T09:42:00Z,3
2025-02-22T09:46:00Z,5
2025-02-22T10:13:00Z,3
2025-02-22T10:18:00Z,5
2025-02-22T10:45:00Z,4
2025-02-22T10:49:00Z,5
2025-02-22T11:11:00Z,3
2025-02-22T11:16:00Z,5
2025-02-22T11:39:00Z,4
2025-02-22T11:43:00Z,5
2025-02-22T12:10:00Z,3
2025-02-22T12:13:00Z,5
2025-02-22T12:38:00Z,4
2025-02-22T12:44:00Z,5
2025-02-22T13:06:00Z,4
2025-02-22T13:11:00Z,5
2025-02-22T13:35:00Z,4
2025-02-22T13:39:00Z,5
2025-02-22T14:09:00Z,3
2025-02-22T14:14:00Z,5
2025-02-22T14:41:00Z,4
2025-02-22T14:47:00Z,5
2025-02-22T15:15:00Z,2
2025-02-22T15:55:00Z,5
2025-02-22T16:16:00Z,3
2025-02-22T16:19:00Z,5
2025-02-22T16:45:00Z,3
2025-02-22T16:48:00Z,5
2025-02-22T17:16:00Z,3
2025-02-22T17:20:00Z,5
2025-02-22T17:41:00Z,4
2025-02-22T17:44:00Z,5
2025-02-22T18:07:00Z,3
2025-02-22T18:11:00Z,5
2025-02-22T18:33:00Z,3
2025-02-22T18:37:00Z,5
2025-02-22T18:57:00Z,3
2025-02-22T19:00:00Z,5
2025-02-22T19:25:00Z,3
2025-02-22T19:31:00Z,5
2025-02-22T19:59:00Z,3
2025-02-22T20:04:00Z,5
2025-02-22T20:32:00Z,4
2025-02-22T20:36:00Z,5
2025-02-22T21:00:00Z,3
2025-02-22T21:04:00Z,5
2025-02-22T21:32:00Z,3
2025-02-22T21:37:00Z,5
2025-02-22T21:57:00Z,4
2025-02-22T22:02:00Z,5
2025-02-22T22:24:00Z,4
2025-02-22T22:30:00Z,5
2025-02-22T22:55:00Z,1
2025-02-22T23:44:00Z,5
2025-02-23T00:14:00Z,3
2025-02-23T00:17:00Z,5
2025-02-23T00:46:00Z,3
2025-02-23T00:51:00Z,5
2025-02-23T01:16:00Z,4
2025-02-23T01:20:00Z,5
2025-02-23T01:43:00Z,4
2025-02-23T01:46:00Z,5
2025-02-23T02:10:00Z,3
2025-02-23T02:14:00Z,5
2025-02-23T02:43:00Z,4
2025-02-23T02:46:00Z,5
2025-02-23T03:06:00Z,4
2025-02-23T03:11:00Z,5
2025-02-23T03:32:00Z,4
2025-02-23T03:36:00Z,5
2025-02-23T03:56:00Z,3
2025-02-23T04:00:00Z,5
2025-02-23T04:22:00Z,3
2025-02-23T04:27:00Z,5
2025-02-23T04:57:00Z,4
2025-02-23T05:00:00Z,5
2025-02-23T05:25:00Z,3
2025-02-23T05:28:00Z,5
2025-02-23T05:53:00Z,3
2025-02-23T05:59:00Z,5
2025-02-23T06:20:00Z,3
2025-02-23T06:23:00Z,5
2025-02-23T06:49:00Z,2
2025-02-23T07:31:00Z,5
2025-02-23T07:53:00Z,3
2025-02-23T07:57:00Z,5
2025-02-23T08:23:00Z,4
2025-02-23T08:29:00Z,5
2025-02-23T08:51:00Z,4
2025-02-23T08:54:00Z,5
2025-02-23T09:17:00Z,4
2025-02-23T09:23:00Z,5
2025-02-23T09:45:00Z,3
2025-02-23T09:50:00Z,5
2025-02-23T10:11:00Z,3
2025-02-23T10:17:00Z,5
2025-02-23T10:45:00Z,3
2025-02-23T10:49:00Z,5
2025-02-23T11:17:00Z,3
2025-02-23T11:22:00Z,5
2025-02-23T11:44:00Z,4
2025-02-23T11:48:00Z,5
2025-02-23T12:11:00Z,4
2025-02-23T12:15:00Z,5
2025-02-23T12:43:00Z,4
2025-02-23T12:49:00Z,5
2025-02-23T13:12:00Z,3
2025-02-23T13:15:00Z,5
2025-02-23T13:39:00Z,3
2025-02-23T13:45:00Z,5
2025-02-23T14:05:00Z,1
2025-02-23T15:05:00Z,5
2025-02-23T15:32:00Z,4
2025-02-23T15:36:00Z,5
2025-02-23T16:03:00Z,4
2025-02-23T16:08:00Z,5
2025-02-23T16:30:00Z,3
2025-02-23T16:33:00Z,5
2025-02-23T16:57:00Z,3
2025-02-23T17:00:00Z,5
2025-02-23T17:30:00Z,3
2025-02-23T17:33:00Z,5
2025-02-23T17:59:00Z,4
2025-02-23T18:02:00Z,5
2025-02-23T18:24:00Z,3
2025-02-23T18:27:00Z,5
2025-02-23T18:49:00Z,4
2025-02-23T18:54:00Z,5
2025-02-23T19:23:00Z,4
2025-02-23T19:27:00Z,5
2025-02-23T19:49:00Z,3
2025-02-23T19:54:00Z,5
2025-02-23T20:20:00Z,3
2025-02-23T20:24:00Z,5
2025-02-23T20:54:00Z,4
2025-02-23T21:00:00Z,5
2025-02-23T21:23:00Z,1
2025-02-23T22:16:00Z,5
2025-02-23T22:43:00Z,3
2025-02-23T22:48:00Z,5
2025-02-23T23:14:00Z,4
2025-02-23T23:20:00Z,5
2025-02-23T23:40:00Z,3
2025-02-23T23:44:00Z,5
2025-02-24T00:00:00Z,0
2025-02-24T03:00:00Z,5
2025-02-24T04:06:00Z,4
2025-02-24T04:11:00Z,5
2025-02-24T04:34:00Z,3
2025-02-24T04:39:00Z,5
2025-02-24T05:01:00Z,1
2025-02-24T06:01:00Z,5
2025-02-24T06:27:00Z,4
2025-02-24T06:31:00Z,5
2025-02-24T06:58:00Z,4
2025-02-24T07:03:00Z,5
2025-02-24T07:30:00Z,4
2025-02-24T07:34:00Z,5
2025-02-24T08:03:00Z,4
2025-02-24T08:07:00Z,5
2025-02-24T08:37:00Z,3
2025-02-24T08:43:00Z,5
2025-02-24T09:11:00Z,3
2025-02-24T09:17:00Z,5
2025-02-24T09:42:00Z,3
2025-02-24T09:48:00Z,5
2025-02-24T10:09:00Z,3
2025-02-24T10:13:00Z,5
2025-02-24T10:38:00Z,4
2025-02-24T10:44:00Z,5
2025-02-24T11:04:00Z,4
2025-02-24T11:08:00Z,5
2025-02-24T11:36:00Z,4
2025-02-24T11:40:00Z,5
2025-02-24T12:10:00Z,4
2025-02-24T12:13:00Z,5
2025-02-24T12:40:00Z,3
2025-02-24T12:46:00Z,5
2025-02-24T13:06:00Z,4
2025-02-24T13:09:00Z,5
2025-02-24T13:32:00Z,4
2025-02-24T13:38:00Z,5
2025-02-24T14:07:00Z,3
2025-02-24T14:10:00Z,5
2025-02-24T14:35:00Z,1
2025-02-24T15:20:00Z,5
2025-02-24T15:49:00Z,3
2025-02-24T15:55:00Z,5
2025-02-24T16:15:00Z,4
2025-02-24T16:18:00Z,5
2025-02-24T16:42:00Z,3
2025-02-24T16:47:00Z,5
2025-02-24T17:07:00Z,3
2025-02-24T17:13:00Z,5
2025-02-24T17:41:00Z,3
2025-02-24T17:46:00Z,5
2025-02-24T18:13:00Z,3
2025-02-24T18:18:00Z,5
2025-02-24T18:47:00Z,3
2025-02-24T18:53:00Z,5
2025-02-24T19:16:00Z,4
2025-02-24T19:21:00Z,5
2025-02-24T19:46:00Z,4
2025-02-24T19:49:00Z,5
2025-02-24T20:12:00Z,3
2025-02-24T20:17:00Z,5
2025-02-24T20:44:00Z,4
2025-02-24T20:49:00Z,5
2025-02-24T21:09:00Z,4
2025-02-24T21:14:00Z,5
2025-02-24T21:41:00Z,1
2025-02-24T22:32:00Z,5
2025-02-24T22:58:00Z,4
2025-02-24T23:03:00Z,5
2025-02-24T23:32:00Z,4
2025-02-24T23:37:00Z,5
2025-02-25T00:00:00Z,4
2025-02-25T00:05:00Z,5
2025-02-25T00:28:00Z,4
2025-02-25T00:33:00Z,5
2025-02-25T00:53:00Z,3
2025-02-25T00:56:00Z,5
2025-02-25T01:21:00Z,3
2025-02-25T01:26:00Z,5
2025-02-25T01:49:00Z,3
2025-02-25T01:53:00Z,5
2025-02-25T02:14:00Z,4
2025-02-25T02:17:00Z,5
2025-02-25T02:47:00Z,3
2025-02-25T02:50:00Z,5
2025-02-25T03:19:00Z,4
2025-02-25T03:22:00Z,5
2025-02-25T03:52:00Z,4
2025-02-25T03:57:00Z,5
2025-02-25T04:25:00Z,3
2025-02-25T04:29:00Z,5
2025-02-25T04:49:00Z,3
2025-02-25T04:55:00Z,5
2025-02-25T05:20:00Z,1
2025-02-25T06:04:00Z,5
2025-02-25T06:25:00Z,4
2025-02-25T06:28:00Z,5
2025-02-25T06:53:00Z,4
2025-02-25T06:58:00Z,5
2025-02-25T07:28:00Z,4
2025-02-25T07:32:00Z,5
2025-02-25T07:58:00Z,3
2025-02-25T08:03:00Z,5
2025-02-25T08:26:00Z,3
2025-02-25T08:32:00Z,5
2025-02-25T09:02:00Z,3
2025-02-25T09:06:00Z,5
2025-02-25T09:36:00Z,3
2025-02-25T09:40:00Z,5
2025-02-25T10:01:00Z,3
2025-02-25T10:05:00Z,5
2025-02-25T10:31:00Z,4
2025-02-25T10:35:00Z,5
2025-02-25T10:59:00Z,4
2025-02-25T11:04:00Z,5
2025-02-25T11:25:00Z,3
2025-02-25T11:30:00Z,5
2025-02-25T12:00:00Z,3
2025-02-25T12:03:00Z,5
2025-02-25T12:30:00Z,2
2025-02-25T13:29:00Z,5
2025-02-25T13:51:00Z,4
2025-02-25T13:55:00Z,5
2025-02-25T14:21:00Z,4
2025-02-25T14:25:00Z,5
2025-02-25T14:46:00Z,4
2025-02-25T14:52:00Z,5
2025-02-25T15:13:00Z,4
2025-02-25T15:19:00Z,5
2025-02-25T15:48:00Z,3
2025-02-25T15:54:00Z,5
2025-02-25T16:23:00Z,3
2025-02-25T16:28:00Z,5
2025-02-25T16:48:00Z,4
2025-02-25T16:52:00Z,5
2025-02-25T17:13:00Z,3
2025-02-25T17:17:00Z,5
2025-02-25T17:46:00Z,3
2025-02-25T17:49:00Z,5
2025-02-25T18:18:00Z,3
2025-02-25T18:22:00Z,5
2025-02-25T18:52:00Z,3
2025-02-25T18:56:00Z,5
2025-02-25T19:24:00Z,3
2025-02-25T19:28:00Z,5
2025-02-25T19:50:00Z,1
2025-02-25T20:36:00Z,5
2025-02-25T20:56:00Z,3
2025-02-25T21:00:00Z,5
2025-02-25T21:30:00Z,4
2025-02-25T21:33:00Z,5
2025-02-25T21:57:00Z,3
2025-02-25T22:00:00Z,5
2025-02-25T22:28:00Z,3
2025-02-25T22:34:00Z,5
2025-02-25T22:59:00Z,4
2025-02-25T23:04:00Z,5
2025-02-25T23:33:00Z,3
2025-02-25T23:39:00Z,5
2025-02-26T00:05:00Z,3
2025-02-26T00:10:00Z,5
2025-02-26T00:35:00Z,3
2025-02-26T00:41:00Z,5
2025-02-26T01:05:00Z,4
2025-02-26T01:08:00Z,5
2025-02-26T01:32:00Z,4
2025-02-26T01:35:00Z,5
2025-02-26T01:56:00Z,4
2025-02-26T02:01:00Z,5
2025-02-26T02:21:00Z,3
2025-02-26T02:26:00Z,5
2025-02-26T02:48:00Z,3
2025-02-26T02:51:00Z,5
2025-02-26T03:21:00Z,3
2025-02-26T03:26:00Z,5
2025-02-26T03:55:00Z,1
2025-02-26T04:54:00Z,5
2025-02-26T05:22:00Z,3
2025-02-26T05:26:00Z,5
2025-02-26T05:46:00Z,3
2025-02-26T05:49:00Z,5
2025-02-26T06:16:00Z,4
2025-02-26T06:20:00Z,5
2025-02-26T06:46:00Z,3
2025-02-26T06:50:00Z,5
2025-02-26T07:12:00Z,3
2025-02-26T07:18:00Z,5
2025-02-26T07:42:00Z,3
2025-02-26T07:45:00Z,5
2025-02-26T08:14:00Z,3
2025-02-26T08:17:00Z,5
2025-02-26T08:37:00Z,3
2025-02-26T08:42:00Z,5
2025-02-26T09:04:00Z,3
2025-02-26T09:08:00Z,5
2025-02-26T09:28:00Z,4
2025-02-26T09:34:00Z,5
2025-02-26T10:04:00Z,4
2025-02-26T10:07:00Z,5
2025-02-26T10:31:00Z,4
2025-02-26T10:35:00Z,5
2025-02-26T10:56:00Z,4
2025-02-26T11:00:00Z,5
2025-02-26T11:23:00Z,2
2025-02-26T12:03:00Z,5
2025-02-26T12:28:00Z,3
2025-02-26T12:31:00Z,5
2025-02-26T12:56:00Z,3
2025-02-26T13:02:00Z,5
2025-02-26T13:30:00Z,3
2025-02-26T13:36:00Z,5
2025-02-26T13:57:00Z,4
2025-02-26T14:03:00Z,5
2025-02-26T14:30:00Z,4
2025-02-26T14:36:00Z,5
2025-02-26T15:02:00Z,4
2025-02-26T15:06:00Z,5
2025-02-26T15:29:00Z,3
2025-02-26T15:34:00Z,5
2025-02-26T16:01:00Z,4
2025-02-26T16:05:00Z,5
2025-02-26T16:34:00Z,3
2025-02-26T16:40:00Z,5
2025-02-26T17:09:00Z,4
2025-02-26T17:15:00Z,5
2025-02-26T17:44:00Z,3
2025-02-26T17:50:00Z,5
2025-02-26T18:14:00Z,3
2025-02-26T18:19:00Z,5
2025-02-26T18:44:00Z,4
2025-02-26T18:49:00Z,5
2025-02-26T19:14:00Z,3
2025-02-26T19:19:00Z,5
2025-02-26T19:42:00Z,4
2025-02-26T19:46:00Z,5
2025-02-26T20:13:00Z,3
2025-02-26T20:17:00Z,5
2025-02-26T20:41:00Z,2
2025-02-26T21:25:00Z,5
2025-02-26T21:52:00Z,4
2025-02-26T21:55:00Z,5
2025-02-26T22:18:00Z,3
2025-02-26T22:23:00Z,5
2025-02-26T22:49:00Z,4
2025-02-26T22:52:00Z,5
2025-02-26T23:19:00Z,3
2025-02-26T23:25:00Z,5
2025-02-26T23:46:00Z,3
2025-02-26T23:51:00Z,5
2025-02-27T00:11:00Z,4
2025-02-27T00:16:00Z,5
2025-02-27T00:46:00Z,4
2025-02-27T00:49:00Z,5
2025-02-27T01:11:00Z,3
2025-02-27T01:14:00Z,5
2025-02-27T01:34:00Z,3
2025-02-27T01:40:00Z,5
2025-02-27T02:03:00Z,4
2025-02-27T02:06:00Z,5
2025-02-27T02:33:00Z,4
2025-02-27T02:39:00Z,5
2025-02-27T02:59:00Z,4
2025-02-27T03:04:00Z,5
2025-02-27T05:06:00Z,3
2025-02-27T05:09:00Z,5
2025-02-27T05:31:00Z,4
2025-02-27T05:37:00Z,5
2025-02-27T05:59:00Z,3
2025-02-27T06:03:00Z,5
2025-02-27T06:31:00Z,3
2025-02-27T06:34:00Z,5
2025-02-27T06:58:00Z,4
2025-02-27T07:03:00Z,5
2025-02-27T07:30:00Z,4
2025-02-27T07:35:00Z,5
2025-02-27T07:59:00Z,4
2025-02-27T08:05:00Z,5
2025-02-27T08:25:00Z,4
2025-02-27T08:31:00Z,5
2025-02-27T08:58:00Z,3
2025-02-27T09:04:00Z,5
2025-02-27T09:25:00Z,4
2025-02-27T09:30:00Z,5
2025-02-27T09:52:00Z,4
2025-02-27T09:55:00Z,5
2025-02-27T10:23:00Z,4
2025-02-27T10:28:00Z,5
2025-02-27T10:54:00Z,3
2025-02-27T10:59:00Z,5
2025-02-27T11:25:00Z,3
2025-02-27T11:28:00Z,5
2025-02-27T11:53:00Z,2
2025-02-27T12:43:00Z,5
2025-02-27T13:08:00Z,3
2025-02-27T13:14:00Z,5
2025-02-27T13:39:00Z,4
2025-02-27T13:45:00Z,5
2025-02-27T14:13:00Z,3
2025-02-27T14:19:00Z,5
2025-02-27T14:44:00Z,4
2025-02-27T14:50:00Z,5
2025-02-27T15:10:00Z,4
2025-02-27T15:14:00Z,5
2025-02-27T15:42:00Z,4
2025-02-27T15:45:00Z,5
2025-02-27T16:05:00Z,4
2025-02-27T16:08:00Z,5
2025-02-27T16:36:00Z,4
2025-02-27T16:41:00Z,5
2025-02-27T17:03:00Z,3
2025-02-27T17:09:00Z,5
2025-02-27T17:31:00Z,4
2025-02-27T17:37:00Z,5
2025-02-27T18:03:00Z,3
2025-02-27T18:07:00Z,5
2025-02-27T18:28:00Z,4
2025-02-27T18:34:00Z,5
2025-02-27T18:54:00Z,3
2025-02-27T19:00:00Z,5
2025-02-27T19:25:00Z,1
2025-02-27T20:05:00Z,5
2025-02-27T20:32:00Z,4
2025-02-27T20:37:00Z,5
2025-02-27T21:00:00Z,3
2025-02-27T21:04:00Z,5
2025-02-27T21:34:00Z,3
2025-02-27T21:39:00Z,5
2025-02-27T22:07:00Z,3
2025-02-27T22:11:00Z,5
2025-02-27T22:39:00Z,4
2025-02-27T22:45:00Z,5
2025-02-27T23:14:00Z,3
2025-02-27T23:18:00Z,5
2025-02-27T23:38:00Z,3
2025-02-27T23:44:00Z,5
2025-02-28T00:10:00Z,3
2025-02-28T00:16:00Z,5
2025-02-28T00:43:00Z,4
2025-02-28T00:49:00Z,5
2025-02-28T01:10:00Z,3
2025-02-28T01:14:00Z,5
2025-02-28T01:34:00Z,3
2025-02-28T01:38:00Z,5
2025-02-28T02:00:00Z,3
2025-02-28T02:04:00Z,5
2025-02-28T02:30:00Z,4
2025-02-28T02:36:00Z,5
2025-02-28T02:57:00Z,3
2025-02-28T03:01:00Z,5
2025-02-28T03:27:00Z,4
2025-02-28T03:30:00Z,5
2025-02-28T03:54:00Z,1
2025-02-28T04:42:00Z,5
2025-02-28T05:06:00Z,4
2025-02-28T05:10:00Z,5
2025-02-28T05:33:00Z,4
2025-02-28T05:37:00Z,5
2025-02-28T05:58:00Z,3
2025-02-28T06:02:00Z,5
2025-02-28T06:28:00Z,4
2025-02-28T06:33:00Z,5
2025-02-28T07:00:00Z,4
2025-02-28T07:03:00Z,5
2025-02-28T07:25:00Z,3
2025-02-28T07:30:00Z,5
2025-02-28T07:54:00Z,3
2025-02-28T07:57:00Z,5
2025-02-28T08:19:00Z,4
2025-02-28T08:24:00Z,5
2025-02-28T08:52:00Z,3
2025-02-28T08:57:00Z,5
2025-02-28T09:19:00Z,3
2025-02-28T09:23:00Z,5
2025-02-28T09:48:00Z,3
2025-02-28T09:52:00Z,5
2025-02-28T10:21:00Z,3
2025-02-28T10:25:00Z,5
2025-02-28T10:47:00Z,4
2025-02-28T10:51:00Z,5
2025-02-28T11:11:00Z,4
2025-02-28T11:15:00Z,5
2025-02-28T11:44:00Z,4
2025-02-28T11:50:00Z,5
2025-02-28T12:19:00Z,3
2025-02-28T12:22:00Z,5
2025-02-28T12:51:00Z,2
2025-02-28T13:39:00Z,5
2025-02-28T14:08:00Z,3
2025-02-28T14:13:00Z,5
2025-02-28T14:38:00Z,3
2025-02-28T14:44:00Z,5
2025-02-28T15:09:00Z,3
2025-02-28T15:14:00Z,5
2025-02-28T15:35:00Z,4
2025-02-28T15:38:00Z,5
2025-02-28T16:01:00Z,3
2025-02-28T16:05:00Z,5
2025-02-28T16:28:00Z,4
2025-02-28T16:33:00Z,5
2025-02-28T16:53:00Z,4
2025-02-28T16:56:00Z,5
2025-02-28T17:18:00Z,3
2025-02-28T17:21:00Z,5
2025-02-28T17:51:00Z,4
2025-02-28T17:56:00Z,5
2025-02-28T18:26:00Z,3
2025-02-28T18:30:00Z,5
2025-02-28T18:58:00Z,3
2025-02-28T19:01:00Z,5
2025-02-28T19:28:00Z,3
2025-02-28T19:34:00Z,5
2025-02-28T20:01:00Z,1
2025-02-28T20:48:00Z,5
2025-02-28T21:14:00Z,4
2025-02-28T21:17:00Z,5
2025-02-28T21:44:00Z,3
2025-02-28T21:47:00Z,5
2025-02-28T22:09:00Z,4
2025-02-28T22:13:00Z,5
2025-02-28T22:43:00Z,3
2025-02-28T22:49:00Z,5
2025-02-28T23:10:00Z,4
2025-02-28T23:13:00Z,5
2025-02-28T23:35:00Z,3
2025-02-28T23:41:00Z,5
2025-03-01T00:02:00Z,3
2025-03-01T00:06:00Z,5
2025-03-01T00:33:00Z,4
2025-03-01T00:39:00Z,5
2025-03-01T01:03:00Z,4
2025-03-01T01:07:00Z,5
2025-03-01T01:28:00Z,4
2025-03-01T01:33:00Z,5
2025-03-01T02:00:00Z,4
2025-03-01T02:03:00Z,5
2025-03-01T02:26:00Z,3
2025-03-01T02:32:00Z,5
2025-03-01T02:57:00Z,3
2025-03-01T03:01:00Z,5
2025-03-01T03:26:00Z,4
2025-03-01T03:32:00Z,5
2025-03-01T03:52:00Z,3
2025-03-01T03:58:00Z,5
2025-03-01T04:28:00Z,1
2025-03-01T05:08:00Z,5
2025-03-01T05:33:00Z,4
2025-03-01T05:36:00Z,5
2025-03-01T06:01:00Z,4
2025-03-01T06:06:00Z,5
2025-03-01T06:36:00Z,3
2025-03-01T06:40:00Z,5
2025-03-01T07:00:00Z,4
2025-03-01T07:03:00Z,5
2025-03-01T07:28:00Z,4
2025-03-01T07:31:00Z,5
2025-03-01T07:56:00Z,3
2025-03-01T07:59:00Z,5
2025-03-01T08:28:00Z,4
2025-03-01T08:31:00Z,5
2025-03-01T08:51:00Z,3
2025-03-01T08:57:00Z,5
2025-03-01T09:18:00Z,3
2025-03-01T09:23:00Z,5
2025-03-01T09:43:00Z,3
2025-03-01T09:46:00Z,5
2025-03-01T10:07:00Z,4
2025-03-01T10:10:00Z,5
2025-03-01T10:38:00Z,3
2025-03-01T10:44:00Z,5
2025-03-01T11:07:00Z,3
2025-03-01T11:12:00Z,5
2025-03-01T11:37:00Z,2
2025-03-01T12:32:00Z,5
2025-03-01T12:52:00Z,4
2025-03-01T12:58:00Z,5
2025-03-01T13:18:00Z,4
2025-03-01T13:24:00Z,5
2025-03-01T13:47:00Z,4
2025-03-01T13:53:00Z,5
2025-03-01T14:19:00Z,4
2025-03-01T14:25:00Z,5
2025-03-01T14:55:00Z,3
2025-03-01T14:58:00Z,5
2025-03-01T15:18:00Z,4
2025-03-01T15:23:00Z,5
2025-03-01T15:52:00Z,4
2025-03-01T15:57:00Z,5
2025-03-01T16:19:00Z,3
2025-03-01T16:24:00Z,5
2025-03-01T16:49:00Z,4
2025-03-01T16:53:00Z,5
2025-03-01T17:23:00Z,4
2025-03-01T17:26:00Z,5
2025-03-01T17:56:00Z,3
2025-03-01T18:02:00Z,5
2025-03-01T18:23:00Z,3
2025-03-01T18:26:00Z,5
2025-03-01T18:52:00Z,1
2025-03-01T19:47:00Z,5
2025-03-01T20:16:00Z,4
2025-03-01T20:20:00Z,5
2025-03-01T20:48:00Z,3
2025-03-01T20:51:00Z,5
2025-03-01T21:17:00Z,3
2025-03-01T21:20:00Z,5
2025-03-01T21:49:00Z,3
2025-03-01T21:55:00Z,5
2025-03-01T22:20:00Z,4
2025-03-01T22:23:00Z,5
2025-03-01T22:53:00Z,4
2025-03-01T22:57:00Z,5
2025-03-01T23:20:00Z,3
2025-03-01T23:24:00Z,5
2025-03-01T23:44:00Z,4
2025-03-01T23:50:00Z,5
2025-03-02T00:15:00Z,4
2025-03-02T00:21:00Z,5
2025-03-02T00:43:00Z,4
2025-03-02T00:49:00Z,5
2025-03-02T01:16:00Z,4
2025-03-02T01:22:00Z,5
2025-03-02T01:52:00Z,4
2025-03-02T01:56:00Z,5
2025-03-02T02:24:00Z,1
2025-03-02T03:10:00Z,5
2025-03-02T03:36:00Z,3
2025-03-02T03:42:00Z,5
2025-03-02T04:02:00Z,4
2025-03-02T04:07:00Z,5
2025-03-02T04:33:00Z,4
2025-03-02T04:36:00Z,5
2025-03-02T05:04:00Z,4
2025-03-02T05:07:00Z,5
2025-03-02T05:32:00Z,3
2025-03-02T05:38:00Z,5
2025-03-02T06:02:00Z,4
2025-03-02T06:07:00Z,5
2025-03-02T06:33:00Z,4
2025-03-02T06:39:00Z,5
2025-03-02T07:07:00Z,3
2025-03-02T07:11:00Z,5
2025-03-02T07:40:00Z,4
2025-03-02T07:46:00Z,5
2025-03-02T08:06:00Z,3
2025-03-02T08:10:00Z,5
2025-03-02T08:32:00Z,4
2025-03-02T08:37:00Z,5
2025-03-02T09:03:00Z,4
2025-03-02T09:08:00Z,5
2025-03-02T09:37:00Z,2
2025-03-02T10:31:00Z,5
2025-03-02T10:54:00Z,3
2025-03-02T11:00:00Z,5
2025-03-02T11:28:00Z,3
2025-03-02T11:34:00Z,5
2025-03-02T12:02:00Z,4
2025-03-02T12:08:00Z,5
2025-03-02T12:33:00Z,3
2025-03-02T12:38:00Z,5
2025-03-02T12:58:00Z,3
2025-03-02T13:04:00Z,5
2025-03-02T13:30:00Z,3
2025-03-02T13:36:00Z,5
2025-03-02T13:58:00Z,3
2025-03-02T14:03:00Z,5
2025-03-02T14:28:00Z,4
2025-03-02T14:34:00Z,5
2025-03-02T14:55:00Z,3
2025-03-02T15:00:00Z,0
2025-03-02T18:00:00Z,5
2025-03-02T19:06:00Z,3
2025-03-02T19:12:00Z,5
2025-03-02T19:32:00Z,4
2025-03-02T19:37:00Z,5
2025-03-02T19:59:00Z,3
2025-03-02T20:03:00Z,5
2025-03-02T20:30:00Z,3
2025-03-02T20:36:00Z,5
2025-03-02T20:57:00Z,4
2025-03-02T21:03:00Z,5
2025-03-02T21:24:00Z,3
2025-03-02T21:30:00Z,5
2025-03-02T21:53:00Z,3
2025-03-02T21:59:00Z,5
2025-03-02T22:19:00Z,3
2025-03-02T22:23:00Z,5
2025-03-02T22:49:00Z,2
2025-03-02T23:49:00Z,5
2025-03-03T00:09:00Z,4
2025-03-03T00:15:00Z,5
2025-03-03T00:39:00Z,4
2025-03-03T00:42:00Z,5
2025-03-03T01:03:00Z,3
2025-03-03T01:06:00Z,5
2025-03-03T01:35:00Z,4
2025-03-03T01:38:00Z,5
2025-03-03T02:06:00Z,4
2025-03-03T02:09:00Z,5
2025-03-03T02:39:00Z,3
2025-03-03T02:42:00Z,5
2025-03-03T03:06:00Z,3
2025-03-03T03:12:00Z,5
2025-03-03T03:42:00Z,4
2025-03-03T03:48:00Z,5
2025-03-03T04:10:00Z,3
2025-03-03T04:13:00Z,5
2025-03-03T04:37:00Z,3
2025-03-03T04:43:00Z,5
2025-03-03T05:13:00Z,4
2025-03-03T05:16:00Z,5
2025-03-03T05:43:00Z,3
2025-03-03T05:46:00Z,5
2025-03-03T06:14:00Z,4
2025-03-03T06:20:00Z,5
2025-03-03T06:41:00Z,4
2025-03-03T06:45:00Z,5
2025-03-03T07:09:00Z,1
2025-03-03T08:08:00Z,5
2025-03-03T08:35:00Z,3
2025-03-03T08:40:00Z,5
2025-03-03T09:09:00Z,4
2025-03-03T09:12:00Z,5
2025-03-03T09:34:00Z,4
2025-03-03T09:40:00Z,5
2025-03-03T10:01:00Z,3
2025-03-03T10:06:00Z,5
2025-03-03T10:36:00Z,3
2025-03-03T10:39:00Z,5
2025-03-03T11:02:00Z,4
2025-03-03T11:05:00Z,5
2025-03-03T11:27:00Z,3
2025-03-03T11:32:00Z,5
2025-03-03T11:52:00Z,4
2025-03-03T11:55:00Z,5
2025-03-03T12:23:00Z,4
2025-03-03T12:29:00Z,5
2025-03-03T12:51:00Z,3
2025-03-03T12:54:00Z,5
2025-03-03T13:17:00Z,3
2025-03-03T13:22:00Z,5
2025-03-03T13:43:00Z,4
2025-03-03T13:48:00Z,5
2025-03-03T14:15:00Z,4
2025-03-03T14:18:00Z,5
2025-03-03T14:46:00Z,1
2025-03-03T15:27:00Z,5
2025-03-03T15:57:00Z,3
2025-03-03T16:01:00Z,5
2025-03-03T16:25:00Z,3
2025-03-03T16:29:00Z,5
2025-03-03T16:53:00Z,3
2025-03-03T16:57:00Z,5
2025-03-03T17:22:00Z,4
2025-03-03T17:26:00Z,5
2025-03-03T17:55:00Z,3
2025-03-03T17:58:00Z,5
2025-03-03T18:25:00Z,4
2025-03-03T18:29:00Z,5
2025-03-03T18:57:00Z,3
2025-03-03T19:02:00Z,5
2025-03-03T19:32:00Z,4
2025-03-03T19:38:00Z,5
2025-03-03T20:04:00Z,4
2025-03-03T20:10:00Z,5
2025-03-03T20:37:00Z,3
2025-03-03T20:41:00Z,5
2025-03-03T21:04:00Z,4
2025-03-03T21:09:00Z,5
2025-03-03T21:37:00Z,4
2025-03-03T21:42:00Z,5
2025-03-03T22:03:00Z,3
2025-03-03T22:09:00Z,5
2025-03-03T22:36:00Z,4
2025-03-03T22:40:00Z,5
2025-03-03T23:10:00Z,2
2025-03-04T00:07:00Z,5
2025-03-04T00:37:00Z,4
2025-03-04T00:40:00Z,5
2025-03-04T01:00:00Z,3
2025-03-04T01:03:00Z,5
2025-03-04T01:27:00Z,4
2025-03-04T01:33:00Z,5
2025-03-04T01:57:00Z,4
2025-03-04T02:00:00Z,5
2025-03-04T02:24:00Z,3
2025-03-04T02:29:00Z,5
2025-03-04T02:53:00Z,3
2025-03-04T02:56:00Z,5
2025-03-04T03:26:00Z,3
2025-03-04T03:30:00Z,5
2025-03-04T03:52:00Z,3
2025-03-04T03:57:00Z,5
2025-03-04T04:25:00Z,4
2025-03-04T04:31:00Z,5
2025-03-04T04:56:00Z,3
2025-03-04T05:00:00Z,5
2025-03-04T05:28:00Z,4
2025-03-04T05:33:00Z,5
2025-03-04T05:55:00Z,4
2025-03-04T05:59:00Z,5
2025-03-04T07:48:00Z,4
2025-03-04T07:53:00Z,5
2025-03-04T08:17:00Z,4
2025-03-04T08:22:00Z,5
2025-03-04T08:42:00Z,4
2025-03-04T08:48:00Z,5
2025-03-04T09:08:00Z,3
2025-03-04T09:13:00Z,5
2025-03-04T09:38:00Z,3
2025-03-04T09:41:00Z,5
2025-03-04T10:02:00Z,3
2025-03-04T10:07:00Z,5
2025-03-04T10:35:00Z,3
2025-03-04T10:39:00Z,5
2025-03-04T11:04:00Z,3
2025-03-04T11:10:00Z,5
2025-03-04T11:35:00Z,3
2025-03-04T11:39:00Z,5
2025-03-04T12:07:00Z,3
2025-03-04T12:13:00Z,5
2025-03-04T12:38:00Z,4
2025-03-04T12:42:00Z,5
2025-03-04T13:04:00Z,4
2025-03-04T13:09:00Z,5
2025-03-04T13:37:00Z,1
2025-03-04T14:33:00Z,5
2025-03-04T14:56:00Z,4
2025-03-04T15:02:00Z,5
2025-03-04T15:30:00Z,4
2025-03-04T15:35:00Z,5
2025-03-04T16:00:00Z,4
2025-03-04T16:04:00Z,5
2025-03-04T16:28:00Z,4
2025-03-04T16:33:00Z,5
2025-03-04T16:54:00Z,3
2025-03-04T17:00:00Z,5
2025-03-04T17:30:00Z,4
2025-03-04T17:34:00Z,5
2025-03-04T18:01:00Z,3
2025-03-04T18:07:00Z,5
2025-03-04T18:27:00Z,4
2025-03-04T18:33:00Z,5
2025-03-04T18:54:00Z,4
2025-03-04T18:58:00Z,5
2025-03-04T19:22:00Z,4
2025-03-04T19:27:00Z,5
2025-03-04T19:55:00Z,3
2025-03-04T19:59:00Z,5
2025-03-04T20:22:00Z,2
2025-03-04T21:16:00Z,5
2025-03-04T21:42:00Z,3
2025-03-04T21:45:00Z,5
2025-03-04T22:09:00Z,3
2025-03-04T22:15:00Z,5
2025-03-04T22:41:00Z,3
2025-03-04T22:45:00Z,5
2025-03-04T23:11:00Z,3
2025-03-04T23:16:00Z,5
2025-03-04T23:40:00Z,4
2025-03-04T23:44:00Z,5
2025-03-05T00:14:00Z,4
2025-03-05T00:17:00Z,5
2025-03-05T00:43:00Z,4
2025-03-05T00:48:00Z,5
2025-03-05T01:15:00Z,4
2025-03-05T01:18:00Z,5
2025-03-05T01:41:00Z,3
2025-03-05T01:47:00Z,5
2025-03-05T02:17:00Z,3
2025-03-05T02:22:00Z,5
2025-03-05T02:47:00Z,4
2025-03-05T02:51:00Z,5
2025-03-05T03:19:00Z,3
2025-03-05T03:24:00Z,5
2025-03-05T03:52:00Z,3
2025-03-05T03:58:00Z,5
2025-03-05T04:26:00Z,4
2025-03-05T04:31:00Z,5
2025-03-05T04:55:00Z,2
2025-03-05T05:36:00Z,5
2025-03-05T05:58:00Z,4
2025-03-05T06:03:00Z,5
2025-03-05T06:26:00Z,3
2025-03-05T06:32:00Z,5
2025-03-05T06:52:00Z,3
2025-03-05T06:57:00Z,5
2025-03-05T07:17:00Z,3
2025-03-05T07:21:00Z,5
2025-03-05T07:41:00Z,3
2025-03-05T07:44:00Z,5
2025-03-05T08:13:00Z,3
2025-03-05T08:18:00Z,5
2025-03-05T08:42:00Z,3
2025-03-05T08:45:00Z,5
2025-03-05T09:12:00Z,4
2025-03-05T09:16:00Z,5
2025-03-05T09:44:00Z,4
2025-03-05T09:50:00Z,5
2025-03-05T10:11:00Z,3
2025-03-05T10:17:00Z,5
2025-03-05T10:43:00Z,3
2025-03-05T10:48:00Z,5
2025-03-05T11:12:00Z,3
2025-03-05T11:17:00Z,5
2025-03-05T11:47:00Z,3
2025-03-05T11:50:00Z,5
2025-03-05T12:11:00Z,1
2025-03-05T13:05:00Z,5
2025-03-05T13:34:00Z,3
2025-03-05T13:40:00Z,5
2025-03-05T14:05:00Z,3
2025-03-05T14:11:00Z,5
2025-03-05T14:35:00Z,3
2025-03-05T14:41:00Z,5
2025-03-05T15:01:00Z,3
2025-03-05T15:05:00Z,5
2025-03-05T15:33:00Z,3
2025-03-05T15:39:00Z,5
2025-03-05T16:03:00Z,4
2025-03-05T16:08:00Z,5
2025-03-05T16:36:00Z,3
2025-03-05T16:41:00Z,5
2025-03-05T17:03:00Z,4
2025-03-05T17:06:00Z,5
2025-03-05T17:35:00Z,4
2025-03-05T17:38:00Z,5
2025-03-05T17:59:00Z,3
2025-03-05T18:04:00Z,5
2025-03-05T19:26:00Z,1
2025-03-05T20:07:00Z,5
2025-03-05T20:33:00Z,3
2025-03-05T20:36:00Z,5
2025-03-05T20:59:00Z,3
2025-03-05T21:02:00Z,5
2025-03-05T21:28:00Z,4
2025-03-05T21:31:00Z,5
2025-03-05T21:52:00Z,3
2025-03-05T21:57:00Z,5
2025-03-05T22:19:00Z,3
2025-03-05T22:23:00Z,5
2025-03-05T22:52:00Z,3
2025-03-05T22:57:00Z,5
2025-03-05T23:23:00Z,3
2025-03-05T23:27:00Z,5
2025-03-05T23:53:00Z,3
2025-03-05T23:58:00Z,5
2025-03-06T00:21:00Z,4
2025-03-06T00:25:00Z,5
2025-03-06T00:49:00Z,4
2025-03-06T00:54:00Z,5
2025-03-06T01:15:00Z,4
2025-03-06T01:20:00Z,5
2025-03-06T01:45:00Z,4
2025-03-06T01:51:00Z,5
2025-03-06T02:14:00Z,3
2025-03-06T02:19:00Z,5
2025-03-06T02:49:00Z,3
2025-03-06T02:53:00Z,5
2025-03-06T03:14:00Z,1
2025-03-06T04:04:00Z,5
2025-03-06T04:29:00Z,4
2025-03-06T04:32:00Z,5
2025-03-06T04:54:00Z,3
2025-03-06T05:00:00Z,5
2025-03-06T05:27:00Z,3
2025-03-06T05:32:00Z,5
2025-03-06T05:52:00Z,3
2025-03-06T05:56:00Z,5
2025-03-06T06:18:00Z,4
2025-03-06T06:21:00Z,5
2025-03-06T06:50:00Z,4
2025-03-06T06:55:00Z,5
2025-03-06T07:18:00Z,3
2025-03-06T07:24:00Z,5
2025-03-06T07:45:00Z,4
2025-03-06T07:50:00Z,5
2025-03-06T08:17:00Z,4
2025-03-06T08:23:00Z,5
2025-03-06T08:46:00Z,3
2025-03-06T08:50:00Z,5
2025-03-06T09:13:00Z,3
2025-03-06T09:17:00Z,5
2025-03-06T09:44:00Z,3
2025-03-06T09:48:00Z,5
2025-03-06T10:12:00Z,4
2025-03-06T10:18:00Z,5
2025-03-06T10:45:00Z,2
2025-03-06T11:44:00Z,5
2025-03-06T12:07:00Z,4
2025-03-06T12:13:00Z,5
2025-03-06T12:36:00Z,3
2025-03-06T12:40:00Z,5
2025-03-06T13:05:00Z,4
2025-03-06T13:08:00Z,5
2025-03-06T13:35:00Z,4
2025-03-06T13:40:00Z,5
2025-03-06T14:00:00Z,3
2025-03-06T14:06:00Z,5
2025-03-06T14:30:00Z,4
2025-03-06T14:33:00Z,5
2025-03-06T15:03:00Z,3
2025-03-06T15:06:00Z,5
2025-03-06T15:29:00Z,3
2025-03-06T15:33:00Z,5
2025-03-06T16:01:00Z,3
2025-03-06T16:07:00Z,5
2025-03-06T16:31:00Z,4
2025-03-06T16:34:00Z,5
2025-03-06T16:54:00Z,4
2025-03-06T16:58:00Z,5
2025-03-06T17:23:00Z,3
2025-03-06T17:26:00Z,5
2025-03-06T17:56:00Z,3
2025-03-06T17:59:00Z,5
2025-03-06T18:26:00Z,4
2025-03-06T18:32:00Z,5
