Timestamp,Value
2024-10-01T17:24:00Z,0.6693695
2024-10-01T18:00:00Z,0.027551938
2024-10-01T18:36:00Z,0.029779281
2024-10-01T19:12:00Z,0.5898092
2024-10-01T21:36:00Z,0.4474338
2024-10-01T22:12:00Z,0.070445575
2024-10-01T22:48:00Z,0.8850077
2024-10-01T23:24:00Z,0
2024-10-02T00:36:00Z,0.45436528
2024-10-02T01:12:00Z,0.30912828
2024-10-02T01:48:00Z,0.9924096
2024-10-02T02:24:00Z,0
2024-10-02T03:36:00Z,0.09192124
2024-10-02T04:12:00Z,0.6784412
2024-10-02T05:24:00Z,0.3268601
2024-10-02T06:00:00Z,0.9767921
2024-10-02T06:36:00Z,0
2024-10-02T07:12:00Z,0.6532231
2024-10-02T08:24:00Z,0.19508418
2024-10-02T09:00:00Z,0.8933749
2024-10-02T09:36:00Z,0
2024-10-02T10:12:00Z,0.8175374
2024-10-02T10:48:00Z,0
2024-10-02T11:24:00Z,0.12826876
2024-10-02T12:00:00Z,0.93480074
2024-10-02T12:36:00Z,0
2024-10-02T14:24:00Z,0.97127867
2024-10-02T15:00:00Z,0
2024-10-02T15:36:00Z,0.56166965
2024-10-02T16:48:00Z,0.85122746
2024-10-02T17:24:00Z,0
2024-10-02T18:36:00Z,0.9180933
2024-10-02T19:12:00Z,0
2024-10-02T19:48:00Z,0.7204977
2024-10-02T21:00:00Z,0.4143193
2024-10-02T21:36:00Z,0.8782603
2024-10-02T22:12:00Z,0
2024-10-02T22:48:00Z,0.4620949
2024-10-02T23:24:00Z,0.1896135
2024-10-03T00:00:00Z,0.721433
2024-10-03T01:12:00Z,0.8031553
2024-10-03T01:48:00Z,0
2024-10-03T03:00:00Z,0.7436405
2024-10-03T03:36:00Z,0.16972353
2024-10-03T04:48:00Z,0.9666189
2024-10-03T05:24:00Z,0
2024-10-03T06:00:00Z,0.40589622
2024-10-03T09:36:00Z,0.033198442
2024-10-03T10:12:00Z,0.7974541
2024-10-03T10:48:00Z,0
2024-10-03T12:36:00Z,0.52048147
2024-10-03T13:48:00Z,0.24619715
2024-10-03T15:00:00Z,0.52799326
2024-10-03T16:12:00Z,0.35152158
2024-10-03T16:48:00Z,0.614614
2024-10-03T17:24:00Z,0.10758698
2024-10-03T18:00:00Z,0.4886274
2024-10-03T19:12:00Z,0.045364432
2024-10-03T19:48:00Z,0.3441675
2024-10-03T20:24:00Z,0.15069716
2024-10-03T21:00:00Z,0.45683226
2024-10-03T22:12:00Z,0.45999342
2024-10-03T22:48:00Z,0.0699065
2024-10-03T23:24:00Z,0.52453434
2024-10-04T00:00:00Z,0.50150514
2024-10-04T00:36:00Z,0.0579674
2024-10-04T01:12:00Z,0.7807511
2024-10-04T01:48:00Z,0
2024-10-04T03:00:00Z,0.61784434
2024-10-04T04:12:00Z,0.7770404
2024-10-04T04:48:00Z,0
2024-10-04T05:24:00Z,0.87588567
2024-10-04T06:00:00Z,0
2024-10-04T07:48:00Z,0.82371473
2024-10-04T08:24:00Z,0
2024-10-04T09:00:00Z,0.91277295
2024-10-04T09:36:00Z,0
2024-10-04T10:48:00Z,0.78620374
2024-10-04T11:24:00Z,0
2024-10-04T12:00:00Z,0.46114188
2024-10-04T13:12:00Z,0.02904225
2024-10-04T14:24:00Z,0.9379195
2024-10-04T15:00:00Z,0
2024-10-04T16:12:00Z,0.8710147
2024-10-04T16:48:00Z,0
2024-10-04T17:24:00Z,0.22245611
2024-10-04T18:00:00Z,0.88442796
2024-10-04T18:36:00Z,0
2024-10-04T19:12:00Z,0.94352746
2024-10-04T19:48:00Z,0
2024-10-04T20:24:00Z,0.74207014
2024-10-04T21:36:00Z,0.33304268
2024-10-04T22:48:00Z,0.24047972
2024-10-04T23:24:00Z,0.8377103
2024-10-05T00:00:00Z,0
2024-10-05T00:36:00Z,0.07760012
2024-10-05T01:12:00Z,0.7984122
2024-10-05T01:48:00Z,0
2024-10-05T02:24:00Z,0.96609175
2024-10-05T03:00:00Z,0
2024-10-05T03:36:00Z,0.043244097
2024-10-05T04:12:00Z,0.66915834
2024-10-05T04:48:00Z,0.20371
2024-10-05T06:36:00Z,0.83378434
2024-10-05T07:12:00Z,0
2024-10-05T07:48:00Z,0.934218
2024-10-05T08:24:00Z,0
2024-10-05T09:00:00Z,0.7287904
2024-10-05T09:36:00Z,0.8488607
2024-10-05T10:12:00Z,0
2024-10-05T10:48:00Z,0.8025665
2024-10-05T11:24:00Z,0
2024-10-05T12:00:00Z,0.69913536
2024-10-05T13:12:00Z,0.17353943
2024-10-05T13:48:00Z,0.7136368
2024-10-05T14:24:00Z,0.14072312
2024-10-05T15:36:00Z,0.9216083
2024-10-05T16:12:00Z,0
2024-10-05T16:48:00Z,0.09953627
2024-10-05T17:24:00Z,0.7461146
2024-10-05T18:00:00Z,0.5258472
2024-10-05T18:36:00Z,0.82771546
2024-10-05T19:12:00Z,0
2024-10-05T20:24:00Z,0.9857982
2024-10-05T21:00:00Z,0
2024-10-05T22:12:00Z,0.16706112
2024-10-05T22:48:00Z,0.6323827
2024-10-05T23:24:00Z,0.2393195
2024-10-06T00:00:00Z,0.9082858
2024-10-06T00:36:00Z,0
2024-10-06T01:12:00Z,0.3988247
2024-10-06T01:48:00Z,0.1266417
2024-10-06T02:24:00Z,0.82077265
2024-10-06T03:00:00Z,0
2024-10-06T03:36:00Z,0.9446312
2024-10-06T04:12:00Z,0
2024-10-06T04:48:00Z,0.6877904
2024-10-06T05:24:00Z,0.14489256
2024-10-06T06:00:00Z,0.7925523
2024-10-06T06:36:00Z,0
2024-10-06T07:48:00Z,0.7721602
2024-10-06T08:24:00Z,0
2024-10-06T09:36:00Z,0.46325836
2024-10-06T10:12:00Z,0.32130077
2024-10-06T10:48:00Z,0.95809335
2024-10-06T11:24:00Z,0
2024-10-06T12:36:00Z,0.23374026
2024-10-06T13:48:00Z,0.38605466
2024-10-06T15:36:00Z,0.6502185
2024-10-06T16:12:00Z,0.14248618
2024-10-06T16:48:00Z,0.805351
2024-10-06T17:24:00Z,0
2024-10-06T18:36:00Z,0.79496664
2024-10-06T19:12:00Z,0
2024-10-06T19:48:00Z,0.7079172
2024-10-06T20:24:00Z,0.13193464
2024-10-06T21:36:00Z,0.7644608
2024-10-06T22:12:00Z,0
2024-10-06T23:24:00Z,0.66046697
2024-10-07T00:00:00Z,0.35922563
2024-10-07T00:36:00Z,0.97589445
2024-10-07T01:12:00Z,0
2024-10-07T01:48:00Z,0.7942139
2024-10-07T02:24:00Z,0
2024-10-07T03:36:00Z,0.57165223
2024-10-07T06:00:00Z,0.32168487
2024-10-07T06:36:00Z,0.9073862
2024-10-07T07:12:00Z,0
2024-10-07T08:24:00Z,0.5086013
2024-10-07T09:36:00Z,0.5279521
2024-10-07T10:12:00Z,0.2173324
2024-10-07T10:48:00Z,0.93667483
2024-10-07T11:24:00Z,0
2024-10-07T12:36:00Z,0.5785328
2024-10-07T13:48:00Z,0.5850699
2024-10-07T14:24:00Z,0.99960667
2024-10-07T15:00:00Z,0
2024-10-07T15:36:00Z,0.6032592
2024-10-07T16:48:00Z,0.75715953
2024-10-07T17:24:00Z,0
2024-10-07T18:00:00Z,0.78753954
2024-10-07T18:36:00Z,0
2024-10-07T19:12:00Z,0.15168944
2024-10-07T19:48:00Z,0.8427231
2024-10-07T20:24:00Z,0
2024-10-07T21:00:00Z,0.4788106
2024-10-07T21:36:00Z,0.005728642
2024-10-07T23:24:00Z,0.7587947
2024-10-08T00:00:00Z,0
2024-10-08T01:12:00Z,0.44970873
2024-10-08T01:48:00Z,0.1455952
2024-10-08T03:00:00Z,0.5224641
2024-10-08T03:36:00Z,0.07453396
2024-10-08T06:36:00Z,0.85767585
2024-10-08T07:12:00Z,0
2024-10-08T08:24:00Z,0.51188004
2024-10-08T09:00:00Z,0.17373943
2024-10-08T10:48:00Z,0.8126807
2024-10-08T11:24:00Z,0
2024-10-08T12:00:00Z,0.6608603
2024-10-08T12:36:00Z,0.2709025
2024-10-08T13:48:00Z,0.26326737
2024-10-08T14:24:00Z,0.57917494
2024-10-08T15:00:00Z,0.2593108
2024-10-08T16:12:00Z,0.41421074
2024-10-08T16:48:00Z,0.14058429
2024-10-08T17:24:00Z,0.74558336
2024-10-08T19:48:00Z,0.7888484
2024-10-08T20:24:00Z,0
2024-10-08T21:00:00Z,0.7316051
2024-10-08T21:36:00Z,0.8943319
2024-10-08T22:12:00Z,0
2024-10-08T22:48:00Z,0.542305
2024-10-09T00:00:00Z,0.078103304
2024-10-09T01:12:00Z,0.76809067
2024-10-09T01:48:00Z,0
2024-10-09T02:24:00Z,0.72912866
2024-10-09T03:00:00Z,0.23620082
2024-10-09T04:12:00Z,0.93855524
2024-10-09T04:48:00Z,0
2024-10-09T06:00:00Z,0.57455635
2024-10-09T07:48:00Z,0.04120701
2024-10-09T08:24:00Z,0.6993715
2024-10-09T09:00:00Z,0.24831381
2024-10-09T10:12:00Z,0.69429547
2024-10-09T11:24:00Z,0.37924576
2024-10-09T12:00:00Z,0.49854627
2024-10-09T12:36:00Z,0.15438141
2024-10-09T13:48:00Z,0.62643635
2024-10-09T14:24:00Z,0.114146866
2024-10-09T15:36:00Z,0.5000499
2024-10-09T16:12:00Z,0.05484602
2024-10-09T16:48:00Z,0.8513353
2024-10-09T17:24:00Z,0
2024-10-09T18:00:00Z,0.8375112
2024-10-09T18:36:00Z,0
2024-10-09T20:24:00Z,0.6394494
2024-10-09T21:00:00Z,0.20363283
2024-10-09T21:36:00Z,0.5716997
2024-10-09T22:48:00Z,0.28532296
2024-10-10T00:00:00Z,0.8523628
2024-10-10T00:36:00Z,0
2024-10-10T01:12:00Z,0.09443736
2024-10-10T01:48:00Z,0.9727193
2024-10-10T02:24:00Z,0
2024-10-10T03:00:00Z,0.71533924
2024-10-10T03:36:00Z,0.4719077
2024-10-10T04:12:00Z,0.7483883
2024-10-10T04:48:00Z,0.28331152
2024-10-10T06:00:00Z,0.7076363
2024-10-10T06:36:00Z,0.5986266
2024-10-10T07:12:00Z,0.9373243
2024-10-10T07:48:00Z,0
2024-10-10T08:24:00Z,0.7090323
2024-10-10T09:00:00Z,0.42403984
2024-10-10T09:36:00Z,0.9141362
2024-10-10T10:12:00Z,0
2024-10-10T10:48:00Z,0.6318046
2024-10-10T12:36:00Z,0.15187149
2024-10-10T13:48:00Z,0.34871215
2024-10-10T14:24:00Z,0.028532447
2024-10-10T15:36:00Z,0.86686873
2024-10-10T16:12:00Z,0
2024-10-10T17:24:00Z,0.14072877
2024-10-10T18:00:00Z,0.6053746
2024-10-10T19:12:00Z,0.17197895
2024-10-10T20:24:00Z,0.67039347
2024-10-10T21:00:00Z,0.23852728
2024-10-10T22:48:00Z,0.8751619
2024-10-10T23:24:00Z,0
2024-10-11T00:00:00Z,0.7004913
2024-10-11T01:12:00Z,0.123195544
2024-10-11T03:00:00Z,0.07045553
2024-10-11T04:12:00Z,0.7734074
2024-10-11T04:48:00Z,0
2024-10-11T07:12:00Z,0.75164586
2024-10-11T07:48:00Z,0
2024-10-11T08:24:00Z,0.9559619
2024-10-11T09:00:00Z,0
2024-10-11T09:36:00Z,0.55550504
2024-10-11T10:48:00Z,0.84689736
2024-10-11T11:24:00Z,0
2024-10-11T12:36:00Z,0.9872391
2024-10-11T13:12:00Z,0
2024-10-11T13:48:00Z,0.07288625
2024-10-11T14:24:00Z,0.90498435
2024-10-11T15:00:00Z,0
2024-10-11T15:36:00Z,0.7146653
2024-10-11T16:48:00Z,0.83589387
2024-10-11T17:24:00Z,0
2024-10-11T18:00:00Z,0.59846544
2024-10-11T19:48:00Z,0.9404801
2024-10-11T20:24:00Z,0
2024-10-11T21:36:00Z,0.85810876
2024-10-11T22:12:00Z,0
2024-10-12T00:00:00Z,0.01947138
2024-10-12T01:12:00Z,0.6772366
2024-10-12T01:48:00Z,0.019049557
2024-10-12T02:24:00Z,0.15398212
2024-10-12T03:00:00Z,0.72347605
2024-10-12T03:36:00Z,0.6505305
2024-10-12T04:12:00Z,0.15170792
2024-10-12T04:48:00Z,0.3606773
2024-10-12T05:24:00Z,0.058194183
2024-10-12T06:00:00Z,0.5183993
2024-10-12T06:36:00Z,0.3085465
2024-10-12T07:12:00Z,0.9782586
2024-10-12T07:48:00Z,0
2024-10-12T08:24:00Z,0.034351144
2024-10-12T09:36:00Z,0.98000747
2024-10-12T10:12:00Z,0
2024-10-12T12:00:00Z,0.8055264
2024-10-12T12:36:00Z,0
2024-10-12T13:12:00Z,0.3177554
2024-10-12T14:24:00Z,0.39211646
2024-10-12T15:00:00Z,0.06990353
2024-10-12T16:12:00Z,0.12623495
2024-10-12T16:48:00Z,0.7439532
2024-10-12T18:00:00Z,0.3966484
2024-10-12T20:24:00Z,0.83309585
2024-10-12T21:00:00Z,0
2024-10-12T21:36:00Z,0.80203825
2024-10-12T22:12:00Z,0
2024-10-12T23:24:00Z,0.7176092
2024-10-13T00:36:00Z,0.1951544
2024-10-13T01:48:00Z,0.20132695
2024-10-13T02:24:00Z,0.76693964
2024-10-13T03:00:00Z,0
2024-10-13T03:36:00Z,0.69306076
2024-10-13T04:12:00Z,0.21663897
2024-10-13T04:48:00Z,0.2599042
2024-10-13T05:24:00Z,0.7509871
2024-10-13T06:00:00Z,0
2024-10-13T06:36:00Z,0.7778755
2024-10-13T07:12:00Z,0
2024-10-13T07:48:00Z,0.75285155
2024-10-13T08:24:00Z,0
2024-10-13T10:12:00Z,0.23905902
2024-10-13T10:48:00Z,0.89177585
2024-10-13T11:24:00Z,0
2024-10-13T12:00:00Z,0.83352876
2024-10-13T12:36:00Z,0
2024-10-13T14:24:00Z,0.8788894
2024-10-13T15:00:00Z,0
2024-10-13T15:36:00Z,0.74068695
2024-10-13T16:12:00Z,0.9063029
2024-10-13T16:48:00Z,0
2024-10-13T18:36:00Z,0.52609843
2024-10-13T19:12:00Z,0.9361568
2024-10-13T19:48:00Z,0
2024-10-13T20:24:00Z,0.87384754
2024-10-13T21:00:00Z,0
2024-10-13T22:12:00Z,0.9094979
2024-10-13T22:48:00Z,0
2024-10-14T00:00:00Z,0.025700757
2024-10-14T00:36:00Z,0.70678407
2024-10-14T01:48:00Z,0.9862808
2024-10-14T02:24:00Z,0
2024-10-14T03:36:00Z,0.84630054
2024-10-14T04:12:00Z,0
2024-10-14T04:48:00Z,0.03635132
2024-10-14T05:24:00Z,0.659486
2024-10-14T06:00:00Z,0.15053478
2024-10-14T08:24:00Z,0.6885397
2024-10-14T09:00:00Z,0.41813457
2024-10-14T09:36:00Z,0.9231488
2024-10-14T10:12:00Z,0
2024-10-14T10:48:00Z,0.8113063
2024-10-14T11:24:00Z,0
2024-10-14T12:00:00Z,0.80157566
2024-10-14T12:36:00Z,0
2024-10-14T13:12:00Z,0.42627275
2024-10-14T13:48:00Z,0.30714104
2024-10-14T14:24:00Z,0.72528636
2024-10-14T15:00:00Z,0.29172897
2024-10-14T15:36:00Z,0.9490934
2024-10-14T16:12:00Z,0
2024-10-14T18:00:00Z,0.21940342
2024-10-14T18:36:00Z,0.7557681
2024-10-14T19:12:00Z,0
2024-10-14T19:48:00Z,0.7947256
2024-10-14T20:24:00Z,0
2024-10-14T21:00:00Z,0.42788842
2024-10-14T21:36:00Z,0.22095825
2024-10-14T22:48:00Z,0.75640374
2024-10-14T23:24:00Z,0
2024-10-15T00:00:00Z,0.7658942
2024-10-15T00:36:00Z,0
2024-10-15T01:12:00Z,0.04472488
2024-10-15T01:48:00Z,0.75657934
2024-10-15T02:24:00Z,0
2024-10-15T03:36:00Z,0.96990687
2024-10-15T04:12:00Z,0
2024-10-15T05:24:00Z,0.6802291
2024-10-15T06:00:00Z,0.64791733
2024-10-15T06:36:00Z,0.12811907
2024-10-15T07:12:00Z,0.7037454
2024-10-15T07:48:00Z,0.05553818
2024-10-15T08:24:00Z,0.20907761
2024-10-15T09:00:00Z,0.7949567
2024-10-15T09:36:00Z,0
2024-10-15T11:24:00Z,0.31689525
2024-10-15T12:36:00Z,0.1932721
2024-10-15T13:48:00Z,0.8922758
2024-10-15T14:24:00Z,0
2024-10-15T15:36:00Z,0.59314495
2024-10-15T16:48:00Z,0.8041004
2024-10-15T17:24:00Z,0
2024-10-15T18:00:00Z,0.5549994
2024-10-15T19:12:00Z,0.5426098
2024-10-15T19:48:00Z,0.030925205
2024-10-15T21:36:00Z,0.550123
2024-10-15T22:12:00Z,0.946506
2024-10-15T22:48:00Z,0
2024-10-16T00:00:00Z,0.8694414
2024-10-16T00:36:00Z,0
2024-10-16T01:48:00Z,0.1900779
2024-10-16T02:24:00Z,0.875406
2024-10-16T03:00:00Z,0
2024-10-16T04:12:00Z,0.0977848
2024-10-16T04:48:00Z,0.87016237
2024-10-16T05:24:00Z,0
2024-10-16T06:00:00Z,0.8732126
2024-10-16T06:36:00Z,0
2024-10-16T07:48:00Z,0.31850085
2024-10-16T08:24:00Z,0.31786716
2024-10-16T09:00:00Z,0.97533435
2024-10-16T09:36:00Z,0
2024-10-16T10:12:00Z,0.89838654
2024-10-16T10:48:00Z,0
2024-10-16T11:24:00Z,0.5996342
2024-10-16T13:12:00Z,0.4997678
2024-10-16T13:48:00Z,0.8209734
2024-10-16T14:24:00Z,0
2024-10-16T15:36:00Z,0.39825183
2024-10-16T16:12:00Z,0.96440667
2024-10-16T16:48:00Z,0
2024-10-16T17:24:00Z,0.7189523
2024-10-16T18:36:00Z,0.022477759
2024-10-16T19:12:00Z,0.8996458
2024-10-16T19:48:00Z,0
2024-10-16T20:24:00Z,0.066674955
2024-10-16T21:00:00Z,0.64750427
2024-10-16T22:12:00Z,0.45725843
2024-10-16T22:48:00Z,0.9267886
2024-10-16T23:24:00Z,0
2024-10-17T00:36:00Z,0.8355134
2024-10-17T01:12:00Z,0
2024-10-17T03:00:00Z,0.21723646
2024-10-17T04:12:00Z,0.9470049
2024-10-17T04:48:00Z,0
2024-10-17T05:24:00Z,0.5702832
2024-10-17T06:00:00Z,0.24768296
2024-10-17T07:12:00Z,0.6764284
2024-10-17T08:24:00Z,0.9413383
2024-10-17T09:00:00Z,0
2024-10-17T10:12:00Z,0.6875988
2024-10-17T11:24:00Z,0.7710094
2024-10-17T12:00:00Z,0
2024-10-17T14:24:00Z,0.78981847
2024-10-17T15:00:00Z,0
2024-10-17T15:36:00Z,0.8052413
2024-10-17T16:12:00Z,0
2024-10-17T18:00:00Z,0.45951524
2024-10-17T18:36:00Z,0.9090042
2024-10-17T19:12:00Z,0
2024-10-17T19:48:00Z,0.63288814
2024-10-17T21:00:00Z,0.1759962
2024-10-17T21:36:00Z,0.8941751
2024-10-17T22:12:00Z,0
2024-10-17T22:48:00Z,0.8182887
2024-10-17T23:24:00Z,0
2024-10-18T00:00:00Z,0.61892325
2024-10-18T01:12:00Z,0.27415937
2024-10-18T01:48:00Z,0.8973927
2024-10-18T02:24:00Z,0
2024-10-18T03:00:00Z,0.011633823
2024-10-18T03:36:00Z,0.91811305
2024-10-18T04:12:00Z,0
2024-10-18T05:24:00Z,0.36235884
2024-10-18T06:00:00Z,0.97571707
2024-10-18T06:36:00Z,0
2024-10-18T07:12:00Z,0.80215544
2024-10-18T07:48:00Z,0
2024-10-18T08:24:00Z,0.96160924
2024-10-18T09:00:00Z,0
2024-10-18T10:12:00Z,0.896546
2024-10-18T10:48:00Z,0
2024-10-18T12:00:00Z,0.18003938
2024-10-18T13:12:00Z,0.7966145
2024-10-18T13:48:00Z,0
2024-10-18T14:24:00Z,0.6982162
2024-10-18T15:00:00Z,0.18081583
2024-10-18T15:36:00Z,0.14463739
2024-10-18T16:12:00Z,0.51372784
2024-10-18T19:12:00Z,0.34003362
2024-10-18T19:48:00Z,0.6889908
2024-10-18T21:00:00Z,0.04995192
2024-10-18T22:12:00Z,0.50304997
2024-10-18T22:48:00Z,0.2941966
2024-10-18T23:24:00Z,0.91712624
2024-10-19T00:00:00Z,0
2024-10-19T01:12:00Z,0.69383705
2024-10-19T01:48:00Z,0.38012168
2024-10-19T02:24:00Z,0.76356053
2024-10-19T03:00:00Z,0
2024-10-19T04:12:00Z,0.74160874
2024-10-19T04:48:00Z,0.080383755
2024-10-19T05:24:00Z,0.9263065
2024-10-19T06:00:00Z,0
2024-10-19T06:36:00Z,0.6864787
2024-10-19T07:12:00Z,0.4831097
2024-10-19T07:48:00Z,0.7382959
2024-10-19T08:24:00Z,0.20081174
2024-10-19T09:00:00Z,0.6032417
2024-10-19T09:36:00Z,0.14221807
2024-10-19T10:12:00Z,0.82146674
2024-10-19T10:48:00Z,0
2024-10-19T12:00:00Z,0.58199155
2024-10-19T13:12:00Z,0.65204227
2024-10-19T14:24:00Z,0.08343789
2024-10-19T15:00:00Z,0.8966962
2024-10-19T15:36:00Z,0
2024-10-19T16:12:00Z,0.09236326
2024-10-19T16:48:00Z,0.7975319
2024-10-19T17:24:00Z,0
2024-10-19T18:00:00Z,0.89526093
2024-10-19T18:36:00Z,0
2024-10-19T19:48:00Z,0.8547271
2024-10-19T20:24:00Z,0
2024-10-19T21:00:00Z,0.95660746
2024-10-19T21:36:00Z,0
2024-10-19T22:12:00Z,0.82724917
2024-10-19T22:48:00Z,0
2024-10-19T23:24:00Z,0.8798846
2024-10-20T00:00:00Z,0
2024-10-20T00:36:00Z,0.19781555
2024-10-20T01:12:00Z,0.8675241
2024-10-20T01:48:00Z,0
2024-10-20T02:24:00Z,0.044809137
2024-10-20T03:00:00Z,0.64215434
2024-10-20T03:36:00Z,0.11495627
2024-10-20T06:00:00Z,0.97502786
2024-10-20T06:36:00Z,0
2024-10-20T07:12:00Z,0.6855778
2024-10-20T07:48:00Z,0.91930413
2024-10-20T08:24:00Z,0
2024-10-20T09:00:00Z,0.5825464
2024-10-20T09:36:00Z,0.6450191
2024-10-20T10:12:00Z,0.12671822
2024-10-20T10:48:00Z,0.55161023
2024-10-20T12:36:00Z,0.01902076
2024-10-20T13:12:00Z,0.82448137
2024-10-20T13:48:00Z,0
2024-10-20T15:00:00Z,0.71074694
2024-10-20T18:00:00Z,0.23729564
2024-10-20T19:12:00Z,0.2666401
2024-10-20T19:48:00Z,0.89113396
2024-10-20T20:24:00Z,0
2024-10-20T21:00:00Z,0.6152692
2024-10-20T21:36:00Z,0.35711476
2024-10-20T22:12:00Z,0.91809094
2024-10-20T22:48:00Z,0
2024-10-21T00:36:00Z,0.920667
2024-10-21T01:12:00Z,0
2024-10-21T01:48:00Z,0.8774275
2024-10-21T02:24:00Z,0
2024-10-21T03:00:00Z,0.7315374
2024-10-21T03:36:00Z,0.2780037
2024-10-21T05:24:00Z,0.14178517
2024-10-21T06:00:00Z,0.54874516
2024-10-21T07:48:00Z,0.8382954
2024-10-21T08:24:00Z,0
2024-10-21T09:00:00Z,0.23797253
2024-10-21T09:36:00Z,0.01059915
2024-10-21T11:24:00Z,0.098410785
2024-10-21T12:00:00Z,0.73114175
2024-10-21T12:36:00Z,0.9410892
2024-10-21T13:12:00Z,0
2024-10-21T14:24:00Z,0.30829778
2024-10-21T15:00:00Z,0.9278834
2024-10-21T15:36:00Z,0
2024-10-21T16:12:00Z,0.5780282
2024-10-21T16:48:00Z,0.25398865
2024-10-21T17:24:00Z,0.73177403
2024-10-21T18:00:00Z,0.5177851
2024-10-21T18:36:00Z,0.9187874
2024-10-21T19:12:00Z,0
2024-10-21T19:48:00Z,0.023620741
2024-10-21T20:24:00Z,0.6203192
2024-10-21T21:00:00Z,0.6976233
2024-10-21T21:36:00Z,0.14339542
2024-10-21T22:12:00Z,0.9398885
2024-10-21T22:48:00Z,0
2024-10-22T00:00:00Z,0.38401014
2024-10-22T00:36:00Z,0.22029972
2024-10-22T01:12:00Z,0.8545473
2024-10-22T01:48:00Z,0
2024-10-22T02:24:00Z,0.7566218
2024-10-22T03:00:00Z,0
2024-10-22T04:12:00Z,0.2872826
2024-10-22T04:48:00Z,0.0814221
2024-10-22T05:24:00Z,0.8696681
2024-10-22T06:00:00Z,0
2024-10-22T07:12:00Z,0.90919685
2024-10-22T07:48:00Z,0
2024-10-22T08:24:00Z,0.17962337
2024-10-22T09:00:00Z,0.9174685
2024-10-22T09:36:00Z,0
2024-10-22T10:12:00Z,0.55965173
2024-10-22T11:24:00Z,0.2710364
2024-10-22T12:00:00Z,0.6130525
2024-10-22T12:36:00Z,0.2689486
2024-10-22T13:12:00Z,0.8699785
2024-10-22T13:48:00Z,0
2024-10-22T14:24:00Z,0.5114743
2024-10-22T15:00:00Z,0.034137208
2024-10-22T16:48:00Z,0.98813176
2024-10-22T17:24:00Z,0
2024-10-22T18:00:00Z,0.5479702
2024-10-22T18:36:00Z,0.4000855
2024-10-22T19:48:00Z,0.9827441
2024-10-22T20:24:00Z,0
2024-10-22T21:00:00Z,0.33509612
2024-10-22T21:36:00Z,0.0678107
2024-10-22T23:24:00Z,0.2872933
2024-10-23T00:00:00Z,0.8971893
2024-10-23T00:36:00Z,0
2024-10-23T01:12:00Z,0.91999376
2024-10-23T01:48:00Z,0
2024-10-23T02:24:00Z,0.42755932
2024-10-23T03:00:00Z,0.4423699
2024-10-23T03:36:00Z,0.88264644
2024-10-23T04:12:00Z,0
2024-10-23T04:48:00Z,0.9242729
2024-10-23T05:24:00Z,0
2024-10-23T06:00:00Z,0.9293367
2024-10-23T06:36:00Z,0
2024-10-23T07:12:00Z,0.5543194
2024-10-23T07:48:00Z,0.19560125
2024-10-23T08:24:00Z,0.56803364
2024-10-23T09:00:00Z,0.47579184
2024-10-23T09:36:00Z,0.8494735
2024-10-23T10:12:00Z,0
2024-10-23T10:48:00Z,0.5329313
2024-10-23T12:00:00Z,0.1803194
2024-10-23T13:12:00Z,0.5656953
2024-10-23T13:48:00Z,0.12690376
2024-10-23T14:24:00Z,0.6511176
2024-10-23T15:36:00Z,0.26063284
2024-10-23T16:12:00Z,0.6785838
2024-10-23T18:00:00Z,0.46488538
2024-10-23T18:36:00Z,0.827039
2024-10-23T19:12:00Z,0
2024-10-23T20:24:00Z,0.94664466
2024-10-23T21:00:00Z,0
2024-10-23T21:36:00Z,0.89785224
2024-10-23T22:12:00Z,0
2024-10-23T22:48:00Z,0.16503602
2024-10-23T23:24:00Z,0.9094386
2024-10-24T00:00:00Z,0
2024-10-24T01:12:00Z,0.5029019
2024-10-24T02:24:00Z,0.38675383
2024-10-24T03:00:00Z,0.9032017
2024-10-24T03:36:00Z,0
2024-10-24T04:12:00Z,0.8538637
2024-10-24T04:48:00Z,0
2024-10-24T05:24:00Z,0.7972081
2024-10-24T06:00:00Z,0
2024-10-24T07:12:00Z,0.32967898
2024-10-24T07:48:00Z,0.030127496
2024-10-24T08:24:00Z,0.95616615
2024-10-24T09:00:00Z,0
2024-10-24T09:36:00Z,0.6190506
2024-10-24T10:12:00Z,0.22905152
2024-10-24T11:24:00Z,0.6037386
2024-10-24T12:36:00Z,0.35119423
2024-10-24T13:12:00Z,0.99705356
2024-10-24T13:48:00Z,0
2024-10-24T15:00:00Z,0.17544976
2024-10-24T15:36:00Z,0.7748324
2024-10-24T16:12:00Z,0
2024-10-24T17:24:00Z,0.81562436
2024-10-24T18:00:00Z,0
2024-10-24T19:48:00Z,0.9392436
2024-10-24T20:24:00Z,0
2024-10-24T21:00:00Z,0.33072817
2024-10-24T21:36:00Z,0.13827957
2024-10-24T22:12:00Z,0.98015815
2024-10-24T22:48:00Z,0
2024-10-24T23:24:00Z,0.039650958
2024-10-25T00:00:00Z,0.7445909
2024-10-25T00:36:00Z,0.3591787
2024-10-25T01:12:00Z,0.43057263
2024-10-25T01:48:00Z,0.95620656
2024-10-25T02:24:00Z,0
2024-10-25T03:00:00Z,0.9513395
2024-10-25T03:36:00Z,0
2024-10-25T05:24:00Z,0.9899144
2024-10-25T06:00:00Z,0
2024-10-25T06:36:00Z,0.9019026
2024-10-25T07:12:00Z,0
2024-10-25T07:48:00Z,0.8436762
2024-10-25T08:24:00Z,0
2024-10-25T09:36:00Z,0.9920159
2024-10-25T10:12:00Z,0
2024-10-25T10:48:00Z,0.9488874
2024-10-25T11:24:00Z,0
2024-10-25T12:00:00Z,0.858774
2024-10-25T12:36:00Z,0
2024-10-25T13:12:00Z,0.07621114
2024-10-25T13:48:00Z,0.63190866
2024-10-25T14:24:00Z,0.030241592
2024-10-25T15:00:00Z,0.9204292
2024-10-25T15:36:00Z,0
2024-10-25T16:12:00Z,0.38505176
2024-10-25T17:24:00Z,0.22491428
2024-10-25T19:12:00Z,0.37416685
2024-10-25T19:48:00Z,0.8514783
2024-10-25T20:24:00Z,0
2024-10-25T21:00:00Z,0.84664184
2024-10-25T21:36:00Z,0
2024-10-25T22:12:00Z,0.58171785
2024-10-26T00:36:00Z,0.7916858
2024-10-26T01:12:00Z,0
2024-10-26T01:48:00Z,0.81029576
2024-10-26T02:24:00Z,0
2024-10-26T03:00:00Z,0.7254623
2024-10-26T03:36:00Z,0.9263198
2024-10-26T04:12:00Z,0
2024-10-26T06:00:00Z,0.6134314
2024-10-26T06:36:00Z,0.24469975
2024-10-26T07:12:00Z,0.5388411
2024-10-26T07:48:00Z,0.16182712
2024-10-26T08:24:00Z,0.57472056
2024-10-26T09:36:00Z,0.22956929
2024-10-26T10:12:00Z,0.92085457
2024-10-26T10:48:00Z,0
2024-10-26T11:24:00Z,0.75526476
2024-10-26T12:00:00Z,0
2024-10-26T12:36:00Z,0.989406
2024-10-26T13:12:00Z,0
2024-10-26T13:48:00Z,0.03821942
2024-10-26T14:24:00Z,0.7358107
2024-10-26T15:00:00Z,0.19291961
2024-10-26T16:12:00Z,0.6980007
2024-10-26T16:48:00Z,0.12760963
2024-10-26T17:24:00Z,0.7819931
2024-10-26T18:00:00Z,0
2024-10-26T18:36:00Z,0.80072707
2024-10-26T19:12:00Z,0
2024-10-26T19:48:00Z,0.65310174
2024-10-26T20:24:00Z,0.33100444
2024-10-26T21:00:00Z,0.88621557
2024-10-26T21:36:00Z,0
2024-10-26T22:12:00Z,0.47314104
2024-10-26T23:24:00Z,0.78808165
2024-10-27T00:00:00Z,0
2024-10-27T00:36:00Z,0.6455591
2024-10-27T01:48:00Z,0.47347626
2024-10-27T02:24:00Z,0.7903587
2024-10-27T03:00:00Z,0
2024-10-27T03:36:00Z,0.8763302
2024-10-27T04:12:00Z,0
2024-10-27T04:48:00Z,0.6090981
2024-10-27T05:24:00Z,0.013545019
2024-10-27T06:36:00Z,0.2677528
2024-10-27T07:12:00Z,0.8533905
2024-10-27T07:48:00Z,0
2024-10-27T08:24:00Z,0.92098165
2024-10-27T09:00:00Z,0
2024-10-27T09:36:00Z,0.7249877
2024-10-27T10:12:00Z,0.9950655
2024-10-27T10:48:00Z,0
2024-10-27T11:24:00Z,0.9875792
2024-10-27T12:00:00Z,0
2024-10-27T13:12:00Z,0.975197
2024-10-27T13:48:00Z,0
2024-10-27T14:24:00Z,0.75343776
2024-10-27T15:00:00Z,0
2024-10-27T15:36:00Z,0.99163437
2024-10-27T16:12:00Z,0
2024-10-27T16:48:00Z,0.51260465
2024-10-27T17:24:00Z,0.26305068
2024-10-27T18:00:00Z,0.81610173
2024-10-27T18:36:00Z,0
2024-10-27T19:12:00Z,0.01731249
2024-10-27T19:48:00Z,0.9323595
2024-10-27T20:24:00Z,0
2024-10-27T21:00:00Z,0.7229489
2024-10-27T21:36:00Z,0.33667552
2024-10-28T00:00:00Z,0.7196346
2024-10-28T00:36:00Z,0.111138955
2024-10-28T01:12:00Z,0.6282781
2024-10-28T01:48:00Z,0.14252438
2024-10-28T02:24:00Z,0.760437
2024-10-28T03:00:00Z,0
2024-10-28T03:36:00Z,0.4837645
2024-10-28T04:12:00Z,0.5009404
2024-10-28T04:48:00Z,0.004702129
2024-10-28T05:24:00Z,0.100438714
2024-10-28T06:00:00Z,0.7464908
2024-10-28T06:36:00Z,0.06270601
2024-10-28T07:12:00Z,0.77802014
2024-10-28T07:48:00Z,0
2024-10-28T08:24:00Z,0.68081486
2024-10-28T09:00:00Z,0.9039495
2024-10-28T09:36:00Z,0
2024-10-28T10:12:00Z,0.8139248
2024-10-28T10:48:00Z,0
2024-10-28T11:24:00Z,0.59418654
2024-10-28T12:00:00Z,0.3951919
2024-10-28T13:12:00Z,0.91911834
2024-10-28T13:48:00Z,0
2024-10-28T14:24:00Z,0.9019138
2024-10-28T15:00:00Z,0
2024-10-28T15:36:00Z,0.78983516
2024-10-28T16:12:00Z,0
2024-10-28T20:24:00Z,0.94161445
2024-10-28T21:00:00Z,0
2024-10-28T21:36:00Z,0.7498267
2024-10-28T22:48:00Z,0.010775025
2024-10-28T23:24:00Z,0.6587983
2024-10-29T00:00:00Z,0.29050928
2024-10-29T01:12:00Z,0.14412333
2024-10-29T02:24:00Z,0.8445769
2024-10-29T03:00:00Z,0
2024-10-29T04:12:00Z,0.9901271
2024-10-29T04:48:00Z,0
2024-10-29T06:00:00Z,0.51476306
2024-10-29T08:24:00Z,0.68321174
2024-10-29T09:00:00Z,0.16929165
2024-10-29T09:36:00Z,0.6647059
2024-10-29T11:24:00Z,0.7365463
2024-10-29T12:00:00Z,0.15061182
2024-10-29T13:12:00Z,0.23358366
2024-10-29T13:48:00Z,0.8549996
2024-10-29T14:24:00Z,0
2024-10-29T15:00:00Z,0.6327126
2024-10-29T16:12:00Z,0.69287556
2024-10-29T16:48:00Z,0.23778133
2024-10-29T17:24:00Z,0.49601194
2024-10-29T18:00:00Z,0.00477427
2024-10-29T18:36:00Z,0.88820827
2024-10-29T19:12:00Z,0
2024-10-29T20:24:00Z,0.6222039
2024-10-29T21:00:00Z,0.12527841
2024-10-29T21:36:00Z,0.3218581
2024-10-29T22:12:00Z,0.07807287
2024-10-29T22:48:00Z,0.9357982
2024-10-29T23:24:00Z,0
2024-10-30T00:00:00Z,0.3204049
2024-10-30T00:36:00Z,0.12473834
2024-10-30T01:48:00Z,0.84312737
2024-10-30T02:24:00Z,0
2024-10-30T05:24:00Z,0.6325083
2024-10-30T06:00:00Z,0.16612059
2024-10-30T06:36:00Z,0.7897955
2024-10-30T07:12:00Z,0
2024-10-30T07:48:00Z,0.22155495
2024-10-30T08:24:00Z,0.9224192
2024-10-30T09:00:00Z,0
2024-10-30T09:36:00Z,0.90075403
2024-10-30T10:12:00Z,0
2024-10-30T10:48:00Z,0.6811757
2024-10-30T11:24:00Z,0.37247068
2024-10-30T12:36:00Z,0.7561763
2024-10-30T13:12:00Z,0
2024-10-30T15:36:00Z,0.83933336
2024-10-30T16:12:00Z,0
2024-10-30T16:48:00Z,0.8497841
2024-10-30T17:24:00Z,0
2024-10-30T19:12:00Z,0.50122315
2024-10-30T19:48:00Z,0.12276932
2024-10-30T20:24:00Z,0.94388217
2024-10-30T21:00:00Z,0
2024-10-30T21:36:00Z,0.6693758
2024-10-30T22:48:00Z,0.28848764
2024-10-30T23:24:00Z,0.7606531
2024-10-31T00:00:00Z,0
2024-10-31T01:12:00Z,0.82893634
2024-10-31T01:48:00Z,0
2024-10-31T03:00:00Z,0.8372538
2024-10-31T03:36:00Z,0
2024-10-31T06:00:00Z,0.71711504
2024-10-31T06:36:00Z,0.6899915
2024-10-31T07:12:00Z,0.10907518
2024-10-31T07:48:00Z,0.6430564
2024-10-31T08:24:00Z,0.19645187
2024-10-31T09:36:00Z,0.8122941
2024-10-31T10:12:00Z,0
2024-10-31T12:00:00Z,0.9345923
2024-10-31T12:36:00Z,0
2024-10-31T13:12:00Z,0.25106332
2024-10-31T13:48:00Z,0.07130134
2024-10-31T15:00:00Z,0.88987833
2024-10-31T15:36:00Z,0
2024-10-31T16:12:00Z,0.7390525
2024-10-31T16:48:00Z,0.20139879
2024-10-31T18:36:00Z,0.9599813
2024-10-31T19:12:00Z,0
2024-10-31T22:12:00Z,0.5660655
2024-10-31T23:24:00Z,0.16698323
2024-11-01T00:00:00Z,0.98677826
2024-11-01T00:36:00Z,0
2024-11-01T01:12:00Z,0.83202255
2024-11-01T01:48:00Z,0
2024-11-01T03:00:00Z,0.64530617
2024-11-01T04:48:00Z,0.473472
2024-11-01T06:00:00Z,0.39751452
2024-11-01T06:36:00Z,0.8527415
2024-11-01T07:12:00Z,0
2024-11-01T07:48:00Z,0.9494683
2024-11-01T08:24:00Z,0
2024-11-01T09:00:00Z,0.39816174
2024-11-01T09:36:00Z,0.045601513
2024-11-01T10:12:00Z,0.81576073
2024-11-01T10:48:00Z,0
2024-11-01T12:00:00Z,0.98501897
2024-11-01T12:36:00Z,0
2024-11-01T13:12:00Z,0.21462056
2024-11-01T13:48:00Z,0.0036646836
2024-11-01T14:24:00Z,0.87927765
2024-11-01T15:00:00Z,0
2024-11-01T17:24:00Z,0.9344188
2024-11-01T18:00:00Z,0
2024-11-01T19:48:00Z,0.62095404
2024-11-01T21:00:00Z,0.037309896
2024-11-01T21:36:00Z,0.8561134
2024-11-01T22:12:00Z,0
2024-11-01T22:48:00Z,0.49240446
2024-11-01T23:24:00Z,0.034648012
2024-11-02T00:36:00Z,0.8232002
2024-11-02T01:12:00Z,0
2024-11-02T01:48:00Z,0.6206441
2024-11-02T03:00:00Z,0.1548026
2024-11-02T04:12:00Z,0.55068964
2024-11-02T06:00:00Z,0.3337559
2024-11-02T06:36:00Z,0.8804101
2024-11-02T07:12:00Z,0
2024-11-02T07:48:00Z,0.8454837
2024-11-02T08:24:00Z,0
2024-11-02T09:00:00Z,0.9204535
2024-11-02T09:36:00Z,0
2024-11-02T10:12:00Z,0.2578275
2024-11-02T10:48:00Z,0.93260866
2024-11-02T11:24:00Z,0
2024-11-02T12:00:00Z,0.7960214
2024-11-02T12:36:00Z,0
2024-11-02T13:12:00Z,0.23893817
2024-11-02T13:48:00Z,0.9418763
2024-11-02T14:24:00Z,0
2024-11-02T15:00:00Z,0.042817783
2024-11-02T15:36:00Z,0.80719835
2024-11-02T16:12:00Z,0
2024-11-02T16:48:00Z,0.9855611
2024-11-02T17:24:00Z,0
2024-11-02T18:00:00Z,0.958994
2024-11-02T18:36:00Z,0
2024-11-02T19:12:00Z,0.85236835
2024-11-02T19:48:00Z,0
2024-11-02T20:24:00Z,0.7576451
2024-11-02T21:00:00Z,0
2024-11-02T21:36:00Z,0.88579404
2024-11-02T22:12:00Z,0
2024-11-02T22:48:00Z,0.7692372
2024-11-02T23:24:00Z,0
2024-11-03T00:36:00Z,0.71786857
2024-11-03T01:12:00Z,0.6275026
2024-11-03T01:48:00Z,0.9774919
2024-11-03T02:24:00Z,0
2024-11-03T03:36:00Z,0.9909369
2024-11-03T04:12:00Z,0
2024-11-03T04:48:00Z,0.5668328
2024-11-03T05:24:00Z,0.16312101
2024-11-03T06:00:00Z,0.8599227
2024-11-03T06:36:00Z,0
2024-11-03T07:12:00Z,0.028325532
2024-11-03T07:48:00Z,0.8375213
2024-11-03T08:24:00Z,0
2024-11-03T10:48:00Z,0.6699983
2024-11-03T11:24:00Z,0.33563974
2024-11-03T12:00:00Z,0.66627127
2024-11-03T12:36:00Z,0.08932978
2024-11-03T13:12:00Z,0.7059431
2024-11-03T13:48:00Z,0.22969855
2024-11-03T15:00:00Z,0.8614315
2024-11-03T15:36:00Z,0
2024-11-03T17:24:00Z,0.1722133
2024-11-03T18:00:00Z,0.56133056
2024-11-03T18:36:00Z,0.0026199264
2024-11-03T19:12:00Z,0.3664379
2024-11-03T21:00:00Z,0.14138107
2024-11-03T21:36:00Z,0.80082875
2024-11-03T22:12:00Z,0
2024-11-03T23:24:00Z,0.9005615
2024-11-04T00:00:00Z,0
2024-11-04T00:36:00Z,0.073791236
2024-11-04T01:48:00Z,0.79862696
2024-11-04T02:24:00Z,0
2024-11-04T03:00:00Z,0.22291763
2024-11-04T03:36:00Z,0.94284993
2024-11-04T04:12:00Z,0
2024-11-04T05:24:00Z,0.53908426
2024-11-04T07:12:00Z,0.12724611
2024-11-04T07:48:00Z,0.4218684
2024-11-04T08:24:00Z,0.07616746
2024-11-04T09:36:00Z,0.73320425
2024-11-04T10:12:00Z,0.20613433
2024-11-04T10:48:00Z,0.86576164
2024-11-04T11:24:00Z,0
2024-11-04T12:00:00Z,0.6488818
2024-11-04T12:36:00Z,0.32551172
2024-11-04T13:12:00Z,0.9422847
2024-11-04T13:48:00Z,0
2024-11-04T15:36:00Z,0.48129287
2024-11-04T16:48:00Z,0.24122785
2024-11-04T17:24:00Z,0.872218
2024-11-04T18:00:00Z,0
2024-11-04T18:36:00Z,0.7733154
2024-11-04T19:12:00Z,0
2024-11-04T19:48:00Z,0.3258073
2024-11-04T21:00:00Z,0.8275988
2024-11-04T21:36:00Z,0
2024-11-04T22:12:00Z,0.92855984
2024-11-04T22:48:00Z,0
2024-11-04T23:24:00Z,0.85779554
2024-11-05T00:00:00Z,0
2024-11-05T00:36:00Z,0.022511473
2024-11-05T01:12:00Z,0.48944265
2024-11-05T01:48:00Z,0.041206367
2024-11-05T02:24:00Z,0.89170927
2024-11-05T03:00:00Z,0
2024-11-05T03:36:00Z,0.9433828
2024-11-05T04:12:00Z,0
2024-11-05T04:48:00Z,0.59487456
2024-11-05T05:24:00Z,0.059885465
2024-11-05T06:00:00Z,0.50823253
2024-11-05T07:48:00Z,0.18694958
2024-11-05T08:24:00Z,0.996959
2024-11-05T09:00:00Z,0
2024-11-05T09:36:00Z,0.76738364
2024-11-05T10:12:00Z,0
2024-11-05T10:48:00Z,0.66525275
2024-11-05T12:00:00Z,0.041055575
2024-11-05T13:12:00Z,0.36717618
2024-11-05T13:48:00Z,0.031984627
2024-11-05T15:00:00Z,0.8087235
2024-11-05T15:36:00Z,0
2024-11-05T16:48:00Z,0.30427897
2024-11-05T17:24:00Z,0.062051546
2024-11-05T18:00:00Z,0.657695
2024-11-05T18:36:00Z,0.17436005
2024-11-05T19:48:00Z,0.4377558
2024-11-05T20:24:00Z,0.08161969
2024-11-05T21:00:00Z,0.5854347
2024-11-05T21:36:00Z,0.22645652
2024-11-05T23:24:00Z,0.84313047
2024-11-06T00:00:00Z,0
2024-11-06T00:36:00Z,0.20136398
2024-11-06T01:12:00Z,0.8602577
2024-11-06T01:48:00Z,0
2024-11-06T02:24:00Z,0.12830603
2024-11-06T03:00:00Z,0.9555415
2024-11-06T03:36:00Z,0
2024-11-06T05:24:00Z,0.8379492
2024-11-06T06:00:00Z,0
2024-11-06T06:36:00Z,0.8666955
2024-11-06T07:12:00Z,0
2024-11-06T07:48:00Z,0.81885093
2024-11-06T08:24:00Z,0
2024-11-06T09:00:00Z,0.6014207
2024-11-06T09:36:00Z,0.47145304
2024-11-06T10:12:00Z,0.97324336
2024-11-06T10:48:00Z,0
2024-11-06T13:12:00Z,0.46114847
2024-11-06T13:48:00Z,0.9209952
2024-11-06T14:24:00Z,0
2024-11-06T15:36:00Z,0.46716082
2024-11-06T16:48:00Z,0.6048245
2024-11-06T17:24:00Z,0.33307147
2024-11-06T18:00:00Z,0.63748103
2024-11-06T19:12:00Z,0.42807463
2024-11-06T19:48:00Z,0.6871235
2024-11-06T21:00:00Z,0.21163604
2024-11-06T22:12:00Z,0.73395586
2024-11-06T23:24:00Z,0.02761745
2024-11-07T00:36:00Z,0.4583437
2024-11-07T01:12:00Z,0.047836985
2024-11-07T01:48:00Z,0.50021666
2024-11-07T03:36:00Z,0.21402644
2024-11-07T05:24:00Z,0.5895714
2024-11-07T06:00:00Z,0.031894304
2024-11-07T06:36:00Z,0.6510122
2024-11-07T07:12:00Z,0.08447887
2024-11-07T07:48:00Z,0.6139805
2024-11-07T08:24:00Z,0.7093591
2024-11-07T09:36:00Z,0.33550334
2024-11-07T10:12:00Z,0.786073
2024-11-07T10:48:00Z,0
2024-11-07T11:24:00Z,0.577207
2024-11-07T12:00:00Z,0.22930922
2024-11-07T12:36:00Z,0.8747277
2024-11-07T13:12:00Z,0
2024-11-07T13:48:00Z,0.8247882
2024-11-07T14:24:00Z,0
2024-11-07T15:36:00Z,0.9410493
2024-11-07T16:12:00Z,0
2024-11-07T16:48:00Z,0.99457455
2024-11-07T17:24:00Z,0
2024-11-07T18:00:00Z,0.9436921
2024-11-07T18:36:00Z,0
2024-11-07T19:12:00Z,0.76443
2024-11-07T19:48:00Z,0
2024-11-07T20:24:00Z,0.55483264
2024-11-07T21:36:00Z,0.37660524
2024-11-08T00:00:00Z,0.17514373
2024-11-08T01:12:00Z,0.4516795
2024-11-08T01:48:00Z,0.8506303
2024-11-08T02:24:00Z,0
2024-11-08T03:00:00Z,0.44650576
2024-11-08T03:36:00Z,0.065744855
2024-11-08T04:12:00Z,0.7945513
2024-11-08T04:48:00Z,0
2024-11-08T05:24:00Z,0.74256575
2024-11-08T06:00:00Z,0.009183823
2024-11-08T06:36:00Z,0.2537364
2024-11-08T07:12:00Z,0.09084503
2024-11-08T08:24:00Z,0.7968901
2024-11-08T09:00:00Z,0
2024-11-08T09:36:00Z,0.6702883
2024-11-08T10:12:00Z,0.8054873
2024-11-08T10:48:00Z,0
2024-11-08T11:24:00Z,0.8041979
2024-11-08T12:00:00Z,0
2024-11-08T13:12:00Z,0.5888206
2024-11-08T13:48:00Z,0.16777349
2024-11-08T14:24:00Z,0.961735
2024-11-08T15:00:00Z,0
2024-11-08T15:36:00Z,0.0055960207
2024-11-08T16:48:00Z,0.96820235
2024-11-08T17:24:00Z,0
2024-11-08T18:00:00Z,0.6846939
2024-11-08T18:36:00Z,0.39131066
2024-11-08T19:48:00Z,0.8779473
2024-11-08T20:24:00Z,0
2024-11-08T21:00:00Z,0.9698786
2024-11-08T21:36:00Z,0
2024-11-08T22:12:00Z,0.9829376
2024-11-08T22:48:00Z,0
2024-11-08T23:24:00Z,0.89064807
2024-11-09T00:00:00Z,0
2024-11-09T01:12:00Z,0.8619664
2024-11-09T01:48:00Z,0
2024-11-09T03:00:00Z,0.528424
2024-11-09T04:12:00Z,0.027917765
2024-11-09T04:48:00Z,0.3557969
2024-11-09T06:00:00Z,0.077509135
2024-11-09T07:12:00Z,0.43621758
2024-11-09T07:48:00Z,0.8290142
2024-11-09T08:24:00Z,0
2024-11-09T09:00:00Z,0.38310802
2024-11-09T09:36:00Z,0.12264269
2024-11-09T10:12:00Z,0.54960513
2024-11-09T10:48:00Z,0.06465569
2024-11-09T12:00:00Z,0.022511864
2024-11-09T12:36:00Z,0.79234105
2024-11-09T13:12:00Z,0
2024-11-09T13:48:00Z,0.9750505
2024-11-09T14:24:00Z,0
2024-11-09T15:36:00Z,0.6981725
2024-11-09T16:48:00Z,0.3386354
2024-11-09T17:24:00Z,0.8453166
2024-11-09T18:00:00Z,0
2024-11-09T18:36:00Z,0.82209134
2024-11-09T19:12:00Z,0
2024-11-09T19:48:00Z,0.79103476
2024-11-09T20:24:00Z,0
2024-11-09T21:00:00Z,0.4787828
2024-11-09T22:12:00Z,0.54375
2024-11-09T22:48:00Z,0.101968504
2024-11-09T23:24:00Z,0.99416906
2024-11-10T00:00:00Z,0
2024-11-10T00:36:00Z,0.6963298
2024-11-10T01:12:00Z,0.8723995
2024-11-10T01:48:00Z,0
2024-11-10T02:24:00Z,0.16254081
2024-11-10T03:00:00Z,0.7976029
2024-11-10T03:36:00Z,0
2024-11-10T04:12:00Z,0.9422061
2024-11-10T04:48:00Z,0
2024-11-10T05:24:00Z,0.6110302
2024-11-10T06:00:00Z,0.25119215
2024-11-10T07:12:00Z,0.99455583
2024-11-10T07:48:00Z,0
2024-11-10T09:00:00Z,0.84215075
2024-11-10T09:36:00Z,0
2024-11-10T10:48:00Z,0.6384133
2024-11-10T14:24:00Z,0.07082232
2024-11-10T15:00:00Z,0.74330467
2024-11-10T16:12:00Z,0.77414644
2024-11-10T16:48:00Z,0
2024-11-10T18:00:00Z,0.41603023
2024-11-10T18:36:00Z,0.7624567
2024-11-10T19:12:00Z,0
2024-11-10T19:48:00Z,0.47876704
2024-11-10T21:00:00Z,0.106368445
2024-11-10T21:36:00Z,0.79096806
2024-11-10T22:12:00Z,0
2024-11-10T22:48:00Z,0.19394597
2024-11-10T23:24:00Z,0.9226605
2024-11-11T00:00:00Z,0
2024-11-11T00:36:00Z,0.25377983
2024-11-11T01:12:00Z,0.9238875
2024-11-11T01:48:00Z,0
2024-11-11T02:24:00Z,0.50553143
2024-11-11T03:00:00Z,0.29494077
2024-11-11T03:36:00Z,0.8450522
2024-11-11T04:12:00Z,0
2024-11-11T04:48:00Z,0.61360073
2024-11-11T05:24:00Z,0.25689137
2024-11-11T06:36:00Z,0.45698816
2024-11-11T07:12:00Z,0.8785524
2024-11-11T07:48:00Z,0
2024-11-11T08:24:00Z,0.48434466
2024-11-11T09:00:00Z,0.010623351
2024-11-11T10:12:00Z,0.81261665
2024-11-11T10:48:00Z,0
2024-11-11T12:00:00Z,0.40497702
2024-11-11T12:36:00Z,0.013053497
2024-11-11T13:12:00Z,0.65633386
2024-11-11T14:24:00Z,0.3665608
2024-11-11T15:00:00Z,0.70826954
2024-11-11T15:36:00Z,0.13823469
2024-11-11T16:12:00Z,0.6438895
2024-11-11T17:24:00Z,0.11327091
2024-11-11T18:36:00Z,0.27106652
2024-11-11T19:12:00Z,0.7239566
2024-11-11T19:48:00Z,0.68564636
2024-11-11T20:24:00Z,0.060649116
2024-11-11T22:12:00Z,0.07415147
2024-11-11T22:48:00Z,0.6994977
2024-11-11T23:24:00Z,0.35972407
2024-11-12T00:00:00Z,0.953197
2024-11-12T00:36:00Z,0
2024-11-12T01:12:00Z,0.99006116
2024-11-12T01:48:00Z,0
2024-11-12T03:00:00Z,0.1177231
2024-11-12T03:36:00Z,0.6108342
2024-11-12T04:48:00Z,0.12927961
2024-11-12T05:24:00Z,0.7635231
2024-11-12T06:00:00Z,0
2024-11-12T06:36:00Z,0.5670602
2024-11-12T09:00:00Z,0.115545124
2024-11-12T10:12:00Z,0.6419099
2024-11-12T11:24:00Z,0.39633903
2024-11-12T12:00:00Z,0.8450696
2024-11-12T12:36:00Z,0
2024-11-12T13:12:00Z,0.9087288
2024-11-12T13:48:00Z,0
2024-11-12T15:00:00Z,0.08554056
2024-11-12T15:36:00Z,0.63000226
2024-11-12T17:24:00Z,0.8047626
2024-11-12T18:00:00Z,0
2024-11-12T18:36:00Z,0.7887408
2024-11-12T19:12:00Z,0
2024-11-12T19:48:00Z,0.61185634
2024-11-12T21:36:00Z,0.24417895
2024-11-12T22:12:00Z,0.67319894
2024-11-12T23:24:00Z,0.0778994
2024-11-13T00:36:00Z,0.9940573
2024-11-13T01:12:00Z,0
2024-11-13T01:48:00Z,0.8270512
2024-11-13T02:24:00Z,0
2024-11-13T04:12:00Z,0.8200323
2024-11-13T04:48:00Z,0
2024-11-13T06:00:00Z,0.40197894
2024-11-13T06:36:00Z,0.2691017
2024-11-13T07:12:00Z,0.8531691
2024-11-13T07:48:00Z,0
2024-11-13T09:00:00Z,0.72554255
2024-11-13T11:24:00Z,0.33969748
2024-11-13T12:00:00Z,0.68237823
2024-11-13T12:36:00Z,0.18640366
2024-11-13T15:00:00Z,0.71432793
2024-11-13T15:36:00Z,0.5820707
2024-11-13T16:12:00Z,0.9759662
2024-11-13T16:48:00Z,0
2024-11-13T17:24:00Z,0.9863463
2024-11-13T18:00:00Z,0
2024-11-13T18:36:00Z,0.38244975
2024-11-13T19:48:00Z,0.04125232
2024-11-13T20:24:00Z,0.385351
2024-11-13T21:00:00Z,0.2010177
2024-11-13T21:36:00Z,0.57532436
2024-11-13T22:12:00Z,0.076175675
2024-11-13T23:24:00Z,0.4018699
2024-11-14T00:36:00Z,0.056097794
2024-11-14T01:12:00Z,0.7812762
2024-11-14T01:48:00Z,0
2024-11-14T02:24:00Z,0.35558024
2024-11-14T03:00:00Z,0.1254578
2024-11-14T03:36:00Z,0.53343344
2024-11-14T04:48:00Z,0.6046956
2024-11-14T05:24:00Z,0.9611517
2024-11-14T06:00:00Z,0
2024-11-14T06:36:00Z,0.94255805
2024-11-14T07:12:00Z,0
2024-11-14T07:48:00Z,0.1578583
2024-11-14T08:24:00Z,0.98307467
2024-11-14T09:00:00Z,0
2024-11-14T09:36:00Z,0.9437289
2024-11-14T10:12:00Z,0
2024-11-14T10:48:00Z,0.23423068
2024-11-14T11:24:00Z,0.90481436
2024-11-14T12:00:00Z,0
2024-11-14T12:36:00Z,0.62274766
2024-11-14T15:36:00Z,0.53883815
2024-11-14T16:12:00Z,0.86012375
2024-11-14T16:48:00Z,0
2024-11-14T17:24:00Z,0.49366176
2024-11-14T19:12:00Z,0.33429247
2024-11-14T20:24:00Z,0.9248281
2024-11-14T21:00:00Z,0
2024-11-14T21:36:00Z,0.92387444
2024-11-14T22:12:00Z,0
2024-11-14T22:48:00Z,0.5824251
2024-11-15T01:12:00Z,0.24090023
2024-11-15T01:48:00Z,0.8376036
2024-11-15T02:24:00Z,0
2024-11-15T03:00:00Z,0.7531763
2024-11-15T03:36:00Z,0
2024-11-15T04:12:00Z,0.8181079
2024-11-15T04:48:00Z,0
2024-11-15T05:24:00Z,0.8440386
2024-11-15T06:00:00Z,0
2024-11-15T06:36:00Z,0.71544766
2024-11-15T07:12:00Z,3.0492898e-05
2024-11-15T07:48:00Z,0.47954577
2024-11-15T09:00:00Z,0.363411
2024-11-15T09:36:00Z,0.7911653
2024-11-15T10:12:00Z,0
2024-11-15T10:48:00Z,0.5073741
2024-11-15T12:36:00Z,0.9865408
2024-11-15T13:12:00Z,0
2024-11-15T14:24:00Z,0.889426
2024-11-15T15:00:00Z,0
2024-11-15T16:12:00Z,0.7177574
2024-11-15T16:48:00Z,0.85414916
2024-11-15T17:24:00Z,0
2024-11-15T18:00:00Z,0.89557165
2024-11-15T18:36:00Z,0
2024-11-15T20:24:00Z,0.77647436
2024-11-15T21:00:00Z,0
2024-11-15T21:36:00Z,0.7384207
2024-11-15T22:12:00Z,0.3699107
2024-11-16T00:36:00Z,0.27937967
2024-11-16T02:24:00Z,0.87317735
2024-11-16T03:00:00Z,0
2024-11-16T04:48:00Z,0.22189292
2024-11-16T05:24:00Z,0.7636537
2024-11-16T06:00:00Z,0
2024-11-16T07:48:00Z,0.938433
2024-11-16T08:24:00Z,0
2024-11-16T09:00:00Z,0.91355693
2024-11-16T09:36:00Z,0
2024-11-16T10:12:00Z,0.89238435
2024-11-16T10:48:00Z,0
2024-11-16T12:00:00Z,0.5991238
2024-11-16T13:48:00Z,0.13351741
2024-11-16T15:00:00Z,0.102018304
2024-11-16T15:36:00Z,0.45220208
2024-11-16T17:24:00Z,0.23145632
2024-11-16T18:00:00Z,0.75557536
2024-11-16T18:36:00Z,0
2024-11-16T19:12:00Z,0.86113614
2024-11-16T19:48:00Z,0
2024-11-16T21:00:00Z,0.2506354
2024-11-16T21:36:00Z,0.9435023
2024-11-16T22:12:00Z,0
2024-11-16T22:48:00Z,0.18608122
2024-11-16T23:24:00Z,0.83540297
2024-11-17T00:00:00Z,0
2024-11-17T00:36:00Z,0.8920213
2024-11-17T01:12:00Z,0
2024-11-17T03:00:00Z,0.723165
2024-11-17T03:36:00Z,0.20279747
2024-11-17T04:12:00Z,0.84871304
2024-11-17T04:48:00Z,0
2024-11-17T05:24:00Z,0.93443173
2024-11-17T06:00:00Z,0
2024-11-17T07:12:00Z,0.38110548
2024-11-17T07:48:00Z,0.89661646
2024-11-17T08:24:00Z,0
2024-11-17T11:24:00Z,0.8329705
2024-11-17T12:00:00Z,0
2024-11-17T12:36:00Z,0.7883789
2024-11-17T13:12:00Z,0
2024-11-17T13:48:00Z,0.4404037
2024-11-17T14:24:00Z,0.451394
2024-11-17T15:00:00Z,0.05443763
2024-11-17T15:36:00Z,0.06038927
2024-11-17T16:12:00Z,0.8815925
2024-11-17T16:48:00Z,0
2024-11-17T17:24:00Z,0.7701172
2024-11-17T18:00:00Z,0
2024-11-17T18:36:00Z,0.8362272
2024-11-17T19:12:00Z,0
2024-11-17T20:24:00Z,0.7706391
2024-11-17T21:00:00Z,0
2024-11-17T22:12:00Z,0.79708433
2024-11-17T22:48:00Z,0
2024-11-17T23:24:00Z,0.05389653
2024-11-18T00:00:00Z,0.89275396
2024-11-18T00:36:00Z,0
2024-11-18T01:12:00Z,0.6926958
2024-11-18T01:48:00Z,0.22343794
2024-11-18T02:24:00Z,0.737366
2024-11-18T03:00:00Z,0.043453064
2024-11-18T03:36:00Z,0.6277663
2024-11-18T04:48:00Z,0.47273007
2024-11-18T05:24:00Z,0.8029965
2024-11-18T06:00:00Z,0
2024-11-18T07:12:00Z,0.7922796
2024-11-18T07:48:00Z,0
2024-11-18T10:12:00Z,0.96356463
2024-11-18T10:48:00Z,0
2024-11-18T11:24:00Z,0.958327
2024-11-18T12:00:00Z,0
2024-11-18T12:36:00Z,0.52531683
2024-11-18T13:12:00Z,0.21340598
2024-11-18T13:48:00Z,0.864672
2024-11-18T14:24:00Z,0
2024-11-18T16:48:00Z,0.7266642
2024-11-18T19:12:00Z,0.0099701015
2024-11-18T19:48:00Z,0.2898242
2024-11-18T20:24:00Z,0.06378717
2024-11-18T22:48:00Z,0.7738014
2024-11-18T23:24:00Z,0
2024-11-19T01:48:00Z,0.08789772
2024-11-19T02:24:00Z,0.49714813
2024-11-19T04:12:00Z,0.09887174
2024-11-19T05:24:00Z,0.72673327
2024-11-19T06:36:00Z,0.06561543
2024-11-19T07:12:00Z,0.14131658
2024-11-19T07:48:00Z,0.89409846
2024-11-19T08:24:00Z,0
2024-11-19T09:00:00Z,0.750985
2024-11-19T09:36:00Z,0
2024-11-19T10:12:00Z,0.5795714
2024-11-19T12:00:00Z,0.94835687
2024-11-19T12:36:00Z,0
2024-11-19T13:12:00Z,0.23694864
2024-11-19T13:48:00Z,0.9517891
2024-11-19T14:24:00Z,0
2024-11-19T15:00:00Z,0.13067165
2024-11-19T15:36:00Z,0.9313551
2024-11-19T16:12:00Z,0
2024-11-19T16:48:00Z,0.69657
2024-11-19T17:24:00Z,0.29424804
2024-11-19T18:36:00Z,0.14428712
2024-11-19T19:12:00Z,0.9848158
2024-11-19T19:48:00Z,0
2024-11-19T21:00:00Z,0.29042134
2024-11-19T21:36:00Z,0.75343555
2024-11-19T22:12:00Z,0
2024-11-19T22:48:00Z,0.89609617
2024-11-19T23:24:00Z,0
2024-11-20T01:12:00Z,0.04706213
2024-11-20T02:24:00Z,0.94723326
2024-11-20T03:00:00Z,0
2024-11-20T03:36:00Z,0.83225816
2024-11-20T04:12:00Z,0
2024-11-20T05:24:00Z,0.8976734
2024-11-20T06:00:00Z,0
2024-11-20T06:36:00Z,0.84706855
2024-11-20T07:12:00Z,0
2024-11-20T07:48:00Z,0.36664963
2024-11-20T08:24:00Z,0.13216808
2024-11-20T09:00:00Z,0.79829544
2024-11-20T09:36:00Z,0
2024-11-20T10:12:00Z,0.037258524
2024-11-20T10:48:00Z,0.67385775
2024-11-20T11:24:00Z,0.75578755
2024-11-20T12:00:00Z,0
2024-11-20T13:12:00Z,0.8646674
2024-11-20T13:48:00Z,0
2024-11-20T14:24:00Z,0.7764458
2024-11-20T15:00:00Z,0
2024-11-20T16:12:00Z,0.90485597
2024-11-20T16:48:00Z,0
2024-11-20T17:24:00Z,0.8072836
2024-11-20T18:00:00Z,0
2024-11-20T19:12:00Z,0.6654175
2024-11-20T20:24:00Z,0.10078877
2024-11-20T21:00:00Z,0.9499044
2024-11-20T21:36:00Z,0
2024-11-20T22:48:00Z,0.35288024
2024-11-21T00:36:00Z,0.33674356
2024-11-21T01:12:00Z,0.65999657
2024-11-21T01:48:00Z,0.12643868
2024-11-21T03:00:00Z,0.96427387
2024-11-21T03:36:00Z,0
2024-11-21T04:12:00Z,0.16040084
2024-11-21T04:48:00Z,0.9295475
2024-11-21T05:24:00Z,0
2024-11-21T06:00:00Z,0.9346399
2024-11-21T06:36:00Z,0
2024-11-21T07:12:00Z,0.92813236
2024-11-21T07:48:00Z,0
2024-11-21T08:24:00Z,0.008440231
2024-11-21T09:00:00Z,0.46688378
2024-11-21T09:36:00Z,0.0775925
2024-11-21T10:12:00Z,0.49527588
2024-11-21T10:48:00Z,0.11597531
2024-11-21T12:36:00Z,0.526386
2024-11-21T13:12:00Z,0.07040263
2024-11-21T13:48:00Z,0.63175917
2024-11-21T16:12:00Z,0.15825188
2024-11-21T16:48:00Z,0.94038796
2024-11-21T17:24:00Z,0
2024-11-21T18:00:00Z,0.7225923
2024-11-21T21:00:00Z,0.16353583
2024-11-21T21:36:00Z,0.7045594
2024-11-22T00:00:00Z,0.6340148
2024-11-22T00:36:00Z,0.1569095
2024-11-22T01:12:00Z,0.68195975
2024-11-22T01:48:00Z,0.12650718
2024-11-22T03:00:00Z,0.764047
2024-11-22T03:36:00Z,0
2024-11-22T04:12:00Z,0.3086319
2024-11-22T04:48:00Z,0.13720456
2024-11-22T05:24:00Z,0.48069224
2024-11-22T06:00:00Z,0.034915086
2024-11-22T06:36:00Z,0.8961279
2024-11-22T07:12:00Z,0
2024-11-22T07:48:00Z,0.1333429
2024-11-22T08:24:00Z,0.89879125
2024-11-22T09:00:00Z,0
2024-11-22T09:36:00Z,0.80438954
2024-11-22T10:12:00Z,0
2024-11-22T11:24:00Z,0.8865743
2024-11-22T12:00:00Z,0
2024-11-22T12:36:00Z,0.58187795
2024-11-22T13:12:00Z,0.18412732
2024-11-22T13:48:00Z,0.74590296
2024-11-22T14:24:00Z,0.4692143
2024-11-22T15:00:00Z,0.9876174
2024-11-22T15:36:00Z,0
2024-11-22T16:12:00Z,0.70892406
2024-11-22T16:48:00Z,0.7569152
2024-11-22T17:24:00Z,0
2024-11-22T18:00:00Z,0.93767834
2024-11-22T18:36:00Z,0
2024-11-22T19:48:00Z,0.6048054
2024-11-22T21:00:00Z,0.22386715
2024-11-22T21:36:00Z,0.8584792
2024-11-22T22:12:00Z,0
2024-11-22T23:24:00Z,0.65412253
2024-11-23T00:36:00Z,0.35251996
2024-11-23T01:12:00Z,0.9675397
2024-11-23T01:48:00Z,0
2024-11-23T02:24:00Z,0.71446884
2024-11-23T03:00:00Z,0.67733073
2024-11-23T03:36:00Z,0.018144066
2024-11-23T04:12:00Z,0.83941764
2024-11-23T04:48:00Z,0
2024-11-23T05:24:00Z,0.8308314
2024-11-23T06:00:00Z,0
2024-11-23T06:36:00Z,0.20700084
2024-11-23T07:12:00Z,0.92018515
2024-11-23T07:48:00Z,0
2024-11-23T08:24:00Z,0.097236775
2024-11-23T09:36:00Z,0.93143666
2024-11-23T10:12:00Z,0
2024-11-23T10:48:00Z,0.1022205
2024-11-23T11:24:00Z,0.72339875
2024-11-23T12:00:00Z,0.44562414
2024-11-23T12:36:00Z,0.8150917
2024-11-23T13:12:00Z,0
2024-11-23T13:48:00Z,0.80570126
2024-11-23T14:24:00Z,0
2024-11-23T15:36:00Z,0.79647875
2024-11-23T16:12:00Z,0
2024-11-23T16:48:00Z,0.22320949
2024-11-23T17:24:00Z,0.85425436
2024-11-23T18:00:00Z,0
2024-11-23T18:36:00Z,0.76538783
2024-11-23T19:12:00Z,0
2024-11-23T20:24:00Z,0.65147835
2024-11-23T22:12:00Z,0.76983714
2024-11-23T22:48:00Z,0
2024-11-24T00:00:00Z,0.8579251
2024-11-24T00:36:00Z,0
2024-11-24T02:24:00Z,0.92814356
2024-11-24T03:00:00Z,0
2024-11-24T03:36:00Z,0.025130158
2024-11-24T04:12:00Z,0.993838
2024-11-24T04:48:00Z,0
2024-11-24T05:24:00Z,0.87544376
2024-11-24T06:00:00Z,0
2024-11-24T07:48:00Z,0.8960685
2024-11-24T08:24:00Z,0
2024-11-24T09:00:00Z,0.53511465
2024-11-24T09:36:00Z,0.078585975
2024-11-24T10:12:00Z,0.1187291
2024-11-24T10:48:00Z,0.993286
2024-11-24T11:24:00Z,0
2024-11-24T12:00:00Z,0.7221779
2024-11-24T12:36:00Z,0.37276775
2024-11-24T13:12:00Z,0.7920795
2024-11-24T13:48:00Z,0
2024-11-24T15:00:00Z,0.03942557
2024-11-24T15:36:00Z,0.36825922
2024-11-24T16:12:00Z,0.10722456
2024-11-24T16:48:00Z,0.741062
2024-11-24T17:24:00Z,0.92839223
2024-11-24T18:00:00Z,0
2024-11-24T18:36:00Z,0.9417969
2024-11-24T19:12:00Z,0
2024-11-24T20:24:00Z,0.68285847
2024-11-24T21:00:00Z,0.15141061
2024-11-24T21:36:00Z,0.52501476
2024-11-24T22:12:00Z,0.09614789
2024-11-24T23:24:00Z,0.367266
2024-11-25T00:00:00Z,0.9348575
2024-11-25T00:36:00Z,0
2024-11-25T01:12:00Z,0.76611984
2024-11-25T01:48:00Z,0
2024-11-25T02:24:00Z,0.557106
2024-11-25T03:00:00Z,0.19935933
2024-11-25T03:36:00Z,0.55636084
2024-11-25T05:24:00Z,0.06435538
2024-11-25T06:00:00Z,0.8029511
2024-11-25T06:36:00Z,0
2024-11-25T07:48:00Z,0.7553766
2024-11-25T08:24:00Z,0
2024-11-25T10:12:00Z,0.87733203
2024-11-25T10:48:00Z,0
2024-11-25T12:00:00Z,0.17236705
2024-11-25T12:36:00Z,0.8100493
2024-11-25T13:12:00Z,0
2024-11-25T13:48:00Z,0.74243754
2024-11-25T14:24:00Z,0.8482567
2024-11-25T15:00:00Z,0
2024-11-25T16:12:00Z,0.81023854
2024-11-25T16:48:00Z,0
2024-11-25T17:24:00Z,0.5488371
2024-11-25T18:00:00Z,0.6908967
2024-11-25T18:36:00Z,0.19077231
2024-11-25T19:48:00Z,0.9346938
2024-11-25T20:24:00Z,0
2024-11-25T21:36:00Z,0.9003741
2024-11-25T22:12:00Z,0
2024-11-26T00:00:00Z,0.6282227
2024-11-26T00:36:00Z,0.41025656
2024-11-26T01:12:00Z,0.9583982
2024-11-26T01:48:00Z,0
2024-11-26T02:24:00Z,0.021670463
2024-11-26T03:00:00Z,0.72709084
2024-11-26T03:36:00Z,0.9832102
2024-11-26T04:12:00Z,0
2024-11-26T06:00:00Z,0.46407557
2024-11-26T06:36:00Z,0.040460624
2024-11-26T07:12:00Z,0.4757096
2024-11-26T07:48:00Z,0.22681293
2024-11-26T09:00:00Z,0.94788265
2024-11-26T09:36:00Z,0
2024-11-26T10:12:00Z,0.69907135
2024-11-26T10:48:00Z,0.18148476
2024-11-26T11:24:00Z,0.9575954
2024-11-26T12:00:00Z,0
2024-11-26T12:36:00Z,0.6598164
2024-11-26T13:48:00Z,0.2743889
2024-11-26T15:36:00Z,0.844053
2024-11-26T16:12:00Z,0
2024-11-26T16:48:00Z,0.43721026
2024-11-26T17:24:00Z,0.12337093
2024-11-26T18:00:00Z,0.9176235
2024-11-26T18:36:00Z,0
2024-11-26T19:48:00Z,0.42779514
2024-11-26T20:24:00Z,0.0548203
2024-11-26T21:00:00Z,0.32048827
2024-11-26T22:48:00Z,0.019196197
2024-11-27T00:00:00Z,0.82632375
2024-11-27T00:36:00Z,0
2024-11-27T01:48:00Z,0.54367757
2024-11-27T03:00:00Z,0.028440561
2024-11-27T04:12:00Z,0.59316665
2024-11-27T06:00:00Z,0.04908142
2024-11-27T07:12:00Z,0.68447334
2024-11-27T07:48:00Z,0.79457057
2024-11-27T08:24:00Z,0
2024-11-27T09:00:00Z,0.79046136
2024-11-27T09:36:00Z,0
2024-11-27T10:12:00Z,0.8978449
2024-11-27T10:48:00Z,0
2024-11-27T11:24:00Z,0.9925999
2024-11-27T12:00:00Z,0
2024-11-27T13:12:00Z,0.30498445
2024-11-27T14:24:00Z,0.08718842
2024-11-27T15:00:00Z,0.5501109
2024-11-27T15:36:00Z,0.5127713
2024-11-27T16:12:00Z,0.15429862
2024-11-27T16:48:00Z,0.9426731
2024-11-27T17:24:00Z,0
2024-11-27T18:00:00Z,0.4445487
2024-11-27T18:36:00Z,0.09317487
2024-11-27T19:12:00Z,0.80199593
2024-11-27T19:48:00Z,0
2024-11-27T21:00:00Z,0.52251816
2024-11-27T22:48:00Z,0.67430407
2024-11-27T23:24:00Z,0.90976393
2024-11-28T00:00:00Z,0
2024-11-28T00:36:00Z,0.95027125
2024-11-28T01:12:00Z,0
2024-11-28T01:48:00Z,0.708512
2024-11-28T03:36:00Z,0.8431591
2024-11-28T04:12:00Z,0
2024-11-28T04:48:00Z,0.6920609
2024-11-28T06:00:00Z,0.5364086
2024-11-28T06:36:00Z,0.98393863
2024-11-28T07:12:00Z,0
2024-11-28T07:48:00Z,0.6228107
2024-11-28T08:24:00Z,0.3167975
2024-11-28T09:36:00Z,0.46965224
2024-11-28T10:48:00Z,0.38389274
2024-11-28T11:24:00Z,0.58552754
2024-11-28T12:00:00Z,0.31120366
2024-11-28T12:36:00Z,0.676355
2024-11-28T13:12:00Z,0.2963301
2024-11-28T13:48:00Z,0.58078355
2024-11-28T14:24:00Z,0.15609811
2024-11-28T15:00:00Z,0.46638218
2024-11-28T15:36:00Z,0.038451944
2024-11-28T16:48:00Z,0.40870404
2024-11-28T18:00:00Z,0.07990722
2024-11-28T19:48:00Z,0.91781473
2024-11-28T20:24:00Z,0
2024-11-28T22:12:00Z,0.491792
2024-11-28T22:48:00Z,0.8531588
2024-11-28T23:24:00Z,0
2024-11-29T00:00:00Z,0.9658042
2024-11-29T00:36:00Z,0
2024-11-29T01:12:00Z,0.03938556
2024-11-29T01:48:00Z,0.89909357
2024-11-29T02:24:00Z,0
2024-11-29T03:00:00Z,0.23119234
2024-11-29T03:36:00Z,0.9189786
2024-11-29T04:12:00Z,0
2024-11-29T04:48:00Z,0.86171484
2024-11-29T05:24:00Z,0
2024-11-29T06:00:00Z,0.9886654
2024-11-29T06:36:00Z,0
2024-11-29T07:12:00Z,0.77441895
2024-11-29T07:48:00Z,0
2024-11-29T08:24:00Z,0.031083982
2024-11-29T09:00:00Z,0.84516674
2024-11-29T09:36:00Z,0
2024-11-29T10:12:00Z,0.7826821
2024-11-29T10:48:00Z,0
2024-11-29T12:36:00Z,0.84647703
2024-11-29T13:12:00Z,0
2024-11-29T13:48:00Z,0.62906337
2024-11-29T15:36:00Z,0.28435576
2024-11-29T16:48:00Z,0.8284959
2024-11-29T17:24:00Z,0
2024-11-29T18:00:00Z,0.43762392
2024-11-29T19:48:00Z,0.08983814
2024-11-29T20:24:00Z,0.3541139
2024-11-29T21:00:00Z,0.07308538
2024-11-29T21:36:00Z,0.47859225
2024-11-29T22:12:00Z,0.10377231
2024-11-29T23:24:00Z,0.8316162
2024-11-30T00:00:00Z,0
2024-11-30T01:12:00Z,0.12145383
2024-11-30T01:48:00Z,0.0640557
2024-11-30T02:24:00Z,0.7239155
2024-11-30T03:00:00Z,0.96907383
2024-11-30T03:36:00Z,0
2024-11-30T04:12:00Z,0.6027306
2024-11-30T06:00:00Z,0.5865564
2024-11-30T06:36:00Z,0.15064211
2024-11-30T07:48:00Z,0.9787919
2024-11-30T08:24:00Z,0
2024-11-30T09:00:00Z,0.5866963
2024-11-30T10:48:00Z,0.8161663
2024-11-30T11:24:00Z,0
2024-11-30T12:00:00Z,0.036484912
2024-11-30T12:36:00Z,0.8488271
2024-11-30T13:12:00Z,0
2024-11-30T13:48:00Z,0.6562615
2024-11-30T14:24:00Z,0.13502088
2024-11-30T15:36:00Z,0.63818353
2024-11-30T16:12:00Z,0.24494208
2024-11-30T16:48:00Z,0.9472638
2024-11-30T17:24:00Z,0
2024-11-30T19:12:00Z,0.88101864
2024-11-30T19:48:00Z,0
2024-11-30T20:24:00Z,0.9332779
2024-11-30T21:00:00Z,0
2024-11-30T22:12:00Z,0.99253494
2024-11-30T22:48:00Z,0
2024-11-30T23:24:00Z,0.84518707
2024-12-01T00:00:00Z,0
2024-12-01T01:12:00Z,0.8128494
2024-12-01T01:48:00Z,0
2024-12-01T02:24:00Z,0.71251404
2024-12-01T03:00:00Z,0.024987865
2024-12-01T04:12:00Z,0.56841385
2024-12-01T05:24:00Z,0.29410073
2024-12-01T06:00:00Z,0.8105373
2024-12-01T06:36:00Z,0
2024-12-01T07:48:00Z,0.30549422
2024-12-01T09:00:00Z,0.7809902
2024-12-01T09:36:00Z,0
2024-12-01T10:12:00Z,0.6602927
2024-12-01T10:48:00Z,0.40435782
2024-12-01T11:24:00Z,0.58557886
2024-12-01T12:00:00Z,0.06117863
2024-12-01T12:36:00Z,0.91604537
2024-12-01T13:12:00Z,0
2024-12-01T13:48:00Z,0.02121104
2024-12-01T14:24:00Z,0.57766205
2024-12-01T15:36:00Z,0.73347414
2024-12-01T16:12:00Z,0.40554398
2024-12-01T16:48:00Z,0.5427188
2024-12-01T17:24:00Z,0.05265792
2024-12-01T18:36:00Z,0.2012765
2024-12-01T19:12:00Z,0.88163495
2024-12-01T19:48:00Z,0
2024-12-01T21:36:00Z,0.9586087
2024-12-01T22:12:00Z,0
2024-12-01T22:48:00Z,0.3694605
2024-12-01T23:24:00Z,0.28761294
2024-12-02T00:00:00Z,0.71053916
2024-12-02T00:36:00Z,0.2766845
2024-12-02T01:12:00Z,0.80541676
2024-12-02T01:48:00Z,0
2024-12-02T02:24:00Z,0.55101967
2024-12-02T03:00:00Z,0.06788076
2024-12-02T04:12:00Z,0.13815658
2024-12-02T04:48:00Z,0.8561991
2024-12-02T05:24:00Z,0
2024-12-02T06:00:00Z,0.116602324
2024-12-02T06:36:00Z,0.9619929
2024-12-02T07:12:00Z,0
2024-12-02T07:48:00Z,0.47630477
2024-12-02T09:36:00Z,0.76967907
2024-12-02T10:12:00Z,0
2024-12-02T12:00:00Z,0.9702965
2024-12-02T12:36:00Z,0
2024-12-02T14:24:00Z,0.23190932
2024-12-02T15:00:00Z,0.050921626
2024-12-02T15:36:00Z,0.789176
2024-12-02T16:12:00Z,0
2024-12-02T16:48:00Z,0.91622007
2024-12-02T17:24:00Z,0
2024-12-02T18:36:00Z,0.7894103
2024-12-02T19:12:00Z,0
2024-12-02T20:24:00Z,0.31572956
2024-12-02T21:00:00Z,0.8285866
2024-12-02T21:36:00Z,0
2024-12-02T22:12:00Z,0.91627145
2024-12-02T22:48:00Z,0
2024-12-02T23:24:00Z,0.2158364
2024-12-03T00:00:00Z,0.8919853
2024-12-03T00:36:00Z,0
2024-12-03T02:24:00Z,0.1636141
2024-12-03T03:00:00Z,0.54581636
2024-12-03T03:36:00Z,0.10245581
2024-12-03T04:48:00Z,0.6972831
2024-12-03T06:00:00Z,0.050919767
2024-12-03T07:12:00Z,0.36818528
2024-12-03T07:48:00Z,0.10887081
2024-12-03T08:24:00Z,0.57839406
2024-12-03T10:12:00Z,0.15921341
2024-12-03T12:00:00Z,0.4421419
2024-12-03T12:36:00Z,0.221051
2024-12-03T13:48:00Z,0.8264918
2024-12-03T14:24:00Z,0
2024-12-03T15:36:00Z,0.08896233
2024-12-03T16:12:00Z,0
2024-12-03T16:48:00Z,0.8063476
2024-12-03T17:24:00Z,0
2024-12-03T18:00:00Z,0.7057954
2024-12-03T19:12:00Z,0.72080594
2024-12-03T19:48:00Z,0.2021763
2024-12-03T20:24:00Z,0.7981805
2024-12-03T21:00:00Z,0
2024-12-03T22:12:00Z,0.7625369
2024-12-03T22:48:00Z,0
2024-12-04T00:00:00Z,0.84005874
2024-12-04T00:36:00Z,0
2024-12-04T01:12:00Z,0.81307894
2024-12-04T01:48:00Z,0
2024-12-04T02:24:00Z,0.5712333
2024-12-04T04:12:00Z,0.21624814
2024-12-04T06:36:00Z,0.8361994
2024-12-04T07:12:00Z,0
2024-12-04T07:48:00Z,0.82762206
2024-12-04T08:24:00Z,0
2024-12-04T09:00:00Z,0.5555179
2024-12-04T10:12:00Z,0.89096814
2024-12-04T10:48:00Z,0
2024-12-04T11:24:00Z,0.9524114
2024-12-04T12:00:00Z,0
2024-12-04T12:36:00Z,0.7930017
2024-12-04T13:12:00Z,0
2024-12-04T13:48:00Z,0.17505646
2024-12-04T14:24:00Z,0.7894823
2024-12-04T15:00:00Z,0
2024-12-04T15:36:00Z,0.8947628
2024-12-04T16:12:00Z,0
2024-12-04T16:48:00Z,0.9123998
2024-12-04T17:24:00Z,0
2024-12-04T18:00:00Z,0.7614971
2024-12-04T18:36:00Z,0
2024-12-04T21:00:00Z,0.85262173
2024-12-04T21:36:00Z,0
2024-12-04T22:12:00Z,0.53948075
2024-12-05T00:36:00Z,0.6036068
2024-12-05T01:12:00Z,0.9012295
2024-12-05T01:48:00Z,0
2024-12-05T02:24:00Z,0.9643842
2024-12-05T03:00:00Z,0
2024-12-05T03:36:00Z,0.7624119
2024-12-05T04:12:00Z,0
2024-12-05T04:48:00Z,0.53824586
2024-12-05T06:00:00Z,0.69148076
2024-12-05T06:36:00Z,0.0562906
2024-12-05T07:12:00Z,0.79105663
2024-12-05T07:48:00Z,0
2024-12-05T08:24:00Z,0.6849026
2024-12-05T09:00:00Z,0.20446584
2024-12-05T10:12:00Z,0.26491663
2024-12-05T10:48:00Z,0.74610144
2024-12-05T11:24:00Z,0.23978089
2024-12-05T12:36:00Z,0.21666028
2024-12-05T13:12:00Z,0.56313354
2024-12-05T13:48:00Z,0.099946424
2024-12-05T15:00:00Z,0.6961655
2024-12-05T17:24:00Z,0.16359514
2024-12-05T18:00:00Z,0.6705874
2024-12-05T19:12:00Z,0.72955394
2024-12-05T19:48:00Z,0.23771007
2024-12-05T20:24:00Z,0.17954955
2024-12-05T21:00:00Z,0.9476312
2024-12-05T21:36:00Z,0
2024-12-05T22:12:00Z,0.0070721214
2024-12-05T22:48:00Z,0.9761991
2024-12-05T23:24:00Z,0
2024-12-06T00:00:00Z,0.6802828
2024-12-06T00:36:00Z,0.7807583
2024-12-06T01:12:00Z,0
2024-12-06T01:48:00Z,0.07346842
2024-12-06T02:24:00Z,0.84925646
2024-12-06T03:00:00Z,0
2024-12-06T03:36:00Z,0.6797021
2024-12-06T04:12:00Z,0.008213323
2024-12-06T05:24:00Z,0.9242207
2024-12-06T06:00:00Z,0
2024-12-06T06:36:00Z,0.44844022
2024-12-06T07:12:00Z,0.35011
2024-12-06T07:48:00Z,0.7543642
2024-12-06T08:24:00Z,0
2024-12-06T09:00:00Z,0.5214717
2024-12-06T10:12:00Z,0.30291316
2024-12-06T11:24:00Z,0.9059908
2024-12-06T12:00:00Z,0
2024-12-06T12:36:00Z,0.9649443
2024-12-06T13:12:00Z,0
2024-12-06T14:24:00Z,0.2779494
2024-12-06T15:36:00Z,0.19942637
2024-12-06T16:12:00Z,0.724067
2024-12-06T19:12:00Z,0.8675234
2024-12-06T19:48:00Z,0
2024-12-06T20:24:00Z,0.920286
2024-12-06T21:00:00Z,0
2024-12-06T22:12:00Z,0.8219403
2024-12-06T22:48:00Z,0
2024-12-06T23:24:00Z,0.8686332
2024-12-07T00:00:00Z,0
2024-12-07T00:36:00Z,0.22988683
2024-12-07T01:12:00Z,0.879091
2024-12-07T01:48:00Z,0
2024-12-07T02:24:00Z,0.8829351
2024-12-07T03:00:00Z,0
2024-12-07T03:36:00Z,0.9005993
2024-12-07T04:12:00Z,0
2024-12-07T04:48:00Z,0.5880218
2024-12-07T05:24:00Z,0.47073093
2024-12-07T06:00:00Z,0.9161494
2024-12-07T06:36:00Z,0
2024-12-07T07:12:00Z,0.6682468
2024-12-07T07:48:00Z,0.8074958
2024-12-07T08:24:00Z,0
2024-12-07T09:36:00Z,0.6194717
2024-12-07T10:12:00Z,0.14914787
2024-12-07T11:24:00Z,0.76730937
2024-12-07T12:00:00Z,0
2024-12-07T13:12:00Z,0.38857815
2024-12-07T13:48:00Z,0.07959461
2024-12-07T15:00:00Z,0.52469736
2024-12-07T15:36:00Z,0.71947604
2024-12-07T16:12:00Z,0.2524069
2024-12-07T16:48:00Z,0.86076003
2024-12-07T17:24:00Z,0
2024-12-07T18:36:00Z,0.83028144
2024-12-07T19:12:00Z,0
2024-12-07T20:24:00Z,0.8880387
2024-12-07T21:00:00Z,0
2024-12-07T21:36:00Z,0.5179705
2024-12-07T22:12:00Z,0.09927308
2024-12-07T22:48:00Z,0.44226286
2024-12-07T23:24:00Z,0.22358131
2024-12-08T00:00:00Z,0.6026463
2024-12-08T02:24:00Z,0.33451185
2024-12-08T03:00:00Z,0.6083445
2024-12-08T03:36:00Z,0.34554783
2024-12-08T04:12:00Z,0.82656103
2024-12-08T04:48:00Z,0
2024-12-08T06:36:00Z,0.7868738
2024-12-08T07:12:00Z,0
2024-12-08T07:48:00Z,0.09031942
2024-12-08T08:24:00Z,0.8062468
2024-12-08T09:00:00Z,0
2024-12-08T11:24:00Z,0.35439405
2024-12-08T12:00:00Z,0.926282
2024-12-08T12:36:00Z,0
2024-12-08T13:12:00Z,0.5849843
2024-12-08T14:24:00Z,0.23949166
2024-12-08T15:00:00Z,0.58440834
2024-12-08T15:36:00Z,0.0009582341
2024-12-08T16:12:00Z,0.78925467
2024-12-08T16:48:00Z,0
2024-12-08T17:24:00Z,0.6466395
2024-12-08T18:36:00Z,0.06817435
2024-12-08T19:12:00Z,0.43558422
2024-12-08T19:48:00Z,0.02359977
2024-12-08T21:36:00Z,0.71976525
2024-12-08T22:12:00Z,0.004990093
2024-12-08T23:24:00Z,0.08984034
2024-12-09T00:36:00Z,0.7414928
2024-12-09T01:12:00Z,0.7675099
2024-12-09T01:48:00Z,0
2024-12-09T02:24:00Z,0.7408346
2024-12-09T03:36:00Z,0.18941389
2024-12-09T04:12:00Z,0.75919706
2024-12-09T04:48:00Z,0
2024-12-09T06:00:00Z,0.7263002
2024-12-09T06:36:00Z,0.28100064
2024-12-09T07:48:00Z,0.7758422
2024-12-09T08:24:00Z,0
2024-12-09T09:00:00Z,0.8547203
2024-12-09T09:36:00Z,0
2024-12-09T10:48:00Z,0.12283479
2024-12-09T11:24:00Z,0.6632439
2024-12-09T12:00:00Z,0.15747833
2024-12-09T14:24:00Z,0.6052643
2024-12-09T15:36:00Z,0.38994244
2024-12-09T16:12:00Z,0.6454394
2024-12-09T16:48:00Z,0.28775334
2024-12-09T17:24:00Z,0.87433004
2024-12-09T18:00:00Z,0
2024-12-09T18:36:00Z,0.07322315
2024-12-09T19:48:00Z,0.7096319
2024-12-09T20:24:00Z,0.94013184
2024-12-09T21:00:00Z,0
2024-12-10T00:00:00Z,0.6222456
2024-12-10T00:36:00Z,0.09245745
2024-12-10T01:12:00Z,0.73882645
2024-12-10T02:24:00Z,0.28590596
2024-12-10T03:00:00Z,0.76958615
2024-12-10T03:36:00Z,0
2024-12-10T04:12:00Z,0.043633454
2024-12-10T04:48:00Z,0.91779286
2024-12-10T05:24:00Z,0
2024-12-10T06:00:00Z,0.80904305
2024-12-10T06:36:00Z,0
2024-12-10T07:48:00Z,0.85030246
2024-12-10T08:24:00Z,0
2024-12-10T10:12:00Z,0.42527768
2024-12-10T11:24:00Z,0.7408362
2024-12-10T12:00:00Z,0.21897253
2024-12-10T12:36:00Z,0.96493775
2024-12-10T13:12:00Z,0
2024-12-10T13:48:00Z,0.7051497
2024-12-10T14:24:00Z,0.90988445
2024-12-10T15:00:00Z,0
2024-12-10T15:36:00Z,0.054352004
2024-12-10T16:12:00Z,0.54589766
2024-12-10T16:48:00Z,0.55947334
2024-12-10T17:24:00Z,0.9956815
2024-12-10T18:00:00Z,0
2024-12-10T19:12:00Z,0.9919109
2024-12-10T19:48:00Z,0
2024-12-10T20:24:00Z,0.82697
2024-12-10T21:00:00Z,0
2024-12-10T22:12:00Z,0.33943936
2024-12-11T01:12:00Z,0.12583312
2024-12-11T02:24:00Z,0.98194915
2024-12-11T03:00:00Z,0
2024-12-11T03:36:00Z,0.947133
2024-12-11T04:12:00Z,0
2024-12-11T04:48:00Z,0.6716895
2024-12-11T05:24:00Z,0.87065655
2024-12-11T06:00:00Z,0
2024-12-11T07:12:00Z,0.67935055
2024-12-11T11:24:00Z,0.48904076
2024-12-11T12:00:00Z,0.22564851
2024-12-11T13:12:00Z,0.69482744
2024-12-11T13:48:00Z,0.35785198
2024-12-11T14:24:00Z,0.6443223
2024-12-11T15:36:00Z,0.21259451
2024-12-11T16:12:00Z,0.9147549
2024-12-11T16:48:00Z,0
2024-12-11T17:24:00Z,0.9908805
2024-12-11T18:00:00Z,0
2024-12-11T19:12:00Z,0.50504494
2024-12-11T20:24:00Z,0.049820423
2024-12-11T21:00:00Z,0.25511852
2024-12-11T21:36:00Z,0.9300681
2024-12-11T22:12:00Z,0
2024-12-12T00:00:00Z,0.981106
2024-12-12T00:36:00Z,0
2024-12-12T01:12:00Z,0.66953963
2024-12-12T01:48:00Z,0.4313875
2024-12-12T02:24:00Z,0.95915806
2024-12-12T03:00:00Z,0
2024-12-12T03:36:00Z,0.79818493
2024-12-12T04:12:00Z,0
2024-12-12T04:48:00Z,0.63828456
2024-12-12T05:24:00Z,0.29948896
2024-12-12T06:00:00Z,0.8823435
2024-12-12T06:36:00Z,0
2024-12-12T07:48:00Z,0.12653594
2024-12-12T08:24:00Z,0.55808896
2024-12-12T10:12:00Z,0.003267412
2024-12-12T10:48:00Z,0.5203723
2024-12-12T12:00:00Z,0.038728997
2024-12-12T12:36:00Z,0.90587234
2024-12-12T13:12:00Z,0
2024-12-12T15:36:00Z,0.81895816
2024-12-12T16:12:00Z,0
2024-12-12T18:00:00Z,0.81000507
2024-12-12T18:36:00Z,0
2024-12-12T19:12:00Z,0.9831464
2024-12-12T19:48:00Z,0
2024-12-12T20:24:00Z,0.3871748
2024-12-12T22:12:00Z,0.57712764
2024-12-13T00:00:00Z,0.7377491
2024-12-13T01:12:00Z,0.038928963
2024-12-13T01:48:00Z,0.38936433
2024-12-13T02:24:00Z,0.30268797
2024-12-13T03:00:00Z,0.8084388
2024-12-13T03:36:00Z,0
2024-12-13T04:12:00Z,0.90517765
2024-12-13T04:48:00Z,0
2024-12-13T06:36:00Z,0.3225415
2024-12-13T07:12:00Z,0.07330707
2024-12-13T07:48:00Z,0.75354886
2024-12-13T08:24:00Z,0
2024-12-13T09:36:00Z,0.53695405
2024-12-13T10:12:00Z,0.0920173
2024-12-13T10:48:00Z,0.90694493
2024-12-13T11:24:00Z,0
2024-12-13T12:00:00Z,0.8989718
2024-12-13T12:36:00Z,0
2024-12-13T13:12:00Z,0.9797322
2024-12-13T13:48:00Z,0
2024-12-13T14:24:00Z,0.97110873
2024-12-13T15:00:00Z,0
2024-12-13T15:36:00Z,0.36217177
2024-12-13T16:12:00Z,0.22322132
2024-12-13T16:48:00Z,0.98077685
2024-12-13T17:24:00Z,0
2024-12-13T18:00:00Z,0.6650553
2024-12-13T18:36:00Z,0.009058821
2024-12-13T19:12:00Z,0.15857483
2024-12-13T19:48:00Z,0.95295405
2024-12-13T20:24:00Z,0
2024-12-13T22:48:00Z,0.05850728
2024-12-13T23:24:00Z,0.33253875
2024-12-14T00:00:00Z,0.14444032
2024-12-14T00:36:00Z,0.9131167
2024-12-14T01:12:00Z,0
2024-12-14T03:00:00Z,0.5887674
2024-12-14T03:36:00Z,0.9289708
2024-12-14T04:12:00Z,0
2024-12-14T05:24:00Z,0.24119526
2024-12-14T06:00:00Z,0.79242724
2024-12-14T06:36:00Z,0
2024-12-14T07:12:00Z,0.83322155
2024-12-14T07:48:00Z,0
2024-12-14T09:00:00Z,0.45425588
2024-12-14T10:12:00Z,0.54792464
2024-12-14T10:48:00Z,0.9002855
2024-12-14T11:24:00Z,0
2024-12-14T12:00:00Z,0.7751817
2024-12-14T12:36:00Z,0
2024-12-14T13:48:00Z,0.41004756
2024-12-14T14:24:00Z,0.98984796
2024-12-14T15:00:00Z,0
2024-12-14T16:12:00Z,0.8693964
2024-12-14T16:48:00Z,0
2024-12-14T17:24:00Z,0.8088481
2024-12-14T18:00:00Z,0
2024-12-14T18:36:00Z,0.67886597
2024-12-14T19:12:00Z,0.9211069
2024-12-14T19:48:00Z,0
2024-12-14T20:24:00Z,0.6780061
2024-12-14T21:00:00Z,0.3174457
2024-12-14T22:12:00Z,0.6504067
2024-12-14T22:48:00Z,0.4652871
2024-12-14T23:24:00Z,0.7943447
2024-12-15T00:00:00Z,0
2024-12-15T01:12:00Z,0.19931443
2024-12-15T01:48:00Z,0.8779787
2024-12-15T02:24:00Z,0
2024-12-15T03:36:00Z,0.98620653
2024-12-15T04:12:00Z,0
2024-12-15T04:48:00Z,0.008123719
2024-12-15T06:00:00Z,0.7149205
2024-12-15T07:12:00Z,0.7921289
2024-12-15T07:48:00Z,0
2024-12-15T09:00:00Z,0.94702286
2024-12-15T09:36:00Z,0
2024-12-15T10:12:00Z,0.69263977
2024-12-15T10:48:00Z,0.3980083
2024-12-15T11:24:00Z,0.90571064
2024-12-15T12:00:00Z,0
2024-12-15T12:36:00Z,0.8284987
2024-12-15T13:12:00Z,0
2024-12-15T13:48:00Z,0.579238
2024-12-15T14:24:00Z,0.1160292
2024-12-15T15:00:00Z,0.62850726
2024-12-15T16:48:00Z,0.26659814
2024-12-15T18:00:00Z,0.7875201
2024-12-15T18:36:00Z,0
2024-12-15T19:12:00Z,0.89822
2024-12-15T19:48:00Z,0
2024-12-15T20:24:00Z,0.83078504
2024-12-15T21:00:00Z,0
2024-12-15T22:48:00Z,0.45713726
2024-12-15T23:24:00Z,0.037156105
2024-12-16T00:00:00Z,0.25258106
2024-12-16T01:48:00Z,0.29119784
2024-12-16T03:00:00Z,0.78635633
2024-12-16T03:36:00Z,0
2024-12-16T06:00:00Z,0.88535243
2024-12-16T06:36:00Z,0
2024-12-16T07:48:00Z,0.71480197
2024-12-16T08:24:00Z,0.42208427
2024-12-16T09:00:00Z,0.8806091
2024-12-16T09:36:00Z,0
2024-12-16T10:48:00Z,0.7010303
2024-12-16T11:24:00Z,0.73469454
2024-12-16T12:00:00Z,0.13155559
2024-12-16T13:12:00Z,0.8184408
2024-12-16T13:48:00Z,0
2024-12-16T14:24:00Z,0.56235856
2024-12-16T15:00:00Z,0.16209674
2024-12-16T15:36:00Z,0.8492297
2024-12-16T16:12:00Z,0
2024-12-16T16:48:00Z,0.37704158
2024-12-16T18:36:00Z,0.10625367
2024-12-16T19:12:00Z,0.319232
2024-12-16T19:48:00Z,0.074941546
2024-12-16T21:00:00Z,0.71439785
2024-12-16T21:36:00Z,0.041347727
2024-12-16T22:12:00Z,0.5352609
2024-12-17T00:00:00Z,0.84617674
2024-12-17T00:36:00Z,0
2024-12-17T01:48:00Z,0.28770012
2024-12-17T02:24:00Z,0.05247848
2024-12-17T03:00:00Z,0.9301753
2024-12-17T03:36:00Z,0
2024-12-17T04:48:00Z,0.23004669
2024-12-17T05:24:00Z,0.802495
2024-12-17T06:00:00Z,0
2024-12-17T06:36:00Z,0.5739519
2024-12-17T07:48:00Z,0.21853751
2024-12-17T08:24:00Z,0.6699912
2024-12-17T09:36:00Z,0.78047836
2024-12-17T10:12:00Z,0
2024-12-17T12:36:00Z,0.96646714
2024-12-17T13:12:00Z,0
2024-12-17T13:48:00Z,0.5097236
2024-12-17T14:24:00Z,0.13187249
2024-12-17T16:12:00Z,0.31824094
2024-12-17T16:48:00Z,0.83239293
2024-12-17T17:24:00Z,0
2024-12-17T18:00:00Z,0.1361916
2024-12-17T18:36:00Z,0.7575273
2024-12-17T19:12:00Z,0
2024-12-17T20:24:00Z,0.7112088
2024-12-17T21:00:00Z,0.232095
2024-12-17T21:36:00Z,0.9780244
2024-12-17T22:12:00Z,0
2024-12-17T22:48:00Z,0.79880106
2024-12-17T23:24:00Z,0
2024-12-18T00:00:00Z,0.6460687
2024-12-18T01:12:00Z,0.7071546
2024-12-18T01:48:00Z,0.27942327
2024-12-18T02:24:00Z,0.56406224
2024-12-18T03:00:00Z,0.2499139
2024-12-18T03:36:00Z,0.9245429
2024-12-18T04:12:00Z,0
2024-12-18T04:48:00Z,0.6808962
2024-12-18T05:24:00Z,0.55345446
2024-12-18T06:00:00Z,0.8962374
2024-12-18T06:36:00Z,0
2024-12-18T07:12:00Z,0.90340114
2024-12-18T07:48:00Z,0
2024-12-18T08:24:00Z,0.24718332
2024-12-18T09:00:00Z,0.038743857
2024-12-18T09:36:00Z,0.623368
2024-12-18T10:12:00Z,0.06035754
2024-12-18T10:48:00Z,0.07355469
2024-12-18T11:24:00Z,0.8411099
2024-12-18T12:00:00Z,0
2024-12-18T13:12:00Z,0.3760043
2024-12-18T13:48:00Z,0.9806531
2024-12-18T14:24:00Z,0
2024-12-18T15:00:00Z,0.98154444
2024-12-18T15:36:00Z,0
2024-12-18T16:12:00Z,0.6028349
2024-12-18T16:48:00Z,0.10589313
2024-12-18T17:24:00Z,0.20355655
2024-12-18T18:00:00Z,0.86346954
2024-12-18T18:36:00Z,0
2024-12-18T19:12:00Z,0.80014557
2024-12-18T19:48:00Z,0
2024-12-18T21:00:00Z,0.25606614
2024-12-18T21:36:00Z,0.9173844
2024-12-18T22:12:00Z,0
2024-12-19T00:36:00Z,0.82443434
2024-12-19T01:12:00Z,0
2024-12-19T01:48:00Z,0.7014402
2024-12-19T02:24:00Z,0.43356553
2024-12-19T03:00:00Z,0.73598754
2024-12-19T03:36:00Z,0.084658824
2024-12-19T04:48:00Z,0.5157218
2024-12-19T05:24:00Z,0.11810128
2024-12-19T07:12:00Z,0.84256154
2024-12-19T07:48:00Z,0
2024-12-19T09:36:00Z,0.4238751
2024-12-19T10:12:00Z,0.9695212
2024-12-19T10:48:00Z,0
2024-12-19T11:24:00Z,0.8121411
2024-12-19T12:00:00Z,0
2024-12-19T13:12:00Z,0.6625848
2024-12-19T13:48:00Z,0.32633913
2024-12-19T14:24:00Z,0.95112544
2024-12-19T15:00:00Z,0
2024-12-19T16:12:00Z,0.29716903
2024-12-19T16:48:00Z,0.83982295
2024-12-19T17:24:00Z,0
2024-12-19T19:12:00Z,0.2545224
2024-12-19T19:48:00Z,0.9531847
2024-12-19T20:24:00Z,0
2024-12-19T21:36:00Z,0.41973117
2024-12-19T22:12:00Z,0.34718668
2024-12-19T22:48:00Z,0.9011729
2024-12-19T23:24:00Z,0
2024-12-20T00:36:00Z,0.19402173
2024-12-20T01:12:00Z,0.88118565
2024-12-20T01:48:00Z,0
2024-12-20T03:36:00Z,0.04960071
2024-12-20T04:12:00Z,0.96886
2024-12-20T04:48:00Z,0
2024-12-20T05:24:00Z,0.82022756
2024-12-20T06:00:00Z,0
2024-12-20T06:36:00Z,0.66953975
2024-12-20T07:12:00Z,0.22199978
2024-12-20T08:24:00Z,0.19478765
2024-12-20T09:00:00Z,0.92706275
2024-12-20T09:36:00Z,0
2024-12-20T12:36:00Z,0.71661425
2024-12-20T13:12:00Z,0.94066614
2024-12-20T13:48:00Z,0
2024-12-20T14:24:00Z,0.11918215
2024-12-20T15:00:00Z,0.9561137
2024-12-20T15:36:00Z,0
2024-12-20T19:12:00Z,0.21691886
2024-12-20T19:48:00Z,0.5298177
2024-12-20T21:00:00Z,0.0043196646
2024-12-20T21:36:00Z,0.5489889
2024-12-20T22:48:00Z,0.8138442
2024-12-20T23:24:00Z,0
2024-12-21T00:36:00Z,0.87185645
2024-12-21T01:12:00Z,0
2024-12-21T01:48:00Z,0.563715
2024-12-21T02:24:00Z,0.7213166
2024-12-21T03:00:00Z,0.3890097
2024-12-21T04:12:00Z,0.8033557
2024-12-21T04:48:00Z,0
2024-12-21T07:12:00Z,0.9630447
2024-12-21T07:48:00Z,0
2024-12-21T08:24:00Z,0.33836365
2024-12-21T09:00:00Z,0.14688715
2024-12-21T09:36:00Z,0.9750183
2024-12-21T10:12:00Z,0
2024-12-21T10:48:00Z,0.7599369
2024-12-21T11:24:00Z,0
2024-12-21T12:36:00Z,0.9546635
2024-12-21T13:12:00Z,0
2024-12-21T13:48:00Z,0.9032738
2024-12-21T14:24:00Z,0
2024-12-21T15:36:00Z,0.8449754
2024-12-21T16:12:00Z,0
2024-12-21T16:48:00Z,0.97868884
2024-12-21T17:24:00Z,0
2024-12-21T18:36:00Z,0.86184514
2024-12-21T19:12:00Z,0
2024-12-21T19:48:00Z,0.07254133
2024-12-21T20:24:00Z,0.79719806
2024-12-21T21:00:00Z,0
2024-12-21T21:36:00Z,0.9579929
2024-12-21T22:12:00Z,0
2024-12-21T23:24:00Z,0.81714624
2024-12-22T00:00:00Z,0
2024-12-22T00:36:00Z,0.767509
2024-12-22T01:12:00Z,0
2024-12-22T01:48:00Z,0.85486996
2024-12-22T02:24:00Z,0
2024-12-22T03:36:00Z,0.9061348
2024-12-22T04:12:00Z,0
2024-12-22T06:00:00Z,0.48060286
2024-12-22T06:36:00Z,0.23988092
2024-12-22T07:48:00Z,0.81618845
2024-12-22T08:24:00Z,0
2024-12-22T10:12:00Z,0.30833167
2024-12-22T12:00:00Z,0.69699514
2024-12-22T13:12:00Z,0.51112354
2024-12-22T13:48:00Z,0.077113554
2024-12-22T15:00:00Z,0.98793894
2024-12-22T15:36:00Z,0
2024-12-22T17:24:00Z,0.45156407
2024-12-22T18:36:00Z,0.16869798
2024-12-22T19:48:00Z,0.8482483
2024-12-22T20:24:00Z,0
2024-12-22T21:36:00Z,0.6769706
2024-12-22T22:12:00Z,0.34051657
2024-12-23T00:00:00Z,0.8116001
2024-12-23T00:36:00Z,0
2024-12-23T03:00:00Z,0.91927963
2024-12-23T03:36:00Z,0
2024-12-23T04:12:00Z,0.6823515
2024-12-23T04:48:00Z,0.9364199
2024-12-23T05:24:00Z,0
2024-12-23T06:00:00Z,0.52281874
2024-12-23T06:36:00Z,0.038024638
2024-12-23T07:12:00Z,0.8337585
2024-12-23T07:48:00Z,0
2024-12-23T09:00:00Z,0.87848514
2024-12-23T09:36:00Z,0
2024-12-23T10:12:00Z,0.3837114
2024-12-23T10:48:00Z,0.26795426
2024-12-23T11:24:00Z,0.8766848
2024-12-23T12:00:00Z,0
2024-12-23T13:12:00Z,0.10473491
2024-12-23T14:24:00Z,0.97449315
2024-12-23T15:00:00Z,0
2024-12-23T15:36:00Z,0.4570546
2024-12-23T16:12:00Z,0.19839093
2024-12-23T17:24:00Z,0.9001002
2024-12-23T18:00:00Z,0
2024-12-23T18:36:00Z,0.85385215
2024-12-23T19:12:00Z,0
2024-12-23T19:48:00Z,0.88730055
2024-12-23T20:24:00Z,0
2024-12-23T21:00:00Z,0.038225602
2024-12-23T21:36:00Z,0.863406
2024-12-23T22:12:00Z,0
2024-12-23T22:48:00Z,0.01904393
2024-12-24T00:00:00Z,0.7128145
2024-12-24T01:12:00Z,0.72187436
2024-12-24T02:24:00Z,0.25938317
2024-12-24T03:00:00Z,0.87454695
2024-12-24T03:36:00Z,0
2024-12-24T04:48:00Z,0.95367694
2024-12-24T05:24:00Z,0
2024-12-24T06:00:00Z,0.28761524
2024-12-24T06:36:00Z,0.019120747
2024-12-24T07:12:00Z,0.8983109
2024-12-24T07:48:00Z,0
2024-12-24T08:24:00Z,0.6094766
2024-12-24T09:36:00Z,0.8926481
2024-12-24T10:12:00Z,0
2024-12-24T10:48:00Z,0.67692083
2024-12-24T11:24:00Z,0.17075007
2024-12-24T12:36:00Z,0.48287123
2024-12-24T13:12:00Z,0.96390814
2024-12-24T13:48:00Z,0
2024-12-24T15:00:00Z,0.3351482
2024-12-24T15:36:00Z,0.059617482
2024-12-24T16:12:00Z,0.8305781
2024-12-24T16:48:00Z,0
2024-12-24T17:24:00Z,0.5128468
2024-12-24T18:00:00Z,0.0034516882
2024-12-24T19:48:00Z,0.2467841
2024-12-24T20:24:00Z,0.035740394
2024-12-24T21:00:00Z,0.9833822
2024-12-24T21:36:00Z,0
2024-12-24T22:12:00Z,0.6173281
2024-12-24T23:24:00Z,0.82380354
2024-12-25T00:00:00Z,0
2024-12-25T01:12:00Z,0.6324865
2024-12-25T01:48:00Z,0.44907147
2024-12-25T02:24:00Z,0.76110375
2024-12-25T03:00:00Z,0
2024-12-25T04:12:00Z,0.17465556
2024-12-25T04:48:00Z,0.85777384
2024-12-25T05:24:00Z,0
2024-12-25T06:00:00Z,0.97074133
2024-12-25T06:36:00Z,0
2024-12-25T07:48:00Z,0.0008712411
2024-12-25T08:24:00Z,0.87722915
2024-12-25T09:00:00Z,0
2024-12-25T09:36:00Z,0.85755295
2024-12-25T10:12:00Z,0
2024-12-25T10:48:00Z,0.5890835
2024-12-25T11:24:00Z,0.19744381
2024-12-25T14:24:00Z,0.85773647
2024-12-25T15:00:00Z,0
2024-12-25T15:36:00Z,0.6914375
2024-12-25T16:48:00Z,0.08170272
2024-12-25T17:24:00Z,0.7936477
2024-12-25T18:00:00Z,0
2024-12-25T19:12:00Z,0.19941889
2024-12-25T19:48:00Z,0.78145975
2024-12-25T20:24:00Z,0
2024-12-25T21:36:00Z,0.9910794
2024-12-25T22:12:00Z,0
2024-12-25T22:48:00Z,0.38061577
2024-12-26T00:00:00Z,0.68983245
2024-12-26T01:12:00Z,0.14836854
2024-12-26T03:00:00Z,0.09121249
2024-12-26T03:36:00Z,0.7603771
2024-12-26T04:12:00Z,0
2024-12-26T04:48:00Z,0.79882824
2024-12-26T05:24:00Z,0
2024-12-26T06:36:00Z,0.5688679
2024-12-26T07:12:00Z,0.18214256
2024-12-26T07:48:00Z,0.7876641
2024-12-26T08:24:00Z,0
2024-12-26T09:00:00Z,0.8495982
2024-12-26T09:36:00Z,0
2024-12-26T10:12:00Z,0.69225043
2024-12-26T10:48:00Z,0.8737093
2024-12-26T11:24:00Z,0
2024-12-26T12:36:00Z,0.53194374
2024-12-26T13:48:00Z,0.94240576
2024-12-26T14:24:00Z,0
2024-12-26T15:00:00Z,0.1860712
2024-12-26T15:36:00Z,0.95263046
2024-12-26T16:12:00Z,0
2024-12-26T17:24:00Z,0.3210547
2024-12-26T18:00:00Z,0.11081328
2024-12-26T18:36:00Z,0.3646544
2024-12-26T20:24:00Z,0.093080595
2024-12-26T21:00:00Z,0.5479859
2024-12-26T21:36:00Z,0.007948205
2024-12-26T22:48:00Z,0.6295571
2024-12-26T23:24:00Z,0.17687038
2024-12-27T00:36:00Z,0.59980994
2024-12-27T01:12:00Z,0.049201585
2024-12-27T01:48:00Z,0.10383166
2024-12-27T02:24:00Z,0.6814906
2024-12-27T03:36:00Z,0.5340806
2024-12-27T04:12:00Z,0.05609905
2024-12-27T04:48:00Z,0.25961903
2024-12-27T05:24:00Z,0.042172797
2024-12-27T06:00:00Z,0.65591425
2024-12-27T06:36:00Z,0.8582741
2024-12-27T07:12:00Z,0
2024-12-27T08:24:00Z,0.85373616
2024-12-27T09:00:00Z,0
2024-12-27T10:48:00Z,0.758362
2024-12-27T11:24:00Z,0
2024-12-27T12:36:00Z,0.80851644
2024-12-27T13:12:00Z,0
2024-12-27T13:48:00Z,0.9188883
2024-12-27T14:24:00Z,0
2024-12-27T15:00:00Z,0.04813049
2024-12-27T15:36:00Z,0.75100666
2024-12-27T16:12:00Z,0
2024-12-27T16:48:00Z,0.50859797
2024-12-27T17:24:00Z,0.25275826
2024-12-27T18:36:00Z,0.81288725
2024-12-27T19:12:00Z,0
2024-12-27T22:48:00Z,0.500605
2024-12-28T00:00:00Z,0.4742233
2024-12-28T00:36:00Z,0.03835879
2024-12-28T01:48:00Z,0.47903192
2024-12-28T02:24:00Z,0.3219131
2024-12-28T03:00:00Z,0.57330894
2024-12-28T03:36:00Z,0.27298394
2024-12-28T04:12:00Z,0.9488041
2024-12-28T04:48:00Z,0
2024-12-28T05:24:00Z,0.58732516
2024-12-28T06:00:00Z,0.2297155
2024-12-28T06:36:00Z,0.5122248
2024-12-28T08:24:00Z,0.38750106
2024-12-28T09:00:00Z,0.9974647
2024-12-28T09:36:00Z,0
2024-12-28T10:48:00Z,0.7722716
2024-12-28T11:24:00Z,0
2024-12-28T13:48:00Z,0.3788525
2024-12-28T14:24:00Z,0.04138368
2024-12-28T15:00:00Z,0.81316733
2024-12-28T15:36:00Z,0
2024-12-28T16:12:00Z,0.94294745
2024-12-28T16:48:00Z,0
2024-12-28T17:24:00Z,0.063837595
2024-12-28T18:00:00Z,0.9578271
2024-12-28T18:36:00Z,0
2024-12-28T19:48:00Z,0.014546809
2024-12-28T21:00:00Z,0.9863974
2024-12-28T21:36:00Z,0
2024-12-28T22:12:00Z,0.16491497
2024-12-28T22:48:00Z,0.74218994
2024-12-28T23:24:00Z,0.2331521
2024-12-29T00:36:00Z,0.5634099
2024-12-29T01:12:00Z,0.25314665
2024-12-29T01:48:00Z,0.58022815
2024-12-29T03:00:00Z,0.13222882
2024-12-29T03:36:00Z,0.5019618
2024-12-29T04:48:00Z,0.02779955
2024-12-29T05:24:00Z,0.7366748
2024-12-29T07:12:00Z,0.08710288
2024-12-29T07:48:00Z,0.58258104
2024-12-29T08:24:00Z,0.14849317
2024-12-29T09:00:00Z,0.3461238
2024-12-29T09:36:00Z,0.06292058
2024-12-29T10:12:00Z,0.19818234
2024-12-29T10:48:00Z,0.91311103
2024-12-29T11:24:00Z,0
2024-12-29T12:00:00Z,0.23725031
2024-12-29T12:36:00Z,0.9906584
2024-12-29T13:12:00Z,0
2024-12-29T14:24:00Z,0.8129283
2024-12-29T15:00:00Z,0
2024-12-29T15:36:00Z,0.9414371
2024-12-29T16:12:00Z,0
2024-12-29T16:48:00Z,0.5014693
2024-12-29T17:24:00Z,0.31262568
2024-12-29T18:00:00Z,0.8185165
2024-12-29T18:36:00Z,0
2024-12-29T19:12:00Z,0.6985349
2024-12-29T19:48:00Z,0.85771424
2024-12-29T20:24:00Z,0
2024-12-29T22:12:00Z,0.12824664
2024-12-29T22:48:00Z,0.7019834
2024-12-30T00:00:00Z,0.16854547
2024-12-30T01:48:00Z,0.8977723
2024-12-30T02:24:00Z,0
2024-12-30T03:00:00Z,0.74650323
2024-12-30T04:12:00Z,0.53993356
2024-12-30T04:48:00Z,0.7054106
2024-12-30T06:00:00Z,0.25765795
2024-12-30T07:48:00Z,0.13190123
2024-12-30T09:00:00Z,0.9909499
2024-12-30T09:36:00Z,0
2024-12-30T10:12:00Z,0.047000222
2024-12-30T10:48:00Z,0.59188837
2024-12-30T12:00:00Z,0.8700698
2024-12-30T12:36:00Z,0
2024-12-30T13:48:00Z,0.32333833
2024-12-30T14:24:00Z,0.96021414
2024-12-30T15:00:00Z,0
2024-12-30T15:36:00Z,0.62123847
2024-12-30T16:12:00Z,0.3340116
2024-12-30T17:24:00Z,0.9762155
2024-12-30T18:00:00Z,0
2024-12-30T19:48:00Z,0.6958086
2024-12-30T20:24:00Z,0.58023816
2024-12-30T21:00:00Z,0.008853526
2024-12-30T22:12:00Z,0.9261653
2024-12-30T22:48:00Z,0
2024-12-31T01:12:00Z,0.8079367
2024-12-31T01:48:00Z,0
2024-12-31T02:24:00Z,0.39358506
2024-12-31T03:00:00Z,0.38227716
2024-12-31T03:36:00Z,0.8869307
2024-12-31T04:12:00Z,0
2024-12-31T04:48:00Z,0.81944215
2024-12-31T05:24:00Z,0
2024-12-31T06:00:00Z,0.67263305
2024-12-31T06:36:00Z,0.48201433
2024-12-31T07:12:00Z,0.82817733
2024-12-31T07:48:00Z,0
2024-12-31T08:24:00Z,0.96940196
2024-12-31T09:00:00Z,0
2024-12-31T09:36:00Z,0.9080991
2024-12-31T10:12:00Z,0
2024-12-31T10:48:00Z,0.98123854
2024-12-31T11:24:00Z,0
2024-12-31T12:00:00Z,0.868041
2024-12-31T12:36:00Z,0
2024-12-31T13:12:00Z,0.07004197
2024-12-31T13:48:00Z,0.7601862
2024-12-31T14:24:00Z,0
2024-12-31T15:00:00Z,0.7142408
2024-12-31T15:36:00Z,0.1642345
2024-12-31T16:48:00Z,0.91568583
2024-12-31T17:24:00Z,0
2024-12-31T18:00:00Z,0.5251944
2024-12-31T18:36:00Z,0.11478832
2024-12-31T19:48:00Z,0.5778293
2024-12-31T20:24:00Z,0.29582533
2024-12-31T21:00:00Z,0.68326557
2024-12-31T22:12:00Z,0.065101415
2024-12-31T22:48:00Z,0.68393284
2025-01-01T00:00:00Z,0.2664101
2025-01-01T00:36:00Z,0.8892161
2025-01-01T01:12:00Z,0
2025-01-01T01:48:00Z,0.9064049
2025-01-01T02:24:00Z,0
2025-01-01T03:36:00Z,0.40463045
2025-01-01T04:12:00Z,0.13096845
2025-01-01T04:48:00Z,0.47874635
2025-01-01T05:24:00Z,0.09226371
2025-01-01T06:36:00Z,0.18234845
2025-01-01T07:12:00Z,0.8322178
2025-01-01T07:48:00Z,0
2025-01-01T08:24:00Z,0.87900174
2025-01-01T09:00:00Z,0
2025-01-01T10:12:00Z,0.6904441
2025-01-01T10:48:00Z,0.82957554
2025-01-01T11:24:00Z,0
2025-01-01T12:00:00Z,0.44615027
2025-01-01T12:36:00Z,0.025887625
2025-01-01T13:48:00Z,0.88116425
2025-01-01T14:24:00Z,0
2025-01-01T16:12:00Z,0.17588775
2025-01-01T16:48:00Z,0.7371544
2025-01-01T17:24:00Z,0.23029995
2025-01-01T18:00:00Z,0.37105063
2025-01-01T18:36:00Z,0.9284758
2025-01-01T19:12:00Z,0
2025-01-01T20:24:00Z,0.9412697
2025-01-01T21:00:00Z,0
2025-01-01T22:12:00Z,0.015558394
2025-01-01T22:48:00Z,0.71677905
2025-01-02T00:00:00Z,0.8657236
2025-01-02T00:36:00Z,0
2025-01-02T01:12:00Z,0.53651875
2025-01-02T01:48:00Z,0.16780092
2025-01-02T02:24:00Z,0.9874516
2025-01-02T03:00:00Z,0
2025-01-02T03:36:00Z,0.92171276
2025-01-02T04:12:00Z,0
2025-01-02T04:48:00Z,0.7715139
2025-01-02T05:24:00Z,0
2025-01-02T06:00:00Z,0.46690598
2025-01-02T06:36:00Z,0.025176758
2025-01-02T07:48:00Z,0.85175586
2025-01-02T08:24:00Z,0
2025-01-02T09:00:00Z,0.043254204
2025-01-02T09:36:00Z,0.63201255
2025-01-02T10:12:00Z,0.1269466
2025-01-02T12:00:00Z,0.039794415
2025-01-02T12:36:00Z,0.66635275
2025-01-02T13:12:00Z,0.8254593
2025-01-02T13:48:00Z,0
2025-01-02T14:24:00Z,0.7710935
2025-01-02T15:00:00Z,0
2025-01-02T15:36:00Z,0.8625464
2025-01-02T16:12:00Z,0
2025-01-02T16:48:00Z,0.7443492
2025-01-02T17:24:00Z,0.36795098
2025-01-02T18:36:00Z,0.6429127
2025-01-02T19:12:00Z,0.40035856
2025-01-02T19:48:00Z,0.7640582
2025-01-02T20:24:00Z,0
2025-01-02T21:00:00Z,0.7336596
2025-01-02T22:12:00Z,0.09936002
2025-01-02T22:48:00Z,0.6093032
2025-01-03T00:00:00Z,0.8546191
2025-01-03T00:36:00Z,0
2025-01-03T01:48:00Z,0.92534786
2025-01-03T02:24:00Z,0
2025-01-03T03:00:00Z,0.89212936
2025-01-03T03:36:00Z,0
2025-01-03T04:12:00Z,0.710078
2025-01-03T04:48:00Z,0.105790615
2025-01-03T05:24:00Z,0.8887734
2025-01-03T06:00:00Z,0
2025-01-03T06:36:00Z,0.8750719
2025-01-03T07:12:00Z,0
2025-01-03T07:48:00Z,0.3002302
2025-01-03T09:00:00Z,0.20262016
2025-01-03T10:12:00Z,0.93078643
2025-01-03T10:48:00Z,0
2025-01-03T12:36:00Z,0.8238651
2025-01-03T13:12:00Z,0
2025-01-03T13:48:00Z,0.6424633
2025-01-03T14:24:00Z,0.6343725
2025-01-03T15:36:00Z,0.0012468752
2025-01-03T16:12:00Z,0.85089785
2025-01-03T16:48:00Z,0
2025-01-03T17:24:00Z,0.6413345
2025-01-03T18:00:00Z,0.37924972
2025-01-03T18:36:00Z,0.88652277
2025-01-03T19:12:00Z,0
2025-01-03T19:48:00Z,0.755581
2025-01-03T20:24:00Z,0
2025-01-03T21:00:00Z,0.10190761
2025-01-03T21:36:00Z,0.61303955
2025-01-03T23:24:00Z,0.14676295
2025-01-04T00:00:00Z,0.9214579
2025-01-04T00:36:00Z,0
2025-01-04T01:48:00Z,0.32798526
2025-01-04T02:24:00Z,0.8229126
2025-01-04T03:00:00Z,0
2025-01-04T03:36:00Z,0.38848606
2025-01-04T04:12:00Z,0.09527521
2025-01-04T04:48:00Z,0.8873813
2025-01-04T05:24:00Z,0
2025-01-04T06:00:00Z,0.48028165
2025-01-04T06:36:00Z,0.343933
2025-01-04T07:12:00Z,0.90331805
2025-01-04T07:48:00Z,0
2025-01-04T09:00:00Z,0.72117716
2025-01-04T09:36:00Z,0.3073901
2025-01-04T10:48:00Z,0.83235085
2025-01-04T11:24:00Z,0
2025-01-04T12:00:00Z,0.966023
2025-01-04T12:36:00Z,0
2025-01-04T13:12:00Z,0.8993903
2025-01-04T13:48:00Z,0
2025-01-04T15:00:00Z,0.9239514
2025-01-04T15:36:00Z,0
2025-01-04T16:48:00Z,0.48255298
2025-01-04T19:12:00Z,0.851601
2025-01-04T19:48:00Z,0
2025-01-04T21:36:00Z,0.26145172
2025-01-04T22:12:00Z,0.6318455
2025-01-04T22:48:00Z,0.4997323
2025-01-04T23:24:00Z,0.87653434
2025-01-05T00:00:00Z,0
2025-01-05T01:48:00Z,0.62416637
2025-01-05T03:36:00Z,0.92799217
2025-01-05T04:12:00Z,0
2025-01-05T04:48:00Z,0.99597085
2025-01-05T05:24:00Z,0
2025-01-05T06:00:00Z,0.58316976
2025-01-05T06:36:00Z,0.121563844
2025-01-05T07:12:00Z,0.13207968
2025-01-05T07:48:00Z,0.96558374
2025-01-05T08:24:00Z,0
2025-01-05T09:00:00Z,0.602549
2025-01-05T09:36:00Z,0.29286805
2025-01-05T10:12:00Z,0.40773362
2025-01-05T10:48:00Z,0.9933178
2025-01-05T11:24:00Z,0
2025-01-05T12:00:00Z,0.7988895
2025-01-05T12:36:00Z,0
2025-01-05T13:48:00Z,0.12982666
2025-01-05T14:24:00Z,0.9868938
2025-01-05T15:00:00Z,0
2025-01-05T15:36:00Z,0.79359144
2025-01-05T16:12:00Z,0
2025-01-05T16:48:00Z,0.9380961
2025-01-05T17:24:00Z,0
2025-01-05T18:36:00Z,0.30357277
2025-01-05T19:12:00Z,0.9443506
2025-01-05T19:48:00Z,0
2025-01-05T20:24:00Z,0.3922332
2025-01-05T22:12:00Z,0.46981508
2025-01-05T23:24:00Z,0.8001538
2025-01-06T00:00:00Z,0
2025-01-06T00:36:00Z,0.9898941
2025-01-06T01:12:00Z,0
2025-01-06T02:24:00Z,0.294984
2025-01-06T03:00:00Z,0.13890833
2025-01-06T04:12:00Z,0.8542937
2025-01-06T04:48:00Z,0
2025-01-06T05:24:00Z,0.6737254
2025-01-06T06:00:00Z,0.091543816
2025-01-06T07:12:00Z,0.76142883
2025-01-06T07:48:00Z,0
2025-01-06T08:24:00Z,0.75498015
2025-01-06T09:00:00Z,0
2025-01-06T09:36:00Z,0.8275325
2025-01-06T10:12:00Z,0
2025-01-06T10:48:00Z,0.82559174
2025-01-06T11:24:00Z,0
2025-01-06T12:36:00Z,0.5787397
2025-01-06T13:48:00Z,0.66284424
2025-01-06T14:24:00Z,0.16563132
2025-01-06T15:00:00Z,0.7734684
2025-01-06T15:36:00Z,0
2025-01-06T16:12:00Z,0.62578326
2025-01-06T17:24:00Z,0.26813135
2025-01-06T18:00:00Z,0.65335023
2025-01-06T18:36:00Z,0.30394197
2025-01-06T19:12:00Z,0.935359
2025-01-06T19:48:00Z,0
2025-01-06T20:24:00Z,0.9057271
2025-01-06T21:00:00Z,0
2025-01-06T21:36:00Z,0.7042952
2025-01-06T22:12:00Z,0.71018195
2025-01-06T22:48:00Z,0.08122125
2025-01-06T23:24:00Z,0.47555918
2025-01-07T00:00:00Z,0.20299336
2025-01-07T01:12:00Z,0.9374054
2025-01-07T01:48:00Z,0
2025-01-07T02:24:00Z,0.67078793
2025-01-07T03:00:00Z,0.88631517
2025-01-07T03:36:00Z,0
2025-01-07T04:48:00Z,0.8425689
2025-01-07T05:24:00Z,0
2025-01-07T06:00:00Z,0.4119553
2025-01-07T06:36:00Z,0.22293124
2025-01-07T07:12:00Z,0.89849025
2025-01-07T07:48:00Z,0
2025-01-07T08:24:00Z,0.026790056
2025-01-07T09:00:00Z,0.6616537
2025-01-07T09:36:00Z,0.1847497
2025-01-07T10:12:00Z,0.77784234
2025-01-07T10:48:00Z,0
2025-01-07T11:24:00Z,0.7550714
2025-01-07T12:00:00Z,0
2025-01-07T12:36:00Z,0.8793936
2025-01-07T13:12:00Z,0
2025-01-07T14:24:00Z,0.8758989
2025-01-07T15:00:00Z,0
2025-01-07T15:36:00Z,0.80809665
2025-01-07T16:12:00Z,0
2025-01-07T16:48:00Z,0.68164474
2025-01-07T17:24:00Z,0.9050813
2025-01-07T18:00:00Z,0
2025-01-07T19:12:00Z,0.36683354
2025-01-07T19:48:00Z,0.019141665
2025-01-07T21:00:00Z,0.88687885
2025-01-07T21:36:00Z,0
2025-01-07T22:48:00Z,0.8870914
2025-01-07T23:24:00Z,0
2025-01-08T00:36:00Z,0.40380195
2025-01-08T01:12:00Z,0.052584603
2025-01-08T02:24:00Z,0.81314677
2025-01-08T03:00:00Z,0
2025-01-08T03:36:00Z,0.6449708
2025-01-08T04:48:00Z,0.96236616
2025-01-08T05:24:00Z,0
2025-01-08T06:00:00Z,0.6539101
2025-01-08T06:36:00Z,0.48051047
2025-01-08T07:12:00Z,0.8254818
2025-01-08T07:48:00Z,0
2025-01-08T10:12:00Z,0.78807425
2025-01-08T10:48:00Z,0
2025-01-08T13:12:00Z,0.78567
2025-01-08T13:48:00Z,0
2025-01-08T15:00:00Z,0.8636529
2025-01-08T15:36:00Z,0
2025-01-08T16:12:00Z,0.2653903
2025-01-08T16:48:00Z,0.08033686
2025-01-08T17:24:00Z,0.9225344
2025-01-08T18:00:00Z,0
2025-01-08T18:36:00Z,0.9173463
2025-01-08T19:12:00Z,0
2025-01-08T20:24:00Z,0.8930451
2025-01-08T21:00:00Z,0
2025-01-08T21:36:00Z,0.56100225
2025-01-08T22:12:00Z,0.03894822
2025-01-08T22:48:00Z,0.4422343
2025-01-09T00:00:00Z,0.011838927
2025-01-09T00:36:00Z,0.82858783
2025-01-09T01:12:00Z,0
2025-01-09T01:48:00Z,0.96648884
2025-01-09T02:24:00Z,0
2025-01-09T03:00:00Z,0.89191324
2025-01-09T03:36:00Z,0
2025-01-09T04:12:00Z,0.83559537
2025-01-09T04:48:00Z,0
2025-01-09T06:00:00Z,0.30045453
2025-01-09T06:36:00Z,0.976027
2025-01-09T07:12:00Z,0
2025-01-09T08:24:00Z,0.8663916
2025-01-09T09:00:00Z,0
2025-01-09T10:12:00Z,0.70037895
2025-01-09T10:48:00Z,0.12694407
2025-01-09T11:24:00Z,0.68344706
2025-01-09T12:00:00Z,0.8353899
2025-01-09T12:36:00Z,0
2025-01-09T13:48:00Z,0.2761099
2025-01-09T14:24:00Z,0.009351858
2025-01-09T15:00:00Z,0.9062371
2025-01-09T15:36:00Z,0
2025-01-09T16:48:00Z,0.32527226
2025-01-09T17:24:00Z,0.013204938
2025-01-09T19:48:00Z,0.7004689
2025-01-09T20:24:00Z,0.21063474
2025-01-09T21:00:00Z,0.90390515
2025-01-09T21:36:00Z,0
2025-01-09T22:12:00Z,0.9433943
2025-01-09T22:48:00Z,0
2025-01-09T23:24:00Z,0.42736873
2025-01-10T00:36:00Z,0.82865965
2025-01-10T01:12:00Z,0
2025-01-10T01:48:00Z,0.9540663
2025-01-10T02:24:00Z,0
2025-01-10T03:00:00Z,0.25407892
2025-01-10T03:36:00Z,0.9291262
2025-01-10T04:12:00Z,0
2025-01-10T04:48:00Z,0.38509655
2025-01-10T05:24:00Z,0.21035685
2025-01-10T06:36:00Z,0.7502467
2025-01-10T07:12:00Z,0
2025-01-10T07:48:00Z,0.6768492
2025-01-10T09:00:00Z,0.7757304
2025-01-10T09:36:00Z,0
2025-01-10T10:12:00Z,0.1485239
2025-01-10T10:48:00Z,0.899472
2025-01-10T11:24:00Z,0
2025-01-10T12:36:00Z,0.89121705
2025-01-10T13:12:00Z,0
2025-01-10T14:24:00Z,0.79899627
2025-01-10T15:00:00Z,0
2025-01-10T16:48:00Z,0.2818605
2025-01-10T17:24:00Z,0.044169508
2025-01-10T18:00:00Z,0.83978754
2025-01-10T18:36:00Z,0
2025-01-10T19:12:00Z,0.6182785
2025-01-10T19:48:00Z,0.6607303
2025-01-10T20:24:00Z,0.23394415
2025-01-10T21:36:00Z,0.737801
2025-01-10T22:48:00Z,0.10418157
2025-01-10T23:24:00Z,0.88631207
2025-01-11T00:00:00Z,0
2025-01-11T01:48:00Z,0.7159668
2025-01-11T02:24:00Z,0.42190298
2025-01-11T03:00:00Z,0.9135743
2025-01-11T03:36:00Z,0
2025-01-11T04:48:00Z,0.4799285
2025-01-11T05:24:00Z,0.1965712
2025-01-11T06:00:00Z,0.71027637
2025-01-11T06:36:00Z,0.24404827
2025-01-11T07:48:00Z,0.7586094
2025-01-11T08:24:00Z,0
2025-01-11T09:00:00Z,0.9901673
2025-01-11T09:36:00Z,0
2025-01-11T10:12:00Z,0.42559743
2025-01-11T12:00:00Z,0.0642033
2025-01-11T13:12:00Z,0.731589
2025-01-11T13:48:00Z,0.31962064
2025-01-11T15:00:00Z,0.33251083
2025-01-11T15:36:00Z,0.0047684726
2025-01-11T16:12:00Z,0.5796724
2025-01-11T17:24:00Z,0.6879976
2025-01-11T18:00:00Z,0.35649163
2025-01-11T18:36:00Z,0.7153687
2025-01-11T19:12:00Z,0.46078008
2025-01-11T19:48:00Z,0.93310165
2025-01-11T20:24:00Z,0
2025-01-11T21:00:00Z,0.947621
2025-01-11T21:36:00Z,0
2025-01-11T22:12:00Z,0.8328766
2025-01-11T22:48:00Z,0
2025-01-11T23:24:00Z,0.53107464
2025-01-12T00:00:00Z,0.21169285
2025-01-12T00:36:00Z,0.54087275
2025-01-12T01:12:00Z,0.2152051
2025-01-12T01:48:00Z,0.45040774
2025-01-12T03:00:00Z,0.004191704
2025-01-12T04:12:00Z,0.9129232
2025-01-12T04:48:00Z,0
2025-01-12T07:48:00Z,0.59396434
2025-01-12T09:00:00Z,0.16910236
2025-01-12T09:36:00Z,0.9715183
2025-01-12T10:12:00Z,0
2025-01-12T10:48:00Z,0.84729195
2025-01-12T11:24:00Z,0
2025-01-12T12:00:00Z,0.82902294
2025-01-12T12:36:00Z,0
2025-01-12T13:48:00Z,0.11849601
2025-01-12T15:00:00Z,0.7167141
2025-01-12T16:12:00Z,0.8941168
2025-01-12T16:48:00Z,0
2025-01-12T18:00:00Z,0.8213415
2025-01-12T18:36:00Z,0
2025-01-12T19:12:00Z,0.9794031
2025-01-12T19:48:00Z,0
2025-01-12T20:24:00Z,0.9748128
2025-01-12T21:00:00Z,0
2025-01-12T22:48:00Z,0.49065664
2025-01-13T00:36:00Z,0.2354812
2025-01-13T01:48:00Z,0.5157639
2025-01-13T02:24:00Z,0.1573912
2025-01-13T03:36:00Z,0.6745639
2025-01-13T05:24:00Z,0.46415192
2025-01-13T06:00:00Z,0.9869247
2025-01-13T06:36:00Z,0
2025-01-13T07:48:00Z,0.70772815
2025-01-13T09:00:00Z,0.16636613
2025-01-13T09:36:00Z,0.75609124
2025-01-13T10:12:00Z,0
2025-01-13T10:48:00Z,0.685672
2025-01-13T11:24:00Z,0.11215115
2025-01-13T14:24:00Z,0.44423714
2025-01-13T15:00:00Z,0.26850346
2025-01-13T16:12:00Z,0.8320861
2025-01-13T16:48:00Z,0
2025-01-13T18:36:00Z,0.70949125
2025-01-13T19:48:00Z,0.7510948
2025-01-13T20:24:00Z,0
2025-01-13T21:00:00Z,0.68083316
2025-01-13T21:36:00Z,0.9297186
2025-01-13T22:12:00Z,0
2025-01-13T23:24:00Z,0.9779795
2025-01-14T00:00:00Z,0
2025-01-14T01:48:00Z,0.42047417
2025-01-14T02:24:00Z,0.124774605
2025-01-14T03:36:00Z,0.9336299
2025-01-14T04:12:00Z,0
2025-01-14T04:48:00Z,0.71387994
2025-01-14T05:24:00Z,0.981755
2025-01-14T06:00:00Z,0
2025-01-14T06:36:00Z,0.26766744
2025-01-14T07:48:00Z,0.26726627
2025-01-14T08:24:00Z,0.8920442
2025-01-14T09:00:00Z,0
2025-01-14T09:36:00Z,0.66511947
2025-01-14T10:48:00Z,0.11015069
2025-01-14T11:24:00Z,0.9997332
2025-01-14T12:00:00Z,0
2025-01-14T13:48:00Z,0.9699791
2025-01-14T14:24:00Z,0
2025-01-14T15:36:00Z,0.81072325
2025-01-14T16:12:00Z,0
2025-01-14T17:24:00Z,0.5631438
2025-01-14T19:12:00Z,0.15343109
2025-01-14T20:24:00Z,0.9432579
2025-01-14T21:00:00Z,0
2025-01-14T21:36:00Z,0.57426864
2025-01-14T22:12:00Z,0.33662412
2025-01-14T22:48:00Z,0.6835619
2025-01-14T23:24:00Z,0.340068
2025-01-15T01:12:00Z,0.8545077
2025-01-15T01:48:00Z,0
2025-01-15T03:36:00Z,0.95036274
2025-01-15T04:12:00Z,0
2025-01-15T04:48:00Z,0.81674397
2025-01-15T05:24:00Z,0
2025-01-15T06:00:00Z,0.37148437
2025-01-15T07:48:00Z,0.21018365
2025-01-15T08:24:00Z,0.8566402
2025-01-15T09:00:00Z,0
2025-01-15T09:36:00Z,0.8950937
2025-01-15T10:12:00Z,0
2025-01-15T11:24:00Z,0.15195903
2025-01-15T12:00:00Z,0.8681491
2025-01-15T12:36:00Z,0
2025-01-15T13:12:00Z,0.53243667
2025-01-15T15:00:00Z,0.101026006
2025-01-15T15:36:00Z,0.35506248
2025-01-15T16:12:00Z,0.09433628
2025-01-15T18:36:00Z,0.59030926
2025-01-15T19:12:00Z,0.9998386
2025-01-15T19:48:00Z,0
2025-01-15T21:00:00Z,0.8458047
2025-01-15T21:36:00Z,0
2025-01-15T22:12:00Z,0.7240256
2025-01-15T23:24:00Z,0.87747747
2025-01-16T00:00:00Z,0
2025-01-16T00:36:00Z,0.66646194
2025-01-16T01:12:00Z,0.87290615
2025-01-16T01:48:00Z,0
2025-01-16T03:00:00Z,0.7576797
2025-01-16T03:36:00Z,0
2025-01-16T04:48:00Z,0.7435181
2025-01-16T06:00:00Z,0.21930927
2025-01-16T07:12:00Z,0.32735634
2025-01-16T07:48:00Z,0.12711942
2025-01-16T09:00:00Z,0.72951233
2025-01-16T10:12:00Z,0.24025117
2025-01-16T10:48:00Z,0.7988579
2025-01-16T11:24:00Z,0
2025-01-16T12:36:00Z,0.7242778
2025-01-16T13:12:00Z,0.7511347
2025-01-16T13:48:00Z,0
2025-01-16T14:24:00Z,0.74752563
2025-01-16T15:00:00Z,0.092112795
2025-01-16T16:12:00Z,0.008286271
2025-01-16T16:48:00Z,0.68528545
2025-01-16T17:24:00Z,0.16056946
2025-01-16T18:00:00Z,0.78600734
2025-01-16T18:36:00Z,0
2025-01-16T19:12:00Z,0.71638846
2025-01-16T19:48:00Z,0.115057655
2025-01-16T21:00:00Z,0.64838344
2025-01-16T21:36:00Z,0.44752136
2025-01-16T22:12:00Z,0.6751687
2025-01-16T22:48:00Z,0.18245424
2025-01-17T00:36:00Z,0.03912207
2025-01-17T01:48:00Z,0.7019946
2025-01-17T03:00:00Z,0.87976855
2025-01-17T03:36:00Z,0
2025-01-17T04:12:00Z,0.5328504
2025-01-17T06:00:00Z,0.17733431
2025-01-17T06:36:00Z,0.8043184
2025-01-17T07:12:00Z,0
2025-01-17T08:24:00Z,0.44692904
2025-01-17T09:36:00Z,0.21306124
2025-01-17T10:12:00Z,0.992741
2025-01-17T10:48:00Z,0
2025-01-17T12:00:00Z,0.35979038
2025-01-17T13:12:00Z,0.07563521
2025-01-17T13:48:00Z,0.58570206
2025-01-17T15:00:00Z,0.65625715
2025-01-17T15:36:00Z,0.2144813
2025-01-17T16:48:00Z,0.69493306
2025-01-17T18:36:00Z,0.8080396
2025-01-17T19:12:00Z,0
2025-01-17T19:48:00Z,0.5554066
2025-01-17T22:48:00Z,0.4224196
2025-01-17T23:24:00Z,0.4655382
2025-01-18T00:00:00Z,0.9642932
2025-01-18T00:36:00Z,0
2025-01-18T01:48:00Z,0.57268405
2025-01-18T03:00:00Z,0.17682363
2025-01-18T03:36:00Z,0.5329539
2025-01-18T06:00:00Z,0.635535
2025-01-18T06:36:00Z,0.18250552
2025-01-18T07:12:00Z,0.16008972
2025-01-18T07:48:00Z,0.6555392
2025-01-18T08:24:00Z,0.49090683
2025-01-18T09:00:00Z,0.9127096
2025-01-18T09:36:00Z,0
2025-01-18T11:24:00Z,0.8615807
2025-01-18T12:00:00Z,0
2025-01-18T12:36:00Z,0.0068378756
2025-01-18T13:12:00Z,0.70887655
2025-01-18T13:48:00Z,0.5150466
2025-01-18T14:24:00Z,0.8220784
2025-01-18T15:00:00Z,0
2025-01-18T15:36:00Z,0.8308989
2025-01-18T16:12:00Z,0
2025-01-18T17:24:00Z,0.24369758
2025-01-18T18:00:00Z,0.9626485
2025-01-18T18:36:00Z,0
2025-01-18T20:24:00Z,0.8115237
2025-01-18T21:00:00Z,0
2025-01-18T23:24:00Z,0.792072
2025-01-19T00:00:00Z,0
2025-01-19T01:48:00Z,0.26350287
2025-01-19T02:24:00Z,0.1566174
2025-01-19T03:00:00Z,0.53161
2025-01-19T04:12:00Z,0.20747507
2025-01-19T04:48:00Z,0.49671972
2025-01-19T05:24:00Z,0.15181544
2025-01-19T06:00:00Z,0.8984982
2025-01-19T06:36:00Z,0
2025-01-19T07:12:00Z,0.7148626
2025-01-19T07:48:00Z,0.108747154
2025-01-19T08:24:00Z,0.9303195
2025-01-19T09:00:00Z,0
2025-01-19T10:12:00Z,0.4787453
2025-01-19T10:48:00Z,0.10414522
2025-01-19T11:24:00Z,0.79384565
2025-01-19T12:00:00Z,0
2025-01-19T12:36:00Z,0.8811793
2025-01-19T13:12:00Z,0
2025-01-19T13:48:00Z,0.08765342
2025-01-19T14:24:00Z,0.93981034
2025-01-19T15:00:00Z,0
2025-01-19T16:48:00Z,0.89376646
2025-01-19T17:24:00Z,0
2025-01-19T18:00:00Z,0.5289723
2025-01-19T19:48:00Z,0.48088118
2025-01-19T20:24:00Z,0.044178195
2025-01-19T21:36:00Z,0.6817539
2025-01-19T22:12:00Z,0.041696396
2025-01-19T22:48:00Z,0.34190625
2025-01-19T23:24:00Z,0.16464049
2025-01-20T01:12:00Z,0.86014605
2025-01-20T01:48:00Z,0
2025-01-20T02:24:00Z,0.47563562
2025-01-20T03:00:00Z,0.09420425
2025-01-20T03:36:00Z,0.8466171
2025-01-20T04:12:00Z,0
2025-01-20T05:24:00Z,0.9797693
2025-01-20T06:00:00Z,0
2025-01-20T06:36:00Z,0.6737316
2025-01-20T07:12:00Z,0.01581922
2025-01-20T09:00:00Z,0.6445384
2025-01-20T09:36:00Z,0.4539922
2025-01-20T10:12:00Z,0.7361425
2025-01-20T10:48:00Z,0.080067076
2025-01-20T12:00:00Z,0.9825804
2025-01-20T12:36:00Z,0
2025-01-20T13:12:00Z,0.9759925
2025-01-20T13:48:00Z,0
2025-01-20T14:24:00Z,0.60164
2025-01-20T15:36:00Z,0.018971356
2025-01-20T16:12:00Z,0.9511468
2025-01-20T16:48:00Z,0
2025-01-20T17:24:00Z,0.53644794
2025-01-20T18:00:00Z,0.33495063
2025-01-20T18:36:00Z,0.6123432
2025-01-20T19:48:00Z,0.10152041
2025-01-20T20:24:00Z,0.8727113
2025-01-20T21:00:00Z,0
2025-01-20T21:36:00Z,0.6979203
2025-01-20T22:12:00Z,0.19273046
2025-01-20T23:24:00Z,0.9396632
2025-01-21T00:00:00Z,0
2025-01-21T00:36:00Z,0.06212744
2025-01-21T01:12:00Z,0.5586186
2025-01-21T02:24:00Z,0.15163063
2025-01-21T03:00:00Z,0.8780915
2025-01-21T03:36:00Z,0
2025-01-21T04:48:00Z,0.7477477
2025-01-21T05:24:00Z,0.9167481
2025-01-21T06:00:00Z,0
2025-01-21T06:36:00Z,0.432074
2025-01-21T09:00:00Z,0.806617
2025-01-21T09:36:00Z,0
2025-01-21T10:12:00Z,0.53096217
2025-01-21T10:48:00Z,0.26358676
2025-01-21T11:24:00Z,0.9531118
2025-01-21T12:00:00Z,0
2025-01-21T12:36:00Z,0.64235234
2025-01-21T13:12:00Z,0.10614789
2025-01-21T13:48:00Z,0.94810677
2025-01-21T14:24:00Z,0
2025-01-21T15:00:00Z,0.99937683
2025-01-21T15:36:00Z,0
2025-01-21T16:48:00Z,0.16186538
2025-01-21T17:24:00Z,0.73182285
2025-01-21T18:00:00Z,0.82680684
2025-01-21T18:36:00Z,0
2025-01-21T19:12:00Z,0.4048178
2025-01-21T19:48:00Z,0.097004846
2025-01-21T20:24:00Z,0.56438345
2025-01-21T21:36:00Z,0.20656066
2025-01-21T22:12:00Z,0.6426918
2025-01-21T22:48:00Z,0.3932925
2025-01-22T00:00:00Z,0.8296326
2025-01-22T00:36:00Z,0
2025-01-22T01:12:00Z,0.73742247
2025-01-22T01:48:00Z,0.3402808
2025-01-22T03:00:00Z,0.7541528
2025-01-22T03:36:00Z,0
2025-01-22T04:12:00Z,0.0028802357
2025-01-22T04:48:00Z,0.7078768
2025-01-22T05:24:00Z,0.27855402
2025-01-22T06:00:00Z,0.6961304
2025-01-22T06:36:00Z,0.3737327
2025-01-22T07:12:00Z,0.7569291
2025-01-22T07:48:00Z,0
2025-01-22T09:00:00Z,0.496478
2025-01-22T10:48:00Z,0.13430028
2025-01-22T12:36:00Z,0.19955677
2025-01-22T13:12:00Z,0.17442465
2025-01-22T13:48:00Z,0.86951977
2025-01-22T14:24:00Z,0
2025-01-22T15:00:00Z,0.89522105
2025-01-22T15:36:00Z,0
2025-01-22T16:48:00Z,0.7620883
2025-01-22T17:24:00Z,0
2025-01-22T18:00:00Z,0.84189016
2025-01-22T18:36:00Z,0
2025-01-22T19:12:00Z,0.9790251
2025-01-22T19:48:00Z,0
2025-01-22T21:00:00Z,0.56919026
2025-01-22T21:36:00Z,0.01883119
2025-01-22T22:12:00Z,0.95087826
2025-01-22T22:48:00Z,0
2025-01-22T23:24:00Z,0.017321538
2025-01-23T00:00:00Z,0.81903183
2025-01-23T00:36:00Z,0
2025-01-23T01:12:00Z,0.93523383
2025-01-23T01:48:00Z,0
2025-01-23T03:00:00Z,0.3800406
2025-01-23T03:36:00Z,0.062988445
2025-01-23T04:12:00Z,0.7171266
2025-01-23T05:24:00Z,0.31170183
2025-01-23T06:36:00Z,0.5903857
2025-01-23T07:12:00Z,0.4153585
2025-01-23T07:48:00Z,0.80429876
2025-01-23T08:24:00Z,0
2025-01-23T10:12:00Z,0.50806123
2025-01-23T10:48:00Z,0.25618413
2025-01-23T12:00:00Z,0.8504133
2025-01-23T12:36:00Z,0
2025-01-23T13:48:00Z,0.95375437
2025-01-23T14:24:00Z,0
2025-01-23T15:36:00Z,0.61498934
2025-01-23T16:12:00Z,0.16613492
2025-01-23T16:48:00Z,0.77601254
2025-01-23T17:24:00Z,0
2025-01-23T18:00:00Z,0.04434731
2025-01-23T18:36:00Z,0.8685146
2025-01-23T19:12:00Z,0
2025-01-23T19:48:00Z,0.49501976
2025-01-23T21:00:00Z,0.65614265
2025-01-23T21:36:00Z,0.033754952
2025-01-23T22:12:00Z,0.18431376
2025-01-23T22:48:00Z,0.8910572
2025-01-23T23:24:00Z,0
2025-01-24T00:00:00Z,0.38301635
2025-01-24T00:36:00Z,0.024178823
2025-01-24T01:12:00Z,0.77140063
2025-01-24T01:48:00Z,0
2025-01-24T02:24:00Z,0.7468085
2025-01-24T03:36:00Z,0.4182324
2025-01-24T04:12:00Z,0.7537452
2025-01-24T04:48:00Z,0
2025-01-24T06:00:00Z,0.8257108
2025-01-24T06:36:00Z,0
2025-01-24T07:12:00Z,0.58774215
2025-01-24T08:24:00Z,0.94356495
2025-01-24T09:00:00Z,0
2025-01-24T09:36:00Z,0.8324942
2025-01-24T10:12:00Z,0
2025-01-24T10:48:00Z,0.9020438
2025-01-24T11:24:00Z,0
2025-01-24T12:00:00Z,0.5815738
2025-01-24T13:48:00Z,0.06586569
2025-01-24T14:24:00Z,0.41367328
2025-01-24T15:00:00Z,0.10071845
2025-01-24T16:12:00Z,0.07698996
2025-01-24T16:48:00Z,0.77657384
2025-01-24T17:24:00Z,0
2025-01-24T18:36:00Z,0.63387924
2025-01-24T19:12:00Z,0.12288238
2025-01-24T19:48:00Z,0.46370977
2025-01-24T21:00:00Z,0.037956722
2025-01-24T21:36:00Z,0.72059035
2025-01-24T22:48:00Z,0.86731905
2025-01-24T23:24:00Z,0
2025-01-25T00:36:00Z,0.7447901
2025-01-25T01:12:00Z,0.4460563
2025-01-25T01:48:00Z,0.9365614
2025-01-25T02:24:00Z,0
2025-01-25T03:00:00Z,0.60239404
2025-01-25T04:12:00Z,0.1287565
2025-01-25T04:48:00Z,0.88987744
2025-01-25T05:24:00Z,0
2025-01-25T06:00:00Z,0.37860245
2025-01-25T07:12:00Z,0.07114014
2025-01-25T08:24:00Z,0.3180269
2025-01-25T09:00:00Z,0.9211483
2025-01-25T09:36:00Z,0
2025-01-25T11:24:00Z,0.7153069
2025-01-25T12:00:00Z,0.14890191
2025-01-25T12:36:00Z,0.7347427
2025-01-25T13:48:00Z,0.05827459
2025-01-25T15:00:00Z,0.23636352
2025-01-25T15:36:00Z,0.93071896
2025-01-25T16:12:00Z,0
2025-01-25T17:24:00Z,0.7771213
2025-01-25T18:00:00Z,0
2025-01-25T20:24:00Z,0.63504314
2025-01-25T21:00:00Z,0.10427397
2025-01-25T21:36:00Z,0.90926975
2025-01-25T22:12:00Z,0
2025-01-25T22:48:00Z,0.88832873
2025-01-25T23:24:00Z,0
2025-01-26T00:00:00Z,0.37666106
2025-01-26T01:12:00Z,0.12422893
2025-01-26T01:48:00Z,0.8666322
2025-01-26T02:24:00Z,0
2025-01-26T03:00:00Z,0.70658875
2025-01-26T03:36:00Z,0.96653825
2025-01-26T04:12:00Z,0
2025-01-26T05:24:00Z,0.7961365
2025-01-26T06:00:00Z,0
2025-01-26T06:36:00Z,0.5022747
2025-01-26T07:48:00Z,0.09246856
2025-01-26T08:24:00Z,0.4286174
2025-01-26T09:00:00Z,0.2292957
2025-01-26T09:36:00Z,0.51804733
2025-01-26T10:12:00Z,0.0950815
2025-01-26T11:24:00Z,0.69774795
2025-01-26T13:48:00Z,0.20366561
2025-01-26T14:24:00Z,0.75395155
2025-01-26T15:00:00Z,0
2025-01-26T17:24:00Z,0.5197671
2025-01-26T18:00:00Z,0.1780591
2025-01-26T18:36:00Z,0.6515132
2025-01-26T20:24:00Z,0.15453829
2025-01-26T21:00:00Z,0.40161598
2025-01-26T21:36:00Z,0.15458244
2025-01-26T22:12:00Z,0.69321483
2025-01-26T22:48:00Z,0.19316295
2025-01-26T23:24:00Z,0.5881536
2025-01-27T00:36:00Z,0.20794639
2025-01-27T01:12:00Z,0.56954265
2025-01-27T01:48:00Z,0.058740355
2025-01-27T02:24:00Z,0.8364234
2025-01-27T03:00:00Z,0
2025-01-27T03:36:00Z,0.9612611
2025-01-27T04:12:00Z,0
2025-01-27T04:48:00Z,0.503026
2025-01-27T06:00:00Z,0.1411845
2025-01-27T07:48:00Z,0.7377731
2025-01-27T08:24:00Z,0.15025066
2025-01-27T09:00:00Z,0.902751
2025-01-27T09:36:00Z,0
2025-01-27T10:48:00Z,0.89503545
2025-01-27T11:24:00Z,0
2025-01-27T12:00:00Z,0.8792419
2025-01-27T12:36:00Z,0
2025-01-27T13:12:00Z,0.9560441
2025-01-27T13:48:00Z,0
2025-01-27T14:24:00Z,0.39374647
2025-01-27T15:00:00Z,0.31432173
2025-01-27T15:36:00Z,0.940051
2025-01-27T16:12:00Z,0
2025-01-27T16:48:00Z,0.91178197
2025-01-27T17:24:00Z,0
2025-01-27T18:36:00Z,0.7717335
2025-01-27T19:12:00Z,0
2025-01-27T19:48:00Z,0.64852583
2025-01-27T20:24:00Z,0.85173607
2025-01-27T21:00:00Z,0
2025-01-27T21:36:00Z,0.6744753
2025-01-27T22:12:00Z,0.60459554
2025-01-27T22:48:00Z,0.07497487
2025-01-28T00:00:00Z,0.77916557
2025-01-28T00:36:00Z,0
2025-01-28T01:12:00Z,0.83245665
2025-01-28T01:48:00Z,0
2025-01-28T02:24:00Z,0.48368597
2025-01-28T03:00:00Z,0.2976976
2025-01-28T03:36:00Z,0.99549353
2025-01-28T04:12:00Z,0
2025-01-28T04:48:00Z,0.6099306
2025-01-28T05:24:00Z,0.19813487
2025-01-28T06:36:00Z,0.8212995
2025-01-28T07:12:00Z,0
2025-01-28T08:24:00Z,0.83182615
2025-01-28T09:00:00Z,0
2025-01-28T10:12:00Z,0.72938967
2025-01-28T11:24:00Z,0.7836432
2025-01-28T12:00:00Z,0
2025-01-28T12:36:00Z,0.72445786
2025-01-28T13:12:00Z,0.9650331
2025-01-28T13:48:00Z,0
2025-01-28T16:12:00Z,0.81298435
2025-01-28T16:48:00Z,0
2025-01-28T17:24:00Z,0.98802954
2025-01-28T18:00:00Z,0
2025-01-28T19:12:00Z,0.76230484
2025-01-28T19:48:00Z,0
2025-01-28T20:24:00Z,0.9156674
2025-01-28T21:00:00Z,0
2025-01-28T21:36:00Z,0.1663607
2025-01-28T22:12:00Z,0.7339237
2025-01-28T22:48:00Z,0.3396426
2025-01-28T23:24:00Z,0.80482733
2025-01-29T00:00:00Z,0
2025-01-29T01:12:00Z,0.85642326
2025-01-29T01:48:00Z,0
2025-01-29T02:24:00Z,0.75471884
2025-01-29T03:00:00Z,0
2025-01-29T03:36:00Z,0.84043723
2025-01-29T04:12:00Z,0
2025-01-29T06:36:00Z,0.9042133
2025-01-29T07:12:00Z,0
2025-01-29T07:48:00Z,0.56297857
2025-01-29T08:24:00Z,0.6964506
2025-01-29T10:48:00Z,0.08312033
2025-01-29T11:24:00Z,0.81499934
2025-01-29T12:00:00Z,0
2025-01-29T12:36:00Z,0.9078977
2025-01-29T13:12:00Z,0
2025-01-29T13:48:00Z,0.8773648
2025-01-29T14:24:00Z,0
2025-01-29T15:36:00Z,0.86042017
2025-01-29T16:12:00Z,0
2025-01-29T16:48:00Z,0.5548995
2025-01-29T17:24:00Z,0.518416
2025-01-29T18:00:00Z,0.012586006
2025-01-29T20:24:00Z,0.42709944
2025-01-29T21:00:00Z,0.93003625
2025-01-29T21:36:00Z,0
2025-01-29T22:12:00Z,0.53624
2025-01-29T22:48:00Z,0.17850517
2025-01-30T01:12:00Z,0.7844211
2025-01-30T01:48:00Z,0
2025-01-30T02:24:00Z,0.67753536
2025-01-30T03:00:00Z,0.11951949
2025-01-30T03:36:00Z,0.37361363
2025-01-30T04:12:00Z,0.120402455
2025-01-30T04:48:00Z,0.8529382
2025-01-30T05:24:00Z,0
2025-01-30T06:00:00Z,0.80821085
2025-01-30T06:36:00Z,0
2025-01-30T07:48:00Z,0.41980025
2025-01-30T08:24:00Z,0.15559924
2025-01-30T09:00:00Z,0.67791635
2025-01-30T09:36:00Z,0.0029767775
2025-01-30T10:48:00Z,0.50972813
2025-01-30T12:36:00Z,0.10246514
2025-01-30T13:48:00Z,0.8753524
2025-01-30T14:24:00Z,0
2025-01-30T15:00:00Z,0.7779121
2025-01-30T15:36:00Z,0
2025-01-30T16:12:00Z,0.6711502
2025-01-30T18:00:00Z,0.7534342
2025-01-30T18:36:00Z,0
2025-01-30T19:12:00Z,0.61427563
2025-01-30T19:48:00Z,0.19199543
2025-01-30T21:00:00Z,0.17213735
2025-01-30T21:36:00Z,0.86550784
2025-01-30T22:12:00Z,0
2025-01-30T23:24:00Z,0.47672454
2025-01-31T00:00:00Z,0.21297626
2025-01-31T00:36:00Z,0.86569065
2025-01-31T01:12:00Z,0
2025-01-31T01:48:00Z,0.54108423
2025-01-31T02:24:00Z,0.20777242
2025-01-31T03:36:00Z,0.99957216
2025-01-31T04:12:00Z,0
2025-01-31T04:48:00Z,0.5264163
2025-01-31T05:24:00Z,0.11502612
2025-01-31T06:36:00Z,0.45622277
2025-01-31T07:12:00Z,0.31782615
2025-01-31T07:48:00Z,0.79770696
2025-01-31T08:24:00Z,0
2025-01-31T09:00:00Z,0.85387725
2025-01-31T09:36:00Z,0
2025-01-31T10:12:00Z,0.7880912
2025-01-31T10:48:00Z,0
2025-01-31T11:24:00Z,0.06865053
2025-01-31T12:00:00Z,0.70208305
2025-01-31T13:12:00Z,0.21750237
2025-01-31T13:48:00Z,0.9494593
2025-01-31T14:24:00Z,0
2025-01-31T15:00:00Z,0.56511444
2025-01-31T15:36:00Z,0.4696704
2025-01-31T16:12:00Z,0.88512737
2025-01-31T16:48:00Z,0
2025-01-31T17:24:00Z,0.6947285
2025-01-31T18:00:00Z,0.6707227
2025-01-31T18:36:00Z,0.21019949
2025-01-31T19:12:00Z,0.7186108
2025-01-31T19:48:00Z,0.25733557
2025-01-31T20:24:00Z,0.8731585
2025-01-31T21:00:00Z,0
2025-01-31T22:12:00Z,0.76762974
2025-01-31T22:48:00Z,0
2025-02-01T00:00:00Z,0.9999222
2025-02-01T00:36:00Z,0
2025-02-01T01:12:00Z,0.0031103804
2025-02-01T01:48:00Z,0.9277112
2025-02-01T02:24:00Z,0
2025-02-01T03:00:00Z,0.9062089
2025-02-01T03:36:00Z,0
2025-02-01T04:12:00Z,0.54026186
2025-02-01T04:48:00Z,0.12866598
2025-02-01T06:00:00Z,0.9480716
2025-02-01T06:36:00Z,0
2025-02-01T07:12:00Z,0.8337946
2025-02-01T07:48:00Z,0
2025-02-01T08:24:00Z,0.10783748
2025-02-01T09:00:00Z,0.68475354
2025-02-01T09:36:00Z,0.11673796
2025-02-01T10:12:00Z,0.77356404
2025-02-01T10:48:00Z,0
2025-02-01T12:36:00Z,0.22338137
2025-02-01T13:12:00Z,0.025652612
2025-02-01T14:24:00Z,0.89195
2025-02-01T15:00:00Z,0
2025-02-01T15:36:00Z,0.9120551
2025-02-01T16:12:00Z,0
2025-02-01T16:48:00Z,0.6236191
2025-02-01T18:00:00Z,0.36984834
2025-02-01T18:36:00Z,0.76145685
2025-02-01T19:12:00Z,0
2025-02-01T19:48:00Z,0.34142396
2025-02-01T20:24:00Z,0.07596374
2025-02-01T21:36:00Z,0.7533696
2025-02-01T22:12:00Z,0
2025-02-01T23:24:00Z,0.9948426
2025-02-02T00:00:00Z,0
2025-02-02T00:36:00Z,0.6906523
2025-02-02T01:12:00Z,0.93123275
2025-02-02T01:48:00Z,0
2025-02-02T02:24:00Z,0.2309483
2025-02-02T03:00:00Z,0.040273715
2025-02-02T03:36:00Z,0.6322196
2025-02-02T04:48:00Z,0.8471611
2025-02-02T05:24:00Z,0
2025-02-02T06:00:00Z,0.9797744
2025-02-02T06:36:00Z,0
2025-02-02T07:12:00Z,0.7427646
2025-02-02T07:48:00Z,0.15726326
2025-02-02T08:24:00Z,0.10040676
2025-02-02T09:36:00Z,0.8941696
2025-02-02T10:12:00Z,0
2025-02-02T10:48:00Z,0.88458496
2025-02-02T11:24:00Z,0
2025-02-02T12:00:00Z,0.7712831
2025-02-02T12:36:00Z,0
2025-02-02T14:24:00Z,0.4327031
2025-02-02T15:00:00Z,0.25311047
2025-02-02T15:36:00Z,0.9556726
2025-02-02T16:12:00Z,0
2025-02-02T16:48:00Z,0.83932173
2025-02-02T17:24:00Z,0
2025-02-02T18:00:00Z,0.13375385
2025-02-02T18:36:00Z,0.98075855
2025-02-02T19:12:00Z,0
2025-02-02T19:48:00Z,0.801209
2025-02-02T20:24:00Z,0
2025-02-02T21:00:00Z,0.70926845
2025-02-02T22:12:00Z,0.3832963
2025-02-02T22:48:00Z,0.91722226
2025-02-02T23:24:00Z,0
2025-02-03T00:00:00Z,0.98529136
2025-02-03T00:36:00Z,0
2025-02-03T01:12:00Z,0.8707189
2025-02-03T01:48:00Z,0
2025-02-03T02:24:00Z,0.843715
2025-02-03T03:00:00Z,0
2025-02-03T03:36:00Z,0.5118208
2025-02-03T04:12:00Z,0.37194073
2025-02-03T04:48:00Z,0.9665797
2025-02-03T05:24:00Z,0
2025-02-03T06:00:00Z,0.5781491
2025-02-03T07:12:00Z,0.47296047
2025-02-03T07:48:00Z,0.06013427
2025-02-03T08:24:00Z,0.7881464
2025-02-03T09:00:00Z,0
2025-02-03T09:36:00Z,0.05746479
2025-02-03T10:12:00Z,0.5892677
2025-02-03T10:48:00Z,0.13694303
2025-02-03T13:48:00Z,0.10312365
2025-02-03T14:24:00Z,0.7396359
2025-02-03T15:00:00Z,0.23175769
2025-02-03T15:36:00Z,0.6870315
2025-02-03T16:12:00Z,0.21666996
2025-02-03T17:24:00Z,0.3257905
2025-02-03T18:00:00Z,0.04031996
2025-02-03T18:36:00Z,0.5379869
2025-02-03T19:12:00Z,0.13707094
2025-02-03T21:00:00Z,0.9262275
2025-02-03T21:36:00Z,0
2025-02-03T22:12:00Z,0.65402067
2025-02-03T22:48:00Z,0.015449113
2025-02-04T00:00:00Z,0.6250775
2025-02-04T00:36:00Z,0.42320853
2025-02-04T01:12:00Z,0.7702758
2025-02-04T01:48:00Z,0
2025-02-04T02:24:00Z,0.82324046
2025-02-04T03:00:00Z,0
2025-02-04T04:12:00Z,0.7642602
2025-02-04T04:48:00Z,0
2025-02-04T05:24:00Z,0.0870331
2025-02-04T06:00:00Z,0.581384
2025-02-04T06:36:00Z,0.46245334
2025-02-04T07:12:00Z,0.9511765
2025-02-04T07:48:00Z,0
2025-02-04T08:24:00Z,0.6108059
2025-02-04T09:00:00Z,0.75213605
2025-02-04T09:36:00Z,0
2025-02-04T10:12:00Z,0.90795714
2025-02-04T10:48:00Z,0
2025-02-04T11:24:00Z,0.8848665
2025-02-04T12:00:00Z,0
2025-02-04T13:12:00Z,0.42435718
2025-02-04T13:48:00Z,0.1822797
2025-02-04T14:24:00Z,0.53808546
2025-02-04T15:36:00Z,0.026813777
2025-02-04T16:12:00Z,0.60135466
2025-02-04T16:48:00Z,0.21324185
2025-02-04T17:24:00Z,0.8284173
2025-02-04T18:00:00Z,0
2025-02-04T18:36:00Z,0.76815796
2025-02-04T19:12:00Z,0
2025-02-04T21:36:00Z,0.2718302
2025-02-04T22:12:00Z,0.6534445
2025-02-04T22:48:00Z,0.22176534
2025-02-04T23:24:00Z,0.9080879
2025-02-05T00:00:00Z,0
2025-02-05T00:36:00Z,0.750782
2025-02-05T01:12:00Z,0
2025-02-05T01:48:00Z,0.6868217
2025-02-05T03:00:00Z,0.19056197
2025-02-05T03:36:00Z,0.9076182
2025-02-05T04:12:00Z,0
2025-02-05T04:48:00Z,0.65184486
2025-02-05T05:24:00Z,0.8132001
2025-02-05T06:00:00Z,0
2025-02-05T06:36:00Z,0.77758235
2025-02-05T07:12:00Z,0
2025-02-05T08:24:00Z,0.43515283
2025-02-05T09:00:00Z,0.3001205
2025-02-05T09:36:00Z,0.89888775
2025-02-05T10:12:00Z,0
2025-02-05T11:24:00Z,0.9485978
2025-02-05T12:00:00Z,0
2025-02-05T12:36:00Z,0.93054825
2025-02-05T13:12:00Z,0
2025-02-05T15:36:00Z,0.23844981
2025-02-05T16:12:00Z,0.95432067
2025-02-05T16:48:00Z,0
2025-02-05T18:00:00Z,0.9511885
2025-02-05T18:36:00Z,0
2025-02-05T20:24:00Z,0.61310834
2025-02-05T21:00:00Z,0.20560387
2025-02-05T23:24:00Z,0.64783156
2025-02-06T00:00:00Z,0.015866542
2025-02-06T00:36:00Z,0.14304899
2025-02-06T01:12:00Z,0.95882356
2025-02-06T01:48:00Z,0
2025-02-06T02:24:00Z,0.910039
2025-02-06T03:00:00Z,0
2025-02-06T03:36:00Z,0.7624175
2025-02-06T04:12:00Z,0
2025-02-06T04:48:00Z,0.08879387
2025-02-06T05:24:00Z,0.76078725
2025-02-06T06:00:00Z,0
2025-02-06T06:36:00Z,0.6063209
2025-02-06T07:12:00Z,0.3592184
2025-02-06T07:48:00Z,0.84310776
2025-02-06T08:24:00Z,0
2025-02-06T09:00:00Z,0.78344476
2025-02-06T09:36:00Z,0
2025-02-06T10:12:00Z,0.79291093
2025-02-06T10:48:00Z,0
2025-02-06T11:24:00Z,0.9439977
2025-02-06T12:00:00Z,0
2025-02-06T13:12:00Z,0.36427927
2025-02-06T13:48:00Z,0.016949188
2025-02-06T14:24:00Z,0.9515765
2025-02-06T15:00:00Z,0
2025-02-06T15:36:00Z,0.77049863
2025-02-06T16:12:00Z,0
2025-02-06T16:48:00Z,0.97639805
2025-02-06T17:24:00Z,0
2025-02-06T18:00:00Z,0.12165693
2025-02-06T18:36:00Z,0.8833168
2025-02-06T19:12:00Z,0
2025-02-06T19:48:00Z,0.078744955
2025-02-06T20:24:00Z,0.8842106
2025-02-06T21:00:00Z,0
2025-02-06T21:36:00Z,0.69900846
2025-02-06T22:48:00Z,0.79466456
2025-02-06T23:24:00Z,0
2025-02-07T00:00:00Z,0.06685055
2025-02-07T00:36:00Z,0.8256954
2025-02-07T01:12:00Z,0
2025-02-07T03:36:00Z,0.71144503
2025-02-07T04:12:00Z,0.29701576
2025-02-07T04:48:00Z,0.6203619
2025-02-07T05:24:00Z,0.17903768
2025-02-07T06:00:00Z,0.7869762
2025-02-07T06:36:00Z,0
2025-02-07T07:12:00Z,0.6782295
2025-02-07T07:48:00Z,0.25446823
2025-02-07T08:24:00Z,0.86640763
2025-02-07T09:00:00Z,0
2025-02-07T10:12:00Z,0.693898
2025-02-07T10:48:00Z,0.25891054
2025-02-07T12:00:00Z,0.8080449
2025-02-07T12:36:00Z,0
2025-02-07T13:12:00Z,0.3513313
2025-02-07T14:24:00Z,0.5121519
2025-02-07T15:36:00Z,0.20798971
2025-02-07T16:48:00Z,0.80493784
2025-02-07T17:24:00Z,0
2025-02-07T18:00:00Z,0.35758415
2025-02-07T18:36:00Z,0.29097515
2025-02-07T19:12:00Z,0.787548
2025-02-07T19:48:00Z,0
2025-02-07T20:24:00Z,0.3471184
2025-02-07T21:00:00Z,0.07263431
2025-02-07T21:36:00Z,0.47410297
2025-02-07T22:12:00Z,0.03380447
2025-02-07T23:24:00Z,0.40592644
2025-02-08T00:00:00Z,0.91421
2025-02-08T00:36:00Z,0
2025-02-08T01:12:00Z,0.934845
2025-02-08T01:48:00Z,0
2025-02-08T03:36:00Z,0.79768664
2025-02-08T04:12:00Z,0
2025-02-08T04:48:00Z,0.7890591
2025-02-08T05:24:00Z,0
2025-02-08T06:36:00Z,0.7360006
2025-02-08T07:48:00Z,0.17080943
2025-02-08T09:00:00Z,0.8440585
2025-02-08T09:36:00Z,0
2025-02-08T10:48:00Z,0.9303567
2025-02-08T11:24:00Z,0
2025-02-08T12:00:00Z,0.94290763
2025-02-08T12:36:00Z,0
2025-02-08T13:12:00Z,0.08334524
2025-02-08T13:48:00Z,0.8163743
2025-02-08T14:24:00Z,0
2025-02-08T16:12:00Z,0.28417522
2025-02-08T16:48:00Z,0.8293825
2025-02-08T17:24:00Z,0
2025-02-08T18:00:00Z,0.6802618
2025-02-08T18:36:00Z,0.822635
2025-02-08T19:12:00Z,0
2025-02-08T19:48:00Z,0.8047092
2025-02-08T20:24:00Z,0
2025-02-08T21:00:00Z,0.92360103
2025-02-08T21:36:00Z,0
2025-02-08T22:48:00Z,0.89216226
2025-02-08T23:24:00Z,0
2025-02-09T00:00:00Z,0.47910824
2025-02-09T00:36:00Z,0.14601079
2025-02-09T01:12:00Z,0.6310476
2025-02-09T02:24:00Z,0.93413126
2025-02-09T03:00:00Z,0
2025-02-09T03:36:00Z,0.9051375
2025-02-09T04:12:00Z,0
2025-02-09T04:48:00Z,0.58229595
2025-02-09T07:48:00Z,0.34014687
2025-02-09T08:24:00Z,0.97531694
2025-02-09T09:00:00Z,0
2025-02-09T10:12:00Z,0.6445194
2025-02-09T10:48:00Z,0.61813045
2025-02-09T11:24:00Z,0.14672036
2025-02-09T12:00:00Z,0.9947557
2025-02-09T12:36:00Z,0
2025-02-09T13:12:00Z,0.55572194
2025-02-09T13:48:00Z,0.46591175
2025-02-09T14:24:00Z,0.9233178
2025-02-09T15:00:00Z,0
2025-02-09T15:36:00Z,0.9871232
2025-02-09T16:12:00Z,0
2025-02-09T17:24:00Z,0.8771978
2025-02-09T18:00:00Z,0
2025-02-09T19:12:00Z,0.859116
2025-02-09T19:48:00Z,0
2025-02-09T20:24:00Z,0.17444207
2025-02-09T21:00:00Z,0.8440808
2025-02-09T21:36:00Z,0
2025-02-10T00:36:00Z,0.8849759
2025-02-10T01:12:00Z,0
2025-02-10T01:48:00Z,0.782389
2025-02-10T02:24:00Z,0
2025-02-10T03:36:00Z,0.25808823
2025-02-10T04:12:00Z,0.056123637
2025-02-10T04:48:00Z,0.42911455
2025-02-10T05:24:00Z,0.18849781
2025-02-10T06:00:00Z,0.6377517
2025-02-10T07:12:00Z,0.10716949
2025-02-10T08:24:00Z,0.81884915
2025-02-10T09:00:00Z,0
2025-02-10T09:36:00Z,0.94945353
2025-02-10T10:12:00Z,0
2025-02-10T12:36:00Z,0.15168317
2025-02-10T13:12:00Z,0.6736394
2025-02-10T13:48:00Z,0.035000622
2025-02-10T15:00:00Z,0.93593705
2025-02-10T15:36:00Z,0
2025-02-10T16:12:00Z,0.9344372
2025-02-10T16:48:00Z,0
2025-02-10T18:00:00Z,0.6398346
2025-02-10T18:36:00Z,0.175684
2025-02-10T20:24:00Z,0.8292444
2025-02-10T21:00:00Z,0
2025-02-10T22:12:00Z,0.40067905
2025-02-10T22:48:00Z,0.79354674
2025-02-10T23:24:00Z,0
2025-02-11T00:00:00Z,0.7067563
2025-02-11T00:36:00Z,0.31894165
2025-02-11T01:12:00Z,0.6025407
2025-02-11T02:24:00Z,0.5097253
2025-02-11T03:00:00Z,0.9627143
2025-02-11T03:36:00Z,0
2025-02-11T04:48:00Z,0.94839954
2025-02-11T05:24:00Z,0
2025-02-11T06:00:00Z,0.6405548
2025-02-11T09:00:00Z,0.0129231885
2025-02-11T10:12:00Z,0.6820987
2025-02-11T10:48:00Z,0.5908169
2025-02-11T11:24:00Z,0.012642136
2025-02-11T12:00:00Z,0.6884236
2025-02-11T12:36:00Z,0.44038835
2025-02-11T13:12:00Z,0.82443374
2025-02-11T13:48:00Z,0
2025-02-11T14:24:00Z,0.75247216
2025-02-11T15:00:00Z,0
2025-02-11T16:48:00Z,0.70769686
2025-02-11T17:24:00Z,0.24772508
2025-02-11T18:36:00Z,0.72024333
2025-02-11T19:48:00Z,0.91784334
2025-02-11T20:24:00Z,0
2025-02-11T21:00:00Z,0.6444557
2025-02-11T22:12:00Z,0.36519602
2025-02-11T22:48:00Z,0.7185863
2025-02-11T23:24:00Z,0.133071
2025-02-12T00:00:00Z,0.6932925
2025-02-12T00:36:00Z,0.031152353
2025-02-12T01:48:00Z,0.6742893
2025-02-12T02:24:00Z,0.30043873
2025-02-12T03:00:00Z,0.91365683
2025-02-12T03:36:00Z,0
2025-02-12T04:12:00Z,0.6533083
2025-02-12T04:48:00Z,0.7924525
2025-02-12T05:24:00Z,0
2025-02-12T06:00:00Z,0.98204184
2025-02-12T06:36:00Z,0
2025-02-12T07:12:00Z,0.70740294
2025-02-12T07:48:00Z,0.10397261
2025-02-12T08:24:00Z,0.3076396
2025-02-12T09:36:00Z,0.06036551
2025-02-12T10:12:00Z,0.95268565
2025-02-12T10:48:00Z,0
2025-02-12T12:00:00Z,0.10841947
2025-02-12T12:36:00Z,0.79730916
2025-02-12T13:12:00Z,0
2025-02-12T13:48:00Z,0.12723729
2025-02-12T14:24:00Z,0.9308015
2025-02-12T15:00:00Z,0
2025-02-12T16:12:00Z,0.6546206
2025-02-12T17:24:00Z,0.41848868
2025-02-12T18:00:00Z,0.60183316
2025-02-12T18:36:00Z,0.10423149
2025-02-12T19:12:00Z,0.8186835
2025-02-12T19:48:00Z,0
2025-02-12T20:24:00Z,0.5637064
2025-02-13T00:00:00Z,0.7209413
2025-02-13T00:36:00Z,0.45556486
2025-02-13T01:12:00Z,0.96109617
2025-02-13T01:48:00Z,0
2025-02-13T03:00:00Z,0.79512024
2025-02-13T03:36:00Z,0
2025-02-13T04:12:00Z,0.4225455
2025-02-13T04:48:00Z,0.43831435
2025-02-13T05:24:00Z,0.9583185
2025-02-13T06:00:00Z,0
2025-02-13T08:24:00Z,0.30142674
2025-02-13T09:00:00Z,0.07002386
2025-02-13T09:36:00Z,0.6179392
2025-02-13T10:12:00Z,0.35540664
2025-02-13T10:48:00Z,0.64520687
2025-02-13T11:24:00Z,0.060477693
2025-02-13T12:00:00Z,0.47913775
2025-02-13T13:12:00Z,0.69685197
2025-02-13T13:48:00Z,0.34794137
2025-02-13T14:24:00Z,0.7257712
2025-02-13T15:00:00Z,0.4559855
2025-02-13T17:24:00Z,0.69833785
2025-02-13T18:36:00Z,0.40693197
2025-02-13T19:12:00Z,0.8578236
2025-02-13T19:48:00Z,0
2025-02-13T21:00:00Z,0.2366892
2025-02-13T21:36:00Z,0.9893016
2025-02-13T22:12:00Z,0
2025-02-13T23:24:00Z,0.47007057
2025-02-14T00:00:00Z,0.33558738
2025-02-14T00:36:00Z,0.87618095
2025-02-14T01:12:00Z,0
2025-02-14T01:48:00Z,0.86426365
2025-02-14T02:24:00Z,0
2025-02-14T03:36:00Z,0.6297809
2025-02-14T04:48:00Z,0.12738273
2025-02-14T07:12:00Z,0.6226667
2025-02-14T08:24:00Z,0.7728502
2025-02-14T09:00:00Z,0
2025-02-14T10:12:00Z,0.5464331
2025-02-14T10:48:00Z,0.14315647
2025-02-14T11:24:00Z,0.8129342
2025-02-14T12:00:00Z,0
2025-02-14T12:36:00Z,0.555773
2025-02-14T13:12:00Z,0.260139
2025-02-14T14:24:00Z,0.33608413
2025-02-14T15:00:00Z,0.086444855
2025-02-14T15:36:00Z,0.9422978
2025-02-14T16:12:00Z,0
2025-02-14T16:48:00Z,0.8708142
2025-02-14T17:24:00Z,0
2025-02-14T19:48:00Z,0.3583709
2025-02-14T20:24:00Z,0.29414964
2025-02-14T21:00:00Z,0.9454463
2025-02-14T21:36:00Z,0
2025-02-14T22:12:00Z,0.68047047
2025-02-14T23:24:00Z,0.06974602
2025-02-15T00:36:00Z,0.796514
2025-02-15T01:12:00Z,0
2025-02-15T01:48:00Z,0.79625434
2025-02-15T02:24:00Z,0
2025-02-15T03:00:00Z,0.699269
2025-02-15T03:36:00Z,0.7645736
2025-02-15T04:12:00Z,0
2025-02-15T04:48:00Z,0.33508134
2025-02-15T06:00:00Z,0.25586447
2025-02-15T06:36:00Z,0.36749542
2025-02-15T07:12:00Z,0.95211613
2025-02-15T07:48:00Z,0
2025-02-15T08:24:00Z,0.9178389
2025-02-15T09:00:00Z,0
2025-02-15T09:36:00Z,0.61039984
2025-02-15T11:24:00Z,0.8364158
2025-02-15T12:00:00Z,0
2025-02-15T13:12:00Z,0.9218383
2025-02-15T13:48:00Z,0
2025-02-15T14:24:00Z,0.8142979
2025-02-15T15:00:00Z,0
2025-02-15T15:36:00Z,0.8480871
2025-02-15T16:12:00Z,0
2025-02-15T16:48:00Z,0.43189633
2025-02-15T17:24:00Z,0.4628473
2025-02-15T18:00:00Z,0.98008865
2025-02-15T18:36:00Z,0
2025-02-15T19:12:00Z,0.005080667
2025-02-15T19:48:00Z,0.41607976
2025-02-15T21:00:00Z,0.19316944
2025-02-15T21:36:00Z,0.75882286
2025-02-15T22:12:00Z,0
2025-02-15T22:48:00Z,0.07533261
2025-02-15T23:24:00Z,0.8316134
2025-02-16T00:00:00Z,0
2025-02-16T00:36:00Z,0.53972936
2025-02-16T01:48:00Z,0.1873032
2025-02-16T02:24:00Z,0.8745724
2025-02-16T03:00:00Z,0
2025-02-16T03:36:00Z,0.79114074
2025-02-16T04:12:00Z,0
2025-02-16T04:48:00Z,0.5939092
2025-02-16T06:36:00Z,0.6358659
2025-02-16T07:12:00Z,0.21171781
2025-02-16T07:48:00Z,0.62283796
2025-02-16T08:24:00Z,0.27047494
2025-02-16T09:36:00Z,0.76568305
2025-02-16T10:12:00Z,0
2025-02-16T10:48:00Z,0.78096586
2025-02-16T11:24:00Z,0
2025-02-16T12:00:00Z,0.7781432
2025-02-16T12:36:00Z,0
2025-02-16T13:48:00Z,0.82954735
2025-02-16T14:24:00Z,0
2025-02-16T15:00:00Z,0.874147
2025-02-16T15:36:00Z,0
2025-02-16T16:12:00Z,0.6084778
2025-02-16T16:48:00Z,0.78720677
2025-02-16T17:24:00Z,0
2025-02-16T19:12:00Z,0.5127589
2025-02-16T19:48:00Z,0.11261818
2025-02-16T21:00:00Z,0.5950333
2025-02-16T22:48:00Z,0.003065893
2025-02-16T23:24:00Z,0.10625181
2025-02-17T00:00:00Z,0.747923
2025-02-17T00:36:00Z,0.763144
2025-02-17T01:12:00Z,0
2025-02-17T01:48:00Z,0.9418366
2025-02-17T02:24:00Z,0
2025-02-17T03:36:00Z,0.7457112
2025-02-17T04:48:00Z,0.42313445
2025-02-17T06:00:00Z,0.87960213
2025-02-17T06:36:00Z,0
2025-02-17T07:12:00Z,0.684003
2025-02-17T08:24:00Z,0.647729
2025-02-17T09:36:00Z,0.31938034
2025-02-17T10:12:00Z,0.84881043
2025-02-17T10:48:00Z,0
2025-02-17T12:00:00Z,0.97083557
2025-02-17T12:36:00Z,0
2025-02-17T13:12:00Z,0.32407272
2025-02-17T14:24:00Z,0.19729048
2025-02-17T15:00:00Z,0.77965575
2025-02-17T15:36:00Z,0
2025-02-17T17:24:00Z,0.3049939
2025-02-17T18:00:00Z,0.68643296
2025-02-17T18:36:00Z,0.4397983
2025-02-17T19:12:00Z,0.6396207
2025-02-17T20:24:00Z,0.18714097
2025-02-17T21:00:00Z,0.4295323
2025-02-17T21:36:00Z,0.02350483
2025-02-17T22:12:00Z,0.46259552
2025-02-18T00:00:00Z,0.3330609
2025-02-18T00:36:00Z,0.8675648
2025-02-18T01:12:00Z,0
2025-02-18T01:48:00Z,0.88919544
2025-02-18T02:24:00Z,0
2025-02-18T03:36:00Z,0.7285033
2025-02-18T04:12:00Z,0.38489047
2025-02-18T06:00:00Z,0.7454268
2025-02-18T06:36:00Z,0.1069695
2025-02-18T07:12:00Z,0.96590245
2025-02-18T07:48:00Z,0
2025-02-18T08:24:00Z,0.97432417
2025-02-18T09:00:00Z,0
2025-02-18T10:12:00Z,0.73006964
2025-02-18T10:48:00Z,0.29342315
2025-02-18T12:00:00Z,0.6437656
2025-02-18T12:36:00Z,0.04475563
2025-02-18T13:48:00Z,0.5480052
2025-02-18T15:00:00Z,0.031012237
2025-02-18T15:36:00Z,0.8658224
2025-02-18T16:12:00Z,0
2025-02-18T16:48:00Z,0.40999967
2025-02-18T17:24:00Z,0.20022832
2025-02-18T18:00:00Z,0.95434767
2025-02-18T18:36:00Z,0
2025-02-18T19:48:00Z,0.9895122
2025-02-18T20:24:00Z,0
2025-02-18T22:12:00Z,0.63642156
2025-02-18T22:48:00Z,0.12323332
2025-02-18T23:24:00Z,0.7035269
2025-02-19T00:36:00Z,0.34665337
2025-02-19T01:12:00Z,0.9592012
2025-02-19T01:48:00Z,0
2025-02-19T02:24:00Z,0.97991246
2025-02-19T03:00:00Z,0
2025-02-19T03:36:00Z,0.92725056
2025-02-19T04:12:00Z,0
2025-02-19T04:48:00Z,0.46377575
2025-02-19T05:24:00Z,0.19522075
2025-02-19T06:00:00Z,0.9754669
2025-02-19T06:36:00Z,0
2025-02-19T07:12:00Z,0.7736375
2025-02-19T07:48:00Z,0
2025-02-19T08:24:00Z,0.5243426
2025-02-19T09:36:00Z,0.840212
2025-02-19T10:12:00Z,0
2025-02-19T10:48:00Z,0.9649701
2025-02-19T11:24:00Z,0
2025-02-19T12:36:00Z,0.79866576
2025-02-19T13:12:00Z,0
2025-02-19T13:48:00Z,0.84998053
2025-02-19T14:24:00Z,0
2025-02-19T15:00:00Z,0.61180186
2025-02-19T16:48:00Z,0.8103142
2025-02-19T17:24:00Z,0
2025-02-19T18:36:00Z,0.3651948
2025-02-19T20:24:00Z,0.6363537
2025-02-19T21:36:00Z,0.09131188
2025-02-19T22:48:00Z,0.71045583
2025-02-19T23:24:00Z,0.27847597
2025-02-20T00:00:00Z,0.40232745
2025-02-20T00:36:00Z,0.9925212
2025-02-20T01:12:00Z,0
2025-02-20T04:12:00Z,0.43275625
2025-02-20T04:48:00Z,0.8973189
2025-02-20T05:24:00Z,0
2025-02-20T06:36:00Z,0.8622866
2025-02-20T07:12:00Z,0
2025-02-20T07:48:00Z,0.78913623
2025-02-20T08:24:00Z,0
2025-02-20T09:00:00Z,0.9573617
2025-02-20T09:36:00Z,0
2025-02-20T10:48:00Z,0.7395519
2025-02-20T11:24:00Z,0.08903572
2025-02-20T12:00:00Z,0.8485417
2025-02-20T12:36:00Z,0
2025-02-20T13:48:00Z,0.32410413
2025-02-20T14:24:00Z,0.015279347
2025-02-20T15:00:00Z,0.8504505
2025-02-20T15:36:00Z,0
2025-02-20T16:12:00Z,0.55393595
2025-02-20T18:00:00Z,0.26948002
2025-02-20T18:36:00Z,0.91615593
2025-02-20T19:12:00Z,0
2025-02-20T19:48:00Z,0.73893374
2025-02-20T21:00:00Z,0.23805061
2025-02-20T21:36:00Z,0.8787546
2025-02-20T22:12:00Z,0
2025-02-20T22:48:00Z,0.9951594
2025-02-20T23:24:00Z,0
2025-02-21T00:00:00Z,0.9738867
2025-02-21T00:36:00Z,0
2025-02-21T01:12:00Z,0.8523617
2025-02-21T01:48:00Z,0
2025-02-21T02:24:00Z,0.5121292
2025-02-21T03:36:00Z,0.048145864
2025-02-21T04:12:00Z,0.62011456
2025-02-21T04:48:00Z,0.09025609
2025-02-21T05:24:00Z,0.87677974
2025-02-21T06:00:00Z,0
2025-02-21T07:48:00Z,0.363272
2025-02-21T08:24:00Z,0.11583427
2025-02-21T09:00:00Z,0.46974254
2025-02-21T09:36:00Z,0.1494958
2025-02-21T11:24:00Z,0.6081054
2025-02-21T12:00:00Z,0.018277371
2025-02-21T12:36:00Z,0.47785115
2025-02-21T13:12:00Z,0.37426788
2025-02-21T13:48:00Z,0.8542509
2025-02-21T14:24:00Z,0
2025-02-21T15:36:00Z,0.688869
2025-02-21T17:24:00Z,0.5231482
2025-02-21T18:00:00Z,0.9334727
2025-02-21T18:36:00Z,0
2025-02-21T19:12:00Z,0.064990304
2025-02-21T19:48:00Z,0.68375266
2025-02-21T20:24:00Z,0.63299507
2025-02-21T21:00:00Z,0.9984057
2025-02-21T21:36:00Z,0
2025-02-21T22:12:00Z,0.8914766
2025-02-21T22:48:00Z,0
2025-02-21T23:24:00Z,0.5059083
2025-02-22T00:00:00Z,0.2821311
2025-02-22T00:36:00Z,0.98822886
2025-02-22T01:12:00Z,0
2025-02-22T01:48:00Z,0.90324473
2025-02-22T02:24:00Z,0
2025-02-22T03:00:00Z,0.6088509
2025-02-22T03:36:00Z,0.45943823
2025-02-22T04:12:00Z,0.98149043
2025-02-22T04:48:00Z,0
2025-02-22T06:36:00Z,0.3531135
2025-02-22T07:48:00Z,0.92238593
2025-02-22T08:24:00Z,0
2025-02-22T10:12:00Z,0.83925426
2025-02-22T10:48:00Z,0
2025-02-22T12:00:00Z,0.80230784
2025-02-22T12:36:00Z,0
2025-02-22T13:12:00Z,0.9060712
2025-02-22T13:48:00Z,0
2025-02-22T14:24:00Z,0.9344897
2025-02-22T15:00:00Z,0
2025-02-22T15:36:00Z,0.7687862
2025-02-22T16:12:00Z,0
2025-02-22T16:48:00Z,0.5120098
2025-02-22T18:00:00Z,0.069085
2025-02-22T18:36:00Z,0.75434816
2025-02-22T19:12:00Z,0
2025-02-22T19:48:00Z,0.8295654
2025-02-22T20:24:00Z,0
2025-02-22T21:00:00Z,0.48840338
2025-02-22T21:36:00Z,0.06295856
2025-02-22T22:48:00Z,0.7859144
2025-02-22T23:24:00Z,0
2025-02-23T00:00:00Z,0.87669855
2025-02-23T00:36:00Z,0
2025-02-23T01:12:00Z,0.44028395
2025-02-23T01:48:00Z,0.22775188
2025-02-23T03:00:00Z,0.8442129
2025-02-23T03:36:00Z,0
2025-02-23T04:48:00Z,0.9999761
2025-02-23T05:24:00Z,0
2025-02-23T06:36:00Z,0.8316277
2025-02-23T07:12:00Z,0
2025-02-23T07:48:00Z,0.0692447
2025-02-23T09:00:00Z,0.87219197
2025-02-23T09:36:00Z,0
2025-02-23T10:12:00Z,0.85228646
2025-02-23T10:48:00Z,0
2025-02-23T11:24:00Z,0.5536886
2025-02-23T12:00:00Z,0.336765
2025-02-23T12:36:00Z,0.63978374
2025-02-23T13:12:00Z,0.20977838
2025-02-23T14:24:00Z,0.8258215
2025-02-23T15:00:00Z,0
2025-02-23T16:48:00Z,0.41106713
2025-02-23T18:36:00Z,0.16736613
2025-02-23T19:12:00Z,0.58087015
2025-02-23T19:48:00Z,0.17664585
2025-02-23T21:00:00Z,0.62497544
2025-02-23T21:36:00Z,0.2565061
2025-02-23T22:12:00Z,0.7305731
2025-02-23T22:48:00Z,0.47233626
2025-02-23T23:24:00Z,0.7955804
2025-02-24T00:00:00Z,0
2025-02-24T01:12:00Z,0.5853914
2025-02-24T01:48:00Z,0.089139745
2025-02-24T02:24:00Z,0.963471
2025-02-24T03:00:00Z,0
2025-02-24T03:36:00Z,0.121068574
2025-02-24T04:12:00Z,0.78026885
2025-02-24T04:48:00Z,0
2025-02-24T05:24:00Z,0.09619886
2025-02-24T06:00:00Z,0.7094749
2025-02-24T07:48:00Z,0.96759254
2025-02-24T08:24:00Z,0
2025-02-24T11:24:00Z,0.68665105
2025-02-24T12:36:00Z,0.023506293
2025-02-24T14:24:00Z,0.09989198
2025-02-24T15:00:00Z,0.7305473
2025-02-24T16:48:00Z,0.2882224
2025-02-24T17:24:00Z,0.78886527
2025-02-24T18:00:00Z,0
2025-02-24T18:36:00Z,0.8423884
2025-02-24T19:12:00Z,0
2025-02-24T21:00:00Z,0.61774075
2025-02-24T22:12:00Z,0.0013204692
2025-02-25T00:00:00Z,0.68403316
2025-02-25T00:36:00Z,0.22623746
2025-02-25T01:12:00Z,0.6797497
2025-02-25T03:00:00Z,0.607732
2025-02-25T04:12:00Z,0.80102205
2025-02-25T04:48:00Z,0
2025-02-25T05:24:00Z,0.59040403
2025-02-25T06:00:00Z,0.2848953
2025-02-25T06:36:00Z,0.69800675
2025-02-25T07:12:00Z,0.14466737
2025-02-25T07:48:00Z,0.9287616
2025-02-25T08:24:00Z,0
2025-02-25T09:00:00Z,0.8374355
2025-02-25T09:36:00Z,0
2025-02-25T10:12:00Z,0.686513
2025-02-25T10:48:00Z,0.36186856
2025-02-25T12:00:00Z,0.7463068
2025-02-25T13:12:00Z,0.2806187
2025-02-25T14:24:00Z,0.7508264
2025-02-25T15:00:00Z,0
2025-02-25T16:12:00Z,0.98497474
2025-02-25T16:48:00Z,0
2025-02-25T17:24:00Z,0.3865295
2025-02-25T18:00:00Z,0.21778251
2025-02-25T18:36:00Z,0.62353534
2025-02-25T20:24:00Z,0.32504156
2025-02-25T21:36:00Z,0.9095808
2025-02-25T22:12:00Z,0
2025-02-25T22:48:00Z,0.5113303
2025-02-25T23:24:00Z,0.25971967
2025-02-26T00:00:00Z,0.5420286
2025-02-26T00:36:00Z,0.07789896
2025-02-26T01:12:00Z,0.8719411
2025-02-26T01:48:00Z,0
2025-02-26T02:24:00Z,0.65356034
2025-02-26T03:00:00Z,0.7579927
2025-02-26T03:36:00Z,0
2025-02-26T04:12:00Z,0.631067
2025-02-26T04:48:00Z,0.172837
2025-02-26T05:24:00Z,0.5195137
2025-02-26T06:36:00Z,0.35626882
2025-02-26T07:12:00Z,0.8072434
2025-02-26T07:48:00Z,0
2025-02-26T08:24:00Z,0.8937359
2025-02-26T09:00:00Z,0
2025-02-26T09:36:00Z,0.7443367
2025-02-26T10:12:00Z,0.03950188
2025-02-26T10:48:00Z,0.6758338
2025-02-26T11:24:00Z,0.24312223
2025-02-26T12:00:00Z,0.79867727
2025-02-26T12:36:00Z,0
2025-02-26T13:12:00Z,0.14358549
2025-02-26T13:48:00Z,0.79406035
2025-02-26T14:24:00Z,0
2025-02-26T15:00:00Z,0.003557702
2025-02-26T15:36:00Z,0.7958236
2025-02-26T16:12:00Z,0
2025-02-26T16:48:00Z,0.62116027
2025-02-26T17:24:00Z,0.82885605
2025-02-26T18:00:00Z,0
2025-02-26T18:36:00Z,0.5071212
2025-02-26T19:48:00Z,0.32194075
2025-02-26T21:36:00Z,0.86486536
2025-02-26T22:12:00Z,0
2025-02-26T23:24:00Z,0.7352157
2025-02-27T00:00:00Z,0.062216483
2025-02-27T00:36:00Z,0.60364044
2025-02-27T01:48:00Z,0.7093626
2025-02-27T02:24:00Z,0.16336136
2025-02-27T03:36:00Z,0.28660554
2025-02-27T04:48:00Z,0.86885834
2025-02-27T05:24:00Z,0
2025-02-27T06:00:00Z,0.8094829
2025-02-27T06:36:00Z,0
2025-02-27T07:12:00Z,0.43429986
2025-02-27T07:48:00Z,0.26847345
2025-02-27T08:24:00Z,0.94364345
2025-02-27T09:00:00Z,0
2025-02-27T09:36:00Z,0.69340646
2025-02-27T10:48:00Z,0.34800902
2025-02-27T11:24:00Z,0.9670736
2025-02-27T12:00:00Z,0
2025-02-27T12:36:00Z,0.053322338
2025-02-27T13:12:00Z,0.6958952
2025-02-27T14:24:00Z,0.4867133
2025-02-27T15:00:00Z,0.017498948
2025-02-27T15:36:00Z,0.55844086
2025-02-27T16:12:00Z,0.67819285
2025-02-27T16:48:00Z,0.100778714
2025-02-27T17:24:00Z,0.041878905
2025-02-27T18:00:00Z,0.6330117
2025-02-27T18:36:00Z,0.75877255
2025-02-27T19:12:00Z,0
2025-02-27T20:24:00Z,0.11675518
2025-02-27T21:00:00Z,0.9466437
2025-02-27T21:36:00Z,0
2025-02-27T22:12:00Z,0.46175662
2025-02-27T22:48:00Z,0.1636126
2025-02-27T23:24:00Z,0.85604304
2025-02-28T00:00:00Z,0
2025-02-28T00:36:00Z,0.5643154
2025-02-28T03:00:00Z,0.26919046
2025-02-28T03:36:00Z,0.80261755
2025-02-28T04:12:00Z,0
2025-02-28T04:48:00Z,0.9023505
2025-02-28T05:24:00Z,0
2025-02-28T06:00:00Z,0.5337699
2025-02-28T07:12:00Z,0.85277927
2025-02-28T07:48:00Z,0
2025-02-28T08:24:00Z,0.5940437
2025-02-28T09:36:00Z,0.15169466
2025-02-28T10:12:00Z,0.69167423
2025-02-28T10:48:00Z,0.76787734
2025-02-28T11:24:00Z,0
2025-02-28T12:00:00Z,0.796569
2025-02-28T12:36:00Z,0
2025-02-28T13:48:00Z,0.6477701
2025-02-28T14:24:00Z,0.12861231
2025-02-28T15:00:00Z,0.87423813
2025-02-28T15:36:00Z,0
2025-02-28T19:12:00Z,0.45905924
2025-02-28T19:48:00Z,0.18454859
2025-02-28T20:24:00Z,0.9780227
2025-02-28T21:00:00Z,0
2025-02-28T21:36:00Z,0.94414115
2025-02-28T22:12:00Z,0
2025-03-01T00:00:00Z,0.8800238
2025-03-01T00:36:00Z,0
2025-03-01T01:12:00Z,0.8364698
2025-03-01T01:48:00Z,0
2025-03-01T02:24:00Z,0.12389982
2025-03-01T03:00:00Z,0.9413841
2025-03-01T03:36:00Z,0
2025-03-01T04:12:00Z,0.9469092
2025-03-01T04:48:00Z,0
2025-03-01T05:24:00Z,0.40892273
2025-03-01T08:24:00Z,0.505482
2025-03-01T09:00:00Z,0.0676988
2025-03-01T09:36:00Z,0.05710357
2025-03-01T10:12:00Z,0.8225519
2025-03-01T10:48:00Z,0
2025-03-01T12:00:00Z,0.8989181
2025-03-01T12:36:00Z,0
2025-03-01T13:12:00Z,0.8022583
2025-03-01T13:48:00Z,0
2025-03-01T14:24:00Z,0.809139
2025-03-01T15:00:00Z,0
2025-03-01T15:36:00Z,0.999081
2025-03-01T16:12:00Z,0
2025-03-01T16:48:00Z,0.6100014
2025-03-01T18:00:00Z,0.9474003
2025-03-01T18:36:00Z,0
2025-03-01T19:12:00Z,0.899254
2025-03-01T19:48:00Z,0
2025-03-01T21:00:00Z,0.7077831
2025-03-01T21:36:00Z,0.14451623
2025-03-01T22:48:00Z,0.9416698
2025-03-01T23:24:00Z,0
2025-03-02T00:00:00Z,0.5210316
2025-03-02T01:12:00Z,0.00096109835
2025-03-02T03:00:00Z,0.5391336
2025-03-02T04:12:00Z,0.30851653
2025-03-02T04:48:00Z,0.68886167
2025-03-02T05:24:00Z,0.21624611
2025-03-02T06:00:00Z,0.98130417
2025-03-02T06:36:00Z,0
2025-03-02T07:12:00Z,0.49766403
2025-03-02T07:48:00Z,0.4666557
2025-03-02T08:24:00Z,0.9277566
2025-03-02T09:00:00Z,0
2025-03-02T09:36:00Z,0.06256506
2025-03-02T10:12:00Z,0.8207913
2025-03-02T10:48:00Z,0
2025-03-02T11:24:00Z,0.85329634
2025-03-02T12:00:00Z,0
2025-03-02T12:36:00Z,0.44485322
2025-03-02T13:12:00Z,0.15429385
2025-03-02T13:48:00Z,0.9452254
2025-03-02T14:24:00Z,0
2025-03-02T15:00:00Z,0.86696935
2025-03-02T15:36:00Z,0
2025-03-02T16:12:00Z,0.9463369
2025-03-02T16:48:00Z,0
2025-03-02T17:24:00Z,0.817964
2025-03-02T18:00:00Z,0
2025-03-02T18:36:00Z,0.91583383
2025-03-02T19:12:00Z,0
2025-03-02T21:36:00Z,0.27871305
2025-03-02T22:48:00Z,0.11622923
2025-03-02T23:24:00Z,0.64471406
2025-03-03T01:12:00Z,0.019640831
2025-03-03T01:48:00Z,0.7758903
2025-03-03T02:24:00Z,0
2025-03-03T03:36:00Z,0.7201002
2025-03-03T05:24:00Z,0.48687404
2025-03-03T06:36:00Z,0.70976686
2025-03-03T07:48:00Z,0.15283313
2025-03-03T08:24:00Z,0.39310545
2025-03-03T09:00:00Z,0.22719975
2025-03-03T10:12:00Z,0.99949414
2025-03-03T10:48:00Z,0
2025-03-03T11:24:00Z,0.8639113
2025-03-03T12:00:00Z,0
2025-03-03T13:48:00Z,0.95180833
2025-03-03T14:24:00Z,0
2025-03-03T15:00:00Z,0.15286697
2025-03-03T15:36:00Z,0.9032563
2025-03-03T16:12:00Z,0
2025-03-03T16:48:00Z,0.1957347
2025-03-03T17:24:00Z,0.79601103
2025-03-03T18:00:00Z,0
2025-03-03T18:36:00Z,0.65647227
2025-03-03T19:12:00Z,0.2559004
2025-03-03T19:48:00Z,0.4829443
2025-03-03T21:00:00Z,0.31646764
2025-03-03T21:36:00Z,0.47476017
2025-03-03T22:12:00Z,0.21833676
2025-03-03T22:48:00Z,0.64056087
2025-03-04T00:00:00Z,0.5819186
2025-03-04T00:36:00Z,0.83134526
2025-03-04T01:12:00Z,0
2025-03-04T01:48:00Z,0.5774466
2025-03-04T02:24:00Z,0.5060265
2025-03-04T03:00:00Z,0.89512515
2025-03-04T03:36:00Z,0
2025-03-04T04:48:00Z,0.6342086
2025-03-04T06:00:00Z,0.53071344
2025-03-04T06:36:00Z,0.8506517
2025-03-04T07:12:00Z,0
2025-03-04T07:48:00Z,0.6187748
2025-03-04T09:00:00Z,0.03295867
2025-03-04T10:12:00Z,0.28913122
2025-03-04T10:48:00Z,0.018538762
2025-03-04T11:24:00Z,0.90238917
2025-03-04T12:00:00Z,0
2025-03-04T12:36:00Z,0.6557374
2025-03-04T13:12:00Z,0.90408295
2025-03-04T13:48:00Z,0
2025-03-04T15:00:00Z,0.7056935
2025-03-04T17:24:00Z,0.14073795
2025-03-04T18:00:00Z,0.99362874
2025-03-04T18:36:00Z,0
2025-03-04T19:48:00Z,0.90129334
2025-03-04T20:24:00Z,0
2025-03-04T21:00:00Z,0.84149104
2025-03-04T21:36:00Z,0
2025-03-04T22:12:00Z,0.9549551
2025-03-04T22:48:00Z,0
2025-03-05T01:12:00Z,0.60343856
2025-03-05T01:48:00Z,0.22939524
2025-03-05T03:00:00Z,0.6916294
2025-03-05T03:36:00Z,0.30039948
2025-03-05T04:48:00Z,0.78617215
2025-03-05T05:24:00Z,0
2025-03-05T06:00:00Z,0.61150855
2025-03-05T07:12:00Z,0.24884008
2025-03-05T07:48:00Z,0.8016522
2025-03-05T08:24:00Z,0
2025-03-05T09:00:00Z,0.32146496
2025-03-05T09:36:00Z,0.03979726
2025-03-05T10:12:00Z,0.6108863
2025-03-05T11:24:00Z,0.09874681
2025-03-05T12:36:00Z,0.85563827
2025-03-05T13:12:00Z,0
2025-03-05T14:24:00Z,0.35067523
2025-03-05T15:00:00Z,0.1057982
2025-03-05T15:36:00Z,0.92977166
2025-03-05T16:12:00Z,0
2025-03-05T16:48:00Z,0.18631862
2025-03-05T17:24:00Z,0.9038029
2025-03-05T18:00:00Z,0
2025-03-05T20:24:00Z,0.62613237
2025-03-05T22:12:00Z,0.370051
2025-03-05T22:48:00Z,0.95027274
2025-03-05T23:24:00Z,0
2025-03-06T00:00:00Z,0.93212426
2025-03-06T00:36:00Z,0
2025-03-06T01:12:00Z,0.124952435
2025-03-06T01:48:00Z,0.7401976
2025-03-06T02:24:00Z,0.40931478
2025-03-06T03:00:00Z,0.82538843
2025-03-06T03:36:00Z,0
2025-03-06T04:12:00Z,0.04948661
2025-03-06T04:48:00Z,0.59808815
2025-03-06T05:24:00Z,0.61422896
2025-03-06T06:00:00Z,0.22986473
2025-03-06T06:36:00Z,0.80139583
2025-03-06T07:12:00Z,0
2025-03-06T07:48:00Z,0.6870596
2025-03-06T08:24:00Z,0.4123122
2025-03-06T09:00:00Z,0.9308564
2025-03-06T09:36:00Z,0
2025-03-06T10:48:00Z,0.9175188
2025-03-06T11:24:00Z,0
2025-03-06T12:00:00Z,0.6296435
2025-03-06T13:12:00Z,0.14693855
2025-03-06T13:48:00Z,0.7065763
2025-03-06T14:24:00Z,0.85124767
2025-03-06T15:00:00Z,0
2025-03-06T16:12:00Z,0.744105
2025-03-06T18:00:00Z,0.007822663
