Timestamp,Value
2024-10-01T17:24:00Z,25.289454
2024-10-01T18:00:00Z,0
2024-10-01T18:36:00Z,29.69882
2024-10-01T19:12:00Z,0
2024-10-01T20:24:00Z,24.495832
2024-10-01T21:00:00Z,25.211554
2024-10-01T21:36:00Z,24.094479
2024-10-01T22:12:00Z,24.197401
2024-10-01T23:24:00Z,25.477034
2024-10-02T01:12:00Z,24.039017
2024-10-02T01:48:00Z,24.290451
2024-10-02T03:36:00Z,24.167736
2024-10-02T04:12:00Z,30.055016
2024-10-02T04:48:00Z,0
2024-10-02T05:24:00Z,25.217928
2024-10-02T06:00:00Z,0
2024-10-02T07:12:00Z,30.335505
2024-10-02T07:48:00Z,24.264744
2024-10-02T09:00:00Z,25.606836
2024-10-02T09:36:00Z,25.91712
2024-10-02T10:12:00Z,25.753595
2024-10-02T11:24:00Z,0
2024-10-02T12:36:00Z,25.753489
2024-10-02T14:24:00Z,25.005148
2024-10-02T15:00:00Z,0
2024-10-02T15:36:00Z,24.609585
2024-10-02T16:12:00Z,0
2024-10-02T16:48:00Z,25.938465
2024-10-02T17:24:00Z,25.099638
2024-10-02T18:36:00Z,25.167738
2024-10-02T19:12:00Z,24.23967
2024-10-02T19:48:00Z,25.34398
2024-10-02T20:24:00Z,25.543282
2024-10-02T21:00:00Z,24.180464
2024-10-02T22:48:00Z,24.243488
2024-10-03T00:00:00Z,29.935076
2024-10-03T00:36:00Z,25.625666
2024-10-03T01:12:00Z,25.456413
2024-10-03T01:48:00Z,0
2024-10-03T02:24:00Z,25.519888
2024-10-03T04:12:00Z,25.728678
2024-10-03T04:48:00Z,0
2024-10-03T06:00:00Z,25.938717
2024-10-03T06:36:00Z,25.058653
2024-10-03T07:12:00Z,24.834843
2024-10-03T07:48:00Z,30.40418
2024-10-03T08:24:00Z,24.259277
2024-10-03T09:00:00Z,0
2024-10-03T09:36:00Z,25.77699
2024-10-03T12:36:00Z,24.634834
2024-10-03T13:12:00Z,25.543173
2024-10-03T14:24:00Z,24.95892
2024-10-03T17:24:00Z,24.984324
2024-10-03T18:00:00Z,24.241161
2024-10-03T18:36:00Z,25.52294
2024-10-03T19:12:00Z,29.817215
2024-10-03T19:48:00Z,25.167316
2024-10-03T20:24:00Z,25.491747
2024-10-03T21:00:00Z,0
2024-10-03T22:12:00Z,25.767834
2024-10-03T23:24:00Z,24.566248
2024-10-04T00:36:00Z,24.31081
2024-10-04T01:12:00Z,25.311813
2024-10-04T01:48:00Z,25.660173
2024-10-04T02:24:00Z,29.317736
2024-10-04T03:00:00Z,0
2024-10-04T03:36:00Z,25.157705
2024-10-04T04:48:00Z,25.741903
2024-10-04T05:24:00Z,24.206455
2024-10-04T06:00:00Z,24.2252
2024-10-04T07:12:00Z,29.905266
2024-10-04T07:48:00Z,0
2024-10-04T08:24:00Z,24.231382
2024-10-04T09:00:00Z,25.003502
2024-10-04T09:36:00Z,24.609386
2024-10-04T10:48:00Z,24.691551
2024-10-04T12:36:00Z,24.137836
2024-10-04T13:12:00Z,25.279232
2024-10-04T14:24:00Z,24.495346
2024-10-04T15:00:00Z,24.886417
2024-10-04T15:36:00Z,24.56892
2024-10-04T16:12:00Z,24.687647
2024-10-04T17:24:00Z,29.656672
2024-10-04T18:00:00Z,25.601114
2024-10-04T19:12:00Z,25.300856
2024-10-04T20:24:00Z,25.442202
2024-10-04T21:00:00Z,29.291534
2024-10-04T21:36:00Z,24.250242
2024-10-04T22:12:00Z,25.28235
2024-10-04T22:48:00Z,25.053144
2024-10-04T23:24:00Z,25.905384
2024-10-05T00:00:00Z,24.489407
2024-10-05T01:12:00Z,25.695408
2024-10-05T01:48:00Z,25.925356
2024-10-05T02:24:00Z,25.477722
2024-10-05T03:00:00Z,25.521091
2024-10-05T03:36:00Z,24.579664
2024-10-05T04:12:00Z,24.323406
2024-10-05T06:00:00Z,25.498007
2024-10-05T06:36:00Z,24.645723
2024-10-05T07:12:00Z,29.648521
2024-10-05T07:48:00Z,25.51293
2024-10-05T08:24:00Z,25.823133
2024-10-05T09:00:00Z,24.370241
2024-10-05T09:36:00Z,25.581978
2024-10-05T10:12:00Z,24.197401
2024-10-05T12:00:00Z,24.87257
2024-10-05T13:12:00Z,25.525515
2024-10-05T13:48:00Z,24.26319
2024-10-05T15:36:00Z,24.381067
2024-10-05T16:48:00Z,25.484587
2024-10-05T17:24:00Z,0
2024-10-05T18:00:00Z,24.834314
2024-10-05T20:24:00Z,25.922764
2024-10-05T21:36:00Z,29.716381
2024-10-05T22:12:00Z,24.70305
2024-10-05T22:48:00Z,30.186678
2024-10-05T23:24:00Z,25.508883
2024-10-06T00:00:00Z,24.75154
2024-10-06T01:48:00Z,25.873236
2024-10-06T02:24:00Z,0
2024-10-06T03:00:00Z,24.929502
2024-10-06T04:12:00Z,24.612823
2024-10-06T05:24:00Z,24.887434
2024-10-06T06:00:00Z,24.007984
2024-10-06T07:48:00Z,25.36036
2024-10-06T08:24:00Z,24.50346
2024-10-06T10:12:00Z,24.344706
2024-10-06T10:48:00Z,29.154419
2024-10-06T11:24:00Z,24.508408
2024-10-06T12:00:00Z,25.190676
2024-10-06T12:36:00Z,25.415352
2024-10-06T13:12:00Z,0
2024-10-06T13:48:00Z,25.71083
2024-10-06T14:24:00Z,0
2024-10-06T15:36:00Z,24.955818
2024-10-06T16:12:00Z,24.426043
2024-10-06T17:24:00Z,25.359106
2024-10-06T19:12:00Z,24.458405
2024-10-06T19:48:00Z,24.5323
2024-10-06T21:00:00Z,24.53306
2024-10-06T21:36:00Z,0
2024-10-06T22:12:00Z,24.984703
2024-10-06T22:48:00Z,24.268047
2024-10-06T23:24:00Z,29.840464
2024-10-07T00:00:00Z,25.411804
2024-10-07T00:36:00Z,24.741972
2024-10-07T01:12:00Z,25.46862
2024-10-07T03:36:00Z,25.027735
2024-10-07T04:12:00Z,0
2024-10-07T06:00:00Z,29.835806
2024-10-07T06:36:00Z,24.116959
2024-10-07T07:12:00Z,24.038889
2024-10-07T07:48:00Z,0
2024-10-07T09:00:00Z,24.783134
2024-10-07T09:36:00Z,0
2024-10-07T10:48:00Z,24.705854
2024-10-07T12:00:00Z,24.381721
2024-10-07T13:12:00Z,25.455887
2024-10-07T15:00:00Z,25.032045
2024-10-07T16:12:00Z,24.082634
2024-10-07T17:24:00Z,25.883913
2024-10-07T18:00:00Z,0
2024-10-07T18:36:00Z,24.433773
2024-10-07T20:24:00Z,25.677052
2024-10-07T21:00:00Z,24.1271
2024-10-07T21:36:00Z,0
2024-10-07T22:48:00Z,24.84822
2024-10-07T23:24:00Z,24.533892
2024-10-08T00:00:00Z,0
2024-10-08T00:36:00Z,24.59827
2024-10-08T01:12:00Z,0
2024-10-08T01:48:00Z,25.795801
2024-10-08T02:24:00Z,25.906992
2024-10-08T03:00:00Z,0
2024-10-08T03:36:00Z,24.34763
2024-10-08T04:12:00Z,25.018837
2024-10-08T04:48:00Z,24.278315
2024-10-08T05:24:00Z,24.549086
2024-10-08T06:00:00Z,25.662256
2024-10-08T06:36:00Z,24.33732
2024-10-08T07:12:00Z,24.089289
2024-10-08T07:48:00Z,0
2024-10-08T08:24:00Z,25.450302
2024-10-08T09:00:00Z,0
2024-10-08T09:36:00Z,25.779703
2024-10-08T10:12:00Z,25.435827
2024-10-08T10:48:00Z,24.24392
2024-10-08T12:00:00Z,0
2024-10-08T13:48:00Z,25.122366
2024-10-08T14:24:00Z,24.606937
2024-10-08T15:36:00Z,25.152336
2024-10-08T16:48:00Z,25.133
2024-10-08T17:24:00Z,25.992552
2024-10-08T19:12:00Z,25.774128
2024-10-08T19:48:00Z,0
2024-10-08T21:00:00Z,25.096508
2024-10-08T21:36:00Z,24.670883
2024-10-08T22:12:00Z,0
2024-10-08T22:48:00Z,25.289944
2024-10-08T23:24:00Z,25.470322
2024-10-09T00:00:00Z,30.875668
2024-10-09T00:36:00Z,24.060055
2024-10-09T01:12:00Z,25.462612
2024-10-09T01:48:00Z,25.592173
2024-10-09T02:24:00Z,24.121819
2024-10-09T03:00:00Z,25.241125
2024-10-09T03:36:00Z,25.50574
2024-10-09T04:12:00Z,24.122263
2024-10-09T05:24:00Z,24.840876
2024-10-09T06:00:00Z,24.034855
2024-10-09T06:36:00Z,25.873518
2024-10-09T07:12:00Z,24.500832
2024-10-09T07:48:00Z,25.139269
2024-10-09T08:24:00Z,24.842148
2024-10-09T09:00:00Z,25.815973
2024-10-09T09:36:00Z,24.572552
2024-10-09T10:48:00Z,24.481459
2024-10-09T11:24:00Z,25.826267
2024-10-09T12:36:00Z,24.439304
2024-10-09T13:12:00Z,0
2024-10-09T14:24:00Z,24.2017
2024-10-09T15:00:00Z,24.78905
2024-10-09T15:36:00Z,24.51816
2024-10-09T16:48:00Z,24.95202
2024-10-09T17:24:00Z,25.63657
2024-10-09T18:00:00Z,24.345707
2024-10-09T19:12:00Z,25.205578
2024-10-09T21:00:00Z,25.584972
2024-10-10T00:00:00Z,24.34225
2024-10-10T00:36:00Z,25.339218
2024-10-10T01:12:00Z,24.45248
2024-10-10T02:24:00Z,25.52607
2024-10-10T03:36:00Z,24.49786
2024-10-10T04:12:00Z,25.750452
2024-10-10T06:00:00Z,24.155863
2024-10-10T07:12:00Z,25.941133
2024-10-10T07:48:00Z,24.81156
2024-10-10T09:36:00Z,25.91204
2024-10-10T12:36:00Z,24.841358
2024-10-10T13:48:00Z,25.563948
2024-10-10T15:00:00Z,0
2024-10-10T15:36:00Z,24.092041
2024-10-10T16:12:00Z,24.410704
2024-10-10T16:48:00Z,25.55338
2024-10-10T18:00:00Z,24.068426
2024-10-10T18:36:00Z,0
2024-10-10T19:12:00Z,24.024073
2024-10-10T20:24:00Z,25.576042
2024-10-10T21:00:00Z,25.022007
2024-10-10T21:36:00Z,25.919022
2024-10-10T22:12:00Z,0
2024-10-10T23:24:00Z,30.897024
2024-10-11T00:00:00Z,24.149399
2024-10-11T00:36:00Z,25.24096
2024-10-11T01:48:00Z,0
2024-10-11T02:24:00Z,25.027893
2024-10-11T03:00:00Z,25.620775
2024-10-11T03:36:00Z,0
2024-10-11T04:48:00Z,24.578817
2024-10-11T05:24:00Z,25.015398
2024-10-11T06:00:00Z,24.152216
2024-10-11T07:12:00Z,25.219074
2024-10-11T09:00:00Z,25.336123
2024-10-11T09:36:00Z,24.232588
2024-10-11T10:48:00Z,24.522646
2024-10-11T11:24:00Z,25.323193
2024-10-11T13:12:00Z,25.359743
2024-10-11T13:48:00Z,25.654137
2024-10-11T14:24:00Z,24.48397
2024-10-11T15:36:00Z,25.265856
2024-10-11T16:12:00Z,24.233751
2024-10-11T16:48:00Z,0
2024-10-11T17:24:00Z,25.458197
2024-10-11T18:00:00Z,24.568565
2024-10-11T18:36:00Z,29.089842
2024-10-11T19:12:00Z,0
2024-10-11T19:48:00Z,24.932156
2024-10-11T20:24:00Z,0
2024-10-11T21:00:00Z,25.564833
2024-10-11T21:36:00Z,24.449444
2024-10-11T22:12:00Z,24.221336
2024-10-11T23:24:00Z,25.305134
2024-10-12T00:36:00Z,24.22447
2024-10-12T01:12:00Z,24.10758
2024-10-12T02:24:00Z,25.776094
2024-10-12T04:48:00Z,24.597242
2024-10-12T05:24:00Z,30.330093
2024-10-12T06:00:00Z,25.424927
2024-10-12T08:24:00Z,25.26482
2024-10-12T09:00:00Z,25.95408
2024-10-12T09:36:00Z,0
2024-10-12T12:36:00Z,24.451
2024-10-12T13:12:00Z,25.402607
2024-10-12T13:48:00Z,24.99174
2024-10-12T15:00:00Z,25.683329
2024-10-12T15:36:00Z,24.695467
2024-10-12T16:12:00Z,25.650568
2024-10-12T16:48:00Z,0
2024-10-12T17:24:00Z,25.48896
2024-10-12T18:36:00Z,30.478228
2024-10-12T19:12:00Z,24.29879
2024-10-12T19:48:00Z,25.50135
2024-10-12T20:24:00Z,25.653421
2024-10-12T21:00:00Z,24.938503
2024-10-12T21:36:00Z,25.385878
2024-10-12T22:12:00Z,24.425198
2024-10-12T23:24:00Z,24.561476
2024-10-13T00:00:00Z,0
2024-10-13T01:12:00Z,24.286648
2024-10-13T01:48:00Z,25.819027
2024-10-13T03:36:00Z,25.612394
2024-10-13T04:12:00Z,24.459642
2024-10-13T04:48:00Z,24.931244
2024-10-13T05:24:00Z,24.807047
2024-10-13T06:00:00Z,25.525335
2024-10-13T08:24:00Z,24.757948
2024-10-13T09:00:00Z,24.918585
2024-10-13T10:48:00Z,24.1064
2024-10-13T11:24:00Z,25.131376
2024-10-13T12:36:00Z,24.72212
2024-10-13T13:12:00Z,25.52006
2024-10-13T13:48:00Z,30.742865
2024-10-13T14:24:00Z,24.435074
2024-10-13T16:48:00Z,25.742302
2024-10-13T17:24:00Z,25.55129
2024-10-13T18:36:00Z,24.188902
2024-10-13T19:12:00Z,25.187078
2024-10-13T22:12:00Z,25.671326
2024-10-14T00:00:00Z,25.364714
2024-10-14T00:36:00Z,29.76252
2024-10-14T01:12:00Z,25.791706
2024-10-14T01:48:00Z,25.394909
2024-10-14T02:24:00Z,25.631859
2024-10-14T03:00:00Z,29.885126
2024-10-14T03:36:00Z,0
2024-10-14T04:12:00Z,24.54529
2024-10-14T04:48:00Z,24.7325
2024-10-14T05:24:00Z,25.791126
2024-10-14T06:00:00Z,30.73411
2024-10-14T06:36:00Z,24.634802
2024-10-14T07:48:00Z,30.00743
2024-10-14T08:24:00Z,0
2024-10-14T10:12:00Z,29.479588
2024-10-14T10:48:00Z,0
2024-10-14T12:00:00Z,25.99171
2024-10-14T12:36:00Z,0
2024-10-14T13:48:00Z,25.323187
2024-10-14T14:24:00Z,0
2024-10-14T15:36:00Z,25.469643
2024-10-14T16:12:00Z,24.493124
2024-10-14T16:48:00Z,24.985031
2024-10-14T17:24:00Z,24.746826
2024-10-14T18:00:00Z,25.12226
2024-10-14T18:36:00Z,0
2024-10-14T19:48:00Z,29.919125
2024-10-14T20:24:00Z,24.559858
2024-10-14T21:00:00Z,25.423773
2024-10-14T22:12:00Z,0
2024-10-14T22:48:00Z,29.322699
2024-10-14T23:24:00Z,25.682775
2024-10-15T00:00:00Z,24.71628
2024-10-15T00:36:00Z,24.996403
2024-10-15T01:48:00Z,24.25214
2024-10-15T02:24:00Z,0
2024-10-15T03:36:00Z,25.82027
2024-10-15T06:00:00Z,25.946861
2024-10-15T08:24:00Z,29.107601
2024-10-15T09:00:00Z,25.394417
2024-10-15T10:12:00Z,25.033482
2024-10-15T11:24:00Z,25.840376
2024-10-15T12:00:00Z,30.176308
2024-10-15T12:36:00Z,0
2024-10-15T13:48:00Z,25.69246
2024-10-15T15:00:00Z,30.617405
2024-10-15T15:36:00Z,25.507545
2024-10-15T17:24:00Z,25.823267
2024-10-15T18:00:00Z,24.337385
2024-10-15T19:12:00Z,25.038935
2024-10-15T19:48:00Z,29.021368
2024-10-15T20:24:00Z,25.597824
2024-10-15T21:00:00Z,25.861015
2024-10-15T21:36:00Z,0
2024-10-16T00:00:00Z,25.275137
2024-10-16T00:36:00Z,24.576694
2024-10-16T01:48:00Z,24.438402
2024-10-16T02:24:00Z,24.716042
2024-10-16T03:00:00Z,25.710278
2024-10-16T04:48:00Z,25.351389
2024-10-16T05:24:00Z,24.626001
2024-10-16T06:00:00Z,25.60474
2024-10-16T06:36:00Z,0
2024-10-16T07:48:00Z,24.750109
2024-10-16T08:24:00Z,24.315384
2024-10-16T09:36:00Z,25.271812
2024-10-16T11:24:00Z,24.331985
2024-10-16T13:12:00Z,29.54676
2024-10-16T13:48:00Z,0
2024-10-16T14:24:00Z,30.744778
2024-10-16T15:00:00Z,25.937778
2024-10-16T17:24:00Z,25.59697
2024-10-16T18:36:00Z,24.151592
2024-10-16T21:00:00Z,30.377584
2024-10-16T21:36:00Z,0
2024-10-16T22:12:00Z,25.649292
2024-10-16T23:24:00Z,24.43977
2024-10-17T00:36:00Z,24.317734
2024-10-17T01:48:00Z,25.382704
2024-10-17T02:24:00Z,25.218594
2024-10-17T03:00:00Z,24.193882
2024-10-17T04:12:00Z,24.851444
2024-10-17T06:36:00Z,25.524677
2024-10-17T07:12:00Z,24.834116
2024-10-17T07:48:00Z,25.456741
2024-10-17T10:48:00Z,24.11544
2024-10-17T11:24:00Z,0
2024-10-17T12:00:00Z,24.955078
2024-10-17T13:12:00Z,25.972645
2024-10-17T13:48:00Z,25.831955
2024-10-17T15:36:00Z,30.011848
2024-10-17T16:12:00Z,0
2024-10-17T16:48:00Z,30.994045
2024-10-17T17:24:00Z,0
2024-10-17T18:00:00Z,24.36695
2024-10-17T18:36:00Z,25.287882
2024-10-17T19:12:00Z,24.44496
2024-10-17T19:48:00Z,24.746645
2024-10-17T20:24:00Z,25.757187
2024-10-17T22:12:00Z,25.579763
2024-10-17T22:48:00Z,24.505081
2024-10-17T23:24:00Z,0
2024-10-18T00:36:00Z,29.283485
2024-10-18T01:12:00Z,0
2024-10-18T02:24:00Z,25.289331
2024-10-18T04:48:00Z,24.390762
2024-10-18T06:00:00Z,25.637
2024-10-18T06:36:00Z,25.259285
2024-10-18T09:00:00Z,25.52616
2024-10-18T09:36:00Z,25.033623
2024-10-18T10:12:00Z,25.831614
2024-10-18T11:24:00Z,24.67592
2024-10-18T12:00:00Z,0
2024-10-18T13:48:00Z,25.991535
2024-10-18T15:00:00Z,24.61876
2024-10-18T15:36:00Z,24.60374
2024-10-18T16:48:00Z,30.392384
2024-10-18T17:24:00Z,24.888544
2024-10-18T19:12:00Z,24.01523
2024-10-18T19:48:00Z,24.920643
2024-10-18T21:36:00Z,24.138762
2024-10-18T22:12:00Z,24.390635
2024-10-18T23:24:00Z,24.192928
2024-10-19T00:00:00Z,25.446367
2024-10-19T01:48:00Z,24.58524
2024-10-19T02:24:00Z,24.745783
2024-10-19T03:00:00Z,25.313509
2024-10-19T03:36:00Z,0
2024-10-19T04:12:00Z,30.511488
2024-10-19T04:48:00Z,24.455511
2024-10-19T05:24:00Z,24.784771
2024-10-19T06:00:00Z,24.435673
2024-10-19T06:36:00Z,25.763065
2024-10-19T09:00:00Z,25.76973
2024-10-19T09:36:00Z,25.568823
2024-10-19T10:48:00Z,0
2024-10-19T11:24:00Z,25.848587
2024-10-19T12:00:00Z,24.627705
2024-10-19T13:12:00Z,29.539183
2024-10-19T13:48:00Z,24.077044
2024-10-19T14:24:00Z,24.22715
2024-10-19T15:36:00Z,25.644344
2024-10-19T16:12:00Z,0
2024-10-19T16:48:00Z,24.338594
2024-10-19T17:24:00Z,25.042639
2024-10-19T18:36:00Z,24.53329
2024-10-19T20:24:00Z,25.407263
2024-10-19T21:00:00Z,0
2024-10-19T22:12:00Z,25.47237
2024-10-19T22:48:00Z,24.285898
2024-10-19T23:24:00Z,25.303257
2024-10-20T00:00:00Z,25.238564
2024-10-20T00:36:00Z,24.477085
2024-10-20T03:00:00Z,25.262089
2024-10-20T03:36:00Z,24.838282
2024-10-20T04:12:00Z,25.353832
2024-10-20T06:00:00Z,24.685421
2024-10-20T06:36:00Z,25.704378
2024-10-20T08:24:00Z,24.970024
2024-10-20T09:00:00Z,24.4545
2024-10-20T09:36:00Z,29.744072
2024-10-20T10:12:00Z,24.247395
2024-10-20T11:24:00Z,25.266712
2024-10-20T12:00:00Z,25.26859
2024-10-20T12:36:00Z,30.738346
2024-10-20T13:12:00Z,25.261007
2024-10-20T14:24:00Z,24.720236
2024-10-20T15:00:00Z,25.626982
2024-10-20T15:36:00Z,25.75449
2024-10-20T16:12:00Z,24.303432
2024-10-20T17:24:00Z,24.339096
2024-10-20T18:00:00Z,25.898241
2024-10-20T18:36:00Z,24.617838
2024-10-20T19:48:00Z,24.23574
2024-10-20T20:24:00Z,24.700785
2024-10-20T21:00:00Z,24.034584
2024-10-20T21:36:00Z,0
2024-10-20T22:12:00Z,25.650658
2024-10-20T22:48:00Z,0
2024-10-21T01:12:00Z,24.716894
2024-10-21T02:24:00Z,25.520304
2024-10-21T03:00:00Z,24.716848
2024-10-21T04:12:00Z,24.300968
2024-10-21T04:48:00Z,30.22123
2024-10-21T05:24:00Z,25.736078
2024-10-21T06:36:00Z,24.067413
2024-10-21T07:48:00Z,25.334757
2024-10-21T08:24:00Z,24.930386
2024-10-21T09:00:00Z,24.93548
2024-10-21T10:48:00Z,25.947325
2024-10-21T12:36:00Z,25.730139
2024-10-21T13:12:00Z,0
2024-10-21T13:48:00Z,25.01244
2024-10-21T14:24:00Z,25.22932
2024-10-21T15:36:00Z,24.892313
2024-10-21T16:12:00Z,25.860582
2024-10-21T16:48:00Z,25.876831
2024-10-21T17:24:00Z,25.46362
2024-10-21T19:12:00Z,25.401896
2024-10-21T21:00:00Z,24.078924
2024-10-21T22:48:00Z,24.368456
2024-10-21T23:24:00Z,25.791548
2024-10-22T00:00:00Z,24.539701
2024-10-22T00:36:00Z,25.36915
2024-10-22T01:48:00Z,24.132591
2024-10-22T02:24:00Z,25.837109
2024-10-22T03:00:00Z,25.03472
2024-10-22T04:12:00Z,24.896135
2024-10-22T04:48:00Z,25.544538
2024-10-22T05:24:00Z,0
2024-10-22T06:36:00Z,24.85251
2024-10-22T08:24:00Z,24.837486
2024-10-22T09:00:00Z,24.531347
2024-10-22T09:36:00Z,29.75165
2024-10-22T10:12:00Z,24.157688
2024-10-22T10:48:00Z,25.74935
2024-10-22T11:24:00Z,24.074408
2024-10-22T13:12:00Z,24.984598
2024-10-22T15:36:00Z,25.536795
2024-10-22T16:12:00Z,24.903605
2024-10-22T17:24:00Z,29.969707
2024-10-22T18:00:00Z,24.007616
2024-10-22T18:36:00Z,24.819786
2024-10-22T19:12:00Z,0
2024-10-22T21:00:00Z,24.538126
2024-10-22T21:36:00Z,24.355335
2024-10-22T22:12:00Z,25.767036
2024-10-22T22:48:00Z,0
2024-10-22T23:24:00Z,25.79139
2024-10-23T00:36:00Z,24.657793
2024-10-23T01:12:00Z,25.05829
2024-10-23T01:48:00Z,24.149353
2024-10-23T02:24:00Z,24.427057
2024-10-23T03:36:00Z,0
2024-10-23T04:12:00Z,25.312216
2024-10-23T05:24:00Z,24.365479
2024-10-23T06:00:00Z,29.667423
2024-10-23T06:36:00Z,25.658463
2024-10-23T07:12:00Z,25.776327
2024-10-23T07:48:00Z,24.240578
2024-10-23T09:00:00Z,24.470873
2024-10-23T10:12:00Z,29.883389
2024-10-23T10:48:00Z,0
2024-10-23T12:36:00Z,24.324331
2024-10-23T13:12:00Z,25.992153
2024-10-23T15:00:00Z,0
2024-10-23T15:36:00Z,25.49303
2024-10-23T16:12:00Z,25.349867
2024-10-23T16:48:00Z,25.771097
2024-10-23T18:00:00Z,24.761694
2024-10-23T19:12:00Z,24.58747
2024-10-23T19:48:00Z,0
2024-10-23T21:36:00Z,24.201511
2024-10-23T22:12:00Z,25.430979
2024-10-23T23:24:00Z,24.643642
2024-10-24T00:36:00Z,25.991575
2024-10-24T01:48:00Z,24.349112
2024-10-24T02:24:00Z,30.30667
2024-10-24T03:00:00Z,24.651186
2024-10-24T03:36:00Z,24.308235
2024-10-24T04:12:00Z,0
2024-10-24T05:24:00Z,24.161001
2024-10-24T06:00:00Z,24.209375
2024-10-24T06:36:00Z,30.18743
2024-10-24T07:12:00Z,25.048954
2024-10-24T07:48:00Z,24.22885
2024-10-24T08:24:00Z,25.27676
2024-10-24T09:00:00Z,24.514616
2024-10-24T10:12:00Z,24.114008
2024-10-24T10:48:00Z,24.420918
2024-10-24T11:24:00Z,0
2024-10-24T14:24:00Z,25.710506
2024-10-24T15:00:00Z,24.636143
2024-10-24T15:36:00Z,0
2024-10-24T17:24:00Z,25.544535
2024-10-24T18:36:00Z,25.69476
2024-10-24T20:24:00Z,29.090326
2024-10-24T21:00:00Z,25.992195
2024-10-24T21:36:00Z,24.259275
2024-10-24T22:48:00Z,24.923395
2024-10-24T23:24:00Z,0
2024-10-25T00:00:00Z,25.413694
2024-10-25T01:12:00Z,25.571655
2024-10-25T01:48:00Z,29.447136
2024-10-25T02:24:00Z,24.633112
2024-10-25T04:48:00Z,24.886627
2024-10-25T05:24:00Z,29.301506
2024-10-25T06:00:00Z,25.338661
2024-10-25T07:12:00Z,25.39584
2024-10-25T07:48:00Z,24.96795
2024-10-25T09:36:00Z,25.916746
2024-10-25T11:24:00Z,24.664934
2024-10-25T12:00:00Z,30.677736
2024-10-25T12:36:00Z,25.877132
2024-10-25T13:12:00Z,25.092344
2024-10-25T14:24:00Z,0
2024-10-25T16:12:00Z,24.075033
2024-10-25T16:48:00Z,24.17525
2024-10-25T17:24:00Z,25.143814
2024-10-25T18:00:00Z,25.665161
2024-10-25T18:36:00Z,30.718922
2024-10-25T19:12:00Z,25.800055
2024-10-25T19:48:00Z,24.228233
2024-10-25T20:24:00Z,25.934881
2024-10-25T21:00:00Z,24.82908
2024-10-25T22:12:00Z,25.953485
2024-10-25T22:48:00Z,25.239458
2024-10-26T00:00:00Z,25.841713
2024-10-26T03:00:00Z,25.063107
2024-10-26T03:36:00Z,25.507113
2024-10-26T04:48:00Z,24.497696
2024-10-26T05:24:00Z,30.783958
2024-10-26T06:00:00Z,0
2024-10-26T07:12:00Z,24.595955
2024-10-26T07:48:00Z,0
2024-10-26T08:24:00Z,24.677515
2024-10-26T09:00:00Z,24.9982
2024-10-26T10:12:00Z,30.700932
2024-10-26T10:48:00Z,24.701305
2024-10-26T11:24:00Z,30.451214
2024-10-26T12:00:00Z,24.446371
2024-10-26T12:36:00Z,25.8691
2024-10-26T13:12:00Z,24.572372
2024-10-26T13:48:00Z,24.225128
2024-10-26T14:24:00Z,25.445719
2024-10-26T16:12:00Z,24.956978
2024-10-26T16:48:00Z,25.564238
2024-10-26T17:24:00Z,0
2024-10-26T18:36:00Z,24.271633
2024-10-26T19:12:00Z,24.508913
2024-10-26T19:48:00Z,25.949808
2024-10-26T20:24:00Z,25.576553
2024-10-26T21:00:00Z,29.073929
2024-10-26T21:36:00Z,0
2024-10-26T22:12:00Z,24.079767
2024-10-26T22:48:00Z,24.970234
2024-10-26T23:24:00Z,24.786627
2024-10-27T00:00:00Z,0
2024-10-27T00:36:00Z,29.546886
2024-10-27T01:12:00Z,24.664179
2024-10-27T01:48:00Z,24.747416
2024-10-27T03:00:00Z,25.781055
2024-10-27T04:48:00Z,24.10032
2024-10-27T06:00:00Z,25.406214
2024-10-27T06:36:00Z,0
2024-10-27T08:24:00Z,25.949173
2024-10-27T09:36:00Z,24.849169
2024-10-27T11:24:00Z,24.327797
2024-10-27T12:00:00Z,24.806847
2024-10-27T12:36:00Z,24.663563
2024-10-27T13:48:00Z,0
2024-10-27T14:24:00Z,24.16976
2024-10-27T15:00:00Z,25.961132
2024-10-27T15:36:00Z,25.706919
2024-10-27T16:12:00Z,24.287964
2024-10-27T17:24:00Z,25.0965
2024-10-27T18:36:00Z,25.302305
2024-10-27T19:12:00Z,29.800123
2024-10-27T19:48:00Z,0
2024-10-27T21:00:00Z,29.586782
2024-10-27T21:36:00Z,24.745113
2024-10-27T22:48:00Z,25.234066
2024-10-27T23:24:00Z,25.086868
2024-10-28T00:00:00Z,0
2024-10-28T00:36:00Z,24.212013
2024-10-28T01:12:00Z,0
2024-10-28T01:48:00Z,29.92452
2024-10-28T02:24:00Z,24.353937
2024-10-28T04:12:00Z,25.39395
2024-10-28T04:48:00Z,0
2024-10-28T05:24:00Z,24.754036
2024-10-28T06:00:00Z,24.09312
2024-10-28T06:36:00Z,0
2024-10-28T07:48:00Z,24.819021
2024-10-28T08:24:00Z,30.593863
2024-10-28T09:00:00Z,0
2024-10-28T09:36:00Z,25.94955
2024-10-28T10:12:00Z,30.7802
2024-10-28T10:48:00Z,25.722063
2024-10-28T11:24:00Z,25.714025
2024-10-28T12:00:00Z,24.156187
2024-10-28T13:12:00Z,25.58695
2024-10-28T13:48:00Z,24.444788
2024-10-28T14:24:00Z,25.823088
2024-10-28T16:48:00Z,24.726383
2024-10-28T19:12:00Z,25.31828
2024-10-28T20:24:00Z,0
2024-10-28T21:00:00Z,0
2024-10-28T21:36:00Z,24.038713
2024-10-28T22:12:00Z,0
2024-10-28T22:48:00Z,25.139664
2024-10-28T23:24:00Z,25.443447
2024-10-29T00:00:00Z,0
2024-10-29T01:12:00Z,25.887602
2024-10-29T01:48:00Z,24.15753
2024-10-29T02:24:00Z,24.711733
2024-10-29T03:36:00Z,24.999641
2024-10-29T06:00:00Z,24.058292
2024-10-29T07:12:00Z,30.640625
2024-10-29T07:48:00Z,25.423998
2024-10-29T08:24:00Z,0
2024-10-29T09:00:00Z,25.728325
2024-10-29T09:36:00Z,24.177425
2024-10-29T10:12:00Z,25.954962
2024-10-29T10:48:00Z,0
2024-10-29T12:36:00Z,25.457794
2024-10-29T13:12:00Z,29.94592
2024-10-29T13:48:00Z,0
2024-10-29T14:24:00Z,25.184095
2024-10-29T15:00:00Z,30.027552
2024-10-29T15:36:00Z,24.868162
2024-10-29T16:12:00Z,25.518541
2024-10-29T17:24:00Z,24.415499
2024-10-29T18:00:00Z,0
2024-10-29T19:48:00Z,24.632093
2024-10-29T20:24:00Z,0
2024-10-29T21:36:00Z,25.001925
2024-10-29T22:12:00Z,24.66124
2024-10-29T23:24:00Z,25.79084
2024-10-30T00:00:00Z,24.209784
2024-10-30T00:36:00Z,24.494225
2024-10-30T02:24:00Z,25.038927
2024-10-30T03:00:00Z,25.625683
2024-10-30T03:36:00Z,0
2024-10-30T04:12:00Z,25.235197
2024-10-30T04:48:00Z,24.892906
2024-10-30T05:24:00Z,29.200407
2024-10-30T06:00:00Z,24.103642
2024-10-30T06:36:00Z,25.487778
2024-10-30T09:00:00Z,24.43351
2024-10-30T09:36:00Z,25.750784
2024-10-30T11:24:00Z,25.954071
2024-10-30T12:00:00Z,24.751883
2024-10-30T13:48:00Z,29.269161
2024-10-30T14:24:00Z,24.05379
2024-10-30T16:12:00Z,24.450863
2024-10-30T16:48:00Z,0
2024-10-30T17:24:00Z,25.17208
2024-10-30T18:00:00Z,24.52917
2024-10-30T19:12:00Z,30.532137
2024-10-30T19:48:00Z,25.643093
2024-10-30T20:24:00Z,25.189108
2024-10-30T21:00:00Z,25.625837
2024-10-30T22:12:00Z,25.66936
2024-10-30T22:48:00Z,25.053783
2024-10-30T23:24:00Z,25.396938
2024-10-31T00:00:00Z,24.11682
2024-10-31T01:48:00Z,25.432564
2024-10-31T02:24:00Z,24.626068
2024-10-31T03:00:00Z,25.94193
2024-10-31T03:36:00Z,25.867605
2024-10-31T04:12:00Z,29.588999
2024-10-31T04:48:00Z,0
2024-10-31T05:24:00Z,25.478542
2024-10-31T06:00:00Z,24.62082
2024-10-31T06:36:00Z,25.430649
2024-10-31T07:12:00Z,24.485413
2024-10-31T08:24:00Z,25.73213
2024-10-31T09:00:00Z,24.836636
2024-10-31T10:12:00Z,24.228777
2024-10-31T10:48:00Z,25.20841
2024-10-31T11:24:00Z,25.706715
2024-10-31T12:36:00Z,24.110283
2024-10-31T13:48:00Z,24.97597
2024-10-31T14:24:00Z,29.693197
2024-10-31T15:00:00Z,25.519718
2024-10-31T15:36:00Z,29.84557
2024-10-31T16:12:00Z,24.2098
2024-10-31T16:48:00Z,25.349094
2024-10-31T17:24:00Z,25.920656
2024-10-31T18:00:00Z,0
2024-10-31T19:48:00Z,25.50931
2024-10-31T20:24:00Z,24.579123
2024-10-31T21:36:00Z,0
2024-10-31T22:12:00Z,25.37354
2024-10-31T23:24:00Z,0
2024-11-01T00:00:00Z,25.293205
2024-11-01T00:36:00Z,0
2024-11-01T01:12:00Z,25.131868
2024-11-01T04:12:00Z,24.547295
2024-11-01T04:48:00Z,0
2024-11-01T05:24:00Z,24.02999
2024-11-01T06:00:00Z,0
2024-11-01T07:12:00Z,24.60101
2024-11-01T07:48:00Z,24.041328
2024-11-01T08:24:00Z,24.900198
2024-11-01T09:00:00Z,24.534689
2024-11-01T09:36:00Z,25.36189
2024-11-01T12:00:00Z,24.818283
2024-11-01T12:36:00Z,24.940062
2024-11-01T13:12:00Z,25.766346
2024-11-01T15:36:00Z,25.824606
2024-11-01T16:12:00Z,29.374002
2024-11-01T16:48:00Z,0
2024-11-01T17:24:00Z,24.969988
2024-11-01T18:36:00Z,0
2024-11-01T19:12:00Z,25.83994
2024-11-01T19:48:00Z,30.274342
2024-11-01T20:24:00Z,0
2024-11-01T21:00:00Z,25.883509
2024-11-01T21:36:00Z,24.187546
2024-11-01T22:12:00Z,24.816809
2024-11-01T22:48:00Z,29.191721
2024-11-01T23:24:00Z,0
2024-11-02T01:48:00Z,25.163363
2024-11-02T02:24:00Z,24.369701
2024-11-02T03:00:00Z,25.598711
2024-11-02T03:36:00Z,24.29308
2024-11-02T04:12:00Z,24.886177
2024-11-02T04:48:00Z,24.746155
2024-11-02T05:24:00Z,25.394371
2024-11-02T06:00:00Z,0
2024-11-02T06:36:00Z,25.491077
2024-11-02T07:48:00Z,25.371004
2024-11-02T08:24:00Z,0
2024-11-02T10:12:00Z,24.756773
2024-11-02T10:48:00Z,25.085285
2024-11-02T11:24:00Z,0
2024-11-02T12:36:00Z,25.973864
2024-11-02T13:12:00Z,0
2024-11-02T13:48:00Z,24.167986
2024-11-02T14:24:00Z,25.707441
2024-11-02T15:36:00Z,25.214197
2024-11-02T16:48:00Z,30.962767
2024-11-02T17:24:00Z,24.353159
2024-11-02T18:00:00Z,25.560888
2024-11-02T19:12:00Z,0
2024-11-02T19:48:00Z,24.625553
2024-11-02T20:24:00Z,29.082159
2024-11-02T21:00:00Z,25.12364
2024-11-02T21:36:00Z,24.574806
2024-11-02T22:12:00Z,25.175526
2024-11-03T01:48:00Z,25.386751
2024-11-03T02:24:00Z,24.305248
2024-11-03T03:00:00Z,0
2024-11-03T03:36:00Z,25.27661
2024-11-03T04:12:00Z,0
2024-11-03T04:48:00Z,25.508081
2024-11-03T05:24:00Z,24.889107
2024-11-03T06:00:00Z,24.995682
2024-11-03T06:36:00Z,25.524998
2024-11-03T07:12:00Z,24.180521
2024-11-03T07:48:00Z,25.874693
2024-11-03T08:24:00Z,25.982475
2024-11-03T09:00:00Z,24.09291
2024-11-03T09:36:00Z,24.609152
2024-11-03T10:12:00Z,24.389545
2024-11-03T11:24:00Z,25.924839
2024-11-03T12:00:00Z,24.056684
2024-11-03T12:36:00Z,24.827286
2024-11-03T13:12:00Z,24.32895
2024-11-03T14:24:00Z,25.9574
2024-11-03T15:00:00Z,25.914877
2024-11-03T15:36:00Z,24.984169
2024-11-03T16:12:00Z,25.949854
2024-11-03T18:36:00Z,24.887035
2024-11-03T19:12:00Z,24.357944
2024-11-03T19:48:00Z,29.998026
2024-11-03T20:24:00Z,24.527922
2024-11-03T21:00:00Z,24.548914
2024-11-03T21:36:00Z,25.311035
2024-11-03T22:12:00Z,25.557116
2024-11-03T22:48:00Z,24.211216
2024-11-03T23:24:00Z,25.486958
2024-11-04T00:36:00Z,25.679432
2024-11-04T01:12:00Z,0
2024-11-04T01:48:00Z,25.867544
2024-11-04T04:48:00Z,24.193565
2024-11-04T06:00:00Z,24.851812
2024-11-04T06:36:00Z,0
2024-11-04T07:12:00Z,25.99868
2024-11-04T07:48:00Z,25.218082
2024-11-04T08:24:00Z,25.576
2024-11-04T10:12:00Z,24.952637
2024-11-04T10:48:00Z,25.073118
2024-11-04T11:24:00Z,24.025702
2024-11-04T12:00:00Z,24.635218
2024-11-04T14:24:00Z,25.787607
2024-11-04T15:00:00Z,24.021088
2024-11-04T15:36:00Z,25.580883
2024-11-04T17:24:00Z,25.573391
2024-11-04T18:00:00Z,24.653479
2024-11-04T18:36:00Z,30.198488
2024-11-04T19:12:00Z,25.263485
2024-11-04T19:48:00Z,25.476494
2024-11-04T20:24:00Z,25.925232
2024-11-04T21:00:00Z,24.669195
2024-11-04T21:36:00Z,24.729633
2024-11-04T22:12:00Z,25.708097
2024-11-04T23:24:00Z,25.944368
2024-11-05T00:00:00Z,0
2024-11-05T01:12:00Z,25.431488
2024-11-05T01:48:00Z,0
2024-11-05T02:24:00Z,24.225601
2024-11-05T03:00:00Z,25.810764
2024-11-05T03:36:00Z,24.72279
2024-11-05T04:12:00Z,0
2024-11-05T04:48:00Z,24.577328
2024-11-05T05:24:00Z,0
2024-11-05T06:36:00Z,29.756605
2024-11-05T07:12:00Z,24.841978
2024-11-05T09:00:00Z,25.625608
2024-11-05T10:12:00Z,24.731947
2024-11-05T10:48:00Z,24.659836
2024-11-05T12:00:00Z,25.67742
2024-11-05T16:12:00Z,25.002558
2024-11-05T16:48:00Z,24.326385
2024-11-05T18:00:00Z,30.659706
2024-11-05T18:36:00Z,25.896755
2024-11-05T19:12:00Z,24.873837
2024-11-05T20:24:00Z,25.638737
2024-11-05T21:36:00Z,24.437849
2024-11-05T23:24:00Z,24.523684
2024-11-06T00:00:00Z,25.306137
2024-11-06T01:12:00Z,25.091894
2024-11-06T01:48:00Z,0
2024-11-06T02:24:00Z,24.044867
2024-11-06T03:00:00Z,25.406408
2024-11-06T04:12:00Z,25.288433
2024-11-06T04:48:00Z,24.10228
2024-11-06T06:36:00Z,25.392704
2024-11-06T08:24:00Z,0
2024-11-06T09:00:00Z,24.353567
2024-11-06T10:48:00Z,24.558893
2024-11-06T11:24:00Z,25.372293
2024-11-06T12:36:00Z,30.124804
2024-11-06T13:12:00Z,24.951597
2024-11-06T13:48:00Z,25.648987
2024-11-06T14:24:00Z,0
2024-11-06T15:00:00Z,29.99032
2024-11-06T15:36:00Z,25.435076
2024-11-06T16:12:00Z,25.567844
2024-11-06T16:48:00Z,29.219149
2024-11-06T17:24:00Z,24.619055
2024-11-06T18:00:00Z,24.026577
2024-11-06T18:36:00Z,0
2024-11-06T19:12:00Z,25.11089
2024-11-06T19:48:00Z,25.881468
2024-11-06T20:24:00Z,24.461983
2024-11-06T21:00:00Z,25.59281
2024-11-06T21:36:00Z,0
2024-11-06T22:48:00Z,24.08404
2024-11-07T00:36:00Z,25.0235
2024-11-07T01:12:00Z,0
2024-11-07T01:48:00Z,25.962185
2024-11-07T02:24:00Z,24.443829
2024-11-07T03:00:00Z,25.41633
2024-11-07T03:36:00Z,25.12091
2024-11-07T04:48:00Z,25.583933
2024-11-07T06:00:00Z,25.015629
2024-11-07T06:36:00Z,0
2024-11-07T07:12:00Z,25.708153
2024-11-07T07:48:00Z,24.532314
2024-11-07T08:24:00Z,24.471
2024-11-07T09:00:00Z,25.43478
2024-11-07T10:48:00Z,24.390738
2024-11-07T11:24:00Z,24.58311
2024-11-07T12:36:00Z,24.34213
2024-11-07T13:12:00Z,25.611351
2024-11-07T13:48:00Z,29.692228
2024-11-07T14:24:00Z,0
2024-11-07T15:00:00Z,24.610249
2024-11-07T15:36:00Z,25.780382
2024-11-07T16:12:00Z,24.10609
2024-11-07T16:48:00Z,24.430677
2024-11-07T17:24:00Z,25.752697
2024-11-07T18:00:00Z,25.982368
2024-11-07T19:12:00Z,24.927952
2024-11-07T19:48:00Z,25.193129
2024-11-07T20:24:00Z,24.42629
2024-11-07T21:00:00Z,25.138798
2024-11-07T22:12:00Z,24.604786
2024-11-07T22:48:00Z,24.762901
2024-11-07T23:24:00Z,24.479017
2024-11-08T00:00:00Z,0
2024-11-08T00:36:00Z,25.9563
2024-11-08T01:12:00Z,30.791943
2024-11-08T01:48:00Z,24.361101
2024-11-08T03:36:00Z,24.765219
2024-11-08T04:12:00Z,25.650574
2024-11-08T05:24:00Z,25.305927
2024-11-08T06:00:00Z,25.477583
2024-11-08T06:36:00Z,30.991127
2024-11-08T07:12:00Z,25.141903
2024-11-08T07:48:00Z,29.481062
2024-11-08T08:24:00Z,25.32119
2024-11-08T10:48:00Z,24.329609
2024-11-08T11:24:00Z,24.132404
2024-11-08T12:00:00Z,25.092838
2024-11-08T13:48:00Z,24.650373
2024-11-08T15:36:00Z,25.567574
2024-11-08T16:12:00Z,24.787867
2024-11-08T16:48:00Z,0
2024-11-08T18:36:00Z,25.754501
2024-11-08T19:48:00Z,24.96481
2024-11-08T20:24:00Z,25.905329
2024-11-08T21:00:00Z,0
2024-11-08T21:36:00Z,25.76609
2024-11-08T22:12:00Z,24.436993
2024-11-09T00:00:00Z,24.867702
2024-11-09T00:36:00Z,25.666382
2024-11-09T01:12:00Z,29.388523
2024-11-09T01:48:00Z,0
2024-11-09T03:00:00Z,24.430292
2024-11-09T03:36:00Z,25.04366
2024-11-09T04:12:00Z,24.430164
2024-11-09T04:48:00Z,0
2024-11-09T05:24:00Z,24.049063
2024-11-09T06:00:00Z,0
2024-11-09T06:36:00Z,24.64768
2024-11-09T07:12:00Z,25.625826
2024-11-09T07:48:00Z,0
2024-11-09T08:24:00Z,30.467382
2024-11-09T09:00:00Z,24.454147
2024-11-09T11:24:00Z,25.730467
2024-11-09T12:36:00Z,24.326504
2024-11-09T13:12:00Z,25.697544
2024-11-09T16:48:00Z,24.290226
2024-11-09T17:24:00Z,30.962927
2024-11-09T18:00:00Z,24.93521
2024-11-09T19:12:00Z,24.355915
2024-11-09T21:36:00Z,24.022615
2024-11-09T22:48:00Z,29.705072
2024-11-09T23:24:00Z,25.856266
2024-11-10T00:00:00Z,24.287796
2024-11-10T03:00:00Z,24.1573
2024-11-10T03:36:00Z,25.728352
2024-11-10T04:12:00Z,24.798061
2024-11-10T04:48:00Z,29.103788
2024-11-10T05:24:00Z,0
2024-11-10T06:36:00Z,25.370575
2024-11-10T07:48:00Z,25.033937
2024-11-10T08:24:00Z,0
2024-11-10T09:00:00Z,24.260386
2024-11-10T09:36:00Z,24.684753
2024-11-10T10:12:00Z,29.690617
2024-11-10T10:48:00Z,0
2024-11-10T11:24:00Z,24.657234
2024-11-10T12:00:00Z,24.215033
2024-11-10T12:36:00Z,0
2024-11-10T13:48:00Z,25.795958
2024-11-10T14:24:00Z,0
2024-11-10T15:00:00Z,24.579132
2024-11-10T15:36:00Z,24.005308
2024-11-10T16:12:00Z,25.217157
2024-11-10T16:48:00Z,25.86155
2024-11-10T17:24:00Z,24.231203
2024-11-10T18:00:00Z,25.951248
2024-11-10T19:12:00Z,24.831604
2024-11-10T19:48:00Z,25.998426
2024-11-10T21:00:00Z,25.554075
2024-11-10T21:36:00Z,0
2024-11-10T23:24:00Z,24.530403
2024-11-11T00:00:00Z,24.094912
2024-11-11T00:36:00Z,24.290577
2024-11-11T01:48:00Z,25.913221
2024-11-11T02:24:00Z,0
2024-11-11T03:00:00Z,24.075546
2024-11-11T04:48:00Z,30.13838
2024-11-11T05:24:00Z,25.377005
2024-11-11T07:12:00Z,24.032997
2024-11-11T07:48:00Z,24.877111
2024-11-11T09:00:00Z,24.979696
2024-11-11T09:36:00Z,24.147575
2024-11-11T10:48:00Z,25.90799
2024-11-11T12:00:00Z,24.706232
2024-11-11T12:36:00Z,25.955336
2024-11-11T13:12:00Z,24.832493
2024-11-11T13:48:00Z,29.283636
2024-11-11T14:24:00Z,0
2024-11-11T15:00:00Z,24.096762
2024-11-11T16:12:00Z,25.20573
2024-11-11T16:48:00Z,24.045935
2024-11-11T17:24:00Z,24.726244
2024-11-11T18:00:00Z,24.126842
2024-11-11T18:36:00Z,24.8104
2024-11-11T19:12:00Z,24.016201
2024-11-11T20:24:00Z,25.200504
2024-11-11T21:00:00Z,24.69606
2024-11-11T22:48:00Z,25.390196
2024-11-12T00:00:00Z,24.262127
2024-11-12T00:36:00Z,25.68253
2024-11-12T01:48:00Z,25.965631
2024-11-12T02:24:00Z,25.343565
2024-11-12T03:36:00Z,25.356598
2024-11-12T04:12:00Z,24.005226
2024-11-12T05:24:00Z,24.030184
2024-11-12T06:00:00Z,0
2024-11-12T06:36:00Z,24.552927
2024-11-12T07:12:00Z,24.95807
2024-11-12T08:24:00Z,29.42868
2024-11-12T09:00:00Z,25.148056
2024-11-12T10:12:00Z,25.22477
2024-11-12T10:48:00Z,24.38192
2024-11-12T11:24:00Z,24.345959
2024-11-12T12:00:00Z,25.556597
2024-11-12T12:36:00Z,25.789942
2024-11-12T13:48:00Z,24.790638
2024-11-12T14:24:00Z,30.880224
2024-11-12T15:00:00Z,0
2024-11-12T15:36:00Z,25.227549
2024-11-12T16:12:00Z,25.646986
2024-11-12T16:48:00Z,24.977877
2024-11-12T18:36:00Z,25.809029
2024-11-12T19:48:00Z,24.369553
2024-11-12T20:24:00Z,0
2024-11-12T21:00:00Z,29.091644
2024-11-12T21:36:00Z,24.477972
2024-11-12T22:12:00Z,29.69894
2024-11-12T22:48:00Z,24.561857
2024-11-12T23:24:00Z,24.371475
2024-11-13T00:00:00Z,25.03825
2024-11-13T01:48:00Z,24.515932
2024-11-13T02:24:00Z,24.084618
2024-11-13T05:24:00Z,29.521038
2024-11-13T06:00:00Z,0
2024-11-13T07:12:00Z,24.179932
2024-11-13T07:48:00Z,25.046335
2024-11-13T08:24:00Z,24.619633
2024-11-13T09:00:00Z,25.40746
2024-11-13T12:36:00Z,24.409122
2024-11-13T13:48:00Z,24.56963
2024-11-13T14:24:00Z,25.76499
2024-11-13T15:36:00Z,24.022644
2024-11-13T16:12:00Z,25.97232
2024-11-13T16:48:00Z,24.424915
2024-11-13T17:24:00Z,25.117432
2024-11-13T18:00:00Z,24.395452
2024-11-13T18:36:00Z,0
2024-11-13T19:12:00Z,25.998653
2024-11-13T19:48:00Z,25.12025
2024-11-13T20:24:00Z,25.607786
2024-11-13T21:00:00Z,24.234484
2024-11-13T21:36:00Z,25.256922
2024-11-13T22:12:00Z,25.167355
2024-11-13T22:48:00Z,24.333296
2024-11-13T23:24:00Z,30.16209
2024-11-14T00:00:00Z,0
2024-11-14T01:12:00Z,29.106958
2024-11-14T01:48:00Z,24.62617
2024-11-14T02:24:00Z,30.159298
2024-11-14T03:00:00Z,24.229437
2024-11-14T04:12:00Z,25.102
2024-11-14T04:48:00Z,29.067747
2024-11-14T05:24:00Z,25.23264
2024-11-14T06:00:00Z,25.238598
2024-11-14T06:36:00Z,24.21602
2024-11-14T08:24:00Z,24.003277
2024-11-14T09:00:00Z,25.622534
2024-11-14T09:36:00Z,24.39261
2024-11-14T11:24:00Z,24.04406
2024-11-14T12:00:00Z,25.823488
2024-11-14T14:24:00Z,25.912544
2024-11-14T15:00:00Z,24.140638
2024-11-14T16:12:00Z,25.600195
2024-11-14T18:36:00Z,25.158947
2024-11-14T19:12:00Z,25.661583
2024-11-14T19:48:00Z,25.160294
2024-11-14T21:36:00Z,25.004011
2024-11-14T22:12:00Z,0
2024-11-14T22:48:00Z,25.21583
2024-11-14T23:24:00Z,24.013372
2024-11-15T00:00:00Z,30.775019
2024-11-15T00:36:00Z,0
2024-11-15T01:12:00Z,24.211338
2024-11-15T01:48:00Z,29.30719
2024-11-15T02:24:00Z,25.55222
2024-11-15T03:00:00Z,24.72616
2024-11-15T03:36:00Z,24.534712
2024-11-15T04:12:00Z,0
2024-11-15T04:48:00Z,24.30637
2024-11-15T06:36:00Z,24.928165
2024-11-15T07:12:00Z,0
2024-11-15T07:48:00Z,25.717966
2024-11-15T08:24:00Z,24.561152
2024-11-15T09:00:00Z,25.9621
2024-11-15T09:36:00Z,24.229155
2024-11-15T11:24:00Z,25.423851
2024-11-15T14:24:00Z,25.55336
2024-11-15T15:00:00Z,0
2024-11-15T16:48:00Z,24.92163
2024-11-15T17:24:00Z,29.347452
2024-11-15T18:00:00Z,24.903574
2024-11-15T18:36:00Z,25.303158
2024-11-15T19:12:00Z,24.294117
2024-11-15T19:48:00Z,0
2024-11-15T20:24:00Z,24.493967
2024-11-15T21:00:00Z,25.846237
2024-11-15T22:12:00Z,25.540634
2024-11-15T22:48:00Z,0
2024-11-16T00:00:00Z,30.913235
2024-11-16T00:36:00Z,24.750624
2024-11-16T03:00:00Z,24.026527
2024-11-16T03:36:00Z,25.791885
2024-11-16T04:12:00Z,25.402107
2024-11-16T05:24:00Z,0
2024-11-16T06:36:00Z,29.176147
2024-11-16T07:12:00Z,0
2024-11-16T07:48:00Z,24.825346
2024-11-16T08:24:00Z,25.740974
2024-11-16T09:36:00Z,24.2502
2024-11-16T10:12:00Z,24.339046
2024-11-16T10:48:00Z,29.025963
2024-11-16T11:24:00Z,24.725636
2024-11-16T12:00:00Z,30.408426
2024-11-16T12:36:00Z,25.76352
2024-11-16T13:12:00Z,30.527159
2024-11-16T13:48:00Z,24.692696
2024-11-16T15:00:00Z,24.652489
2024-11-16T15:36:00Z,29.905695
2024-11-16T16:12:00Z,0
2024-11-16T16:48:00Z,24.254053
2024-11-16T18:00:00Z,25.981953
2024-11-16T19:12:00Z,24.53816
2024-11-16T19:48:00Z,25.086582
2024-11-16T20:24:00Z,24.449478
2024-11-16T21:00:00Z,0
2024-11-16T22:48:00Z,25.02418
2024-11-16T23:24:00Z,24.27063
2024-11-17T00:00:00Z,24.184973
2024-11-17T00:36:00Z,25.755466
2024-11-17T01:12:00Z,25.757765
2024-11-17T01:48:00Z,24.27622
2024-11-17T03:36:00Z,24.710743
2024-11-17T04:12:00Z,24.466133
2024-11-17T04:48:00Z,29.768528
2024-11-17T05:24:00Z,0
2024-11-17T06:00:00Z,25.738352
2024-11-17T07:12:00Z,29.700077
2024-11-17T07:48:00Z,24.1235
2024-11-17T08:24:00Z,25.250196
2024-11-17T09:00:00Z,25.387575
2024-11-17T09:36:00Z,24.37323
2024-11-17T10:48:00Z,25.870531
2024-11-17T11:24:00Z,0
2024-11-17T12:00:00Z,24.960358
2024-11-17T13:12:00Z,24.157394
2024-11-17T13:48:00Z,0
2024-11-17T14:24:00Z,25.056442
2024-11-17T15:00:00Z,24.085058
2024-11-17T16:12:00Z,24.528973
2024-11-17T17:24:00Z,24.324905
2024-11-17T18:00:00Z,25.682251
2024-11-17T20:24:00Z,24.049593
2024-11-17T21:00:00Z,0
2024-11-17T21:36:00Z,25.570316
2024-11-17T22:12:00Z,0
2024-11-17T23:24:00Z,25.969278
2024-11-18T00:36:00Z,25.264025
2024-11-18T01:12:00Z,25.632
2024-11-18T01:48:00Z,0
2024-11-18T02:24:00Z,25.450645
2024-11-18T03:00:00Z,25.015347
2024-11-18T03:36:00Z,24.12838
2024-11-18T04:12:00Z,25.732357
2024-11-18T04:48:00Z,0
2024-11-18T05:24:00Z,29.27456
2024-11-18T06:00:00Z,25.508644
2024-11-18T06:36:00Z,24.798874
2024-11-18T07:12:00Z,25.3847
2024-11-18T07:48:00Z,25.339527
2024-11-18T09:00:00Z,24.367119
2024-11-18T10:12:00Z,25.172575
2024-11-18T11:24:00Z,25.734886
2024-11-18T13:48:00Z,24.108286
2024-11-18T14:24:00Z,24.250387
2024-11-18T15:00:00Z,0
2024-11-18T15:36:00Z,25.930313
2024-11-18T16:12:00Z,24.908607
2024-11-18T16:48:00Z,0
2024-11-18T17:24:00Z,24.36172
2024-11-18T18:00:00Z,24.026642
2024-11-18T19:48:00Z,24.230835
2024-11-18T20:24:00Z,30.774004
2024-11-18T21:00:00Z,0
2024-11-18T21:36:00Z,24.089489
2024-11-18T22:12:00Z,25.789484
2024-11-18T22:48:00Z,24.60874
2024-11-19T00:00:00Z,24.84975
2024-11-19T01:12:00Z,24.236202
2024-11-19T01:48:00Z,25.980402
2024-11-19T02:24:00Z,25.773293
2024-11-19T03:00:00Z,24.815973
2024-11-19T04:12:00Z,24.961508
2024-11-19T06:00:00Z,25.812616
2024-11-19T06:36:00Z,0
2024-11-19T07:12:00Z,24.55259
2024-11-19T07:48:00Z,25.322567
2024-11-19T09:36:00Z,25.821745
2024-11-19T10:48:00Z,25.813126
2024-11-19T11:24:00Z,24.76391
2024-11-19T12:36:00Z,24.208382
2024-11-19T13:12:00Z,25.250204
2024-11-19T15:00:00Z,25.710646
2024-11-19T15:36:00Z,30.798584
2024-11-19T16:12:00Z,24.037207
2024-11-19T16:48:00Z,30.999046
2024-11-19T17:24:00Z,0
2024-11-19T18:00:00Z,24.754522
2024-11-19T19:12:00Z,25.190586
2024-11-19T19:48:00Z,24.07525
2024-11-19T20:24:00Z,0
2024-11-19T22:12:00Z,25.36496
2024-11-19T22:48:00Z,25.983839
2024-11-19T23:24:00Z,24.516365
2024-11-20T00:36:00Z,0
2024-11-20T01:12:00Z,25.171366
2024-11-20T02:24:00Z,24.204418
2024-11-20T03:36:00Z,25.205414
2024-11-20T04:12:00Z,0
2024-11-20T05:24:00Z,24.395472
2024-11-20T06:00:00Z,24.238157
2024-11-20T07:12:00Z,24.859175
2024-11-20T08:24:00Z,24.470018
2024-11-20T10:48:00Z,24.394356
2024-11-20T11:24:00Z,0
2024-11-20T12:00:00Z,25.975151
2024-11-20T12:36:00Z,0
2024-11-20T13:12:00Z,24.455711
2024-11-20T14:24:00Z,25.732288
2024-11-20T15:00:00Z,24.309725
2024-11-20T15:36:00Z,25.76674
2024-11-20T17:24:00Z,25.516466
2024-11-20T19:12:00Z,24.161058
2024-11-20T20:24:00Z,24.264414
2024-11-20T21:00:00Z,30.734314
2024-11-20T21:36:00Z,0
2024-11-20T22:12:00Z,24.531498
2024-11-20T22:48:00Z,25.359602
2024-11-20T23:24:00Z,25.55419
2024-11-21T00:36:00Z,24.70938
2024-11-21T01:48:00Z,25.042654
2024-11-21T02:24:00Z,29.62179
2024-11-21T03:00:00Z,24.43707
2024-11-21T03:36:00Z,24.491514
2024-11-21T04:48:00Z,25.515696
2024-11-21T05:24:00Z,25.664047
2024-11-21T06:00:00Z,29.497177
2024-11-21T06:36:00Z,25.724634
2024-11-21T07:12:00Z,30.822014
2024-11-21T07:48:00Z,0
2024-11-21T08:24:00Z,25.994967
2024-11-21T09:00:00Z,24.240837
2024-11-21T10:12:00Z,24.15686
2024-11-21T10:48:00Z,25.098616
2024-11-21T11:24:00Z,24.964977
2024-11-21T12:00:00Z,0
2024-11-21T14:24:00Z,25.355999
2024-11-21T15:36:00Z,25.057362
2024-11-21T16:12:00Z,24.473812
2024-11-21T16:48:00Z,25.539268
2024-11-21T17:24:00Z,0
2024-11-21T18:00:00Z,24.323727
2024-11-21T18:36:00Z,24.12995
2024-11-21T19:12:00Z,24.499344
2024-11-21T21:00:00Z,24.698332
2024-11-21T21:36:00Z,0
2024-11-21T23:24:00Z,25.21675
2024-11-22T00:00:00Z,25.7621
2024-11-22T01:12:00Z,25.386894
2024-11-22T01:48:00Z,24.757515
2024-11-22T02:24:00Z,30.438328
2024-11-22T03:00:00Z,24.971495
2024-11-22T03:36:00Z,25.945724
2024-11-22T04:12:00Z,24.517605
2024-11-22T04:48:00Z,25.039871
2024-11-22T05:24:00Z,24.187458
2024-11-22T06:00:00Z,25.057005
2024-11-22T06:36:00Z,24.351038
2024-11-22T07:12:00Z,24.69747
2024-11-22T07:48:00Z,25.62194
2024-11-22T08:24:00Z,25.290295
2024-11-22T09:36:00Z,25.852818
2024-11-22T10:48:00Z,24.980762
2024-11-22T12:00:00Z,30.626057
2024-11-22T12:36:00Z,24.753016
2024-11-22T13:12:00Z,24.174738
2024-11-22T13:48:00Z,24.330307
2024-11-22T14:24:00Z,30.03929
2024-11-22T15:00:00Z,25.333963
2024-11-22T15:36:00Z,24.909292
2024-11-22T16:12:00Z,24.0843
2024-11-22T16:48:00Z,25.851152
2024-11-22T17:24:00Z,0
2024-11-22T18:00:00Z,25.504631
2024-11-22T18:36:00Z,25.399166
2024-11-22T19:12:00Z,24.139906
2024-11-22T19:48:00Z,25.512354
2024-11-22T20:24:00Z,24.635475
2024-11-22T21:00:00Z,25.291307
2024-11-22T21:36:00Z,29.935884
2024-11-22T22:12:00Z,0
2024-11-22T22:48:00Z,24.082155
2024-11-22T23:24:00Z,0
2024-11-23T00:00:00Z,25.181482
2024-11-23T01:12:00Z,24.089943
2024-11-23T03:36:00Z,24.338799
2024-11-23T04:12:00Z,25.36041
2024-11-23T04:48:00Z,24.696074
2024-11-23T05:24:00Z,24.954153
2024-11-23T06:36:00Z,24.2218
2024-11-23T07:48:00Z,25.776096
2024-11-23T08:24:00Z,24.836744
2024-11-23T10:12:00Z,25.134825
2024-11-23T10:48:00Z,24.080084
2024-11-23T12:00:00Z,24.868624
2024-11-23T12:36:00Z,0
2024-11-23T13:12:00Z,24.230894
2024-11-23T13:48:00Z,24.826178
2024-11-23T14:24:00Z,24.358986
2024-11-23T15:00:00Z,29.962841
2024-11-23T15:36:00Z,24.252186
2024-11-23T16:48:00Z,25.928333
2024-11-23T18:36:00Z,25.699657
2024-11-23T19:12:00Z,25.3269
2024-11-23T20:24:00Z,30.04687
2024-11-23T21:00:00Z,0
2024-11-23T21:36:00Z,25.238964
2024-11-23T22:12:00Z,25.653217
2024-11-23T22:48:00Z,24.288033
2024-11-23T23:24:00Z,25.289976
2024-11-24T00:00:00Z,24.836489
2024-11-24T00:36:00Z,0
2024-11-24T01:12:00Z,24.365438
2024-11-24T02:24:00Z,25.374447
2024-11-24T03:00:00Z,30.409258
2024-11-24T03:36:00Z,24.346012
2024-11-24T04:48:00Z,25.73103
2024-11-24T05:24:00Z,0
2024-11-24T06:00:00Z,24.440565
2024-11-24T06:36:00Z,25.629921
2024-11-24T07:12:00Z,24.811035
2024-11-24T07:48:00Z,25.00326
2024-11-24T08:24:00Z,0
2024-11-24T09:00:00Z,30.180464
2024-11-24T09:36:00Z,0
2024-11-24T12:00:00Z,30.82578
2024-11-24T12:36:00Z,0
2024-11-24T13:48:00Z,25.954124
2024-11-24T14:24:00Z,25.856228
2024-11-24T15:00:00Z,24.818195
2024-11-24T15:36:00Z,24.679752
2024-11-24T16:12:00Z,25.42093
2024-11-24T16:48:00Z,24.045412
2024-11-24T17:24:00Z,25.964903
2024-11-24T18:00:00Z,24.261656
2024-11-24T18:36:00Z,24.873415
2024-11-24T19:12:00Z,25.90446
2024-11-24T20:24:00Z,25.992407
2024-11-24T21:00:00Z,25.410717
2024-11-24T21:36:00Z,25.442867
2024-11-24T22:12:00Z,0
2024-11-24T23:24:00Z,24.151495
2024-11-25T00:00:00Z,0
2024-11-25T00:36:00Z,24.707241
2024-11-25T01:12:00Z,24.368511
2024-11-25T01:48:00Z,25.977932
2024-11-25T03:00:00Z,25.62105
2024-11-25T04:12:00Z,25.662333
2024-11-25T04:48:00Z,25.98439
2024-11-25T05:24:00Z,0
2024-11-25T06:00:00Z,25.129787
2024-11-25T06:36:00Z,0
2024-11-25T07:12:00Z,24.869402
2024-11-25T07:48:00Z,0
2024-11-25T08:24:00Z,24.855116
2024-11-25T09:00:00Z,25.88957
2024-11-25T09:36:00Z,25.85992
2024-11-25T10:48:00Z,24.593014
2024-11-25T11:24:00Z,25.997082
2024-11-25T12:00:00Z,24.013802
2024-11-25T12:36:00Z,25.789051
2024-11-25T14:24:00Z,25.155283
2024-11-25T15:00:00Z,30.269867
2024-11-25T15:36:00Z,0
2024-11-25T16:12:00Z,25.952904
2024-11-25T16:48:00Z,29.290108
2024-11-25T17:24:00Z,0
2024-11-25T18:00:00Z,24.780304
2024-11-25T18:36:00Z,0
2024-11-25T19:12:00Z,24.487673
2024-11-25T21:00:00Z,25.460453
2024-11-25T21:36:00Z,24.053556
2024-11-25T22:48:00Z,24.736439
2024-11-25T23:24:00Z,24.442963
2024-11-26T00:00:00Z,0
2024-11-26T01:12:00Z,29.216007
2024-11-26T01:48:00Z,25.59072
2024-11-26T02:24:00Z,24.078829
2024-11-26T05:24:00Z,24.14717
2024-11-26T06:36:00Z,25.766363
2024-11-26T07:12:00Z,24.615236
2024-11-26T08:24:00Z,25.142023
2024-11-26T09:00:00Z,24.679169
2024-11-26T09:36:00Z,25.82682
2024-11-26T10:12:00Z,25.42541
2024-11-26T12:00:00Z,25.065397
2024-11-26T12:36:00Z,0
2024-11-26T13:48:00Z,24.480322
2024-11-26T15:00:00Z,24.421442
2024-11-26T17:24:00Z,29.41854
2024-11-26T18:00:00Z,25.809568
2024-11-26T18:36:00Z,25.962584
2024-11-26T19:12:00Z,24.985695
2024-11-26T21:36:00Z,24.722027
2024-11-26T22:12:00Z,29.135769
2024-11-26T22:48:00Z,0
2024-11-27T00:36:00Z,25.085777
2024-11-27T01:12:00Z,24.845217
2024-11-27T01:48:00Z,29.911533
2024-11-27T02:24:00Z,0
2024-11-27T04:48:00Z,25.42362
2024-11-27T05:24:00Z,24.298378
2024-11-27T06:00:00Z,25.72282
2024-11-27T07:48:00Z,24.298397
2024-11-27T08:24:00Z,24.68282
2024-11-27T09:00:00Z,24.359756
2024-11-27T10:12:00Z,29.00852
2024-11-27T10:48:00Z,24.76596
2024-11-27T12:00:00Z,24.611872
2024-11-27T12:36:00Z,0
2024-11-27T13:12:00Z,24.965368
2024-11-27T13:48:00Z,0
2024-11-27T14:24:00Z,24.755205
2024-11-27T15:36:00Z,24.297554
2024-11-27T16:12:00Z,25.904642
2024-11-27T16:48:00Z,24.955723
2024-11-27T17:24:00Z,25.918207
2024-11-27T18:00:00Z,25.262491
2024-11-27T18:36:00Z,25.797304
2024-11-27T19:12:00Z,25.670061
2024-11-27T19:48:00Z,24.355297
2024-11-27T20:24:00Z,25.862139
2024-11-27T21:00:00Z,30.318567
2024-11-27T21:36:00Z,25.903362
2024-11-27T22:12:00Z,25.976881
2024-11-27T22:48:00Z,24.750319
2024-11-27T23:24:00Z,25.334816
2024-11-28T00:00:00Z,24.198805
2024-11-28T00:36:00Z,25.833527
2024-11-28T01:12:00Z,25.912249
2024-11-28T01:48:00Z,24.44284
2024-11-28T02:24:00Z,25.616762
2024-11-28T03:36:00Z,24.600595
2024-11-28T04:12:00Z,25.228823
2024-11-28T04:48:00Z,24.065357
2024-11-28T05:24:00Z,25.452963
2024-11-28T06:00:00Z,24.16645
2024-11-28T06:36:00Z,24.716805
2024-11-28T07:12:00Z,30.528643
2024-11-28T07:48:00Z,24.330172
2024-11-28T08:24:00Z,25.205809
2024-11-28T09:00:00Z,24.340155
2024-11-28T09:36:00Z,24.044275
2024-11-28T10:12:00Z,29.095339
2024-11-28T10:48:00Z,25.62664
2024-11-28T12:00:00Z,24.017258
2024-11-28T12:36:00Z,0
2024-11-28T13:12:00Z,25.088655
2024-11-28T13:48:00Z,24.762728
2024-11-28T14:24:00Z,25.507812
2024-11-28T15:00:00Z,25.656898
2024-11-28T15:36:00Z,30.939047
2024-11-28T16:12:00Z,0
2024-11-28T16:48:00Z,24.150946
2024-11-28T17:24:00Z,24.79897
2024-11-28T18:00:00Z,25.025837
2024-11-28T18:36:00Z,24.044403
2024-11-28T19:12:00Z,25.450968
2024-11-28T19:48:00Z,24.182787
2024-11-28T20:24:00Z,0
2024-11-28T21:00:00Z,25.88444
2024-11-28T21:36:00Z,25.293278
2024-11-28T22:12:00Z,24.287857
2024-11-28T22:48:00Z,25.828772
2024-11-29T00:00:00Z,24.60957
2024-11-29T00:36:00Z,25.947416
2024-11-29T01:12:00Z,24.38925
2024-11-29T02:24:00Z,24.184406
2024-11-29T03:00:00Z,30.730652
2024-11-29T03:36:00Z,24.773634
2024-11-29T04:12:00Z,29.763721
2024-11-29T04:48:00Z,0
2024-11-29T05:24:00Z,24.532461
2024-11-29T06:36:00Z,25.211615
2024-11-29T07:48:00Z,25.146921
2024-11-29T08:24:00Z,25.890356
2024-11-29T09:00:00Z,30.901379
2024-11-29T09:36:00Z,0
2024-11-29T10:12:00Z,24.054636
2024-11-29T10:48:00Z,24.410168
2024-11-29T11:24:00Z,24.040812
2024-11-29T12:00:00Z,25.4125
2024-11-29T12:36:00Z,24.007
2024-11-29T13:12:00Z,25.096613
2024-11-29T13:48:00Z,25.739336
2024-11-29T14:24:00Z,24.553705
2024-11-29T15:00:00Z,25.079798
2024-11-29T15:36:00Z,0
2024-11-29T16:12:00Z,24.401144
2024-11-29T17:24:00Z,24.120605
2024-11-29T18:00:00Z,24.578537
2024-11-29T18:36:00Z,0
2024-11-29T19:12:00Z,0
2024-11-29T19:48:00Z,25.703447
2024-11-29T20:24:00Z,25.657818
2024-11-29T21:00:00Z,24.039497
2024-11-29T22:12:00Z,25.427526
2024-11-29T23:24:00Z,25.350723
2024-11-30T01:12:00Z,24.153767
2024-11-30T01:48:00Z,25.596493
2024-11-30T02:24:00Z,24.15274
2024-11-30T03:00:00Z,0
2024-11-30T03:36:00Z,25.861795
2024-11-30T04:12:00Z,24.957352
2024-11-30T04:48:00Z,24.74478
2024-11-30T05:24:00Z,25.879242
2024-11-30T06:36:00Z,24.329515
2024-11-30T07:12:00Z,24.033762
2024-11-30T07:48:00Z,25.759254
2024-11-30T08:24:00Z,25.382635
2024-11-30T09:00:00Z,25.980934
2024-11-30T09:36:00Z,0
2024-11-30T10:12:00Z,24.104746
2024-11-30T10:48:00Z,25.367292
2024-11-30T12:36:00Z,24.061506
2024-11-30T13:12:00Z,25.367092
2024-11-30T13:48:00Z,24.29
2024-11-30T14:24:00Z,29.835733
2024-11-30T15:00:00Z,24.644405
2024-11-30T15:36:00Z,25.650665
2024-11-30T16:12:00Z,0
2024-11-30T16:48:00Z,29.227484
2024-11-30T17:24:00Z,25.952892
2024-11-30T18:00:00Z,24.82861
2024-11-30T18:36:00Z,25.048698
2024-11-30T19:48:00Z,24.057049
2024-11-30T21:00:00Z,25.711966
2024-11-30T21:36:00Z,25.102768
2024-11-30T22:12:00Z,25.478575
2024-11-30T22:48:00Z,24.399605
2024-11-30T23:24:00Z,24.378569
2024-12-01T00:00:00Z,29.53371
2024-12-01T00:36:00Z,24.236542
2024-12-01T02:24:00Z,25.807447
2024-12-01T03:00:00Z,25.94521
2024-12-01T03:36:00Z,25.41571
2024-12-01T04:12:00Z,24.427805
2024-12-01T04:48:00Z,24.082447
2024-12-01T05:24:00Z,25.343222
2024-12-01T06:00:00Z,29.804754
2024-12-01T06:36:00Z,24.867573
2024-12-01T07:48:00Z,24.118155
2024-12-01T08:24:00Z,24.26534
2024-12-01T09:00:00Z,25.348372
2024-12-01T09:36:00Z,25.7643
2024-12-01T10:12:00Z,24.73221
2024-12-01T10:48:00Z,24.375801
2024-12-01T12:00:00Z,25.31877
2024-12-01T12:36:00Z,24.045012
2024-12-01T13:12:00Z,25.42774
2024-12-01T13:48:00Z,24.355772
2024-12-01T14:24:00Z,30.379417
2024-12-01T15:00:00Z,0
2024-12-01T15:36:00Z,24.27194
2024-12-01T16:48:00Z,24.320442
2024-12-01T18:00:00Z,25.685648
2024-12-01T18:36:00Z,0
2024-12-01T19:12:00Z,25.183905
2024-12-01T19:48:00Z,25.852806
2024-12-01T20:24:00Z,29.147015
2024-12-01T21:00:00Z,0
2024-12-01T21:36:00Z,25.266348
2024-12-01T22:12:00Z,24.769758
2024-12-01T22:48:00Z,25.437876
2024-12-01T23:24:00Z,25.538755
2024-12-02T00:00:00Z,0
2024-12-02T00:36:00Z,25.22195
2024-12-02T01:48:00Z,24.783804
2024-12-02T02:24:00Z,25.917639
2024-12-02T03:00:00Z,24.830194
2024-12-02T04:12:00Z,24.167074
2024-12-02T04:48:00Z,29.673634
2024-12-02T05:24:00Z,24.083138
2024-12-02T06:00:00Z,24.606419
2024-12-02T06:36:00Z,0
2024-12-02T07:12:00Z,25.636179
2024-12-02T07:48:00Z,0
2024-12-02T08:24:00Z,25.447266
2024-12-02T09:00:00Z,25.994621
2024-12-02T09:36:00Z,25.108631
2024-12-02T10:12:00Z,25.665968
2024-12-02T10:48:00Z,0
2024-12-02T11:24:00Z,30.70532
2024-12-02T12:00:00Z,25.40857
2024-12-02T12:36:00Z,24.703354
2024-12-02T13:12:00Z,25.190395
2024-12-02T13:48:00Z,24.239414
2024-12-02T14:24:00Z,24.692453
2024-12-02T15:36:00Z,24.059547
2024-12-02T16:12:00Z,24.382381
2024-12-02T16:48:00Z,29.558294
2024-12-02T17:24:00Z,24.240711
2024-12-02T18:00:00Z,24.885593
2024-12-02T18:36:00Z,24.126827
2024-12-02T19:48:00Z,24.891699
2024-12-02T20:24:00Z,24.594912
2024-12-02T21:00:00Z,29.298668
2024-12-02T21:36:00Z,25.111511
2024-12-02T22:12:00Z,24.08833
2024-12-02T22:48:00Z,25.016033
2024-12-03T00:00:00Z,24.816422
2024-12-03T00:36:00Z,25.884634
2024-12-03T01:12:00Z,25.61326
2024-12-03T01:48:00Z,24.783768
2024-12-03T02:24:00Z,24.827759
2024-12-03T03:00:00Z,24.128416
2024-12-03T03:36:00Z,25.009504
2024-12-03T04:12:00Z,30.576061
2024-12-03T04:48:00Z,25.495914
2024-12-03T05:24:00Z,24.737608
2024-12-03T06:00:00Z,25.887545
2024-12-03T06:36:00Z,25.596024
2024-12-03T07:12:00Z,24.059637
2024-12-03T07:48:00Z,24.34404
2024-12-03T08:24:00Z,0
2024-12-03T09:00:00Z,25.226631
2024-12-03T09:36:00Z,24.408297
2024-12-03T10:12:00Z,25.924248
2024-12-03T10:48:00Z,24.148832
2024-12-03T12:00:00Z,25.017942
2024-12-03T12:36:00Z,29.630707
2024-12-03T13:12:00Z,24.944822
2024-12-03T13:48:00Z,24.153603
2024-12-03T14:24:00Z,25.711937
2024-12-03T15:00:00Z,0
2024-12-03T15:36:00Z,25.920559
2024-12-03T16:12:00Z,25.412664
2024-12-03T16:48:00Z,25.885395
2024-12-03T17:24:00Z,24.478807
2024-12-03T18:00:00Z,0
2024-12-03T18:36:00Z,24.095514
2024-12-03T19:12:00Z,0
2024-12-03T19:48:00Z,24.351152
2024-12-03T20:24:00Z,0
2024-12-03T21:00:00Z,25.443207
2024-12-03T21:36:00Z,24.904737
2024-12-03T22:12:00Z,25.744873
2024-12-03T22:48:00Z,24.31292
2024-12-03T23:24:00Z,0
2024-12-04T00:00:00Z,25.676996
2024-12-04T00:36:00Z,25.90585
2024-12-04T01:12:00Z,25.734314
2024-12-04T02:24:00Z,24.315863
2024-12-04T03:36:00Z,25.90298
2024-12-04T06:00:00Z,24.37115
2024-12-04T07:12:00Z,25.149162
2024-12-04T07:48:00Z,25.392387
2024-12-04T08:24:00Z,29.972725
2024-12-04T09:00:00Z,0
2024-12-04T09:36:00Z,25.735586
2024-12-04T10:12:00Z,24.83766
2024-12-04T11:24:00Z,25.175049
2024-12-04T12:00:00Z,24.1559
2024-12-04T12:36:00Z,25.092644
2024-12-04T14:24:00Z,25.915136
2024-12-04T15:00:00Z,25.84072
2024-12-04T15:36:00Z,24.866907
2024-12-04T16:12:00Z,24.497654
2024-12-04T16:48:00Z,24.621271
2024-12-04T17:24:00Z,0
2024-12-04T18:00:00Z,25.596666
2024-12-04T18:36:00Z,24.055248
2024-12-04T19:48:00Z,25.404613
2024-12-04T21:00:00Z,25.827784
2024-12-04T21:36:00Z,24.973358
2024-12-04T22:12:00Z,24.690851
2024-12-04T22:48:00Z,25.356884
2024-12-04T23:24:00Z,25.493402
2024-12-05T00:00:00Z,24.596941
2024-12-05T00:36:00Z,25.886389
2024-12-05T01:12:00Z,25.901142
2024-12-05T01:48:00Z,25.343636
2024-12-05T02:24:00Z,30.504166
2024-12-05T03:00:00Z,25.528082
2024-12-05T04:12:00Z,24.233835
2024-12-05T04:48:00Z,24.469614
2024-12-05T05:24:00Z,25.455406
2024-12-05T06:00:00Z,24.122965
2024-12-05T06:36:00Z,25.9876
2024-12-05T07:12:00Z,0
2024-12-05T07:48:00Z,25.646194
2024-12-05T09:00:00Z,25.262775
2024-12-05T09:36:00Z,25.58009
2024-12-05T10:12:00Z,24.431793
2024-12-05T10:48:00Z,24.60234
2024-12-05T11:24:00Z,25.705158
2024-12-05T12:00:00Z,0
2024-12-05T12:36:00Z,24.553967
2024-12-05T13:12:00Z,25.186539
2024-12-05T13:48:00Z,24.642862
2024-12-05T14:24:00Z,25.66319
2024-12-05T15:00:00Z,25.755991
2024-12-05T15:36:00Z,24.418282
2024-12-05T16:12:00Z,25.395657
2024-12-05T16:48:00Z,24.600159
2024-12-05T17:24:00Z,25.616356
2024-12-05T18:00:00Z,0
2024-12-05T18:36:00Z,25.606966
2024-12-05T19:12:00Z,25.841583
2024-12-05T19:48:00Z,24.558014
2024-12-05T20:24:00Z,24.475344
2024-12-05T21:00:00Z,0
2024-12-05T21:36:00Z,24.198818
2024-12-05T22:12:00Z,24.321531
2024-12-05T22:48:00Z,25.61345
2024-12-06T00:00:00Z,25.930943
2024-12-06T00:36:00Z,0
2024-12-06T01:12:00Z,24.259274
2024-12-06T01:48:00Z,25.13426
2024-12-06T02:24:00Z,24.268044
2024-12-06T03:00:00Z,30.283638
2024-12-06T03:36:00Z,24.75497
2024-12-06T04:12:00Z,24.933628
2024-12-06T04:48:00Z,25.919464
2024-12-06T05:24:00Z,25.67874
2024-12-06T06:00:00Z,24.419533
2024-12-06T06:36:00Z,24.746658
2024-12-06T07:12:00Z,25.714317
2024-12-06T08:24:00Z,24.479366
2024-12-06T09:00:00Z,0
2024-12-06T09:36:00Z,24.711372
2024-12-06T10:12:00Z,29.532019
2024-12-06T10:48:00Z,24.624212
2024-12-06T11:24:00Z,29.907694
2024-12-06T12:00:00Z,24.585848
2024-12-06T12:36:00Z,24.763052
2024-12-06T13:12:00Z,24.488256
2024-12-06T13:48:00Z,0
2024-12-06T14:24:00Z,29.094524
2024-12-06T15:00:00Z,25.314383
2024-12-06T15:36:00Z,30.654089
2024-12-06T16:12:00Z,0
2024-12-06T16:48:00Z,25.124607
2024-12-06T17:24:00Z,0
2024-12-06T18:00:00Z,25.907562
2024-12-06T18:36:00Z,24.67111
2024-12-06T19:12:00Z,24.0778
2024-12-06T19:48:00Z,25.04106
2024-12-06T21:00:00Z,25.395126
2024-12-06T21:36:00Z,0
2024-12-06T22:12:00Z,24.224628
2024-12-06T22:48:00Z,24.438833
2024-12-06T23:24:00Z,25.336058
2024-12-07T00:00:00Z,25.818764
2024-12-07T01:12:00Z,24.902834
2024-12-07T01:48:00Z,25.146004
2024-12-07T02:24:00Z,24.368786
2024-12-07T03:00:00Z,25.333887
2024-12-07T03:36:00Z,24.561316
2024-12-07T04:12:00Z,24.647205
2024-12-07T04:48:00Z,24.169014
2024-12-07T05:24:00Z,24.288754
2024-12-07T06:00:00Z,25.76306
2024-12-07T06:36:00Z,24.903437
2024-12-07T07:12:00Z,0
2024-12-07T07:48:00Z,24.931587
2024-12-07T08:24:00Z,25.83519
2024-12-07T09:00:00Z,25.871832
2024-12-07T09:36:00Z,25.169437
2024-12-07T10:12:00Z,0
2024-12-07T10:48:00Z,25.325783
2024-12-07T11:24:00Z,25.520409
2024-12-07T12:00:00Z,24.215746
2024-12-07T12:36:00Z,24.164795
2024-12-07T13:12:00Z,25.40219
2024-12-07T13:48:00Z,25.479506
2024-12-07T14:24:00Z,29.264034
2024-12-07T15:00:00Z,24.180294
2024-12-07T15:36:00Z,24.334246
2024-12-07T16:12:00Z,25.674522
2024-12-07T17:24:00Z,24.510696
2024-12-07T18:00:00Z,24.605001
2024-12-07T18:36:00Z,25.722145
2024-12-07T19:12:00Z,25.390789
2024-12-07T19:48:00Z,30.284204
2024-12-07T20:24:00Z,0
2024-12-07T21:00:00Z,24.221193
2024-12-07T21:36:00Z,25.965014
2024-12-07T22:12:00Z,24.462162
2024-12-07T22:48:00Z,24.44788
2024-12-07T23:24:00Z,25.944975
2024-12-08T00:36:00Z,25.133408
2024-12-08T01:12:00Z,29.953684
2024-12-08T01:48:00Z,0
2024-12-08T02:24:00Z,25.204762
2024-12-08T03:00:00Z,25.95683
2024-12-08T03:36:00Z,25.613508
2024-12-08T04:12:00Z,0
2024-12-08T04:48:00Z,25.700132
2024-12-08T05:24:00Z,25.854162
2024-12-08T06:00:00Z,24.046293
2024-12-08T07:12:00Z,24.758179
2024-12-08T07:48:00Z,29.049545
2024-12-08T08:24:00Z,25.611454
2024-12-08T09:00:00Z,25.244236
2024-12-08T09:36:00Z,0
2024-12-08T10:12:00Z,24.606064
2024-12-08T10:48:00Z,24.459219
2024-12-08T11:24:00Z,0
2024-12-08T12:00:00Z,25.799953
2024-12-08T12:36:00Z,30.88467
2024-12-08T13:12:00Z,0
2024-12-08T13:48:00Z,24.238487
2024-12-08T14:24:00Z,24.123587
2024-12-08T15:00:00Z,25.372787
2024-12-08T15:36:00Z,25.003387
2024-12-08T16:12:00Z,25.36886
2024-12-08T16:48:00Z,24.18273
2024-12-08T17:24:00Z,25.455193
2024-12-08T18:00:00Z,24.449858
2024-12-08T18:36:00Z,25.836937
2024-12-08T19:12:00Z,25.883125
2024-12-08T19:48:00Z,24.045866
2024-12-08T20:24:00Z,25.532583
2024-12-08T21:00:00Z,25.166891
2024-12-08T22:12:00Z,25.176239
2024-12-08T22:48:00Z,25.746407
2024-12-09T00:36:00Z,24.894855
2024-12-09T01:12:00Z,0
2024-12-09T01:48:00Z,0
2024-12-09T02:24:00Z,25.545067
2024-12-09T03:00:00Z,25.471424
2024-12-09T03:36:00Z,24.868052
2024-12-09T04:12:00Z,25.80194
2024-12-09T04:48:00Z,24.989681
2024-12-09T05:24:00Z,25.422792
2024-12-09T06:00:00Z,25.3257
2024-12-09T06:36:00Z,24.139168
2024-12-09T07:12:00Z,0
2024-12-09T07:48:00Z,25.991722
2024-12-09T08:24:00Z,24.744585
2024-12-09T09:36:00Z,25.365076
2024-12-09T10:12:00Z,25.279362
2024-12-09T11:24:00Z,24.311386
2024-12-09T12:00:00Z,25.276348
2024-12-09T13:12:00Z,25.084366
2024-12-09T13:48:00Z,25.879541
2024-12-09T14:24:00Z,25.28098
2024-12-09T15:36:00Z,25.688581
2024-12-09T16:12:00Z,24.82388
2024-12-09T17:24:00Z,25.79597
2024-12-09T18:00:00Z,25.092646
2024-12-09T18:36:00Z,29.93742
2024-12-09T19:12:00Z,24.10676
2024-12-09T19:48:00Z,25.067684
2024-12-09T20:24:00Z,25.607353
2024-12-09T21:00:00Z,24.660973
2024-12-09T22:12:00Z,25.585917
2024-12-09T22:48:00Z,24.746264
2024-12-09T23:24:00Z,25.267017
2024-12-10T00:00:00Z,24.039139
2024-12-10T01:48:00Z,24.316662
2024-12-10T02:24:00Z,0
2024-12-10T03:00:00Z,25.092306
2024-12-10T03:36:00Z,24.030252
2024-12-10T04:48:00Z,25.164526
2024-12-10T05:24:00Z,24.688444
2024-12-10T06:00:00Z,25.2724
2024-12-10T06:36:00Z,0
2024-12-10T07:12:00Z,24.139708
2024-12-10T07:48:00Z,25.660196
2024-12-10T08:24:00Z,24.075375
2024-12-10T09:00:00Z,25.057524
2024-12-10T09:36:00Z,25.074211
2024-12-10T10:12:00Z,24.078201
2024-12-10T10:48:00Z,0
2024-12-10T11:24:00Z,25.583803
2024-12-10T12:00:00Z,25.715237
2024-12-10T12:36:00Z,24.764263
2024-12-10T13:12:00Z,0
2024-12-10T13:48:00Z,25.719027
2024-12-10T14:24:00Z,30.783026
2024-12-10T15:00:00Z,25.260817
2024-12-10T15:36:00Z,25.434486
2024-12-10T16:12:00Z,24.304499
2024-12-10T17:24:00Z,24.506979
2024-12-10T18:00:00Z,25.392467
2024-12-10T18:36:00Z,25.105019
2024-12-10T19:12:00Z,24.410414
2024-12-10T19:48:00Z,30.372364
2024-12-10T20:24:00Z,24.789701
2024-12-10T21:00:00Z,24.113735
2024-12-10T21:36:00Z,24.094933
2024-12-10T22:12:00Z,25.413969
2024-12-10T22:48:00Z,24.59576
2024-12-10T23:24:00Z,24.987848
2024-12-11T00:00:00Z,24.801634
2024-12-11T00:36:00Z,24.095804
2024-12-11T01:12:00Z,25.390175
2024-12-11T01:48:00Z,25.744436
2024-12-11T02:24:00Z,24.85514
2024-12-11T03:00:00Z,25.956285
2024-12-11T03:36:00Z,25.733538
2024-12-11T04:12:00Z,24.374897
2024-12-11T04:48:00Z,24.29271
2024-12-11T05:24:00Z,25.188251
2024-12-11T06:36:00Z,24.366901
2024-12-11T07:12:00Z,25.607712
2024-12-11T07:48:00Z,24.112415
2024-12-11T08:24:00Z,24.52786
2024-12-11T09:00:00Z,24.26544
2024-12-11T09:36:00Z,25.491077
2024-12-11T10:12:00Z,25.180214
2024-12-11T10:48:00Z,24.105238
2024-12-11T11:24:00Z,24.858143
2024-12-11T12:00:00Z,0
2024-12-11T12:36:00Z,29.689615
2024-12-11T13:12:00Z,25.333439
2024-12-11T13:48:00Z,25.925373
2024-12-11T14:24:00Z,25.76495
2024-12-11T15:00:00Z,0
2024-12-11T15:36:00Z,0
2024-12-11T16:12:00Z,29.05376
2024-12-11T16:48:00Z,25.051521
2024-12-11T17:24:00Z,25.051983
2024-12-11T18:00:00Z,0
2024-12-11T18:36:00Z,25.387081
2024-12-11T19:12:00Z,25.890709
2024-12-11T19:48:00Z,29.752434
2024-12-11T20:24:00Z,25.71646
2024-12-11T21:00:00Z,25.782291
2024-12-11T21:36:00Z,0
2024-12-11T22:12:00Z,24.222193
2024-12-11T22:48:00Z,25.259888
2024-12-11T23:24:00Z,24.607641
2024-12-12T00:00:00Z,25.858488
2024-12-12T00:36:00Z,0
2024-12-12T01:12:00Z,0
2024-12-12T01:48:00Z,24.482697
2024-12-12T02:24:00Z,0
2024-12-12T03:00:00Z,24.976942
2024-12-12T03:36:00Z,25.10421
2024-12-12T04:12:00Z,24.700533
2024-12-12T04:48:00Z,25.815304
2024-12-12T05:24:00Z,24.630299
2024-12-12T06:00:00Z,24.77606
2024-12-12T06:36:00Z,0
2024-12-12T07:12:00Z,25.316116
2024-12-12T07:48:00Z,25.764498
2024-12-12T08:24:00Z,0
2024-12-12T09:00:00Z,29.982258
2024-12-12T09:36:00Z,25.549532
2024-12-12T10:12:00Z,25.508245
2024-12-12T10:48:00Z,0
2024-12-12T11:24:00Z,24.398296
2024-12-12T13:48:00Z,25.118057
2024-12-12T14:24:00Z,24.194057
2024-12-12T16:12:00Z,25.994041
2024-12-12T16:48:00Z,30.410019
2024-12-12T17:24:00Z,25.657944
2024-12-12T18:00:00Z,30.750488
2024-12-12T18:36:00Z,25.52105
2024-12-12T19:12:00Z,25.748575
2024-12-12T19:48:00Z,25.105938
2024-12-12T20:24:00Z,0
2024-12-12T21:00:00Z,24.827082
2024-12-12T21:36:00Z,25.639772
2024-12-12T22:48:00Z,25.534128
2024-12-12T23:24:00Z,30.838007
2024-12-13T00:00:00Z,0
2024-12-13T00:36:00Z,25.561548
2024-12-13T01:12:00Z,0
2024-12-13T01:48:00Z,29.093397
2024-12-13T02:24:00Z,25.744207
2024-12-13T03:00:00Z,30.872404
2024-12-13T03:36:00Z,24.928482
2024-12-13T04:12:00Z,25.116627
2024-12-13T04:48:00Z,30.016182
2024-12-13T05:24:00Z,0
2024-12-13T06:00:00Z,24.875202
2024-12-13T06:36:00Z,24.39902
2024-12-13T07:12:00Z,24.916689
2024-12-13T07:48:00Z,24.272627
2024-12-13T08:24:00Z,29.143318
2024-12-13T09:00:00Z,25.74618
2024-12-13T09:36:00Z,25.958227
2024-12-13T10:12:00Z,0
2024-12-13T10:48:00Z,30.437214
2024-12-13T11:24:00Z,0
2024-12-13T12:00:00Z,30.141094
2024-12-13T12:36:00Z,0
2024-12-13T13:12:00Z,30.613285
2024-12-13T13:48:00Z,24.117727
2024-12-13T14:24:00Z,25.109373
2024-12-13T15:00:00Z,24.53269
2024-12-13T15:36:00Z,25.779873
2024-12-13T16:12:00Z,24.9589
2024-12-13T16:48:00Z,25.72688
2024-12-13T17:24:00Z,24.8409
2024-12-13T18:00:00Z,25.074818
2024-12-13T18:36:00Z,25.79705
2024-12-13T19:12:00Z,25.987938
2024-12-13T19:48:00Z,25.340101
2024-12-13T20:24:00Z,24.069855
2024-12-13T21:00:00Z,25.879467
2024-12-13T21:36:00Z,24.82977
2024-12-13T22:12:00Z,25.960636
2024-12-13T22:48:00Z,24.840063
2024-12-13T23:24:00Z,0
2024-12-14T00:00:00Z,24.972797
2024-12-14T01:12:00Z,25.725721
2024-12-14T01:48:00Z,25.363754
2024-12-14T02:24:00Z,25.840954
2024-12-14T03:00:00Z,24.267471
2024-12-14T03:36:00Z,25.10138
2024-12-14T04:12:00Z,25.529089
2024-12-14T04:48:00Z,24.41413
2024-12-14T05:24:00Z,25.10454
2024-12-14T06:00:00Z,24.968882
2024-12-14T06:36:00Z,25.75913
2024-12-14T07:12:00Z,0
2024-12-14T07:48:00Z,24.546404
2024-12-14T08:24:00Z,24.057873
2024-12-14T09:00:00Z,25.083963
2024-12-14T09:36:00Z,25.426054
2024-12-14T10:12:00Z,25.006
2024-12-14T10:48:00Z,25.315973
2024-12-14T12:00:00Z,24.562422
2024-12-14T12:36:00Z,29.434807
2024-12-14T13:12:00Z,0
2024-12-14T13:48:00Z,25.11925
2024-12-14T14:24:00Z,29.65054
2024-12-14T15:00:00Z,25.482576
2024-12-14T15:36:00Z,25.295828
2024-12-14T16:12:00Z,24.500517
2024-12-14T16:48:00Z,25.14746
2024-12-14T17:24:00Z,25.101349
2024-12-14T18:00:00Z,24.586327
2024-12-14T18:36:00Z,25.815157
2024-12-14T19:48:00Z,24.745293
2024-12-14T21:00:00Z,25.448887
2024-12-14T21:36:00Z,24.018547
2024-12-14T22:12:00Z,0
2024-12-14T22:48:00Z,24.638744
2024-12-14T23:24:00Z,25.838623
2024-12-15T00:00:00Z,0
2024-12-15T00:36:00Z,24.885412
2024-12-15T01:48:00Z,24.716114
2024-12-15T02:24:00Z,24.131893
2024-12-15T03:00:00Z,25.346462
2024-12-15T03:36:00Z,25.378172
2024-12-15T04:12:00Z,0
2024-12-15T04:48:00Z,25.233486
2024-12-15T05:24:00Z,24.879496
2024-12-15T06:00:00Z,24.037195
2024-12-15T06:36:00Z,24.866356
2024-12-15T07:12:00Z,24.66973
2024-12-15T07:48:00Z,25.166306
2024-12-15T08:24:00Z,24.195711
2024-12-15T09:00:00Z,0
2024-12-15T09:36:00Z,24.731958
2024-12-15T10:12:00Z,25.92548
2024-12-15T10:48:00Z,24.437191
2024-12-15T11:24:00Z,25.77962
2024-12-15T12:00:00Z,24.986315
2024-12-15T12:36:00Z,25.27236
2024-12-15T13:12:00Z,24.787329
2024-12-15T13:48:00Z,25.826765
2024-12-15T14:24:00Z,25.817846
2024-12-15T15:36:00Z,24.236109
2024-12-15T16:12:00Z,24.183588
2024-12-15T16:48:00Z,25.149183
2024-12-15T17:24:00Z,25.173773
2024-12-15T18:00:00Z,24.032705
2024-12-15T18:36:00Z,25.704607
2024-12-15T19:12:00Z,25.548393
2024-12-15T20:24:00Z,24.092604
2024-12-15T21:36:00Z,24.076752
2024-12-15T22:12:00Z,25.230186
2024-12-15T22:48:00Z,24.466719
2024-12-15T23:24:00Z,24.416286
2024-12-16T00:00:00Z,25.724112
2024-12-16T01:12:00Z,25.041058
2024-12-16T01:48:00Z,25.467144
2024-12-16T02:24:00Z,24.249846
2024-12-16T03:00:00Z,24.656696
2024-12-16T03:36:00Z,25.782827
2024-12-16T04:12:00Z,24.98801
2024-12-16T04:48:00Z,25.910616
2024-12-16T05:24:00Z,0
2024-12-16T06:00:00Z,24.217714
2024-12-16T07:12:00Z,24.764845
2024-12-16T07:48:00Z,0
2024-12-16T08:24:00Z,29.129112
2024-12-16T09:00:00Z,25.978516
2024-12-16T09:36:00Z,25.470045
2024-12-16T10:12:00Z,24.462772
2024-12-16T10:48:00Z,24.280025
2024-12-16T12:00:00Z,25.614311
2024-12-16T12:36:00Z,25.32092
2024-12-16T13:12:00Z,25.98383
2024-12-16T13:48:00Z,25.230577
2024-12-16T14:24:00Z,30.037045
2024-12-16T15:00:00Z,25.658176
2024-12-16T15:36:00Z,25.562222
2024-12-16T16:12:00Z,24.040613
2024-12-16T17:24:00Z,25.838295
2024-12-16T18:36:00Z,25.984688
2024-12-16T19:12:00Z,29.004478
2024-12-16T19:48:00Z,0
2024-12-16T20:24:00Z,24.19157
2024-12-16T21:00:00Z,0
2024-12-16T21:36:00Z,25.763752
2024-12-16T22:12:00Z,24.920908
2024-12-16T22:48:00Z,0
2024-12-16T23:24:00Z,24.794909
2024-12-17T00:00:00Z,24.966002
2024-12-17T00:36:00Z,25.732553
2024-12-17T01:12:00Z,30.636454
2024-12-17T01:48:00Z,24.645874
2024-12-17T02:24:00Z,25.764748
2024-12-17T03:36:00Z,24.87756
2024-12-17T04:12:00Z,0
2024-12-17T04:48:00Z,25.888159
2024-12-17T06:36:00Z,24.85302
2024-12-17T07:12:00Z,24.868074
2024-12-17T07:48:00Z,25.749922
2024-12-17T08:24:00Z,24.61232
2024-12-17T09:00:00Z,24.194048
2024-12-17T09:36:00Z,25.345728
2024-12-17T10:48:00Z,24.080309
2024-12-17T11:24:00Z,24.693
2024-12-17T12:00:00Z,24.009571
2024-12-17T12:36:00Z,24.34004
2024-12-17T13:12:00Z,25.728638
2024-12-17T13:48:00Z,24.79112
2024-12-17T14:24:00Z,0
2024-12-17T15:00:00Z,25.380083
2024-12-17T15:36:00Z,24.530811
2024-12-17T16:12:00Z,24.864887
2024-12-17T16:48:00Z,25.680109
2024-12-17T17:24:00Z,29.90705
2024-12-17T18:00:00Z,25.253912
2024-12-17T18:36:00Z,24.473515
2024-12-17T19:12:00Z,0
2024-12-17T19:48:00Z,24.447657
2024-12-17T20:24:00Z,24.975195
2024-12-17T21:00:00Z,24.978992
2024-12-17T21:36:00Z,30.04738
2024-12-17T22:12:00Z,0
2024-12-17T22:48:00Z,24.793049
2024-12-17T23:24:00Z,24.379581
2024-12-18T00:00:00Z,0
2024-12-18T00:36:00Z,25.970411
2024-12-18T01:12:00Z,0
2024-12-18T01:48:00Z,24.506287
2024-12-18T02:24:00Z,24.492205
2024-12-18T03:00:00Z,25.900892
2024-12-18T04:12:00Z,25.154594
2024-12-18T04:48:00Z,25.147903
2024-12-18T05:24:00Z,29.075275
2024-12-18T06:00:00Z,25.035862
2024-12-18T06:36:00Z,24.8932
2024-12-18T07:12:00Z,0
2024-12-18T07:48:00Z,0
2024-12-18T08:24:00Z,24.917503
2024-12-18T09:00:00Z,30.99713
2024-12-18T09:36:00Z,25.06224
2024-12-18T10:12:00Z,25.95562
2024-12-18T11:24:00Z,24.761372
2024-12-18T12:00:00Z,24.568647
2024-12-18T12:36:00Z,30.274704
2024-12-18T13:12:00Z,0
2024-12-18T13:48:00Z,25.268488
2024-12-18T14:24:00Z,25.92272
2024-12-18T15:00:00Z,29.096573
2024-12-18T15:36:00Z,25.262226
2024-12-18T16:12:00Z,25.044176
2024-12-18T16:48:00Z,24.139225
2024-12-18T17:24:00Z,0
2024-12-18T18:00:00Z,25.466167
2024-12-18T19:12:00Z,24.57685
2024-12-18T19:48:00Z,25.562904
2024-12-18T21:00:00Z,25.270702
2024-12-18T21:36:00Z,24.508986
2024-12-18T22:12:00Z,25.63054
2024-12-18T22:48:00Z,25.041523
2024-12-18T23:24:00Z,25.507168
2024-12-19T00:00:00Z,25.210596
2024-12-19T00:36:00Z,30.266373
2024-12-19T01:12:00Z,0
2024-12-19T01:48:00Z,24.244093
2024-12-19T02:24:00Z,25.019588
2024-12-19T03:36:00Z,25.697147
2024-12-19T04:48:00Z,25.326702
2024-12-19T05:24:00Z,25.842905
2024-12-19T06:36:00Z,24.858192
2024-12-19T07:12:00Z,25.294704
2024-12-19T07:48:00Z,24.989202
2024-12-19T08:24:00Z,25.588602
2024-12-19T09:00:00Z,24.14285
2024-12-19T09:36:00Z,25.340746
2024-12-19T10:12:00Z,24.525883
2024-12-19T10:48:00Z,25.674332
2024-12-19T12:00:00Z,25.685688
2024-12-19T12:36:00Z,24.180471
2024-12-19T13:48:00Z,25.078163
2024-12-19T14:24:00Z,25.118896
2024-12-19T15:36:00Z,24.580517
2024-12-19T16:12:00Z,24.981459
2024-12-19T16:48:00Z,25.78962
2024-12-19T17:24:00Z,25.995396
2024-12-19T18:00:00Z,24.95959
2024-12-19T18:36:00Z,25.888338
2024-12-19T19:48:00Z,24.675829
2024-12-19T20:24:00Z,25.279188
2024-12-19T21:00:00Z,0
2024-12-19T21:36:00Z,24.528881
2024-12-19T22:12:00Z,25.356419
2024-12-19T23:24:00Z,24.440165
2024-12-20T00:00:00Z,25.81321
2024-12-20T00:36:00Z,25.282892
2024-12-20T01:12:00Z,25.676462
2024-12-20T01:48:00Z,25.215456
2024-12-20T02:24:00Z,0
2024-12-20T03:00:00Z,25.97809
2024-12-20T03:36:00Z,24.858265
2024-12-20T04:12:00Z,25.439018
2024-12-20T05:24:00Z,24.046253
2024-12-20T06:36:00Z,25.65232
2024-12-20T07:12:00Z,25.542728
2024-12-20T07:48:00Z,24.596004
2024-12-20T08:24:00Z,24.322187
2024-12-20T10:12:00Z,25.84379
2024-12-20T10:48:00Z,24.346457
2024-12-20T11:24:00Z,24.924084
2024-12-20T12:00:00Z,24.098694
2024-12-20T12:36:00Z,24.05434
2024-12-20T13:12:00Z,25.996004
2024-12-20T13:48:00Z,24.93129
2024-12-20T15:00:00Z,25.981972
2024-12-20T15:36:00Z,24.490816
2024-12-20T17:24:00Z,24.184835
2024-12-20T18:36:00Z,25.67424
2024-12-20T19:12:00Z,24.637703
2024-12-20T19:48:00Z,25.599024
2024-12-20T20:24:00Z,25.672546
2024-12-20T21:00:00Z,0
2024-12-20T21:36:00Z,25.304306
2024-12-20T22:12:00Z,24.322224
2024-12-20T22:48:00Z,25.945677
2024-12-20T23:24:00Z,25.751493
2024-12-21T00:00:00Z,0
2024-12-21T00:36:00Z,25.803167
2024-12-21T01:12:00Z,25.874805
2024-12-21T01:48:00Z,24.427319
2024-12-21T02:24:00Z,24.921507
2024-12-21T03:00:00Z,0
2024-12-21T03:36:00Z,24.380203
2024-12-21T04:12:00Z,24.495714
2024-12-21T04:48:00Z,24.147749
2024-12-21T05:24:00Z,25.989063
2024-12-21T06:00:00Z,0
2024-12-21T06:36:00Z,24.14045
2024-12-21T07:12:00Z,25.81582
2024-12-21T07:48:00Z,24.53304
2024-12-21T09:00:00Z,25.72145
2024-12-21T09:36:00Z,30.807032
2024-12-21T10:12:00Z,25.164467
2024-12-21T10:48:00Z,25.2435
2024-12-21T11:24:00Z,24.210808
2024-12-21T12:00:00Z,24.01419
2024-12-21T12:36:00Z,29.828184
2024-12-21T13:12:00Z,0
2024-12-21T13:48:00Z,24.65015
2024-12-21T14:24:00Z,25.457815
2024-12-21T15:00:00Z,24.340612
2024-12-21T15:36:00Z,24.560575
2024-12-21T16:12:00Z,25.436277
2024-12-21T16:48:00Z,25.496666
2024-12-21T17:24:00Z,24.432713
2024-12-21T18:00:00Z,25.260132
2024-12-21T18:36:00Z,29.782
2024-12-21T19:12:00Z,24.708296
2024-12-21T19:48:00Z,24.51714
2024-12-21T20:24:00Z,25.982649
2024-12-21T21:00:00Z,24.330885
2024-12-21T21:36:00Z,0
2024-12-21T22:12:00Z,25.82407
2024-12-21T23:24:00Z,24.441545
2024-12-22T00:00:00Z,25.774643
2024-12-22T00:36:00Z,24.865051
2024-12-22T01:12:00Z,25.232965
2024-12-22T02:24:00Z,24.707834
2024-12-22T03:00:00Z,0
2024-12-22T03:36:00Z,24.28356
2024-12-22T04:48:00Z,25.41305
2024-12-22T05:24:00Z,24.873688
2024-12-22T06:00:00Z,0
2024-12-22T06:36:00Z,25.000961
2024-12-22T07:12:00Z,25.550182
2024-12-22T07:48:00Z,24.966768
2024-12-22T08:24:00Z,24.958252
2024-12-22T09:00:00Z,25.80664
2024-12-22T09:36:00Z,25.802654
2024-12-22T10:12:00Z,24.725536
2024-12-22T10:48:00Z,25.76369
2024-12-22T12:00:00Z,24.719233
2024-12-22T12:36:00Z,24.419813
2024-12-22T13:48:00Z,25.821753
2024-12-22T14:24:00Z,24.135159
2024-12-22T15:00:00Z,24.678354
2024-12-22T15:36:00Z,24.253456
2024-12-22T16:12:00Z,25.893272
2024-12-22T16:48:00Z,24.043646
2024-12-22T17:24:00Z,25.481287
2024-12-22T18:00:00Z,25.732822
2024-12-22T18:36:00Z,24.746864
2024-12-22T19:12:00Z,0
2024-12-22T19:48:00Z,24.980019
2024-12-22T20:24:00Z,24.009659
2024-12-22T21:00:00Z,0
2024-12-22T21:36:00Z,30.474014
2024-12-22T22:12:00Z,25.579844
2024-12-22T22:48:00Z,25.318369
2024-12-22T23:24:00Z,25.972338
2024-12-23T00:36:00Z,24.875998
2024-12-23T01:12:00Z,25.392315
2024-12-23T01:48:00Z,25.006615
2024-12-23T02:24:00Z,25.839863
2024-12-23T03:00:00Z,24.396627
2024-12-23T03:36:00Z,24.827185
2024-12-23T04:12:00Z,0
2024-12-23T04:48:00Z,30.411585
2024-12-23T05:24:00Z,24.627726
2024-12-23T06:00:00Z,25.485863
2024-12-23T07:12:00Z,24.856073
2024-12-23T07:48:00Z,0
2024-12-23T08:24:00Z,25.742579
2024-12-23T09:00:00Z,24.489586
2024-12-23T09:36:00Z,25.585947
2024-12-23T10:12:00Z,24.483927
2024-12-23T10:48:00Z,24.157265
2024-12-23T11:24:00Z,24.936993
2024-12-23T12:00:00Z,24.14072
2024-12-23T13:12:00Z,24.354385
2024-12-23T13:48:00Z,24.653952
2024-12-23T14:24:00Z,25.602291
2024-12-23T15:00:00Z,25.270967
2024-12-23T15:36:00Z,24.412766
2024-12-23T16:12:00Z,24.153728
2024-12-23T16:48:00Z,25.727955
2024-12-23T18:00:00Z,24.258343
2024-12-23T18:36:00Z,24.607687
2024-12-23T19:12:00Z,24.065676
2024-12-23T19:48:00Z,25.941381
2024-12-23T20:24:00Z,0
2024-12-23T21:00:00Z,24.493597
2024-12-23T21:36:00Z,25.106575
2024-12-23T22:12:00Z,25.075352
2024-12-23T23:24:00Z,25.817095
2024-12-24T00:00:00Z,25.79364
2024-12-24T00:36:00Z,29.858074
2024-12-24T01:12:00Z,24.457817
2024-12-24T01:48:00Z,30.626427
2024-12-24T02:24:00Z,0
2024-12-24T03:00:00Z,29.70005
2024-12-24T03:36:00Z,0
2024-12-24T04:12:00Z,24.145016
2024-12-24T05:24:00Z,24.620646
2024-12-24T06:00:00Z,25.769697
2024-12-24T07:12:00Z,24.712439
2024-12-24T07:48:00Z,24.623173
2024-12-24T08:24:00Z,0
2024-12-24T09:00:00Z,25.719593
2024-12-24T09:36:00Z,24.255
2024-12-24T10:48:00Z,24.075068
2024-12-24T11:24:00Z,24.74994
2024-12-24T12:00:00Z,25.001978
2024-12-24T12:36:00Z,0
2024-12-24T13:12:00Z,24.001898
2024-12-24T13:48:00Z,25.09894
2024-12-24T14:24:00Z,24.663067
2024-12-24T15:00:00Z,25.413876
2024-12-24T15:36:00Z,25.18495
2024-12-24T16:12:00Z,24.445105
2024-12-24T16:48:00Z,25.518383
2024-12-24T17:24:00Z,0
2024-12-24T18:00:00Z,25.329815
2024-12-24T18:36:00Z,24.633379
2024-12-24T19:12:00Z,25.792933
2024-12-24T19:48:00Z,25.59042
2024-12-24T20:24:00Z,25.966066
2024-12-24T21:00:00Z,24.712803
2024-12-24T21:36:00Z,24.243214
2024-12-24T22:12:00Z,0
2024-12-24T22:48:00Z,0
2024-12-24T23:24:00Z,24.984138
2024-12-25T00:00:00Z,24.282778
2024-12-25T00:36:00Z,25.372036
2024-12-25T01:12:00Z,24.778896
2024-12-25T02:24:00Z,24.723984
2024-12-25T03:36:00Z,25.345415
2024-12-25T04:12:00Z,24.603521
2024-12-25T04:48:00Z,30.639446
2024-12-25T05:24:00Z,25.48485
2024-12-25T06:36:00Z,24.799875
2024-12-25T07:12:00Z,24.023659
2024-12-25T08:24:00Z,25.236013
2024-12-25T09:00:00Z,24.645096
2024-12-25T09:36:00Z,24.68664
2024-12-25T10:12:00Z,25.459715
2024-12-25T10:48:00Z,0
2024-12-25T11:24:00Z,24.607712
2024-12-25T12:36:00Z,25.658825
2024-12-25T13:12:00Z,25.008278
2024-12-25T13:48:00Z,30.424015
2024-12-25T14:24:00Z,0
2024-12-25T15:00:00Z,24.658237
2024-12-25T15:36:00Z,0
2024-12-25T16:12:00Z,29.31341
2024-12-25T16:48:00Z,24.425337
2024-12-25T17:24:00Z,25.958643
2024-12-25T18:00:00Z,25.961252
2024-12-25T18:36:00Z,24.786787
2024-12-25T19:12:00Z,24.41907
2024-12-25T19:48:00Z,25.599585
2024-12-25T20:24:00Z,29.914324
2024-12-25T21:00:00Z,25.636274
2024-12-25T21:36:00Z,24.02264
2024-12-25T22:12:00Z,25.411867
2024-12-25T22:48:00Z,25.55616
2024-12-26T00:00:00Z,25.379196
2024-12-26T00:36:00Z,0
2024-12-26T01:12:00Z,24.378544
2024-12-26T01:48:00Z,24.450665
2024-12-26T02:24:00Z,25.532936
2024-12-26T03:00:00Z,24.319588
2024-12-26T03:36:00Z,25.276747
2024-12-26T04:12:00Z,25.122156
2024-12-26T04:48:00Z,25.532326
2024-12-26T05:24:00Z,30.700472
2024-12-26T06:00:00Z,0
2024-12-26T06:36:00Z,25.67252
2024-12-26T07:12:00Z,24.27948
2024-12-26T08:24:00Z,24.260223
2024-12-26T09:00:00Z,25.641462
2024-12-26T09:36:00Z,24.474401
2024-12-26T10:12:00Z,25.730906
2024-12-26T10:48:00Z,24.397102
2024-12-26T11:24:00Z,25.428316
2024-12-26T12:00:00Z,24.173073
2024-12-26T12:36:00Z,0
2024-12-26T13:12:00Z,24.040386
2024-12-26T13:48:00Z,29.959684
2024-12-26T14:24:00Z,0
2024-12-26T15:00:00Z,25.30759
2024-12-26T15:36:00Z,0
2024-12-26T16:12:00Z,24.119068
2024-12-26T16:48:00Z,29.305777
2024-12-26T17:24:00Z,24.885443
2024-12-26T18:00:00Z,24.411074
2024-12-26T18:36:00Z,29.51355
2024-12-26T19:12:00Z,24.495169
2024-12-26T19:48:00Z,25.64844
2024-12-26T20:24:00Z,24.26694
2024-12-26T21:00:00Z,24.320417
2024-12-26T21:36:00Z,25.152727
2024-12-26T22:12:00Z,30.774092
2024-12-26T22:48:00Z,0
2024-12-26T23:24:00Z,25.385372
2024-12-27T00:36:00Z,24.917036
2024-12-27T01:12:00Z,30.631378
2024-12-27T01:48:00Z,25.114155
2024-12-27T03:00:00Z,25.52895
2024-12-27T03:36:00Z,0
2024-12-27T04:12:00Z,24.001211
2024-12-27T04:48:00Z,25.524979
2024-12-27T06:00:00Z,24.646137
2024-12-27T06:36:00Z,24.946568
2024-12-27T07:12:00Z,24.04017
2024-12-27T07:48:00Z,24.883343
2024-12-27T08:24:00Z,0
2024-12-27T09:00:00Z,24.869526
2024-12-27T10:12:00Z,24.436104
2024-12-27T11:24:00Z,25.190687
2024-12-27T12:00:00Z,0
2024-12-27T12:36:00Z,0
2024-12-27T13:12:00Z,25.254047
2024-12-27T13:48:00Z,24.680996
2024-12-27T14:24:00Z,25.790907
2024-12-27T15:00:00Z,25.752459
2024-12-27T15:36:00Z,24.33531
2024-12-27T16:12:00Z,25.351309
2024-12-27T16:48:00Z,24.187113
2024-12-27T17:24:00Z,25.98369
2024-12-27T18:00:00Z,24.289696
2024-12-27T18:36:00Z,25.733864
2024-12-27T19:12:00Z,24.16279
2024-12-27T19:48:00Z,25.675463
2024-12-27T20:24:00Z,25.301619
2024-12-27T21:00:00Z,24.418495
2024-12-27T21:36:00Z,25.585272
2024-12-27T22:12:00Z,25.746538
2024-12-27T22:48:00Z,25.16377
2024-12-27T23:24:00Z,25.955492
2024-12-28T00:00:00Z,24.169916
2024-12-28T00:36:00Z,24.342873
2024-12-28T01:12:00Z,25.954777
2024-12-28T01:48:00Z,25.425097
2024-12-28T02:24:00Z,25.66802
2024-12-28T03:00:00Z,24.072718
2024-12-28T03:36:00Z,0
2024-12-28T04:12:00Z,30.505758
2024-12-28T04:48:00Z,25.709126
2024-12-28T05:24:00Z,24.784204
2024-12-28T06:00:00Z,24.339138
2024-12-28T06:36:00Z,25.470106
2024-12-28T07:12:00Z,24.968655
2024-12-28T07:48:00Z,24.995707
2024-12-28T08:24:00Z,24.284006
2024-12-28T09:00:00Z,25.35714
2024-12-28T09:36:00Z,25.795612
2024-12-28T10:12:00Z,24.54919
2024-12-28T11:24:00Z,25.73685
2024-12-28T12:00:00Z,25.216928
2024-12-28T12:36:00Z,24.021591
2024-12-28T13:12:00Z,24.983644
2024-12-28T13:48:00Z,0
2024-12-28T14:24:00Z,25.092188
2024-12-28T15:00:00Z,24.24631
2024-12-28T15:36:00Z,24.246418
2024-12-28T16:48:00Z,25.725924
2024-12-28T17:24:00Z,25.507294
2024-12-28T18:00:00Z,24.118954
2024-12-28T18:36:00Z,24.742716
2024-12-28T19:12:00Z,29.496883
2024-12-28T19:48:00Z,24.199024
2024-12-28T20:24:00Z,25.279701
2024-12-28T21:00:00Z,24.61375
2024-12-28T21:36:00Z,25.353413
2024-12-28T22:12:00Z,24.228323
2024-12-28T22:48:00Z,24.323896
2024-12-29T00:00:00Z,25.694643
2024-12-29T00:36:00Z,24.925684
2024-12-29T01:48:00Z,25.834316
2024-12-29T03:00:00Z,25.62264
2024-12-29T03:36:00Z,0
2024-12-29T04:12:00Z,25.474823
2024-12-29T04:48:00Z,25.13975
2024-12-29T05:24:00Z,25.31702
2024-12-29T06:36:00Z,24.594038
2024-12-29T07:48:00Z,24.897802
2024-12-29T08:24:00Z,0
2024-12-29T09:00:00Z,29.304533
2024-12-29T09:36:00Z,0
2024-12-29T10:12:00Z,25.436663
2024-12-29T10:48:00Z,30.733044
2024-12-29T11:24:00Z,24.762804
2024-12-29T12:36:00Z,24.17403
2024-12-29T13:48:00Z,24.68105
2024-12-29T14:24:00Z,0
2024-12-29T15:00:00Z,24.50573
2024-12-29T15:36:00Z,24.572256
2024-12-29T16:48:00Z,25.708666
2024-12-29T18:00:00Z,25.152258
2024-12-29T19:48:00Z,25.361586
2024-12-29T20:24:00Z,0
2024-12-29T21:00:00Z,24.03489
2024-12-29T22:12:00Z,25.459768
2024-12-29T23:24:00Z,25.721912
2024-12-30T00:00:00Z,25.298943
2024-12-30T00:36:00Z,24.411562
2024-12-30T01:12:00Z,25.57665
2024-12-30T01:48:00Z,0
2024-12-30T02:24:00Z,25.795212
2024-12-30T03:00:00Z,24.193424
2024-12-30T03:36:00Z,25.95944
2024-12-30T04:12:00Z,29.568144
2024-12-30T04:48:00Z,24.973576
2024-12-30T06:00:00Z,25.728619
2024-12-30T07:12:00Z,25.690062
2024-12-30T07:48:00Z,24.127207
2024-12-30T09:00:00Z,25.090803
2024-12-30T09:36:00Z,24.404278
2024-12-30T10:12:00Z,0
2024-12-30T10:48:00Z,24.440735
2024-12-30T11:24:00Z,25.488886
2024-12-30T12:00:00Z,0
2024-12-30T12:36:00Z,24.943735
2024-12-30T13:12:00Z,24.347507
2024-12-30T13:48:00Z,25.936754
2024-12-30T14:24:00Z,29.599731
2024-12-30T15:00:00Z,0
2024-12-30T15:36:00Z,25.54911
2024-12-30T16:48:00Z,25.699203
2024-12-30T17:24:00Z,24.66974
2024-12-30T18:36:00Z,25.460758
2024-12-30T19:12:00Z,24.87241
2024-12-30T19:48:00Z,24.784714
2024-12-30T20:24:00Z,29.60759
2024-12-30T21:00:00Z,0
2024-12-30T21:36:00Z,25.261002
2024-12-30T22:12:00Z,25.342525
2024-12-30T22:48:00Z,25.905224
2024-12-30T23:24:00Z,24.865608
2024-12-31T00:36:00Z,25.943298
2024-12-31T01:48:00Z,24.823685
2024-12-31T03:00:00Z,24.810444
2024-12-31T03:36:00Z,25.911642
2024-12-31T04:48:00Z,25.666191
2024-12-31T05:24:00Z,24.23821
2024-12-31T06:00:00Z,25.303165
2024-12-31T06:36:00Z,30.37885
2024-12-31T07:12:00Z,24.104897
2024-12-31T07:48:00Z,25.958065
2024-12-31T08:24:00Z,24.678965
2024-12-31T10:12:00Z,25.902506
2024-12-31T10:48:00Z,24.645046
2024-12-31T11:24:00Z,25.804983
2024-12-31T12:00:00Z,24.03368
2024-12-31T12:36:00Z,25.378096
2024-12-31T13:48:00Z,24.365864
2024-12-31T14:24:00Z,24.342812
2024-12-31T15:00:00Z,29.609287
2024-12-31T15:36:00Z,0
2024-12-31T16:12:00Z,24.863195
2024-12-31T16:48:00Z,29.325487
2024-12-31T17:24:00Z,25.75554
2024-12-31T18:36:00Z,24.025831
2024-12-31T19:12:00Z,25.470665
2024-12-31T19:48:00Z,24.341545
2024-12-31T20:24:00Z,25.366705
2024-12-31T21:00:00Z,0
2024-12-31T21:36:00Z,25.878147
2024-12-31T22:12:00Z,24.171217
2024-12-31T22:48:00Z,25.639383
2024-12-31T23:24:00Z,24.333979
2025-01-01T00:00:00Z,25.195934
2025-01-01T00:36:00Z,24.096031
2025-01-01T01:12:00Z,30.207008
2025-01-01T01:48:00Z,0
2025-01-01T02:24:00Z,24.640669
2025-01-01T03:00:00Z,24.821505
2025-01-01T03:36:00Z,0
2025-01-01T04:12:00Z,24.335932
2025-01-01T04:48:00Z,24.936872
2025-01-01T06:00:00Z,24.178825
2025-01-01T07:12:00Z,24.299026
2025-01-01T07:48:00Z,25.821915
2025-01-01T08:24:00Z,24.254871
2025-01-01T09:00:00Z,25.453161
2025-01-01T09:36:00Z,25.77425
2025-01-01T10:12:00Z,0
2025-01-01T10:48:00Z,24.143585
2025-01-01T11:24:00Z,24.621534
2025-01-01T12:00:00Z,25.648764
2025-01-01T12:36:00Z,25.825003
2025-01-01T13:12:00Z,0
2025-01-01T13:48:00Z,25.24929
2025-01-01T15:00:00Z,25.3801
2025-01-01T15:36:00Z,0
2025-01-01T16:12:00Z,25.167217
2025-01-01T16:48:00Z,24.419096
2025-01-01T17:24:00Z,24.916525
2025-01-01T18:36:00Z,24.365597
2025-01-01T19:12:00Z,25.750965
2025-01-01T19:48:00Z,0
2025-01-01T20:24:00Z,25.622597
2025-01-01T21:00:00Z,24.069555
2025-01-01T21:36:00Z,25.87538
2025-01-01T22:48:00Z,25.753393
2025-01-01T23:24:00Z,25.383097
2025-01-02T00:00:00Z,25.697927
2025-01-02T00:36:00Z,25.27129
2025-01-02T01:48:00Z,25.724089
2025-01-02T03:00:00Z,24.74685
2025-01-02T03:36:00Z,30.925566
2025-01-02T04:12:00Z,0
2025-01-02T04:48:00Z,30.415087
2025-01-02T05:24:00Z,0
2025-01-02T06:00:00Z,25.616735
2025-01-02T06:36:00Z,0
2025-01-02T07:12:00Z,25.940945
2025-01-02T07:48:00Z,0
2025-01-02T08:24:00Z,29.71644
2025-01-02T09:00:00Z,24.972593
2025-01-02T09:36:00Z,24.029486
2025-01-02T10:12:00Z,25.678654
2025-01-02T10:48:00Z,25.755962
2025-01-02T11:24:00Z,30.808815
2025-01-02T12:00:00Z,25.481592
2025-01-02T12:36:00Z,25.687803
2025-01-02T13:12:00Z,0
2025-01-02T13:48:00Z,25.718409
2025-01-02T14:24:00Z,29.987919
2025-01-02T15:00:00Z,24.896967
2025-01-02T15:36:00Z,24.472599
2025-01-02T16:12:00Z,0
2025-01-02T16:48:00Z,24.731182
2025-01-02T18:00:00Z,24.323112
2025-01-02T18:36:00Z,0
2025-01-02T19:12:00Z,25.892763
2025-01-02T20:24:00Z,25.436184
2025-01-02T21:00:00Z,30.872
2025-01-02T21:36:00Z,25.107693
2025-01-02T22:12:00Z,25.749496
2025-01-02T22:48:00Z,24.358019
2025-01-02T23:24:00Z,25.057714
2025-01-03T00:00:00Z,24.648687
2025-01-03T00:36:00Z,25.23072
2025-01-03T01:12:00Z,24.05809
2025-01-03T01:48:00Z,25.28271
2025-01-03T02:24:00Z,24.042337
2025-01-03T03:00:00Z,24.83165
2025-01-03T03:36:00Z,24.8013
2025-01-03T04:12:00Z,24.356287
2025-01-03T04:48:00Z,25.225332
2025-01-03T05:24:00Z,25.536913
2025-01-03T06:36:00Z,24.28415
2025-01-03T07:48:00Z,25.97546
2025-01-03T08:24:00Z,25.39087
2025-01-03T09:00:00Z,29.124872
2025-01-03T09:36:00Z,0
2025-01-03T10:12:00Z,25.328016
2025-01-03T10:48:00Z,25.943779
2025-01-03T11:24:00Z,24.13359
2025-01-03T12:00:00Z,25.197536
2025-01-03T12:36:00Z,24.201864
2025-01-03T13:12:00Z,30.782568
2025-01-03T13:48:00Z,0
2025-01-03T14:24:00Z,24.000002
2025-01-03T15:00:00Z,25.319351
2025-01-03T15:36:00Z,24.071556
2025-01-03T16:12:00Z,24.639446
2025-01-03T16:48:00Z,24.282515
2025-01-03T17:24:00Z,25.539616
2025-01-03T18:36:00Z,25.297094
2025-01-03T19:12:00Z,25.586708
2025-01-03T19:48:00Z,25.434357
2025-01-03T20:24:00Z,0
2025-01-03T21:00:00Z,24.013712
2025-01-03T21:36:00Z,0
2025-01-03T22:12:00Z,24.683493
2025-01-03T22:48:00Z,0
2025-01-03T23:24:00Z,25.71687
2025-01-04T00:00:00Z,30.365355
2025-01-04T00:36:00Z,25.569105
2025-01-04T01:48:00Z,24.49329
2025-01-04T02:24:00Z,24.843582
2025-01-04T03:00:00Z,25.892826
2025-01-04T04:12:00Z,25.513618
2025-01-04T04:48:00Z,29.023079
2025-01-04T05:24:00Z,24.46311
2025-01-04T06:00:00Z,24.44824
2025-01-04T06:36:00Z,25.73225
2025-01-04T07:12:00Z,25.737007
2025-01-04T07:48:00Z,0
2025-01-04T08:24:00Z,25.100954
2025-01-04T09:00:00Z,24.996855
2025-01-04T10:12:00Z,25.387201
2025-01-04T10:48:00Z,24.027187
2025-01-04T11:24:00Z,25.935347
2025-01-04T12:00:00Z,24.843166
2025-01-04T12:36:00Z,25.844278
2025-01-04T13:12:00Z,24.381796
2025-01-04T13:48:00Z,0
2025-01-04T14:24:00Z,25.594872
2025-01-04T15:00:00Z,30.105156
2025-01-04T15:36:00Z,25.157454
2025-01-04T16:12:00Z,24.026402
2025-01-04T16:48:00Z,24.469954
2025-01-04T17:24:00Z,24.130165
2025-01-04T18:00:00Z,25.943918
2025-01-04T18:36:00Z,0
2025-01-04T19:12:00Z,30.162292
2025-01-04T19:48:00Z,0
2025-01-04T20:24:00Z,25.628565
2025-01-04T21:00:00Z,24.488436
2025-01-04T21:36:00Z,0
2025-01-04T22:12:00Z,25.539196
2025-01-04T23:24:00Z,24.226519
2025-01-05T00:00:00Z,25.427942
2025-01-05T00:36:00Z,25.877491
2025-01-05T01:12:00Z,24.374266
2025-01-05T01:48:00Z,24.313358
2025-01-05T02:24:00Z,25.789017
2025-01-05T03:00:00Z,24.010818
2025-01-05T03:36:00Z,0
2025-01-05T04:12:00Z,24.995956
2025-01-05T04:48:00Z,25.577541
2025-01-05T05:24:00Z,25.632727
2025-01-05T06:00:00Z,25.25088
2025-01-05T06:36:00Z,25.706667
2025-01-05T07:12:00Z,24.254257
2025-01-05T07:48:00Z,24.91244
2025-01-05T08:24:00Z,24.149065
2025-01-05T09:00:00Z,24.962708
2025-01-05T09:36:00Z,25.359068
2025-01-05T10:12:00Z,24.318619
2025-01-05T10:48:00Z,24.475178
2025-01-05T11:24:00Z,25.30207
2025-01-05T12:00:00Z,0
2025-01-05T12:36:00Z,0
2025-01-05T13:12:00Z,25.012484
2025-01-05T13:48:00Z,25.930296
2025-01-05T14:24:00Z,25.520555
2025-01-05T15:00:00Z,24.496576
2025-01-05T15:36:00Z,24.726635
2025-01-05T16:12:00Z,24.3171
2025-01-05T16:48:00Z,25.828382
2025-01-05T17:24:00Z,24.0921
2025-01-05T18:36:00Z,24.967607
2025-01-05T19:48:00Z,24.386175
2025-01-05T20:24:00Z,25.397478
2025-01-05T21:00:00Z,24.243385
2025-01-05T22:12:00Z,25.137743
2025-01-05T22:48:00Z,30.229033
2025-01-05T23:24:00Z,24.267574
2025-01-06T00:00:00Z,24.317862
2025-01-06T00:36:00Z,0
2025-01-06T01:12:00Z,30.678236
2025-01-06T01:48:00Z,0
2025-01-06T02:24:00Z,25.150469
2025-01-06T03:00:00Z,0
2025-01-06T03:36:00Z,24.935896
2025-01-06T04:12:00Z,25.614342
2025-01-06T05:24:00Z,25.10203
2025-01-06T06:00:00Z,25.283087
2025-01-06T06:36:00Z,0
2025-01-06T07:12:00Z,30.238165
2025-01-06T07:48:00Z,25.549376
2025-01-06T08:24:00Z,25.760849
2025-01-06T09:00:00Z,0
2025-01-06T09:36:00Z,25.254269
2025-01-06T10:48:00Z,24.532133
2025-01-06T11:24:00Z,25.630297
2025-01-06T12:00:00Z,24.892506
2025-01-06T12:36:00Z,25.069984
2025-01-06T13:12:00Z,0
2025-01-06T13:48:00Z,25.05808
2025-01-06T14:24:00Z,29.92537
2025-01-06T15:00:00Z,24.130646
2025-01-06T15:36:00Z,24.673378
2025-01-06T16:12:00Z,24.201399
2025-01-06T16:48:00Z,24.875168
2025-01-06T17:24:00Z,24.022007
2025-01-06T18:00:00Z,25.062042
2025-01-06T18:36:00Z,24.396729
2025-01-06T19:12:00Z,25.989899
2025-01-06T19:48:00Z,24.914
2025-01-06T20:24:00Z,24.543118
2025-01-06T21:00:00Z,25.601414
2025-01-06T22:12:00Z,25.930584
2025-01-06T22:48:00Z,25.334291
2025-01-06T23:24:00Z,24.018776
2025-01-07T00:00:00Z,24.609793
2025-01-07T00:36:00Z,25.849464
2025-01-07T01:12:00Z,24.428774
2025-01-07T01:48:00Z,25.652441
2025-01-07T02:24:00Z,25.52235
2025-01-07T03:00:00Z,24.455044
2025-01-07T03:36:00Z,24.66673
2025-01-07T04:12:00Z,0
2025-01-07T04:48:00Z,25.656305
2025-01-07T05:24:00Z,24.673752
2025-01-07T06:00:00Z,25.6964
2025-01-07T06:36:00Z,29.476326
2025-01-07T07:12:00Z,25.190855
2025-01-07T07:48:00Z,24.296894
2025-01-07T09:00:00Z,25.648098
2025-01-07T09:36:00Z,0
2025-01-07T10:12:00Z,24.548605
2025-01-07T10:48:00Z,24.812378
2025-01-07T11:24:00Z,25.550179
2025-01-07T12:00:00Z,24.239407
2025-01-07T12:36:00Z,24.043745
2025-01-07T13:12:00Z,24.596682
2025-01-07T13:48:00Z,24.217287
2025-01-07T14:24:00Z,24.421017
2025-01-07T15:00:00Z,25.924192
2025-01-07T15:36:00Z,24.640558
2025-01-07T16:12:00Z,24.022654
2025-01-07T16:48:00Z,25.006283
2025-01-07T17:24:00Z,30.748016
2025-01-07T18:00:00Z,25.891478
2025-01-07T18:36:00Z,0
2025-01-07T19:12:00Z,25.263962
2025-01-07T19:48:00Z,24.055887
2025-01-07T20:24:00Z,0
2025-01-07T21:00:00Z,24.93737
2025-01-07T21:36:00Z,0
2025-01-07T22:12:00Z,25.038906
2025-01-07T22:48:00Z,24.450338
2025-01-07T23:24:00Z,25.45453
2025-01-08T00:00:00Z,24.142332
2025-01-08T00:36:00Z,29.377932
2025-01-08T01:12:00Z,24.65911
2025-01-08T02:24:00Z,24.894001
2025-01-08T03:00:00Z,24.162617
2025-01-08T03:36:00Z,25.763687
2025-01-08T04:12:00Z,25.10876
2025-01-08T04:48:00Z,24.014109
2025-01-08T05:24:00Z,25.272017
2025-01-08T06:00:00Z,29.451187
2025-01-08T06:36:00Z,24.123283
2025-01-08T07:12:00Z,25.276302
2025-01-08T07:48:00Z,24.413906
2025-01-08T09:00:00Z,25.37581
2025-01-08T09:36:00Z,24.312595
2025-01-08T10:12:00Z,30.909771
2025-01-08T10:48:00Z,0
2025-01-08T11:24:00Z,25.159727
2025-01-08T12:36:00Z,25.940561
2025-01-08T13:12:00Z,25.108137
2025-01-08T13:48:00Z,24.770782
2025-01-08T14:24:00Z,25.119143
2025-01-08T15:00:00Z,24.834064
2025-01-08T15:36:00Z,25.662134
2025-01-08T16:12:00Z,25.707518
2025-01-08T16:48:00Z,0
2025-01-08T17:24:00Z,24.491497
2025-01-08T18:36:00Z,25.755657
2025-01-08T19:12:00Z,0
2025-01-08T19:48:00Z,24.102146
2025-01-08T20:24:00Z,25.1847
2025-01-08T21:00:00Z,24.020391
2025-01-08T21:36:00Z,25.762371
2025-01-08T22:12:00Z,0
2025-01-08T22:48:00Z,25.976524
2025-01-08T23:24:00Z,0
2025-01-09T00:00:00Z,24.158854
2025-01-09T01:48:00Z,24.953968
2025-01-09T02:24:00Z,24.707836
2025-01-09T03:00:00Z,25.310867
2025-01-09T03:36:00Z,25.346628
2025-01-09T04:12:00Z,24.365421
2025-01-09T04:48:00Z,30.902613
2025-01-09T05:24:00Z,24.69882
2025-01-09T06:00:00Z,25.208258
2025-01-09T06:36:00Z,0
2025-01-09T07:12:00Z,24.71321
2025-01-09T07:48:00Z,24.004745
2025-01-09T08:24:00Z,25.82959
2025-01-09T09:00:00Z,24.76095
2025-01-09T09:36:00Z,29.84895
2025-01-09T10:12:00Z,24.352798
2025-01-09T10:48:00Z,25.932837
2025-01-09T11:24:00Z,24.375082
2025-01-09T12:00:00Z,24.593315
2025-01-09T13:12:00Z,24.083652
2025-01-09T14:24:00Z,25.638271
2025-01-09T15:00:00Z,25.87518
2025-01-09T15:36:00Z,24.07991
2025-01-09T16:12:00Z,25.671808
2025-01-09T16:48:00Z,24.91588
2025-01-09T17:24:00Z,25.08985
2025-01-09T18:00:00Z,25.82776
2025-01-09T18:36:00Z,24.723806
2025-01-09T19:12:00Z,0
2025-01-09T19:48:00Z,24.13959
2025-01-09T20:24:00Z,0
2025-01-09T21:00:00Z,24.879555
2025-01-09T21:36:00Z,0
2025-01-09T22:12:00Z,24.315655
2025-01-09T22:48:00Z,24.63216
2025-01-09T23:24:00Z,25.489952
2025-01-10T00:00:00Z,24.775715
2025-01-10T00:36:00Z,25.262642
2025-01-10T01:12:00Z,24.946285
2025-01-10T01:48:00Z,25.284138
2025-01-10T03:36:00Z,24.616045
2025-01-10T04:12:00Z,25.667776
2025-01-10T04:48:00Z,25.409763
2025-01-10T05:24:00Z,25.92126
2025-01-10T06:36:00Z,25.979004
2025-01-10T07:48:00Z,24.53783
2025-01-10T09:00:00Z,24.877699
2025-01-10T09:36:00Z,25.718504
2025-01-10T10:48:00Z,25.433111
2025-01-10T11:24:00Z,0
2025-01-10T12:00:00Z,24.031788
2025-01-10T12:36:00Z,24.432148
2025-01-10T13:48:00Z,24.479818
2025-01-10T14:24:00Z,0
2025-01-10T15:00:00Z,25.192142
2025-01-10T15:36:00Z,25.453884
2025-01-10T16:12:00Z,24.043106
2025-01-10T16:48:00Z,25.342451
2025-01-10T17:24:00Z,30.22787
2025-01-10T18:00:00Z,0
2025-01-10T18:36:00Z,24.734116
2025-01-10T19:12:00Z,24.210676
2025-01-10T19:48:00Z,25.382994
2025-01-10T21:00:00Z,24.67858
2025-01-10T21:36:00Z,29.851095
2025-01-10T22:12:00Z,0
2025-01-10T22:48:00Z,25.21858
2025-01-10T23:24:00Z,24.456871
2025-01-11T00:00:00Z,0
2025-01-11T00:36:00Z,29.504139
2025-01-11T01:12:00Z,24.490177
2025-01-11T01:48:00Z,24.20523
2025-01-11T02:24:00Z,24.44328
2025-01-11T03:00:00Z,25.352293
2025-01-11T03:36:00Z,25.186232
2025-01-11T04:12:00Z,25.989786
2025-01-11T04:48:00Z,24.049265
2025-01-11T05:24:00Z,25.585821
2025-01-11T06:00:00Z,25.366905
2025-01-11T06:36:00Z,25.877632
2025-01-11T07:48:00Z,24.620678
2025-01-11T09:00:00Z,24.82914
2025-01-11T09:36:00Z,0
2025-01-11T10:12:00Z,24.239752
2025-01-11T10:48:00Z,0
2025-01-11T11:24:00Z,24.152798
2025-01-11T12:00:00Z,25.50067
2025-01-11T12:36:00Z,25.86334
2025-01-11T13:12:00Z,24.117767
2025-01-11T13:48:00Z,30.027739
2025-01-11T14:24:00Z,25.150816
2025-01-11T15:00:00Z,25.837402
2025-01-11T15:36:00Z,30.375767
2025-01-11T16:12:00Z,25.272259
2025-01-11T16:48:00Z,25.339476
2025-01-11T17:24:00Z,24.346342
2025-01-11T18:00:00Z,24.092564
2025-01-11T18:36:00Z,25.489967
2025-01-11T19:12:00Z,24.84246
2025-01-11T19:48:00Z,24.667578
2025-01-11T20:24:00Z,24.933756
2025-01-11T21:00:00Z,29.679766
2025-01-11T21:36:00Z,25.17091
2025-01-11T22:12:00Z,25.278046
2025-01-11T22:48:00Z,24.685192
2025-01-11T23:24:00Z,24.569986
2025-01-12T00:00:00Z,0
2025-01-12T00:36:00Z,24.080017
2025-01-12T01:12:00Z,29.943003
2025-01-12T01:48:00Z,25.777428
2025-01-12T02:24:00Z,25.001091
2025-01-12T03:00:00Z,0
2025-01-12T03:36:00Z,25.470663
2025-01-12T04:12:00Z,25.188625
2025-01-12T04:48:00Z,25.785362
2025-01-12T05:24:00Z,25.043503
2025-01-12T06:00:00Z,25.80278
2025-01-12T06:36:00Z,25.3559
2025-01-12T07:12:00Z,24.360317
2025-01-12T07:48:00Z,25.624308
2025-01-12T08:24:00Z,24.540886
2025-01-12T09:00:00Z,25.952972
2025-01-12T09:36:00Z,25.491556
2025-01-12T10:12:00Z,24.373854
2025-01-12T10:48:00Z,25.825417
2025-01-12T11:24:00Z,25.056257
2025-01-12T12:00:00Z,25.189617
2025-01-12T12:36:00Z,24.295214
2025-01-12T13:12:00Z,24.560793
2025-01-12T13:48:00Z,30.686106
2025-01-12T14:24:00Z,25.451998
2025-01-12T15:00:00Z,25.559423
2025-01-12T15:36:00Z,24.952147
2025-01-12T16:12:00Z,24.759964
2025-01-12T16:48:00Z,25.559692
2025-01-12T18:00:00Z,24.42407
2025-01-12T18:36:00Z,25.802126
2025-01-12T19:12:00Z,24.271687
2025-01-12T19:48:00Z,24.722326
2025-01-12T20:24:00Z,0
2025-01-12T21:00:00Z,25.012056
2025-01-12T21:36:00Z,25.84455
2025-01-12T22:12:00Z,25.426214
2025-01-12T22:48:00Z,25.89614
2025-01-12T23:24:00Z,25.032349
2025-01-13T00:00:00Z,24.828688
2025-01-13T00:36:00Z,0
2025-01-13T01:12:00Z,24.585266
2025-01-13T02:24:00Z,24.859318
2025-01-13T03:00:00Z,24.167173
2025-01-13T03:36:00Z,24.895868
2025-01-13T04:12:00Z,24.277792
2025-01-13T04:48:00Z,25.788134
2025-01-13T05:24:00Z,29.925161
2025-01-13T06:00:00Z,25.906605
2025-01-13T06:36:00Z,24.308016
2025-01-13T07:12:00Z,25.092712
2025-01-13T08:24:00Z,25.502514
2025-01-13T09:36:00Z,24.654568
2025-01-13T10:48:00Z,25.561954
2025-01-13T11:24:00Z,24.020231
2025-01-13T12:00:00Z,24.552782
2025-01-13T12:36:00Z,0
2025-01-13T13:12:00Z,25.342018
2025-01-13T13:48:00Z,24.698767
2025-01-13T14:24:00Z,25.75386
2025-01-13T15:00:00Z,25.203522
2025-01-13T15:36:00Z,25.868034
2025-01-13T16:48:00Z,24.446323
2025-01-13T17:24:00Z,24.823559
2025-01-13T18:00:00Z,24.539501
2025-01-13T18:36:00Z,25.917503
2025-01-13T19:12:00Z,24.666595
2025-01-13T20:24:00Z,25.106665
2025-01-13T21:00:00Z,24.383106
2025-01-13T21:36:00Z,24.787764
2025-01-13T22:12:00Z,24.0643
2025-01-13T22:48:00Z,25.710157
2025-01-13T23:24:00Z,24.840425
2025-01-14T00:00:00Z,0
2025-01-14T00:36:00Z,24.506014
2025-01-14T01:48:00Z,25.857252
2025-01-14T02:24:00Z,25.042866
2025-01-14T03:00:00Z,25.276066
2025-01-14T03:36:00Z,24.02397
2025-01-14T04:12:00Z,25.820484
2025-01-14T04:48:00Z,24.533915
2025-01-14T05:24:00Z,24.009027
2025-01-14T06:00:00Z,25.89717
2025-01-14T06:36:00Z,29.592138
2025-01-14T07:12:00Z,0
2025-01-14T07:48:00Z,24.206171
2025-01-14T08:24:00Z,24.598232
2025-01-14T09:00:00Z,24.51981
2025-01-14T09:36:00Z,25.6022
2025-01-14T10:12:00Z,25.066782
2025-01-14T10:48:00Z,25.554388
2025-01-14T11:24:00Z,24.612854
2025-01-14T12:00:00Z,25.749933
2025-01-14T13:12:00Z,25.820633
2025-01-14T13:48:00Z,24.07494
2025-01-14T14:24:00Z,30.809046
2025-01-14T15:00:00Z,25.585701
2025-01-14T15:36:00Z,25.745577
2025-01-14T16:48:00Z,24.240221
2025-01-14T17:24:00Z,25.405893
2025-01-14T19:12:00Z,24.73736
2025-01-14T19:48:00Z,25.085247
2025-01-14T20:24:00Z,24.262922
2025-01-14T21:36:00Z,24.428118
2025-01-14T22:12:00Z,24.808046
2025-01-14T22:48:00Z,0
2025-01-14T23:24:00Z,24.882833
2025-01-15T00:00:00Z,24.473232
2025-01-15T00:36:00Z,25.430706
2025-01-15T01:12:00Z,25.367685
2025-01-15T02:24:00Z,24.34118
2025-01-15T03:00:00Z,25.896553
2025-01-15T03:36:00Z,24.314129
2025-01-15T04:12:00Z,0
2025-01-15T04:48:00Z,24.70485
2025-01-15T05:24:00Z,24.24162
2025-01-15T06:00:00Z,24.772717
2025-01-15T06:36:00Z,24.427303
2025-01-15T07:12:00Z,25.006758
2025-01-15T07:48:00Z,0
2025-01-15T08:24:00Z,25.262672
2025-01-15T09:00:00Z,25.857777
2025-01-15T09:36:00Z,29.016157
2025-01-15T10:12:00Z,24.549452
2025-01-15T12:00:00Z,24.923475
2025-01-15T13:12:00Z,24.926254
2025-01-15T13:48:00Z,0
2025-01-15T14:24:00Z,24.427784
2025-01-15T15:00:00Z,24.159395
2025-01-15T15:36:00Z,25.88497
2025-01-15T16:12:00Z,25.284061
2025-01-15T16:48:00Z,30.326588
2025-01-15T17:24:00Z,0
2025-01-15T18:00:00Z,24.392382
2025-01-15T18:36:00Z,30.054338
2025-01-15T19:12:00Z,0
2025-01-15T19:48:00Z,30.116457
2025-01-15T20:24:00Z,24.165976
2025-01-15T21:00:00Z,24.191349
2025-01-15T21:36:00Z,0
2025-01-15T22:12:00Z,24.451569
2025-01-15T22:48:00Z,24.72881
2025-01-15T23:24:00Z,0
2025-01-16T00:00:00Z,25.715729
2025-01-16T00:36:00Z,25.374037
2025-01-16T01:12:00Z,25.694143
2025-01-16T01:48:00Z,24.887362
2025-01-16T02:24:00Z,30.41699
2025-01-16T03:00:00Z,0
2025-01-16T03:36:00Z,24.64672
2025-01-16T04:12:00Z,24.083508
2025-01-16T04:48:00Z,25.64012
2025-01-16T05:24:00Z,24.447754
2025-01-16T06:00:00Z,24.390743
2025-01-16T06:36:00Z,25.14232
2025-01-16T07:12:00Z,25.449492
2025-01-16T07:48:00Z,24.022377
2025-01-16T08:24:00Z,24.300222
2025-01-16T09:00:00Z,25.879993
2025-01-16T09:36:00Z,24.65864
2025-01-16T10:12:00Z,24.07417
2025-01-16T10:48:00Z,24.890934
2025-01-16T11:24:00Z,24.943115
2025-01-16T12:36:00Z,25.77793
2025-01-16T13:12:00Z,25.082853
2025-01-16T13:48:00Z,24.880894
2025-01-16T14:24:00Z,25.72797
2025-01-16T16:48:00Z,24.936077
2025-01-16T17:24:00Z,25.249588
2025-01-16T18:00:00Z,24.590788
2025-01-16T18:36:00Z,25.036945
2025-01-16T19:12:00Z,25.961906
2025-01-16T19:48:00Z,24.912811
2025-01-16T20:24:00Z,24.81268
2025-01-16T21:00:00Z,25.415913
2025-01-16T21:36:00Z,24.283913
2025-01-16T22:12:00Z,24.314606
2025-01-16T22:48:00Z,29.354425
2025-01-16T23:24:00Z,0
2025-01-17T00:00:00Z,24.668148
2025-01-17T00:36:00Z,25.068216
2025-01-17T01:12:00Z,24.154009
2025-01-17T01:48:00Z,25.466211
2025-01-17T02:24:00Z,25.745514
2025-01-17T03:00:00Z,24.24151
2025-01-17T03:36:00Z,24.160172
2025-01-17T04:12:00Z,30.640057
2025-01-17T04:48:00Z,0
2025-01-17T05:24:00Z,24.462362
2025-01-17T06:00:00Z,24.609356
2025-01-17T06:36:00Z,25.323809
2025-01-17T07:12:00Z,0
2025-01-17T07:48:00Z,24.947836
2025-01-17T08:24:00Z,24.406303
2025-01-17T09:00:00Z,29.76732
2025-01-17T09:36:00Z,25.188147
2025-01-17T10:48:00Z,24.179462
2025-01-17T11:24:00Z,25.82349
2025-01-17T12:00:00Z,0
2025-01-17T12:36:00Z,24.735826
2025-01-17T13:12:00Z,24.051474
2025-01-17T13:48:00Z,24.03419
2025-01-17T14:24:00Z,24.90184
2025-01-17T15:00:00Z,24.31188
2025-01-17T15:36:00Z,0
2025-01-17T16:12:00Z,25.312525
2025-01-17T16:48:00Z,0
2025-01-17T17:24:00Z,25.82387
2025-01-17T18:00:00Z,0
2025-01-17T18:36:00Z,25.722485
2025-01-17T19:48:00Z,24.58544
2025-01-17T21:00:00Z,25.792238
2025-01-17T21:36:00Z,24.264805
2025-01-17T22:12:00Z,24.548128
2025-01-17T23:24:00Z,25.712627
2025-01-18T00:00:00Z,25.092564
2025-01-18T00:36:00Z,25.027544
2025-01-18T01:12:00Z,24.29134
2025-01-18T01:48:00Z,25.336866
2025-01-18T02:24:00Z,25.845903
2025-01-18T03:00:00Z,0
2025-01-18T03:36:00Z,24.778038
2025-01-18T04:12:00Z,25.759829
2025-01-18T04:48:00Z,29.421576
2025-01-18T05:24:00Z,25.222704
2025-01-18T06:36:00Z,24.523144
2025-01-18T07:12:00Z,0
2025-01-18T07:48:00Z,0
2025-01-18T08:24:00Z,25.380713
2025-01-18T09:00:00Z,24.755802
2025-01-18T09:36:00Z,25.310368
2025-01-18T10:12:00Z,0
2025-01-18T10:48:00Z,24.333126
2025-01-18T11:24:00Z,24.320301
2025-01-18T12:00:00Z,25.228048
2025-01-18T12:36:00Z,25.461596
2025-01-18T13:12:00Z,24.960855
2025-01-18T13:48:00Z,30.662003
2025-01-18T14:24:00Z,0
2025-01-18T15:00:00Z,30.102154
2025-01-18T15:36:00Z,0
2025-01-18T16:12:00Z,24.670238
2025-01-18T17:24:00Z,25.775612
2025-01-18T18:00:00Z,25.965763
2025-01-18T18:36:00Z,0
2025-01-18T19:12:00Z,24.45679
2025-01-18T19:48:00Z,24.197277
2025-01-18T20:24:00Z,25.56544
2025-01-18T21:36:00Z,24.622425
2025-01-18T22:12:00Z,25.604906
2025-01-18T22:48:00Z,25.841728
2025-01-18T23:24:00Z,0
2025-01-19T00:00:00Z,24.083277
2025-01-19T00:36:00Z,25.625021
2025-01-19T01:12:00Z,24.41406
2025-01-19T01:48:00Z,24.919174
2025-01-19T02:24:00Z,30.112694
2025-01-19T03:00:00Z,0
2025-01-19T03:36:00Z,25.245817
2025-01-19T04:48:00Z,24.550915
2025-01-19T05:24:00Z,25.023851
2025-01-19T06:00:00Z,0
2025-01-19T06:36:00Z,25.444584
2025-01-19T07:12:00Z,24.56507
2025-01-19T07:48:00Z,25.61145
2025-01-19T08:24:00Z,30.219593
2025-01-19T09:00:00Z,25.886518
2025-01-19T09:36:00Z,24.763748
2025-01-19T10:12:00Z,24.650795
2025-01-19T11:24:00Z,25.57355
2025-01-19T12:00:00Z,24.103745
2025-01-19T12:36:00Z,24.834494
2025-01-19T13:12:00Z,25.033617
2025-01-19T13:48:00Z,25.922434
2025-01-19T14:24:00Z,25.212658
2025-01-19T15:00:00Z,25.790962
2025-01-19T15:36:00Z,24.683752
2025-01-19T16:48:00Z,24.704397
2025-01-19T17:24:00Z,25.249943
2025-01-19T18:00:00Z,24.550398
2025-01-19T19:12:00Z,24.509293
2025-01-19T19:48:00Z,29.144756
2025-01-19T20:24:00Z,25.79965
2025-01-19T21:00:00Z,24.112648
2025-01-19T21:36:00Z,24.495342
2025-01-19T22:48:00Z,24.496384
2025-01-19T23:24:00Z,25.670189
2025-01-20T01:12:00Z,24.91539
2025-01-20T01:48:00Z,25.160774
2025-01-20T02:24:00Z,30.240046
2025-01-20T03:00:00Z,25.770018
2025-01-20T03:36:00Z,24.018656
2025-01-20T04:48:00Z,24.57245
2025-01-20T05:24:00Z,25.63929
2025-01-20T06:00:00Z,24.548359
2025-01-20T06:36:00Z,25.242987
2025-01-20T07:12:00Z,29.855536
2025-01-20T07:48:00Z,25.951027
2025-01-20T08:24:00Z,25.071537
2025-01-20T09:36:00Z,25.549074
2025-01-20T10:12:00Z,24.539484
2025-01-20T10:48:00Z,25.840338
2025-01-20T12:00:00Z,25.282618
2025-01-20T13:12:00Z,25.461403
2025-01-20T13:48:00Z,24.400833
2025-01-20T16:12:00Z,25.475307
2025-01-20T16:48:00Z,25.425888
2025-01-20T17:24:00Z,24.493868
2025-01-20T18:00:00Z,25.340956
2025-01-20T18:36:00Z,25.600983
2025-01-20T19:12:00Z,24.501703
2025-01-20T19:48:00Z,24.788097
2025-01-20T20:24:00Z,0
2025-01-20T21:00:00Z,29.62412
2025-01-20T21:36:00Z,25.603785
2025-01-20T22:12:00Z,24.0339
2025-01-20T22:48:00Z,24.392538
2025-01-20T23:24:00Z,30.906553
2025-01-21T00:00:00Z,24.584179
2025-01-21T00:36:00Z,25.87538
2025-01-21T01:48:00Z,25.030384
2025-01-21T02:24:00Z,25.936535
2025-01-21T03:00:00Z,24.094679
2025-01-21T03:36:00Z,25.512665
2025-01-21T04:12:00Z,25.161877
2025-01-21T04:48:00Z,24.010504
2025-01-21T05:24:00Z,25.194933
2025-01-21T06:00:00Z,24.475677
2025-01-21T06:36:00Z,25.60931
2025-01-21T07:12:00Z,24.22262
2025-01-21T07:48:00Z,0
2025-01-21T08:24:00Z,24.044092
2025-01-21T09:00:00Z,25.277834
2025-01-21T09:36:00Z,24.832222
2025-01-21T10:12:00Z,29.968824
2025-01-21T10:48:00Z,24.055458
2025-01-21T12:00:00Z,25.196817
2025-01-21T12:36:00Z,24.10202
2025-01-21T13:12:00Z,25.381836
2025-01-21T13:48:00Z,24.786676
2025-01-21T14:24:00Z,25.101618
2025-01-21T15:00:00Z,0
2025-01-21T15:36:00Z,24.87866
2025-01-21T16:12:00Z,25.081514
2025-01-21T16:48:00Z,25.96593
2025-01-21T17:24:00Z,25.461731
2025-01-21T18:00:00Z,24.490341
2025-01-21T18:36:00Z,25.738731
2025-01-21T19:12:00Z,25.065228
2025-01-21T19:48:00Z,24.987707
2025-01-21T20:24:00Z,25.663298
2025-01-21T21:00:00Z,25.031189
2025-01-21T22:48:00Z,24.97335
2025-01-21T23:24:00Z,25.428356
2025-01-22T00:00:00Z,24.403797
2025-01-22T00:36:00Z,24.52574
2025-01-22T01:12:00Z,25.972902
2025-01-22T01:48:00Z,25.014265
2025-01-22T02:24:00Z,25.272749
2025-01-22T03:00:00Z,24.882362
2025-01-22T03:36:00Z,24.94343
2025-01-22T04:12:00Z,24.064728
2025-01-22T05:24:00Z,25.585432
2025-01-22T06:00:00Z,25.11497
2025-01-22T06:36:00Z,25.418673
2025-01-22T07:12:00Z,24.459053
2025-01-22T07:48:00Z,24.893887
2025-01-22T08:24:00Z,0
2025-01-22T09:00:00Z,25.655079
2025-01-22T09:36:00Z,24.573633
2025-01-22T10:12:00Z,25.030115
2025-01-22T10:48:00Z,24.811674
2025-01-22T11:24:00Z,25.41748
2025-01-22T12:00:00Z,24.519215
2025-01-22T12:36:00Z,24.028776
2025-01-22T13:12:00Z,29.519156
2025-01-22T13:48:00Z,25.37282
2025-01-22T15:00:00Z,25.75141
2025-01-22T15:36:00Z,29.01436
2025-01-22T16:12:00Z,25.494656
2025-01-22T16:48:00Z,24.821953
2025-01-22T17:24:00Z,25.97171
2025-01-22T18:00:00Z,25.589228
2025-01-22T18:36:00Z,24.193338
2025-01-22T19:12:00Z,24.82952
2025-01-22T19:48:00Z,0
2025-01-22T20:24:00Z,25.876663
2025-01-22T21:36:00Z,25.882738
2025-01-22T22:12:00Z,24.806173
2025-01-22T23:24:00Z,25.877745
2025-01-23T00:00:00Z,24.061396
2025-01-23T00:36:00Z,0
2025-01-23T01:12:00Z,25.39557
2025-01-23T01:48:00Z,25.84928
2025-01-23T02:24:00Z,25.32246
2025-01-23T03:00:00Z,0
2025-01-23T03:36:00Z,29.916115
2025-01-23T04:12:00Z,24.929272
2025-01-23T04:48:00Z,25.127733
2025-01-23T05:24:00Z,24.83436
2025-01-23T06:36:00Z,25.81767
2025-01-23T07:12:00Z,25.388254
2025-01-23T07:48:00Z,25.764906
2025-01-23T08:24:00Z,24.012377
2025-01-23T09:00:00Z,24.938023
2025-01-23T09:36:00Z,0
2025-01-23T10:12:00Z,24.51059
2025-01-23T10:48:00Z,25.700815
2025-01-23T11:24:00Z,25.769041
2025-01-23T12:00:00Z,24.53677
2025-01-23T12:36:00Z,24.086655
2025-01-23T13:48:00Z,24.104107
2025-01-23T15:00:00Z,25.846302
2025-01-23T15:36:00Z,25.703306
2025-01-23T16:12:00Z,0
2025-01-23T16:48:00Z,24.471321
2025-01-23T17:24:00Z,25.925932
2025-01-23T18:00:00Z,25.403067
2025-01-23T18:36:00Z,30.36918
2025-01-23T19:12:00Z,0
2025-01-23T19:48:00Z,25.61772
2025-01-23T20:24:00Z,25.852325
2025-01-23T21:00:00Z,25.48396
2025-01-23T21:36:00Z,0
2025-01-23T22:12:00Z,24.799234
2025-01-23T22:48:00Z,25.044008
2025-01-23T23:24:00Z,24.550667
2025-01-24T00:00:00Z,25.33998
2025-01-24T01:12:00Z,25.369684
2025-01-24T01:48:00Z,24.315706
2025-01-24T02:24:00Z,24.068504
2025-01-24T03:00:00Z,25.685003
2025-01-24T03:36:00Z,25.129498
2025-01-24T04:12:00Z,29.354322
2025-01-24T04:48:00Z,0
2025-01-24T05:24:00Z,24.492634
2025-01-24T06:00:00Z,24.781874
2025-01-24T06:36:00Z,0
2025-01-24T07:12:00Z,24.029799
2025-01-24T08:24:00Z,25.037233
2025-01-24T09:36:00Z,25.25798
2025-01-24T10:12:00Z,29.078451
2025-01-24T10:48:00Z,24.781796
2025-01-24T11:24:00Z,24.619902
2025-01-24T12:00:00Z,25.588156
2025-01-24T12:36:00Z,25.741703
2025-01-24T13:12:00Z,24.72957
2025-01-24T13:48:00Z,25.906013
2025-01-24T14:24:00Z,25.277306
2025-01-24T15:36:00Z,25.608616
2025-01-24T16:12:00Z,24.675797
2025-01-24T16:48:00Z,24.235035
2025-01-24T17:24:00Z,25.617004
2025-01-24T19:12:00Z,25.109852
2025-01-24T19:48:00Z,0
2025-01-24T20:24:00Z,29.708614
2025-01-24T21:00:00Z,0
2025-01-24T21:36:00Z,24.910185
2025-01-24T22:12:00Z,29.53449
2025-01-24T22:48:00Z,25.380186
2025-01-24T23:24:00Z,25.253672
2025-01-25T00:00:00Z,25.718393
2025-01-25T01:12:00Z,25.267967
2025-01-25T01:48:00Z,24.332302
2025-01-25T02:24:00Z,25.855888
2025-01-25T03:00:00Z,24.720404
2025-01-25T03:36:00Z,24.027563
2025-01-25T04:12:00Z,25.591059
2025-01-25T04:48:00Z,25.991644
2025-01-25T06:00:00Z,24.817076
2025-01-25T06:36:00Z,25.20846
2025-01-25T08:24:00Z,24.716854
2025-01-25T09:00:00Z,24.255575
2025-01-25T09:36:00Z,24.195368
2025-01-25T10:12:00Z,25.009054
2025-01-25T10:48:00Z,24.297901
2025-01-25T11:24:00Z,24.148188
2025-01-25T12:00:00Z,0
2025-01-25T12:36:00Z,25.233395
2025-01-25T13:12:00Z,24.365051
2025-01-25T13:48:00Z,25.598362
2025-01-25T14:24:00Z,24.674109
2025-01-25T15:36:00Z,24.84344
2025-01-25T16:48:00Z,24.042757
2025-01-25T17:24:00Z,25.596691
2025-01-25T18:00:00Z,25.19747
2025-01-25T19:12:00Z,25.922913
2025-01-25T19:48:00Z,25.155773
2025-01-25T20:24:00Z,30.265032
2025-01-25T21:00:00Z,0
2025-01-25T21:36:00Z,25.508776
2025-01-25T22:12:00Z,25.49165
2025-01-25T22:48:00Z,30.772223
2025-01-25T23:24:00Z,25.796612
2025-01-26T00:00:00Z,25.190275
2025-01-26T00:36:00Z,0
2025-01-26T01:12:00Z,25.772144
2025-01-26T01:48:00Z,24.789354
2025-01-26T02:24:00Z,24.563671
2025-01-26T03:00:00Z,25.410585
2025-01-26T03:36:00Z,24.401985
2025-01-26T04:12:00Z,0
2025-01-26T04:48:00Z,29.86174
2025-01-26T05:24:00Z,24.046183
2025-01-26T06:36:00Z,24.256975
2025-01-26T07:48:00Z,25.30698
2025-01-26T08:24:00Z,24.888748
2025-01-26T09:00:00Z,25.828068
2025-01-26T09:36:00Z,0
2025-01-26T10:12:00Z,0
2025-01-26T10:48:00Z,25.701508
2025-01-26T12:00:00Z,25.303123
2025-01-26T12:36:00Z,25.948969
2025-01-26T13:12:00Z,25.567633
2025-01-26T13:48:00Z,25.89507
2025-01-26T14:24:00Z,25.650093
2025-01-26T15:00:00Z,24.315695
2025-01-26T15:36:00Z,25.552046
2025-01-26T16:12:00Z,24.257828
2025-01-26T16:48:00Z,24.124693
2025-01-26T17:24:00Z,25.59051
2025-01-26T18:00:00Z,25.159607
2025-01-26T18:36:00Z,25.633547
2025-01-26T19:12:00Z,25.634804
2025-01-26T19:48:00Z,24.180298
2025-01-26T20:24:00Z,25.921625
2025-01-26T21:00:00Z,0
2025-01-26T21:36:00Z,24.776028
2025-01-26T22:12:00Z,25.394575
2025-01-26T22:48:00Z,30.339304
2025-01-26T23:24:00Z,0
2025-01-27T00:00:00Z,24.144154
2025-01-27T00:36:00Z,25.021603
2025-01-27T01:48:00Z,25.323374
2025-01-27T02:24:00Z,24.199997
2025-01-27T03:00:00Z,25.957876
2025-01-27T03:36:00Z,25.357016
2025-01-27T04:12:00Z,24.233091
2025-01-27T04:48:00Z,24.507437
2025-01-27T05:24:00Z,25.469095
2025-01-27T06:00:00Z,24.076633
2025-01-27T06:36:00Z,24.629538
2025-01-27T07:48:00Z,24.718649
2025-01-27T08:24:00Z,25.226734
2025-01-27T09:36:00Z,24.870981
2025-01-27T10:12:00Z,24.16427
2025-01-27T11:24:00Z,24.631655
2025-01-27T12:00:00Z,25.82119
2025-01-27T12:36:00Z,25.068596
2025-01-27T13:12:00Z,25.153734
2025-01-27T13:48:00Z,24.195992
2025-01-27T14:24:00Z,24.016697
2025-01-27T15:00:00Z,25.467842
2025-01-27T15:36:00Z,30.435724
2025-01-27T16:12:00Z,0
2025-01-27T16:48:00Z,24.284746
2025-01-27T17:24:00Z,25.692076
2025-01-27T18:00:00Z,25.80716
2025-01-27T18:36:00Z,0
2025-01-27T19:12:00Z,24.157988
2025-01-27T19:48:00Z,25.05232
2025-01-27T20:24:00Z,24.127062
2025-01-27T21:00:00Z,24.140253
2025-01-27T21:36:00Z,29.964851
2025-01-27T22:12:00Z,25.360088
2025-01-27T22:48:00Z,24.11569
2025-01-27T23:24:00Z,25.315233
2025-01-28T00:36:00Z,24.315826
2025-01-28T01:12:00Z,24.717348
2025-01-28T01:48:00Z,24.112219
2025-01-28T02:24:00Z,24.559225
2025-01-28T03:36:00Z,24.003916
2025-01-28T04:12:00Z,25.195147
2025-01-28T04:48:00Z,25.822992
2025-01-28T05:24:00Z,24.494343
2025-01-28T06:00:00Z,24.789257
2025-01-28T06:36:00Z,25.761505
2025-01-28T07:12:00Z,25.410475
2025-01-28T07:48:00Z,25.981892
2025-01-28T08:24:00Z,0
2025-01-28T09:00:00Z,25.310366
2025-01-28T09:36:00Z,25.088636
2025-01-28T10:12:00Z,25.976862
2025-01-28T10:48:00Z,25.011522
2025-01-28T11:24:00Z,24.816357
2025-01-28T12:00:00Z,25.97442
2025-01-28T12:36:00Z,25.613111
2025-01-28T13:12:00Z,24.518782
2025-01-28T13:48:00Z,0
2025-01-28T14:24:00Z,25.957285
2025-01-28T15:00:00Z,24.428371
2025-01-28T15:36:00Z,0
2025-01-28T16:12:00Z,24.140322
2025-01-28T16:48:00Z,24.22612
2025-01-28T17:24:00Z,25.668423
2025-01-28T18:00:00Z,24.30491
2025-01-28T18:36:00Z,25.424946
2025-01-28T19:12:00Z,0
2025-01-28T19:48:00Z,24.475435
2025-01-28T20:24:00Z,24.48667
2025-01-28T21:00:00Z,25.00825
2025-01-28T21:36:00Z,25.99553
2025-01-28T22:12:00Z,25.087818
2025-01-28T22:48:00Z,30.705853
2025-01-28T23:24:00Z,0
2025-01-29T00:00:00Z,24.31435
2025-01-29T00:36:00Z,25.554842
2025-01-29T01:12:00Z,24.488152
2025-01-29T01:48:00Z,25.943228
2025-01-29T02:24:00Z,24.921297
2025-01-29T03:00:00Z,25.856659
2025-01-29T03:36:00Z,25.301022
2025-01-29T04:12:00Z,25.27589
2025-01-29T04:48:00Z,30.935106
2025-01-29T05:24:00Z,24.600946
2025-01-29T06:36:00Z,25.135105
2025-01-29T07:12:00Z,24.254932
2025-01-29T07:48:00Z,24.048735
2025-01-29T09:00:00Z,25.698442
2025-01-29T09:36:00Z,0
2025-01-29T10:12:00Z,25.718904
2025-01-29T10:48:00Z,24.517332
2025-01-29T11:24:00Z,25.692167
2025-01-29T12:00:00Z,24.775913
2025-01-29T12:36:00Z,25.5637
2025-01-29T13:12:00Z,24.453203
2025-01-29T13:48:00Z,24.818483
2025-01-29T14:24:00Z,24.421465
2025-01-29T15:00:00Z,25.508451
2025-01-29T15:36:00Z,24.536724
2025-01-29T16:48:00Z,24.452276
2025-01-29T17:24:00Z,29.504158
2025-01-29T18:00:00Z,25.747116
2025-01-29T19:12:00Z,24.174097
2025-01-29T19:48:00Z,24.40203
2025-01-29T20:24:00Z,0
2025-01-29T21:00:00Z,24.210947
2025-01-29T21:36:00Z,0
2025-01-29T22:12:00Z,24.56899
2025-01-29T22:48:00Z,29.530466
2025-01-29T23:24:00Z,24.074347
2025-01-30T00:00:00Z,25.123148
2025-01-30T00:36:00Z,25.302551
2025-01-30T01:12:00Z,0
2025-01-30T01:48:00Z,24.962368
2025-01-30T02:24:00Z,24.484116
2025-01-30T03:00:00Z,25.603334
2025-01-30T03:36:00Z,24.208458
2025-01-30T04:48:00Z,25.208315
2025-01-30T05:24:00Z,25.40639
2025-01-30T06:00:00Z,24.146168
2025-01-30T06:36:00Z,0
2025-01-30T07:12:00Z,25.249697
2025-01-30T07:48:00Z,24.137945
2025-01-30T09:36:00Z,24.608023
2025-01-30T10:12:00Z,24.454573
2025-01-30T10:48:00Z,25.430214
2025-01-30T11:24:00Z,24.592167
2025-01-30T12:00:00Z,25.44158
2025-01-30T13:12:00Z,24.535593
2025-01-30T13:48:00Z,0
2025-01-30T14:24:00Z,0
2025-01-30T15:00:00Z,24.809885
2025-01-30T15:36:00Z,25.933327
2025-01-30T16:12:00Z,24.322947
2025-01-30T16:48:00Z,29.246681
2025-01-30T17:24:00Z,25.199202
2025-01-30T18:00:00Z,25.645166
2025-01-30T18:36:00Z,25.246338
2025-01-30T19:12:00Z,24.113703
2025-01-30T19:48:00Z,25.884136
2025-01-30T21:00:00Z,25.145842
2025-01-30T21:36:00Z,24.08104
2025-01-30T22:12:00Z,24.633001
2025-01-30T22:48:00Z,25.900637
2025-01-30T23:24:00Z,24.132029
2025-01-31T00:00:00Z,25.225508
2025-01-31T00:36:00Z,30.618324
2025-01-31T01:12:00Z,25.188862
2025-01-31T01:48:00Z,25.115156
2025-01-31T02:24:00Z,0
2025-01-31T03:00:00Z,24.792555
2025-01-31T04:12:00Z,24.603174
2025-01-31T04:48:00Z,30.305346
2025-01-31T05:24:00Z,25.06834
2025-01-31T06:00:00Z,29.304401
2025-01-31T06:36:00Z,25.20544
2025-01-31T07:48:00Z,25.838707
2025-01-31T08:24:00Z,24.688904
2025-01-31T09:00:00Z,24.785309
2025-01-31T09:36:00Z,24.23657
2025-01-31T10:12:00Z,30.853756
2025-01-31T10:48:00Z,24.864977
2025-01-31T11:24:00Z,25.72941
2025-01-31T12:00:00Z,24.308933
2025-01-31T12:36:00Z,25.146759
2025-01-31T13:12:00Z,24.376637
2025-01-31T13:48:00Z,24.123491
2025-01-31T14:24:00Z,25.190105
2025-01-31T15:00:00Z,24.325417
2025-01-31T15:36:00Z,24.090528
2025-01-31T16:12:00Z,25.092169
2025-01-31T16:48:00Z,24.231375
2025-01-31T18:00:00Z,25.38937
2025-01-31T18:36:00Z,25.363024
2025-01-31T19:12:00Z,29.229433
2025-01-31T19:48:00Z,0
2025-01-31T20:24:00Z,24.40413
2025-01-31T21:00:00Z,29.851566
2025-01-31T21:36:00Z,0
2025-01-31T22:12:00Z,24.062239
2025-01-31T22:48:00Z,24.675114
2025-01-31T23:24:00Z,24.238897
2025-02-01T00:00:00Z,25.328138
2025-02-01T00:36:00Z,25.345749
2025-02-01T01:12:00Z,24.156195
2025-02-01T01:48:00Z,25.153013
2025-02-01T02:24:00Z,30.818153
2025-02-01T03:00:00Z,25.415623
2025-02-01T03:36:00Z,29.266428
2025-02-01T04:12:00Z,0
2025-02-01T04:48:00Z,25.681992
2025-02-01T06:00:00Z,25.383888
2025-02-01T06:36:00Z,29.662474
2025-02-01T07:12:00Z,25.010359
2025-02-01T07:48:00Z,25.917023
2025-02-01T08:24:00Z,25.016489
2025-02-01T09:00:00Z,25.420736
2025-02-01T09:36:00Z,30.23112
2025-02-01T10:12:00Z,0
2025-02-01T10:48:00Z,24.064985
2025-02-01T11:24:00Z,24.331772
2025-02-01T12:00:00Z,24.024233
2025-02-01T12:36:00Z,24.953602
2025-02-01T13:12:00Z,24.166338
2025-02-01T13:48:00Z,24.792053
2025-02-01T14:24:00Z,24.121279
2025-02-01T15:00:00Z,24.304781
2025-02-01T15:36:00Z,0
2025-02-01T16:12:00Z,25.939342
2025-02-01T16:48:00Z,0
2025-02-01T17:24:00Z,30.551115
2025-02-01T18:00:00Z,24.193005
2025-02-01T18:36:00Z,25.96067
2025-02-01T19:12:00Z,24.478823
2025-02-01T19:48:00Z,29.696733
2025-02-01T20:24:00Z,0
2025-02-01T21:00:00Z,25.298708
2025-02-01T21:36:00Z,25.377485
2025-02-01T22:12:00Z,25.054535
2025-02-01T22:48:00Z,25.512213
2025-02-01T23:24:00Z,24.095898
2025-02-02T00:00:00Z,24.126167
2025-02-02T00:36:00Z,25.197603
2025-02-02T01:12:00Z,24.567669
2025-02-02T01:48:00Z,25.622744
2025-02-02T02:24:00Z,24.00215
2025-02-02T03:00:00Z,25.315533
2025-02-02T03:36:00Z,24.554174
2025-02-02T04:12:00Z,24.94903
2025-02-02T04:48:00Z,24.187586
2025-02-02T05:24:00Z,25.26782
2025-02-02T06:00:00Z,24.559952
2025-02-02T07:12:00Z,25.306776
2025-02-02T07:48:00Z,24.599014
2025-02-02T08:24:00Z,30.178164
2025-02-02T09:00:00Z,24.32593
2025-02-02T09:36:00Z,25.168346
2025-02-02T10:12:00Z,24.437153
2025-02-02T11:24:00Z,25.325771
2025-02-02T12:00:00Z,29.13085
2025-02-02T12:36:00Z,24.328178
2025-02-02T13:12:00Z,24.239243
2025-02-02T13:48:00Z,29.14418
2025-02-02T14:24:00Z,24.02376
2025-02-02T15:00:00Z,25.315819
2025-02-02T15:36:00Z,24.239779
2025-02-02T16:12:00Z,25.903984
2025-02-02T16:48:00Z,29.320547
2025-02-02T17:24:00Z,25.122519
2025-02-02T18:00:00Z,25.812683
2025-02-02T18:36:00Z,29.217012
2025-02-02T19:12:00Z,0
2025-02-02T19:48:00Z,24.273415
2025-02-02T20:24:00Z,24.045471
2025-02-02T21:00:00Z,24.795563
2025-02-02T21:36:00Z,24.561764
2025-02-02T22:12:00Z,25.731398
2025-02-02T22:48:00Z,24.217207
2025-02-02T23:24:00Z,25.352495
2025-02-03T00:00:00Z,25.14298
2025-02-03T00:36:00Z,24.045881
2025-02-03T01:12:00Z,24.121899
2025-02-03T01:48:00Z,24.967396
2025-02-03T02:24:00Z,24.187695
2025-02-03T03:00:00Z,25.322298
2025-02-03T03:36:00Z,25.597778
2025-02-03T04:12:00Z,0
2025-02-03T04:48:00Z,25.45702
2025-02-03T05:24:00Z,24.231699
2025-02-03T06:00:00Z,29.538525
2025-02-03T06:36:00Z,24.012283
2025-02-03T07:12:00Z,25.065983
2025-02-03T08:24:00Z,25.843111
2025-02-03T09:00:00Z,24.209343
2025-02-03T09:36:00Z,29.271109
2025-02-03T10:12:00Z,24.563923
2025-02-03T10:48:00Z,25.38762
2025-02-03T11:24:00Z,0
2025-02-03T12:00:00Z,24.681484
2025-02-03T12:36:00Z,24.880396
2025-02-03T13:12:00Z,24.02722
2025-02-03T13:48:00Z,0
2025-02-03T14:24:00Z,25.16784
2025-02-03T15:00:00Z,25.424843
2025-02-03T15:36:00Z,0
2025-02-03T16:12:00Z,25.066408
2025-02-03T16:48:00Z,24.570368
2025-02-03T17:24:00Z,25.095434
2025-02-03T18:00:00Z,25.147032
2025-02-03T18:36:00Z,24.337334
2025-02-03T19:12:00Z,25.373142
2025-02-03T19:48:00Z,0
2025-02-03T20:24:00Z,24.464418
2025-02-03T21:00:00Z,0
2025-02-03T21:36:00Z,24.86717
2025-02-03T22:12:00Z,25.918941
2025-02-03T22:48:00Z,25.749477
2025-02-03T23:24:00Z,0
2025-02-04T00:00:00Z,24.325117
2025-02-04T01:12:00Z,25.54506
2025-02-04T02:24:00Z,25.811974
2025-02-04T03:00:00Z,25.663486
2025-02-04T03:36:00Z,24.415312
2025-02-04T04:48:00Z,25.75236
2025-02-04T05:24:00Z,24.852108
2025-02-04T06:00:00Z,25.496262
2025-02-04T06:36:00Z,0
2025-02-04T07:12:00Z,25.402876
2025-02-04T07:48:00Z,24.07774
2025-02-04T08:24:00Z,0
2025-02-04T09:00:00Z,25.076412
2025-02-04T09:36:00Z,25.911045
2025-02-04T10:12:00Z,24.74642
2025-02-04T10:48:00Z,25.424425
2025-02-04T12:00:00Z,24.55102
2025-02-04T12:36:00Z,25.670395
2025-02-04T13:12:00Z,24.979935
2025-02-04T14:24:00Z,25.766903
2025-02-04T15:36:00Z,24.62757
2025-02-04T16:12:00Z,29.135809
2025-02-04T16:48:00Z,24.809858
2025-02-04T17:24:00Z,25.78635
2025-02-04T18:00:00Z,24.60358
2025-02-04T18:36:00Z,24.726454
2025-02-04T19:12:00Z,24.014044
2025-02-04T19:48:00Z,25.459173
2025-02-04T20:24:00Z,24.515812
2025-02-04T21:00:00Z,24.093489
2025-02-04T22:12:00Z,24.952135
2025-02-04T22:48:00Z,24.335924
2025-02-04T23:24:00Z,25.458105
2025-02-05T00:00:00Z,24.200525
2025-02-05T00:36:00Z,24.862772
2025-02-05T01:12:00Z,24.113188
2025-02-05T01:48:00Z,25.121634
2025-02-05T02:24:00Z,24.13673
2025-02-05T03:00:00Z,0
2025-02-05T03:36:00Z,25.41349
2025-02-05T04:12:00Z,0
2025-02-05T04:48:00Z,25.314352
2025-02-05T05:24:00Z,24.500443
2025-02-05T06:00:00Z,30.669632
2025-02-05T06:36:00Z,24.201384
2025-02-05T07:12:00Z,25.700062
2025-02-05T07:48:00Z,25.693068
2025-02-05T08:24:00Z,0
2025-02-05T09:00:00Z,24.039587
2025-02-05T09:36:00Z,25.822147
2025-02-05T10:48:00Z,25.727234
2025-02-05T11:24:00Z,24.898083
2025-02-05T12:00:00Z,25.35717
2025-02-05T12:36:00Z,25.239761
2025-02-05T13:12:00Z,24.635761
2025-02-05T13:48:00Z,25.362345
2025-02-05T14:24:00Z,25.490078
2025-02-05T15:00:00Z,0
2025-02-05T15:36:00Z,25.112139
2025-02-05T16:12:00Z,25.597916
2025-02-05T16:48:00Z,25.448092
2025-02-05T17:24:00Z,24.646646
2025-02-05T18:00:00Z,25.819628
2025-02-05T19:12:00Z,24.865145
2025-02-05T19:48:00Z,29.291132
2025-02-05T20:24:00Z,25.84806
2025-02-05T21:00:00Z,24.24735
2025-02-05T21:36:00Z,0
2025-02-05T22:12:00Z,24.073267
2025-02-05T22:48:00Z,29.736696
2025-02-05T23:24:00Z,24.783321
2025-02-06T00:00:00Z,24.317982
2025-02-06T01:12:00Z,25.753876
2025-02-06T01:48:00Z,25.476616
2025-02-06T02:24:00Z,25.708767
2025-02-06T03:00:00Z,24.540426
2025-02-06T03:36:00Z,25.005226
2025-02-06T04:12:00Z,24.85013
2025-02-06T04:48:00Z,25.213795
2025-02-06T05:24:00Z,0
2025-02-06T06:00:00Z,25.30963
2025-02-06T06:36:00Z,24.62321
2025-02-06T07:12:00Z,24.619728
2025-02-06T07:48:00Z,24.019888
2025-02-06T08:24:00Z,25.47918
2025-02-06T09:36:00Z,24.579561
2025-02-06T10:12:00Z,24.578215
2025-02-06T10:48:00Z,25.16647
2025-02-06T11:24:00Z,24.570705
2025-02-06T12:00:00Z,25.405853
2025-02-06T12:36:00Z,24.698256
2025-02-06T13:48:00Z,25.8964
2025-02-06T14:24:00Z,24.879284
2025-02-06T15:00:00Z,29.21892
2025-02-06T15:36:00Z,24.93384
2025-02-06T16:12:00Z,24.18898
2025-02-06T17:24:00Z,25.089878
2025-02-06T18:00:00Z,24.507977
2025-02-06T18:36:00Z,25.578588
2025-02-06T19:12:00Z,24.651966
2025-02-06T19:48:00Z,24.519924
2025-02-06T21:00:00Z,25.043165
2025-02-06T21:36:00Z,24.757507
2025-02-06T22:12:00Z,30.491573
2025-02-06T22:48:00Z,0
2025-02-06T23:24:00Z,25.327023
2025-02-07T00:36:00Z,24.43807
2025-02-07T01:12:00Z,0
2025-02-07T01:48:00Z,24.873585
2025-02-07T02:24:00Z,0
2025-02-07T03:00:00Z,25.334414
2025-02-07T03:36:00Z,24.05094
2025-02-07T04:12:00Z,24.458424
2025-02-07T04:48:00Z,25.369581
2025-02-07T05:24:00Z,25.317308
2025-02-07T06:00:00Z,24.210497
2025-02-07T06:36:00Z,24.22766
2025-02-07T07:12:00Z,0
2025-02-07T07:48:00Z,24.518692
2025-02-07T08:24:00Z,24.053963
2025-02-07T09:00:00Z,0
2025-02-07T09:36:00Z,25.503805
2025-02-07T10:48:00Z,25.81482
2025-02-07T11:24:00Z,24.361189
2025-02-07T12:00:00Z,25.238125
2025-02-07T12:36:00Z,24.989058
2025-02-07T13:12:00Z,24.262804
2025-02-07T13:48:00Z,25.042568
2025-02-07T14:24:00Z,25.234241
2025-02-07T15:00:00Z,25.827137
2025-02-07T15:36:00Z,0
2025-02-07T16:12:00Z,30.086006
2025-02-07T16:48:00Z,0
2025-02-07T17:24:00Z,25.170597
2025-02-07T18:00:00Z,0
2025-02-07T18:36:00Z,24.413958
2025-02-07T19:12:00Z,0
2025-02-07T19:48:00Z,24.340658
2025-02-07T21:00:00Z,25.583458
2025-02-07T21:36:00Z,25.001503
2025-02-07T22:12:00Z,24.989548
2025-02-07T22:48:00Z,24.17042
2025-02-08T00:00:00Z,25.676403
2025-02-08T00:36:00Z,25.654728
2025-02-08T01:12:00Z,24.069696
2025-02-08T02:24:00Z,24.77171
2025-02-08T03:00:00Z,24.309431
2025-02-08T03:36:00Z,30.811533
2025-02-08T04:12:00Z,25.652006
2025-02-08T04:48:00Z,24.680758
2025-02-08T05:24:00Z,0
2025-02-08T06:00:00Z,30.150928
2025-02-08T06:36:00Z,0
2025-02-08T07:12:00Z,29.27726
2025-02-08T07:48:00Z,24.372393
2025-02-08T09:36:00Z,25.658157
2025-02-08T10:12:00Z,24.643782
2025-02-08T12:36:00Z,24.057077
2025-02-08T13:12:00Z,24.18282
2025-02-08T13:48:00Z,25.663631
2025-02-08T14:24:00Z,24.26507
2025-02-08T15:00:00Z,25.241114
2025-02-08T15:36:00Z,24.986906
2025-02-08T16:12:00Z,29.92518
2025-02-08T16:48:00Z,0
2025-02-08T17:24:00Z,25.034899
2025-02-08T18:00:00Z,25.804312
2025-02-08T18:36:00Z,24.072567
2025-02-08T20:24:00Z,25.837362
2025-02-08T21:00:00Z,25.278511
2025-02-08T21:36:00Z,24.018776
2025-02-08T22:12:00Z,24.913435
2025-02-08T22:48:00Z,24.717943
2025-02-08T23:24:00Z,25.83693
2025-02-09T00:00:00Z,24.226534
2025-02-09T01:48:00Z,24.33765
2025-02-09T02:24:00Z,24.021755
2025-02-09T03:36:00Z,25.404406
2025-02-09T04:48:00Z,24.503708
2025-02-09T05:24:00Z,24.548512
2025-02-09T06:00:00Z,25.412647
2025-02-09T06:36:00Z,24.147964
2025-02-09T07:48:00Z,25.464172
2025-02-09T09:00:00Z,24.349234
2025-02-09T09:36:00Z,30.485533
2025-02-09T10:12:00Z,24.115341
2025-02-09T10:48:00Z,24.76008
2025-02-09T11:24:00Z,25.003983
2025-02-09T12:00:00Z,24.096212
2025-02-09T12:36:00Z,25.839523
2025-02-09T13:12:00Z,0
2025-02-09T13:48:00Z,25.245382
2025-02-09T14:24:00Z,0
2025-02-09T15:00:00Z,24.046442
2025-02-09T15:36:00Z,24.637806
2025-02-09T16:12:00Z,24.311148
2025-02-09T16:48:00Z,25.982342
2025-02-09T17:24:00Z,25.241024
2025-02-09T18:00:00Z,29.04534
2025-02-09T18:36:00Z,24.156458
2025-02-09T19:12:00Z,24.167028
2025-02-09T19:48:00Z,25.751154
2025-02-09T20:24:00Z,25.864307
2025-02-09T21:00:00Z,30.84918
2025-02-09T21:36:00Z,25.820915
2025-02-09T22:12:00Z,24.690292
2025-02-09T22:48:00Z,25.786966
2025-02-09T23:24:00Z,24.067154
2025-02-10T00:00:00Z,25.278175
2025-02-10T00:36:00Z,25.766684
2025-02-10T01:12:00Z,24.283846
2025-02-10T01:48:00Z,29.58659
2025-02-10T02:24:00Z,25.030554
2025-02-10T03:00:00Z,24.1874
2025-02-10T03:36:00Z,24.469961
2025-02-10T04:12:00Z,25.515074
2025-02-10T04:48:00Z,25.923613
2025-02-10T05:24:00Z,25.097538
2025-02-10T06:36:00Z,24.527
2025-02-10T07:48:00Z,24.930468
2025-02-10T09:00:00Z,24.616467
2025-02-10T09:36:00Z,24.019793
2025-02-10T10:48:00Z,25.850384
2025-02-10T11:24:00Z,0
2025-02-10T12:00:00Z,25.366556
2025-02-10T12:36:00Z,24.674822
2025-02-10T13:12:00Z,0
2025-02-10T13:48:00Z,24.02368
2025-02-10T14:24:00Z,25.235023
2025-02-10T15:00:00Z,25.921524
2025-02-10T15:36:00Z,24.413086
2025-02-10T16:12:00Z,0
2025-02-10T16:48:00Z,25.28899
2025-02-10T17:24:00Z,24.275068
2025-02-10T18:00:00Z,25.984957
2025-02-10T18:36:00Z,25.507742
2025-02-10T19:12:00Z,25.728163
2025-02-10T19:48:00Z,24.702332
2025-02-10T21:00:00Z,25.573196
2025-02-10T21:36:00Z,25.64614
2025-02-10T22:12:00Z,25.068262
2025-02-10T22:48:00Z,0
2025-02-10T23:24:00Z,24.896378
2025-02-11T00:00:00Z,24.128635
2025-02-11T00:36:00Z,25.148027
2025-02-11T01:48:00Z,24.456102
2025-02-11T02:24:00Z,25.832785
2025-02-11T03:00:00Z,30.08075
2025-02-11T03:36:00Z,24.32729
2025-02-11T04:12:00Z,25.280846
2025-02-11T04:48:00Z,0
2025-02-11T05:24:00Z,25.462175
2025-02-11T06:00:00Z,30.890081
2025-02-11T06:36:00Z,25.748293
2025-02-11T07:12:00Z,24.400978
2025-02-11T07:48:00Z,24.431652
2025-02-11T08:24:00Z,30.356512
2025-02-11T09:00:00Z,24.002153
2025-02-11T10:12:00Z,25.192997
2025-02-11T10:48:00Z,24.865942
2025-02-11T11:24:00Z,25.218525
2025-02-11T12:00:00Z,24.16017
2025-02-11T12:36:00Z,25.63166
2025-02-11T13:12:00Z,24.436945
2025-02-11T14:24:00Z,25.763233
2025-02-11T15:00:00Z,24.616053
2025-02-11T15:36:00Z,24.295406
2025-02-11T16:12:00Z,25.458002
2025-02-11T16:48:00Z,25.160267
2025-02-11T17:24:00Z,24.289968
2025-02-11T18:00:00Z,25.457487
2025-02-11T18:36:00Z,24.846323
2025-02-11T19:12:00Z,25.98985
2025-02-11T19:48:00Z,25.39775
2025-02-11T20:24:00Z,29.367891
2025-02-11T21:00:00Z,0
2025-02-11T21:36:00Z,24.225601
2025-02-11T22:12:00Z,0
2025-02-11T22:48:00Z,25.34033
2025-02-11T23:24:00Z,25.962858
2025-02-12T00:36:00Z,25.675367
2025-02-12T01:12:00Z,24.53442
2025-02-12T01:48:00Z,25.070042
2025-02-12T02:24:00Z,24.446255
2025-02-12T03:00:00Z,25.77326
2025-02-12T03:36:00Z,29.334448
2025-02-12T04:12:00Z,25.57779
2025-02-12T04:48:00Z,25.191149
2025-02-12T05:24:00Z,29.971746
2025-02-12T06:00:00Z,0
2025-02-12T06:36:00Z,25.625198
2025-02-12T07:12:00Z,25.11394
2025-02-12T07:48:00Z,29.279186
2025-02-12T08:24:00Z,25.657244
2025-02-12T09:00:00Z,24.20582
2025-02-12T09:36:00Z,24.43728
2025-02-12T10:12:00Z,24.155315
2025-02-12T10:48:00Z,25.124975
2025-02-12T11:24:00Z,25.551153
2025-02-12T12:00:00Z,30.063288
2025-02-12T12:36:00Z,24.904856
2025-02-12T13:12:00Z,30.32594
2025-02-12T13:48:00Z,24.840008
2025-02-12T15:00:00Z,24.735762
2025-02-12T15:36:00Z,25.686964
2025-02-12T16:12:00Z,25.503513
2025-02-12T16:48:00Z,24.754202
2025-02-12T17:24:00Z,25.43815
2025-02-12T18:00:00Z,24.488388
2025-02-12T18:36:00Z,25.741455
2025-02-12T19:12:00Z,25.117767
2025-02-12T19:48:00Z,0
2025-02-12T20:24:00Z,25.915174
2025-02-12T21:00:00Z,25.67842
2025-02-12T21:36:00Z,24.93893
2025-02-12T22:12:00Z,30.022982
2025-02-12T22:48:00Z,25.908268
2025-02-13T00:00:00Z,24.220684
2025-02-13T00:36:00Z,0
2025-02-13T01:12:00Z,24.886356
2025-02-13T01:48:00Z,24.885176
2025-02-13T02:24:00Z,25.799877
2025-02-13T03:36:00Z,24.678644
2025-02-13T04:12:00Z,29.454332
2025-02-13T04:48:00Z,25.908623
2025-02-13T05:24:00Z,24.139055
2025-02-13T06:00:00Z,25.557695
2025-02-13T06:36:00Z,0
2025-02-13T07:12:00Z,24.29826
2025-02-13T07:48:00Z,25.311337
2025-02-13T08:24:00Z,24.1177
2025-02-13T09:36:00Z,25.250002
2025-02-13T10:12:00Z,24.633612
2025-02-13T10:48:00Z,25.521185
2025-02-13T11:24:00Z,24.729275
2025-02-13T12:00:00Z,24.516624
2025-02-13T12:36:00Z,25.299225
2025-02-13T13:12:00Z,24.211891
2025-02-13T14:24:00Z,25.444448
2025-02-13T15:00:00Z,25.664963
2025-02-13T15:36:00Z,24.07657
2025-02-13T16:48:00Z,25.923407
2025-02-13T18:00:00Z,25.106607
2025-02-13T19:12:00Z,24.88883
2025-02-13T19:48:00Z,0
2025-02-13T20:24:00Z,25.381578
2025-02-13T21:00:00Z,25.99384
2025-02-13T21:36:00Z,25.305685
2025-02-13T22:12:00Z,25.32579
2025-02-13T22:48:00Z,0
2025-02-13T23:24:00Z,24.083612
2025-02-14T00:00:00Z,24.092445
2025-02-14T01:12:00Z,25.297272
2025-02-14T01:48:00Z,24.438766
2025-02-14T03:00:00Z,25.516098
2025-02-14T03:36:00Z,24.450773
2025-02-14T04:12:00Z,0
2025-02-14T04:48:00Z,24.042955
2025-02-14T05:24:00Z,25.487055
2025-02-14T06:00:00Z,25.850794
2025-02-14T06:36:00Z,25.085379
2025-02-14T07:12:00Z,25.65553
2025-02-14T07:48:00Z,25.58194
2025-02-14T08:24:00Z,24.110441
2025-02-14T09:00:00Z,24.484041
2025-02-14T09:36:00Z,25.803324
2025-02-14T10:12:00Z,25.957409
2025-02-14T10:48:00Z,24.219986
2025-02-14T11:24:00Z,24.612362
2025-02-14T12:00:00Z,25.954006
2025-02-14T12:36:00Z,25.093014
2025-02-14T13:12:00Z,30.374428
2025-02-14T13:48:00Z,25.948608
2025-02-14T14:24:00Z,25.241198
2025-02-14T15:00:00Z,0
2025-02-14T15:36:00Z,25.347546
2025-02-14T16:12:00Z,25.570778
2025-02-14T16:48:00Z,24.028372
2025-02-14T17:24:00Z,0
2025-02-14T18:00:00Z,25.595648
2025-02-14T18:36:00Z,25.226791
2025-02-14T19:12:00Z,29.402027
2025-02-14T19:48:00Z,25.745127
2025-02-14T21:00:00Z,24.650883
2025-02-14T21:36:00Z,25.119755
2025-02-14T22:12:00Z,24.84568
2025-02-14T23:24:00Z,25.695953
2025-02-15T00:00:00Z,24.250505
2025-02-15T00:36:00Z,25.336752
2025-02-15T01:12:00Z,25.752588
2025-02-15T01:48:00Z,25.585865
2025-02-15T02:24:00Z,24.592655
2025-02-15T03:00:00Z,25.123297
2025-02-15T03:36:00Z,24.479393
2025-02-15T04:48:00Z,25.828768
2025-02-15T05:24:00Z,24.099932
2025-02-15T06:00:00Z,24.22977
2025-02-15T07:12:00Z,25.407238
2025-02-15T07:48:00Z,30.556473
2025-02-15T08:24:00Z,24.60111
2025-02-15T09:00:00Z,24.07054
2025-02-15T09:36:00Z,24.793207
2025-02-15T10:12:00Z,29.580257
2025-02-15T10:48:00Z,0
2025-02-15T11:24:00Z,24.205286
2025-02-15T12:00:00Z,24.458282
2025-02-15T12:36:00Z,24.167967
2025-02-15T13:12:00Z,24.414078
2025-02-15T13:48:00Z,25.941292
2025-02-15T14:24:00Z,24.075747
2025-02-15T15:00:00Z,0
2025-02-15T15:36:00Z,24.351284
2025-02-15T16:12:00Z,25.680439
2025-02-15T16:48:00Z,25.693872
2025-02-15T17:24:00Z,24.254398
2025-02-15T18:00:00Z,25.603508
2025-02-15T18:36:00Z,25.261106
2025-02-15T19:12:00Z,24.091658
2025-02-15T19:48:00Z,25.61241
2025-02-15T20:24:00Z,24.905737
2025-02-15T21:00:00Z,24.621346
2025-02-15T21:36:00Z,25.915709
2025-02-15T22:12:00Z,24.394714
2025-02-15T22:48:00Z,25.401075
2025-02-15T23:24:00Z,24.449297
2025-02-16T00:00:00Z,24.243053
2025-02-16T01:12:00Z,25.885584
2025-02-16T01:48:00Z,25.21209
2025-02-16T02:24:00Z,0
2025-02-16T03:00:00Z,25.826788
2025-02-16T04:12:00Z,25.444494
2025-02-16T04:48:00Z,24.583267
2025-02-16T06:00:00Z,25.307775
2025-02-16T06:36:00Z,24.780561
2025-02-16T07:48:00Z,24.946766
2025-02-16T08:24:00Z,0
2025-02-16T09:00:00Z,25.52625
2025-02-16T09:36:00Z,24.422138
2025-02-16T10:12:00Z,24.810719
2025-02-16T10:48:00Z,24.570013
2025-02-16T11:24:00Z,25.215597
2025-02-16T12:00:00Z,25.087883
2025-02-16T12:36:00Z,0
2025-02-16T13:12:00Z,24.492455
2025-02-16T13:48:00Z,24.865938
2025-02-16T14:24:00Z,25.81514
2025-02-16T15:00:00Z,25.58298
2025-02-16T15:36:00Z,0
2025-02-16T16:12:00Z,24.190996
2025-02-16T16:48:00Z,25.672035
2025-02-16T17:24:00Z,24.268005
2025-02-16T18:00:00Z,24.61127
2025-02-16T18:36:00Z,25.362127
2025-02-16T19:12:00Z,24.145443
2025-02-16T19:48:00Z,25.410307
2025-02-16T20:24:00Z,25.381138
2025-02-16T21:00:00Z,24.026852
2025-02-16T21:36:00Z,24.326164
2025-02-16T22:12:00Z,25.291212
2025-02-16T22:48:00Z,25.561708
2025-02-16T23:24:00Z,25.331726
2025-02-17T00:00:00Z,0
2025-02-17T00:36:00Z,25.212019
2025-02-17T01:48:00Z,24.143614
2025-02-17T02:24:00Z,25.947344
2025-02-17T03:00:00Z,24.890911
2025-02-17T03:36:00Z,24.956585
2025-02-17T04:12:00Z,25.733109
2025-02-17T04:48:00Z,25.316326
2025-02-17T05:24:00Z,0
2025-02-17T06:00:00Z,25.658012
2025-02-17T06:36:00Z,0
2025-02-17T07:12:00Z,25.464485
2025-02-17T07:48:00Z,25.642082
2025-02-17T08:24:00Z,24.317532
2025-02-17T09:00:00Z,25.556156
2025-02-17T09:36:00Z,24.277672
2025-02-17T10:12:00Z,25.34365
2025-02-17T11:24:00Z,24.404022
2025-02-17T12:00:00Z,24.554657
2025-02-17T12:36:00Z,24.246744
2025-02-17T13:12:00Z,25.12053
2025-02-17T13:48:00Z,25.182549
2025-02-17T14:24:00Z,25.84941
2025-02-17T15:00:00Z,24.280365
2025-02-17T15:36:00Z,24.100111
2025-02-17T16:12:00Z,25.042397
2025-02-17T16:48:00Z,24.654858
2025-02-17T17:24:00Z,0
2025-02-17T18:00:00Z,24.868965
2025-02-17T18:36:00Z,25.930756
2025-02-17T19:12:00Z,0
2025-02-17T19:48:00Z,24.780077
2025-02-17T20:24:00Z,24.33169
2025-02-17T21:00:00Z,25.795652
2025-02-17T22:48:00Z,25.517195
2025-02-17T23:24:00Z,24.093437
2025-02-18T00:00:00Z,24.411345
2025-02-18T00:36:00Z,30.089735
2025-02-18T01:12:00Z,25.577703
2025-02-18T01:48:00Z,25.974092
2025-02-18T02:24:00Z,24.25518
2025-02-18T03:00:00Z,24.537931
2025-02-18T03:36:00Z,30.930435
2025-02-18T04:12:00Z,25.548529
2025-02-18T04:48:00Z,24.296835
2025-02-18T05:24:00Z,25.424673
2025-02-18T06:00:00Z,25.167065
2025-02-18T06:36:00Z,30.093023
2025-02-18T07:12:00Z,25.085396
2025-02-18T07:48:00Z,25.474203
2025-02-18T08:24:00Z,0
2025-02-18T09:00:00Z,24.845797
2025-02-18T10:12:00Z,25.875944
2025-02-18T10:48:00Z,24.388071
2025-02-18T11:24:00Z,25.829327
2025-02-18T12:00:00Z,0
2025-02-18T12:36:00Z,24.7056
2025-02-18T13:12:00Z,25.938156
2025-02-18T13:48:00Z,24.637285
2025-02-18T14:24:00Z,25.690756
2025-02-18T15:00:00Z,24.689161
2025-02-18T15:36:00Z,25.424828
2025-02-18T16:12:00Z,24.386425
2025-02-18T16:48:00Z,25.483866
2025-02-18T17:24:00Z,25.774202
2025-02-18T18:00:00Z,24.058199
2025-02-18T18:36:00Z,25.516773
2025-02-18T19:12:00Z,24.335035
2025-02-18T19:48:00Z,25.080984
2025-02-18T20:24:00Z,25.000639
2025-02-18T21:00:00Z,24.066555
2025-02-18T21:36:00Z,0
2025-02-18T22:12:00Z,25.165937
2025-02-18T23:24:00Z,25.97495
2025-02-19T00:00:00Z,25.87169
2025-02-19T00:36:00Z,25.175444
2025-02-19T01:48:00Z,24.48329
2025-02-19T02:24:00Z,24.639334
2025-02-19T03:00:00Z,24.102251
2025-02-19T03:36:00Z,24.280878
2025-02-19T04:12:00Z,29.977633
2025-02-19T04:48:00Z,0
2025-02-19T05:24:00Z,24.618774
2025-02-19T06:00:00Z,25.18359
2025-02-19T06:36:00Z,25.143923
2025-02-19T07:12:00Z,29.788195
2025-02-19T07:48:00Z,0
2025-02-19T08:24:00Z,24.73731
2025-02-19T09:00:00Z,25.801987
2025-02-19T09:36:00Z,25.022541
2025-02-19T10:48:00Z,25.66131
2025-02-19T12:00:00Z,25.659567
2025-02-19T12:36:00Z,25.916008
2025-02-19T13:12:00Z,25.667622
2025-02-19T13:48:00Z,24.547323
2025-02-19T14:24:00Z,30.264706
2025-02-19T15:00:00Z,0
2025-02-19T15:36:00Z,25.64236
2025-02-19T16:12:00Z,25.636126
2025-02-19T16:48:00Z,0
2025-02-19T17:24:00Z,24.44738
2025-02-19T18:00:00Z,25.997808
2025-02-19T18:36:00Z,29.529064
2025-02-19T19:12:00Z,0
2025-02-19T19:48:00Z,25.304115
2025-02-19T20:24:00Z,25.389948
2025-02-19T21:00:00Z,24.497107
2025-02-19T21:36:00Z,25.47108
2025-02-19T22:12:00Z,24.597168
2025-02-19T22:48:00Z,24.28548
2025-02-19T23:24:00Z,25.929066
2025-02-20T00:00:00Z,25.00585
2025-02-20T00:36:00Z,25.940966
2025-02-20T01:12:00Z,24.671604
2025-02-20T01:48:00Z,24.760786
2025-02-20T02:24:00Z,24.114902
2025-02-20T03:00:00Z,24.18914
2025-02-20T03:36:00Z,29.547121
2025-02-20T04:12:00Z,25.939377
2025-02-20T04:48:00Z,25.033865
2025-02-20T05:24:00Z,24.92068
2025-02-20T06:00:00Z,25.40584
2025-02-20T07:12:00Z,25.39638
2025-02-20T07:48:00Z,24.55384
2025-02-20T08:24:00Z,24.112686
2025-02-20T09:00:00Z,0
2025-02-20T09:36:00Z,25.949186
2025-02-20T10:12:00Z,24.35538
2025-02-20T10:48:00Z,0
2025-02-20T11:24:00Z,29.677488
2025-02-20T12:00:00Z,24.241217
2025-02-20T12:36:00Z,25.71249
2025-02-20T13:12:00Z,24.70767
2025-02-20T13:48:00Z,24.985085
2025-02-20T15:00:00Z,24.337658
2025-02-20T15:36:00Z,30.351732
2025-02-20T16:12:00Z,0
2025-02-20T16:48:00Z,30.057734
2025-02-20T17:24:00Z,0
2025-02-20T18:00:00Z,25.77334
2025-02-20T18:36:00Z,25.514343
2025-02-20T19:12:00Z,24.349403
2025-02-20T20:24:00Z,25.222534
2025-02-20T21:00:00Z,24.084635
2025-02-20T21:36:00Z,24.269209
2025-02-20T22:12:00Z,25.457365
2025-02-20T22:48:00Z,29.548288
2025-02-20T23:24:00Z,24.976118
2025-02-21T00:00:00Z,25.87991
2025-02-21T00:36:00Z,24.884594
2025-02-21T01:12:00Z,24.46144
2025-02-21T01:48:00Z,25.284082
2025-02-21T02:24:00Z,25.235518
2025-02-21T03:00:00Z,0
2025-02-21T03:36:00Z,24.956629
2025-02-21T04:12:00Z,25.675344
2025-02-21T04:48:00Z,25.531736
2025-02-21T05:24:00Z,24.239445
2025-02-21T06:00:00Z,25.860107
2025-02-21T06:36:00Z,24.020575
2025-02-21T07:12:00Z,24.763866
2025-02-21T07:48:00Z,24.870884
2025-02-21T08:24:00Z,0
2025-02-21T09:00:00Z,24.095345
2025-02-21T09:36:00Z,0
2025-02-21T10:12:00Z,24.119005
2025-02-21T10:48:00Z,24.149572
2025-02-21T11:24:00Z,25.965721
2025-02-21T12:00:00Z,25.622232
2025-02-21T12:36:00Z,25.73913
2025-02-21T13:12:00Z,30.0671
2025-02-21T13:48:00Z,25.732922
2025-02-21T14:24:00Z,24.377825
2025-02-21T15:00:00Z,0
2025-02-21T15:36:00Z,25.776873
2025-02-21T16:12:00Z,25.757027
2025-02-21T16:48:00Z,24.451515
2025-02-21T17:24:00Z,25.332361
2025-02-21T19:12:00Z,25.011576
2025-02-21T19:48:00Z,24.168818
2025-02-21T20:24:00Z,25.686075
2025-02-21T21:00:00Z,24.748707
2025-02-21T21:36:00Z,25.231018
2025-02-21T22:48:00Z,25.260092
2025-02-21T23:24:00Z,0
2025-02-22T00:00:00Z,24.314285
2025-02-22T01:12:00Z,25.744125
2025-02-22T02:24:00Z,24.153961
2025-02-22T03:00:00Z,24.79459
2025-02-22T03:36:00Z,24.486843
2025-02-22T04:12:00Z,25.608997
2025-02-22T05:24:00Z,24.467838
2025-02-22T06:00:00Z,24.622578
2025-02-22T06:36:00Z,25.452637
2025-02-22T07:12:00Z,25.317213
2025-02-22T07:48:00Z,24.05221
2025-02-22T08:24:00Z,25.932795
2025-02-22T09:00:00Z,24.426971
2025-02-22T10:12:00Z,25.946903
2025-02-22T10:48:00Z,25.272013
2025-02-22T11:24:00Z,0
2025-02-22T12:00:00Z,24.19269
2025-02-22T13:12:00Z,24.405123
2025-02-22T13:48:00Z,25.658175
2025-02-22T14:24:00Z,25.944136
2025-02-22T15:00:00Z,24.213453
2025-02-22T15:36:00Z,24.645317
2025-02-22T16:12:00Z,0
2025-02-22T16:48:00Z,24.616066
2025-02-22T17:24:00Z,25.63247
2025-02-22T18:36:00Z,24.69796
2025-02-22T19:12:00Z,25.924952
2025-02-22T19:48:00Z,24.413765
2025-02-22T20:24:00Z,25.697842
2025-02-22T21:00:00Z,25.127277
2025-02-22T21:36:00Z,25.764004
2025-02-22T22:12:00Z,24.7103
2025-02-22T23:24:00Z,24.376791
2025-02-23T00:00:00Z,25.756796
2025-02-23T00:36:00Z,24.702198
2025-02-23T01:48:00Z,25.909302
2025-02-23T02:24:00Z,24.240154
2025-02-23T03:00:00Z,24.309229
2025-02-23T04:12:00Z,25.865059
2025-02-23T04:48:00Z,24.039925
2025-02-23T05:24:00Z,0
2025-02-23T06:00:00Z,24.223465
2025-02-23T06:36:00Z,24.143408
2025-02-23T07:12:00Z,24.479418
2025-02-23T07:48:00Z,25.601131
2025-02-23T08:24:00Z,24.563318
2025-02-23T09:00:00Z,24.000532
2025-02-23T09:36:00Z,25.194567
2025-02-23T10:48:00Z,24.500803
2025-02-23T11:24:00Z,24.797178
2025-02-23T12:00:00Z,0
2025-02-23T12:36:00Z,24.363289
2025-02-23T13:12:00Z,24.488428
2025-02-23T13:48:00Z,24.211079
2025-02-23T14:24:00Z,25.60817
2025-02-23T15:00:00Z,25.755907
2025-02-23T15:36:00Z,0
2025-02-23T16:12:00Z,24.066982
2025-02-23T16:48:00Z,25.52683
2025-02-23T17:24:00Z,24.505249
2025-02-23T18:00:00Z,25.777514
2025-02-23T18:36:00Z,25.273668
2025-02-23T19:12:00Z,29.852785
2025-02-23T19:48:00Z,0
2025-02-23T20:24:00Z,24.387428
2025-02-23T21:00:00Z,24.70483
2025-02-23T21:36:00Z,30.2784
2025-02-23T22:12:00Z,0
2025-02-23T22:48:00Z,0
2025-02-23T23:24:00Z,24.98071
2025-02-24T00:00:00Z,25.926159
2025-02-24T00:36:00Z,25.136858
2025-02-24T01:12:00Z,30.070866
2025-02-24T01:48:00Z,25.443169
2025-02-24T02:24:00Z,24.399662
2025-02-24T03:00:00Z,0
2025-02-24T03:36:00Z,25.006783
2025-02-24T04:12:00Z,24.672256
2025-02-24T04:48:00Z,25.998787
2025-02-24T05:24:00Z,25.83145
2025-02-24T06:00:00Z,24.644926
2025-02-24T06:36:00Z,24.957567
2025-02-24T07:12:00Z,24.7633
2025-02-24T07:48:00Z,25.299562
2025-02-24T08:24:00Z,24.6502
2025-02-24T09:36:00Z,24.088335
2025-02-24T10:12:00Z,24.823532
2025-02-24T10:48:00Z,25.995268
2025-02-24T11:24:00Z,25.288216
2025-02-24T12:00:00Z,29.586493
2025-02-24T12:36:00Z,24.278275
2025-02-24T13:12:00Z,25.676344
2025-02-24T13:48:00Z,24.871704
2025-02-24T14:24:00Z,25.63121
2025-02-24T15:00:00Z,25.72745
2025-02-24T15:36:00Z,25.184929
2025-02-24T16:12:00Z,24.168976
2025-02-24T16:48:00Z,24.99969
2025-02-24T17:24:00Z,25.307549
2025-02-24T18:00:00Z,24.522623
2025-02-24T18:36:00Z,24.171778
2025-02-24T19:48:00Z,25.202984
2025-02-24T21:00:00Z,24.576864
2025-02-24T21:36:00Z,25.687908
2025-02-24T22:48:00Z,25.919796
2025-02-24T23:24:00Z,24.48105
2025-02-25T00:00:00Z,25.51802
2025-02-25T00:36:00Z,25.110441
2025-02-25T01:12:00Z,25.650074
2025-02-25T01:48:00Z,24.404179
2025-02-25T02:24:00Z,25.698776
2025-02-25T03:00:00Z,24.354898
2025-02-25T04:12:00Z,25.49216
2025-02-25T04:48:00Z,25.104393
2025-02-25T05:24:00Z,29.393616
2025-02-25T06:00:00Z,25.219164
2025-02-25T07:12:00Z,25.855392
2025-02-25T07:48:00Z,30.919863
2025-02-25T08:24:00Z,24.039103
2025-02-25T09:00:00Z,24.589506
2025-02-25T09:36:00Z,24.168068
2025-02-25T10:12:00Z,25.561432
2025-02-25T10:48:00Z,24.140482
2025-02-25T11:24:00Z,0
2025-02-25T12:00:00Z,24.043642
2025-02-25T12:36:00Z,0
2025-02-25T13:12:00Z,30.650862
2025-02-25T13:48:00Z,0
2025-02-25T14:24:00Z,24.77266
2025-02-25T15:36:00Z,25.615181
2025-02-25T16:48:00Z,24.91582
2025-02-25T17:24:00Z,24.252193
2025-02-25T18:00:00Z,25.42536
2025-02-25T18:36:00Z,24.061214
2025-02-25T19:12:00Z,25.281597
2025-02-25T19:48:00Z,29.17868
2025-02-25T20:24:00Z,25.740032
2025-02-25T21:00:00Z,24.488752
2025-02-25T21:36:00Z,25.773804
2025-02-25T22:48:00Z,25.595224
2025-02-25T23:24:00Z,25.816168
2025-02-26T00:00:00Z,0
2025-02-26T00:36:00Z,25.16258
2025-02-26T01:12:00Z,24.869253
2025-02-26T01:48:00Z,25.222927
2025-02-26T02:24:00Z,24.634556
2025-02-26T03:36:00Z,24.806622
2025-02-26T04:12:00Z,25.355896
2025-02-26T04:48:00Z,24.592512
2025-02-26T05:24:00Z,24.267694
2025-02-26T06:00:00Z,24.345234
2025-02-26T07:12:00Z,25.70588
2025-02-26T07:48:00Z,24.161577
2025-02-26T09:00:00Z,25.827732
2025-02-26T09:36:00Z,25.119898
2025-02-26T10:12:00Z,25.444725
2025-02-26T10:48:00Z,24.307693
2025-02-26T11:24:00Z,25.95661
2025-02-26T12:00:00Z,25.930735
2025-02-26T13:48:00Z,24.287916
2025-02-26T15:00:00Z,25.325787
2025-02-26T15:36:00Z,25.356308
2025-02-26T16:12:00Z,0
2025-02-26T16:48:00Z,25.365898
2025-02-26T17:24:00Z,0
2025-02-26T18:00:00Z,24.085373
2025-02-26T18:36:00Z,25.594877
2025-02-26T19:12:00Z,0
2025-02-26T19:48:00Z,0
2025-02-26T20:24:00Z,25.88949
2025-02-26T21:36:00Z,25.918932
2025-02-26T22:12:00Z,25.021019
2025-02-26T22:48:00Z,24.581015
2025-02-26T23:24:00Z,24.917294
2025-02-27T00:00:00Z,25.9788
2025-02-27T00:36:00Z,24.955814
2025-02-27T01:12:00Z,24.398306
2025-02-27T01:48:00Z,25.598959
2025-02-27T03:00:00Z,24.446346
2025-02-27T03:36:00Z,25.30254
2025-02-27T04:12:00Z,24.048254
2025-02-27T05:24:00Z,25.73972
2025-02-27T06:00:00Z,0
2025-02-27T06:36:00Z,25.009632
2025-02-27T07:12:00Z,0
2025-02-27T07:48:00Z,24.100567
2025-02-27T08:24:00Z,25.358568
2025-02-27T09:00:00Z,24.232254
2025-02-27T09:36:00Z,24.91229
2025-02-27T10:12:00Z,30.01686
2025-02-27T10:48:00Z,24.965813
2025-02-27T12:00:00Z,24.346054
2025-02-27T12:36:00Z,25.498354
2025-02-27T13:12:00Z,24.665365
2025-02-27T13:48:00Z,25.757008
2025-02-27T14:24:00Z,25.136908
2025-02-27T15:00:00Z,24.962744
2025-02-27T15:36:00Z,25.498106
2025-02-27T16:12:00Z,24.477152
2025-02-27T16:48:00Z,24.087154
2025-02-27T17:24:00Z,25.329758
2025-02-27T18:00:00Z,25.680908
2025-02-27T18:36:00Z,24.631012
2025-02-27T19:12:00Z,25.673214
2025-02-27T19:48:00Z,25.602394
2025-02-27T20:24:00Z,24.222689
2025-02-27T21:00:00Z,25.933823
2025-02-27T21:36:00Z,24.503
2025-02-27T22:12:00Z,25.22377
2025-02-27T22:48:00Z,24.79382
2025-02-28T00:36:00Z,25.68476
2025-02-28T01:12:00Z,24.506008
2025-02-28T01:48:00Z,25.302824
2025-02-28T02:24:00Z,24.840313
2025-02-28T03:00:00Z,30.569893
2025-02-28T03:36:00Z,25.674633
2025-02-28T04:48:00Z,24.89509
2025-02-28T05:24:00Z,25.783506
2025-02-28T06:00:00Z,24.427319
2025-02-28T06:36:00Z,25.860796
2025-02-28T07:12:00Z,24.81825
2025-02-28T07:48:00Z,25.678513
2025-02-28T08:24:00Z,24.959747
2025-02-28T09:36:00Z,25.453865
2025-02-28T10:12:00Z,24.27112
2025-02-28T10:48:00Z,0
2025-02-28T11:24:00Z,25.386677
2025-02-28T12:00:00Z,25.26661
2025-02-28T12:36:00Z,24.565023
2025-02-28T13:12:00Z,24.329401
2025-02-28T15:00:00Z,25.87079
2025-02-28T15:36:00Z,29.722584
2025-02-28T16:12:00Z,0
2025-02-28T16:48:00Z,25.250189
2025-02-28T17:24:00Z,30.704584
2025-02-28T18:00:00Z,24.637201
2025-02-28T18:36:00Z,24.059675
2025-02-28T19:12:00Z,24.365963
2025-02-28T19:48:00Z,24.159035
2025-02-28T20:24:00Z,25.25883
2025-02-28T21:00:00Z,25.742496
2025-02-28T21:36:00Z,0
2025-02-28T22:12:00Z,24.55905
2025-02-28T22:48:00Z,30.73858
2025-02-28T23:24:00Z,0
2025-03-01T00:00:00Z,24.759
2025-03-01T00:36:00Z,25.143723
2025-03-01T01:12:00Z,24.313904
2025-03-01T01:48:00Z,25.969612
2025-03-01T02:24:00Z,24.596888
2025-03-01T03:00:00Z,24.414255
2025-03-01T03:36:00Z,25.949272
2025-03-01T04:48:00Z,24.023436
2025-03-01T05:24:00Z,25.645618
2025-03-01T06:00:00Z,25.943213
2025-03-01T07:12:00Z,24.999422
2025-03-01T07:48:00Z,25.782509
2025-03-01T08:24:00Z,25.307947
2025-03-01T09:00:00Z,25.75018
2025-03-01T09:36:00Z,24.60244
2025-03-01T10:12:00Z,24.088474
2025-03-01T10:48:00Z,24.143261
2025-03-01T11:24:00Z,25.40413
2025-03-01T12:00:00Z,24.868156
2025-03-01T13:12:00Z,25.011244
2025-03-01T13:48:00Z,24.113504
2025-03-01T14:24:00Z,25.10951
2025-03-01T15:36:00Z,25.500559
2025-03-01T16:12:00Z,24.606619
2025-03-01T16:48:00Z,0
2025-03-01T17:24:00Z,24.845003
2025-03-01T18:00:00Z,0
2025-03-01T18:36:00Z,25.342976
2025-03-01T19:12:00Z,24.53243
2025-03-01T19:48:00Z,25.481653
2025-03-01T20:24:00Z,30.181545
2025-03-01T21:00:00Z,0
2025-03-01T21:36:00Z,24.051762
2025-03-01T22:12:00Z,0
2025-03-01T22:48:00Z,25.923128
2025-03-01T23:24:00Z,24.896503
2025-03-02T00:36:00Z,24.029417
2025-03-02T01:12:00Z,24.04524
2025-03-02T01:48:00Z,24.48594
2025-03-02T02:24:00Z,25.331785
2025-03-02T03:00:00Z,25.227514
2025-03-02T03:36:00Z,25.691422
2025-03-02T04:12:00Z,24.14081
2025-03-02T05:24:00Z,25.244558
2025-03-02T06:00:00Z,24.225956
2025-03-02T06:36:00Z,25.416344
2025-03-02T07:12:00Z,25.101763
2025-03-02T07:48:00Z,25.34354
2025-03-02T08:24:00Z,30.853048
2025-03-02T09:00:00Z,24.10555
2025-03-02T09:36:00Z,25.852434
2025-03-02T10:12:00Z,24.208988
2025-03-02T10:48:00Z,25.144516
2025-03-02T11:24:00Z,24.021555
2025-03-02T12:00:00Z,24.984774
2025-03-02T12:36:00Z,24.065002
2025-03-02T13:12:00Z,0
2025-03-02T13:48:00Z,25.817518
2025-03-02T14:24:00Z,25.113398
2025-03-02T15:00:00Z,25.555557
2025-03-02T15:36:00Z,25.103868
2025-03-02T16:12:00Z,25.24469
2025-03-02T16:48:00Z,30.30582
2025-03-02T17:24:00Z,24.126987
2025-03-02T18:00:00Z,25.689808
2025-03-02T18:36:00Z,0
2025-03-02T19:12:00Z,0
2025-03-02T19:48:00Z,24.15902
2025-03-02T20:24:00Z,0
2025-03-02T21:00:00Z,24.473404
2025-03-02T21:36:00Z,25.098822
2025-03-02T22:12:00Z,29.093805
2025-03-02T22:48:00Z,0
2025-03-02T23:24:00Z,25.203297
2025-03-03T00:00:00Z,24.707193
2025-03-03T00:36:00Z,25.927631
2025-03-03T01:12:00Z,24.954384
2025-03-03T01:48:00Z,24.409815
2025-03-03T02:24:00Z,0
2025-03-03T03:00:00Z,24.12803
2025-03-03T04:12:00Z,25.69208
2025-03-03T04:48:00Z,0
2025-03-03T05:24:00Z,25.972979
2025-03-03T06:00:00Z,24.550327
2025-03-03T06:36:00Z,24.746574
2025-03-03T07:12:00Z,25.994864
2025-03-03T07:48:00Z,24.503437
2025-03-03T08:24:00Z,25.19481
2025-03-03T09:00:00Z,24.895208
2025-03-03T09:36:00Z,25.642124
2025-03-03T10:12:00Z,24.111635
2025-03-03T10:48:00Z,0
2025-03-03T11:24:00Z,25.171572
2025-03-03T12:00:00Z,25.665297
2025-03-03T13:12:00Z,24.146307
2025-03-03T13:48:00Z,25.577307
2025-03-03T14:24:00Z,25.697306
2025-03-03T15:00:00Z,25.226358
2025-03-03T15:36:00Z,24.002602
2025-03-03T16:12:00Z,24.09263
2025-03-03T16:48:00Z,24.927114
2025-03-03T17:24:00Z,24.758966
2025-03-03T18:00:00Z,25.82225
2025-03-03T18:36:00Z,24.733484
2025-03-03T19:12:00Z,0
2025-03-03T19:48:00Z,24.011393
2025-03-03T21:36:00Z,24.909239
2025-03-03T22:12:00Z,29.293476
2025-03-03T22:48:00Z,0
2025-03-03T23:24:00Z,24.840614
2025-03-04T00:00:00Z,0
2025-03-04T00:36:00Z,24.109322
2025-03-04T01:12:00Z,25.64415
2025-03-04T02:24:00Z,25.053158
2025-03-04T03:00:00Z,30.947372
2025-03-04T03:36:00Z,0
2025-03-04T04:12:00Z,24.98041
2025-03-04T05:24:00Z,24.58647
2025-03-04T06:00:00Z,25.36483
2025-03-04T06:36:00Z,25.468744
2025-03-04T07:12:00Z,24.520472
2025-03-04T07:48:00Z,24.062958
2025-03-04T08:24:00Z,25.588305
2025-03-04T09:00:00Z,0
2025-03-04T09:36:00Z,24.338856
2025-03-04T10:12:00Z,25.553911
2025-03-04T10:48:00Z,0
2025-03-04T11:24:00Z,24.883587
2025-03-04T12:00:00Z,25.735394
2025-03-04T12:36:00Z,24.978085
2025-03-04T13:48:00Z,25.64075
2025-03-04T14:24:00Z,25.040848
2025-03-04T15:00:00Z,25.615711
2025-03-04T15:36:00Z,24.304665
2025-03-04T16:12:00Z,25.9847
2025-03-04T16:48:00Z,0
2025-03-04T17:24:00Z,30.331264
2025-03-04T18:00:00Z,24.282959
2025-03-04T18:36:00Z,25.234444
2025-03-04T19:12:00Z,30.74336
2025-03-04T19:48:00Z,0
2025-03-04T20:24:00Z,25.718075
2025-03-04T21:00:00Z,24.337048
2025-03-04T21:36:00Z,24.849854
2025-03-04T22:12:00Z,24.954216
2025-03-04T22:48:00Z,24.253817
2025-03-04T23:24:00Z,25.520346
2025-03-05T00:00:00Z,0
2025-03-05T00:36:00Z,24.943
2025-03-05T01:12:00Z,24.987965
2025-03-05T01:48:00Z,0
2025-03-05T02:24:00Z,25.92792
2025-03-05T03:00:00Z,0
2025-03-05T03:36:00Z,25.426792
2025-03-05T04:12:00Z,30.450954
2025-03-05T04:48:00Z,25.319132
2025-03-05T05:24:00Z,24.13476
2025-03-05T06:00:00Z,24.136927
2025-03-05T06:36:00Z,30.068048
2025-03-05T07:12:00Z,0
2025-03-05T07:48:00Z,24.217882
2025-03-05T08:24:00Z,25.806107
2025-03-05T09:00:00Z,24.614332
2025-03-05T09:36:00Z,25.10096
2025-03-05T10:48:00Z,24.813482
2025-03-05T12:00:00Z,25.89033
2025-03-05T12:36:00Z,24.49584
2025-03-05T13:12:00Z,24.016262
2025-03-05T13:48:00Z,25.962208
2025-03-05T14:24:00Z,25.631224
2025-03-05T15:00:00Z,0
2025-03-05T15:36:00Z,0
2025-03-05T16:12:00Z,24.415909
2025-03-05T16:48:00Z,30.656054
2025-03-05T17:24:00Z,25.889547
2025-03-05T18:00:00Z,29.208138
2025-03-05T18:36:00Z,0
2025-03-05T19:12:00Z,30.936228
2025-03-05T19:48:00Z,24.2778
2025-03-05T21:00:00Z,25.989292
2025-03-05T22:12:00Z,25.206022
2025-03-05T22:48:00Z,24.24804
2025-03-05T23:24:00Z,25.893522
2025-03-06T00:00:00Z,24.12374
2025-03-06T00:36:00Z,29.141518
2025-03-06T01:12:00Z,24.782072
2025-03-06T01:48:00Z,25.149656
2025-03-06T02:24:00Z,24.334454
2025-03-06T03:00:00Z,24.046276
2025-03-06T04:12:00Z,24.74043
2025-03-06T04:48:00Z,25.794601
2025-03-06T05:24:00Z,24.75677
2025-03-06T06:00:00Z,25.032183
2025-03-06T06:36:00Z,24.27988
2025-03-06T07:12:00Z,24.317205
2025-03-06T07:48:00Z,0
2025-03-06T08:24:00Z,30.082285
2025-03-06T09:00:00Z,0
2025-03-06T09:36:00Z,0
2025-03-06T10:12:00Z,25.012106
2025-03-06T10:48:00Z,25.189106
2025-03-06T11:24:00Z,24.13339
2025-03-06T12:36:00Z,25.634775
2025-03-06T13:12:00Z,24.151054
2025-03-06T13:48:00Z,25.339054
2025-03-06T14:24:00Z,24.769777
2025-03-06T15:00:00Z,24.878752
2025-03-06T15:36:00Z,0
2025-03-06T16:12:00Z,24.833868
2025-03-06T16:48:00Z,25.660908
2025-03-06T17:24:00Z,25.926622
2025-03-06T18:00:00Z,24.40969
