Timestamp,Value
2024-10-01T17:24:00Z,29.502232
2024-10-01T18:00:00Z,0
2024-10-01T19:12:00Z,24.058247
2024-10-01T19:48:00Z,25.558525
2024-10-01T20:24:00Z,25.499624
2024-10-01T21:00:00Z,0
2024-10-01T21:36:00Z,24.888437
2024-10-01T22:12:00Z,0
2024-10-01T22:48:00Z,24.737074
2024-10-02T02:24:00Z,25.196463
2024-10-02T03:00:00Z,24.163591
2024-10-02T04:12:00Z,24.54999
2024-10-02T04:48:00Z,24.346231
2024-10-02T05:24:00Z,0
2024-10-02T06:36:00Z,29.454227
2024-10-02T07:12:00Z,25.012354
2024-10-02T07:48:00Z,25.82069
2024-10-02T08:24:00Z,24.75786
2024-10-02T10:12:00Z,24.104097
2024-10-02T10:48:00Z,25.785778
2024-10-02T11:24:00Z,25.12869
2024-10-02T12:00:00Z,29.474548
2024-10-02T12:36:00Z,25.407322
2024-10-02T13:48:00Z,24.141832
2024-10-02T14:24:00Z,0
2024-10-02T18:00:00Z,29.681343
2024-10-02T18:36:00Z,24.929728
2024-10-02T21:00:00Z,25.305769
2024-10-02T21:36:00Z,29.06016
2024-10-02T22:12:00Z,24.931816
2024-10-03T00:36:00Z,25.999517
2024-10-03T04:12:00Z,24.534977
2024-10-03T05:24:00Z,24.713816
2024-10-03T06:00:00Z,25.9158
2024-10-03T07:12:00Z,25.734259
2024-10-03T07:48:00Z,25.247774
2024-10-03T08:24:00Z,24.23887
2024-10-03T09:00:00Z,0
2024-10-03T09:36:00Z,25.4737
2024-10-03T10:12:00Z,25.331177
2024-10-03T10:48:00Z,30.24992
2024-10-03T11:24:00Z,0
2024-10-03T12:36:00Z,24.6977
2024-10-03T13:12:00Z,25.172281
2024-10-03T13:48:00Z,24.42534
2024-10-03T14:24:00Z,25.129173
2024-10-03T15:36:00Z,24.846296
2024-10-03T17:24:00Z,29.554743
2024-10-03T18:00:00Z,0
2024-10-03T18:36:00Z,24.35452
2024-10-03T19:12:00Z,25.88656
2024-10-03T20:24:00Z,0
2024-10-03T21:00:00Z,24.079317
2024-10-03T21:36:00Z,24.56207
2024-10-03T22:12:00Z,25.914314
2024-10-03T23:24:00Z,25.833397
2024-10-04T00:00:00Z,0
2024-10-04T00:36:00Z,29.297075
2024-10-04T01:12:00Z,25.60266
2024-10-04T03:00:00Z,24.009003
2024-10-04T04:12:00Z,25.919735
2024-10-04T04:48:00Z,24.663145
2024-10-04T06:00:00Z,24.062828
2024-10-04T07:12:00Z,25.075771
2024-10-04T07:48:00Z,0
2024-10-04T09:00:00Z,24.597544
2024-10-04T10:12:00Z,25.563618
2024-10-04T10:48:00Z,25.317968
2024-10-04T11:24:00Z,0
2024-10-04T12:00:00Z,25.276926
2024-10-04T12:36:00Z,24.326584
2024-10-04T13:12:00Z,25.383131
2024-10-04T16:12:00Z,24.549221
2024-10-04T18:00:00Z,25.990347
2024-10-04T18:36:00Z,0
2024-10-04T19:48:00Z,24.831263
2024-10-04T21:00:00Z,24.299397
2024-10-04T21:36:00Z,0
2024-10-04T22:12:00Z,24.838543
2024-10-04T22:48:00Z,25.925528
2024-10-04T23:24:00Z,29.567307
2024-10-05T00:00:00Z,24.756771
2024-10-05T00:36:00Z,24.978952
2024-10-05T01:12:00Z,0
2024-10-05T02:24:00Z,24.045097
2024-10-05T03:00:00Z,25.039968
2024-10-05T03:36:00Z,30.279556
2024-10-05T04:12:00Z,24.799538
2024-10-05T05:24:00Z,25.03449
2024-10-05T06:00:00Z,24.297523
2024-10-05T06:36:00Z,24.049664
2024-10-05T07:12:00Z,24.284355
2024-10-05T07:48:00Z,25.622263
2024-10-05T08:24:00Z,25.58354
2024-10-05T09:00:00Z,24.97753
2024-10-05T11:24:00Z,24.798214
2024-10-05T13:12:00Z,29.18191
2024-10-05T13:48:00Z,24.71081
2024-10-05T15:36:00Z,25.641151
2024-10-05T16:12:00Z,0
2024-10-05T17:24:00Z,25.799295
2024-10-05T18:36:00Z,24.769335
2024-10-05T19:12:00Z,25.935535
2024-10-05T19:48:00Z,24.024689
2024-10-05T20:24:00Z,25.264004
2024-10-05T21:00:00Z,25.96415
2024-10-05T21:36:00Z,25.234844
2024-10-05T22:12:00Z,0
2024-10-05T23:24:00Z,25.875864
2024-10-06T00:00:00Z,24.282951
2024-10-06T00:36:00Z,25.134508
2024-10-06T01:12:00Z,25.395414
2024-10-06T02:24:00Z,24.147007
2024-10-06T03:00:00Z,0
2024-10-06T04:12:00Z,29.998743
2024-10-06T04:48:00Z,0
2024-10-06T06:36:00Z,24.85645
2024-10-06T07:48:00Z,24.72341
2024-10-06T09:00:00Z,25.446938
2024-10-06T09:36:00Z,0
2024-10-06T10:12:00Z,25.597576
2024-10-06T10:48:00Z,24.319536
2024-10-06T12:36:00Z,25.56337
2024-10-06T13:12:00Z,24.61653
2024-10-06T13:48:00Z,25.152008
2024-10-06T15:00:00Z,24.25222
2024-10-06T17:24:00Z,25.563904
2024-10-06T18:00:00Z,24.972317
2024-10-06T19:48:00Z,25.951635
2024-10-06T20:24:00Z,24.249014
2024-10-06T21:00:00Z,0
2024-10-06T21:36:00Z,25.270054
2024-10-06T22:48:00Z,24.511435
2024-10-06T23:24:00Z,29.449564
2024-10-07T00:00:00Z,0
2024-10-07T00:36:00Z,25.934132
2024-10-07T02:24:00Z,25.536932
2024-10-07T03:00:00Z,25.075876
2024-10-07T03:36:00Z,0
2024-10-07T04:12:00Z,24.580528
2024-10-07T04:48:00Z,25.49854
2024-10-07T05:24:00Z,24.239296
2024-10-07T06:00:00Z,25.04689
2024-10-07T07:12:00Z,25.625868
2024-10-07T07:48:00Z,29.094347
2024-10-07T08:24:00Z,24.658
2024-10-07T10:12:00Z,24.661272
2024-10-07T10:48:00Z,25.63035
2024-10-07T13:12:00Z,25.743326
2024-10-07T14:24:00Z,24.166964
2024-10-07T15:00:00Z,25.040144
2024-10-07T15:36:00Z,25.48618
2024-10-07T16:48:00Z,25.188581
2024-10-07T17:24:00Z,24.391788
2024-10-07T18:36:00Z,24.453096
2024-10-07T19:12:00Z,29.00972
2024-10-07T19:48:00Z,24.066504
2024-10-07T22:12:00Z,25.075958
2024-10-07T22:48:00Z,25.948444
2024-10-07T23:24:00Z,25.937534
2024-10-08T00:00:00Z,25.27286
2024-10-08T01:12:00Z,30.906582
2024-10-08T01:48:00Z,25.163895
2024-10-08T04:48:00Z,25.632683
2024-10-08T07:48:00Z,24.664297
2024-10-08T08:24:00Z,29.955696
2024-10-08T09:00:00Z,0
2024-10-08T10:12:00Z,24.766344
2024-10-08T10:48:00Z,25.169298
2024-10-08T12:00:00Z,30.65834
2024-10-08T12:36:00Z,0
2024-10-08T13:12:00Z,25.638664
2024-10-08T13:48:00Z,25.400902
2024-10-08T14:24:00Z,24.222122
2024-10-08T15:00:00Z,25.508968
2024-10-08T15:36:00Z,25.049128
2024-10-08T16:12:00Z,25.527855
2024-10-08T17:24:00Z,25.693542
2024-10-08T18:00:00Z,24.16411
2024-10-08T18:36:00Z,24.098404
2024-10-08T19:12:00Z,25.370249
2024-10-08T21:00:00Z,30.252325
2024-10-08T21:36:00Z,24.038815
2024-10-08T22:12:00Z,25.872484
2024-10-08T22:48:00Z,25.627552
2024-10-09T00:00:00Z,24.534325
2024-10-09T00:36:00Z,25.55441
2024-10-09T01:48:00Z,25.826757
2024-10-09T02:24:00Z,25.507017
2024-10-09T03:00:00Z,0
2024-10-09T04:48:00Z,24.927685
2024-10-09T05:24:00Z,0
2024-10-09T06:00:00Z,29.203505
2024-10-09T06:36:00Z,24.71832
2024-10-09T10:48:00Z,24.332201
2024-10-09T12:00:00Z,25.070896
2024-10-09T12:36:00Z,24.288094
2024-10-09T13:12:00Z,25.851732
2024-10-09T13:48:00Z,25.170055
2024-10-09T15:36:00Z,25.077446
2024-10-09T16:12:00Z,24.734987
2024-10-09T16:48:00Z,25.84849
2024-10-09T17:24:00Z,25.514763
2024-10-09T18:00:00Z,24.152933
2024-10-09T19:48:00Z,24.773643
2024-10-09T20:24:00Z,24.049015
2024-10-09T21:00:00Z,25.87981
2024-10-09T21:36:00Z,24.553581
2024-10-09T22:12:00Z,25.102007
2024-10-09T23:24:00Z,29.718016
2024-10-10T00:00:00Z,24.579866
2024-10-10T01:12:00Z,30.69734
2024-10-10T01:48:00Z,0
2024-10-10T03:00:00Z,24.070436
2024-10-10T04:12:00Z,25.926445
2024-10-10T04:48:00Z,25.888418
2024-10-10T05:24:00Z,24.20529
2024-10-10T06:00:00Z,25.922615
2024-10-10T06:36:00Z,24.804985
2024-10-10T07:12:00Z,0
2024-10-10T07:48:00Z,24.586765
2024-10-10T08:24:00Z,0
2024-10-10T09:00:00Z,25.447643
2024-10-10T09:36:00Z,25.84553
2024-10-10T10:12:00Z,24.604067
2024-10-10T10:48:00Z,0
2024-10-10T11:24:00Z,24.478565
2024-10-10T12:36:00Z,24.453892
2024-10-10T13:12:00Z,30.747002
2024-10-10T13:48:00Z,0
2024-10-10T14:24:00Z,25.267572
2024-10-10T15:36:00Z,0
2024-10-10T16:12:00Z,25.940226
2024-10-10T17:24:00Z,25.42412
2024-10-10T18:00:00Z,24.190763
2024-10-10T19:12:00Z,29.592325
2024-10-10T19:48:00Z,25.977995
2024-10-10T20:24:00Z,30.364511
2024-10-10T21:00:00Z,0
2024-10-10T21:36:00Z,30.276833
2024-10-10T22:12:00Z,0
2024-10-10T22:48:00Z,30.142633
2024-10-10T23:24:00Z,0
2024-10-11T00:00:00Z,25.480898
2024-10-11T00:36:00Z,0
2024-10-11T02:24:00Z,24.617182
2024-10-11T03:00:00Z,0
2024-10-11T03:36:00Z,24.698002
2024-10-11T04:12:00Z,25.660646
2024-10-11T04:48:00Z,0
2024-10-11T05:24:00Z,25.339064
2024-10-11T06:36:00Z,29.218075
2024-10-11T07:12:00Z,0
2024-10-11T07:48:00Z,25.379011
2024-10-11T08:24:00Z,24.461824
2024-10-11T09:00:00Z,24.763882
2024-10-11T10:12:00Z,24.251863
2024-10-11T11:24:00Z,30.697031
2024-10-11T12:00:00Z,24.181543
2024-10-11T12:36:00Z,25.17706
2024-10-11T15:00:00Z,25.56028
2024-10-11T16:12:00Z,24.333853
2024-10-11T17:24:00Z,25.5935
2024-10-11T18:00:00Z,0
2024-10-11T18:36:00Z,25.399323
2024-10-11T19:12:00Z,24.726068
2024-10-11T21:00:00Z,25.291903
2024-10-11T21:36:00Z,24.078949
2024-10-11T22:12:00Z,25.775875
2024-10-12T01:48:00Z,24.227695
2024-10-12T02:24:00Z,25.720652
2024-10-12T04:48:00Z,24.222155
2024-10-12T05:24:00Z,25.772144
2024-10-12T06:00:00Z,25.845644
2024-10-12T07:12:00Z,24.534199
2024-10-12T07:48:00Z,25.304943
2024-10-12T09:00:00Z,24.78844
2024-10-12T10:12:00Z,25.062502
2024-10-12T10:48:00Z,24.037815
2024-10-12T11:24:00Z,0
2024-10-12T12:36:00Z,25.63442
2024-10-12T13:12:00Z,30.808947
2024-10-12T13:48:00Z,0
2024-10-12T14:24:00Z,25.401184
2024-10-12T15:00:00Z,24.342585
2024-10-12T16:48:00Z,25.341038
2024-10-12T17:24:00Z,24.878317
2024-10-12T18:00:00Z,25.872847
2024-10-12T18:36:00Z,25.667587
2024-10-12T19:12:00Z,0
2024-10-12T19:48:00Z,24.4686
2024-10-12T21:36:00Z,24.286692
2024-10-12T22:12:00Z,24.966885
2024-10-12T23:24:00Z,30.868416
2024-10-13T00:00:00Z,0
2024-10-13T01:48:00Z,25.618307
2024-10-13T02:24:00Z,24.854742
2024-10-13T03:00:00Z,24.85656
2024-10-13T03:36:00Z,0
2024-10-13T04:12:00Z,30.555258
2024-10-13T04:48:00Z,25.39973
2024-10-13T05:24:00Z,24.805717
2024-10-13T06:00:00Z,0
2024-10-13T06:36:00Z,25.664175
2024-10-13T08:24:00Z,24.233746
2024-10-13T09:00:00Z,24.03461
2024-10-13T13:12:00Z,25.161987
2024-10-13T13:48:00Z,24.488413
2024-10-13T14:24:00Z,0
2024-10-13T16:12:00Z,25.13571
2024-10-13T17:24:00Z,30.532768
2024-10-13T18:00:00Z,25.062124
2024-10-13T19:12:00Z,24.112339
2024-10-13T20:24:00Z,25.786615
2024-10-13T21:00:00Z,24.112328
2024-10-13T21:36:00Z,25.870876
2024-10-13T22:48:00Z,24.353817
2024-10-14T00:36:00Z,25.760252
2024-10-14T01:48:00Z,29.869358
2024-10-14T02:24:00Z,24.451618
2024-10-14T04:12:00Z,25.015614
2024-10-14T04:48:00Z,24.688793
2024-10-14T05:24:00Z,25.285528
2024-10-14T06:00:00Z,24.139145
2024-10-14T06:36:00Z,24.396585
2024-10-14T07:48:00Z,29.02803
2024-10-14T08:24:00Z,25.323515
2024-10-14T09:00:00Z,25.493301
2024-10-14T10:12:00Z,0
2024-10-14T11:24:00Z,25.951788
2024-10-14T12:00:00Z,25.345343
2024-10-14T12:36:00Z,0
2024-10-14T13:12:00Z,24.15732
2024-10-14T14:24:00Z,24.80817
2024-10-14T16:12:00Z,24.254608
2024-10-14T16:48:00Z,29.022324
2024-10-14T17:24:00Z,25.817177
2024-10-14T18:00:00Z,24.152788
2024-10-14T19:12:00Z,24.578306
2024-10-14T19:48:00Z,24.412376
2024-10-14T22:12:00Z,24.941216
2024-10-14T22:48:00Z,24.2888
2024-10-14T23:24:00Z,29.269491
2024-10-15T00:00:00Z,25.070683
2024-10-15T01:12:00Z,25.58581
2024-10-15T03:00:00Z,24.853493
2024-10-15T03:36:00Z,24.112549
2024-10-15T04:12:00Z,25.936012
2024-10-15T04:48:00Z,24.869658
2024-10-15T06:36:00Z,24.176683
2024-10-15T07:12:00Z,24.903467
2024-10-15T07:48:00Z,24.15575
2024-10-15T08:24:00Z,24.391386
2024-10-15T09:00:00Z,0
2024-10-15T09:36:00Z,25.033638
2024-10-15T10:12:00Z,24.059198
2024-10-15T10:48:00Z,24.476284
2024-10-15T11:24:00Z,25.677551
2024-10-15T12:00:00Z,24.427282
2024-10-15T12:36:00Z,25.512083
2024-10-15T13:48:00Z,24.916046
2024-10-15T14:24:00Z,0
2024-10-15T15:00:00Z,25.197817
2024-10-15T15:36:00Z,25.264605
2024-10-15T16:48:00Z,24.29195
2024-10-15T17:24:00Z,25.31914
2024-10-15T18:00:00Z,25.504353
2024-10-15T18:36:00Z,24.041618
2024-10-15T19:48:00Z,24.225138
2024-10-15T21:00:00Z,25.544086
2024-10-15T21:36:00Z,0
2024-10-15T22:12:00Z,25.526611
2024-10-15T22:48:00Z,24.377209
2024-10-15T23:24:00Z,24.435
2024-10-16T00:00:00Z,25.50873
2024-10-16T01:12:00Z,25.357574
2024-10-16T01:48:00Z,29.839645
2024-10-16T02:24:00Z,25.987421
2024-10-16T03:00:00Z,25.39156
2024-10-16T03:36:00Z,0
2024-10-16T04:12:00Z,24.910078
2024-10-16T05:24:00Z,0
2024-10-16T06:00:00Z,25.705116
2024-10-16T06:36:00Z,25.34567
2024-10-16T07:12:00Z,25.703297
2024-10-16T07:48:00Z,25.003853
2024-10-16T08:24:00Z,25.85763
2024-10-16T09:36:00Z,25.52924
2024-10-16T10:12:00Z,24.493134
2024-10-16T12:00:00Z,24.829605
2024-10-16T14:24:00Z,24.78322
2024-10-16T15:00:00Z,25.961565
2024-10-16T15:36:00Z,24.664707
2024-10-16T16:48:00Z,24.0542
2024-10-16T18:00:00Z,25.857569
2024-10-16T18:36:00Z,25.420284
2024-10-16T19:12:00Z,24.468193
2024-10-16T19:48:00Z,24.503496
2024-10-16T20:24:00Z,24.006176
2024-10-16T21:00:00Z,24.656673
2024-10-16T22:12:00Z,24.641766
2024-10-16T22:48:00Z,24.946184
2024-10-17T00:00:00Z,24.201294
2024-10-17T00:36:00Z,24.924852
2024-10-17T01:12:00Z,0
2024-10-17T03:00:00Z,25.25233
2024-10-17T03:36:00Z,24.53465
2024-10-17T04:12:00Z,24.97666
2024-10-17T04:48:00Z,25.96295
2024-10-17T05:24:00Z,0
2024-10-17T06:00:00Z,25.581734
2024-10-17T07:48:00Z,24.37267
2024-10-17T09:00:00Z,24.411528
2024-10-17T10:12:00Z,25.708614
2024-10-17T10:48:00Z,0
2024-10-17T11:24:00Z,25.476633
2024-10-17T12:36:00Z,0
2024-10-17T14:24:00Z,24.436537
2024-10-17T15:36:00Z,24.228
2024-10-17T16:12:00Z,25.159758
2024-10-17T17:24:00Z,30.905449
2024-10-17T18:00:00Z,25.737743
2024-10-17T18:36:00Z,24.008059
2024-10-17T19:12:00Z,0
2024-10-17T19:48:00Z,24.92421
2024-10-17T20:24:00Z,24.805672
2024-10-17T21:00:00Z,25.367462
2024-10-17T22:48:00Z,25.124859
2024-10-17T23:24:00Z,29.008238
2024-10-18T00:00:00Z,24.049934
2024-10-18T00:36:00Z,24.481834
2024-10-18T01:12:00Z,25.487108
2024-10-18T02:24:00Z,24.689209
2024-10-18T04:12:00Z,25.011522
2024-10-18T04:48:00Z,24.224586
2024-10-18T05:24:00Z,25.487036
2024-10-18T06:00:00Z,24.783009
2024-10-18T06:36:00Z,25.87098
2024-10-18T07:12:00Z,0
2024-10-18T08:24:00Z,24.813206
2024-10-18T09:00:00Z,0
2024-10-18T09:36:00Z,24.719229
2024-10-18T10:12:00Z,25.033669
2024-10-18T11:24:00Z,25.103142
2024-10-18T12:00:00Z,30.151522
2024-10-18T12:36:00Z,25.855515
2024-10-18T13:12:00Z,25.255909
2024-10-18T13:48:00Z,29.52095
2024-10-18T14:24:00Z,24.408844
2024-10-18T15:00:00Z,24.445114
2024-10-18T17:24:00Z,25.61577
2024-10-18T18:00:00Z,25.186987
2024-10-18T18:36:00Z,24.187132
2024-10-18T19:12:00Z,24.194029
2024-10-18T20:24:00Z,25.475365
2024-10-18T21:00:00Z,24.170738
2024-10-19T00:00:00Z,24.492744
2024-10-19T00:36:00Z,25.646267
2024-10-19T01:12:00Z,24.51986
2024-10-19T02:24:00Z,25.782352
2024-10-19T03:00:00Z,25.80327
2024-10-19T03:36:00Z,0
2024-10-19T04:12:00Z,24.856844
2024-10-19T06:00:00Z,24.522127
2024-10-19T07:48:00Z,25.466314
2024-10-19T10:12:00Z,25.26867
2024-10-19T11:24:00Z,24.670473
2024-10-19T12:00:00Z,25.770216
2024-10-19T12:36:00Z,0
2024-10-19T13:12:00Z,24.30221
2024-10-19T13:48:00Z,0
2024-10-19T14:24:00Z,24.312687
2024-10-19T15:00:00Z,29.484873
2024-10-19T15:36:00Z,0
2024-10-19T16:12:00Z,24.616013
2024-10-19T16:48:00Z,24.662811
2024-10-19T17:24:00Z,24.28989
2024-10-19T18:00:00Z,25.982647
2024-10-19T18:36:00Z,24.541922
2024-10-19T19:12:00Z,24.061941
2024-10-19T19:48:00Z,25.782526
2024-10-19T20:24:00Z,0
2024-10-19T22:12:00Z,24.53123
2024-10-19T22:48:00Z,0
2024-10-19T23:24:00Z,24.200819
2024-10-20T01:48:00Z,25.98821
2024-10-20T03:00:00Z,24.621479
2024-10-20T03:36:00Z,24.860853
2024-10-20T04:12:00Z,24.39548
2024-10-20T05:24:00Z,25.750614
2024-10-20T06:00:00Z,24.335453
2024-10-20T07:12:00Z,25.906115
2024-10-20T07:48:00Z,24.281322
2024-10-20T08:24:00Z,25.176426
2024-10-20T09:00:00Z,25.286022
2024-10-20T09:36:00Z,24.128551
2024-10-20T10:12:00Z,25.708275
2024-10-20T12:36:00Z,25.981579
2024-10-20T14:24:00Z,24.284054
2024-10-20T15:00:00Z,24.675417
2024-10-20T15:36:00Z,24.23167
2024-10-20T16:12:00Z,25.585533
2024-10-20T16:48:00Z,25.59185
2024-10-20T19:12:00Z,24.255077
2024-10-20T20:24:00Z,25.00173
2024-10-20T21:00:00Z,29.33107
2024-10-20T21:36:00Z,0
2024-10-20T23:24:00Z,25.926006
2024-10-21T00:36:00Z,24.818264
2024-10-21T03:36:00Z,25.860655
2024-10-21T04:12:00Z,24.795828
2024-10-21T04:48:00Z,25.118614
2024-10-21T06:00:00Z,24.02421
2024-10-21T06:36:00Z,0
2024-10-21T07:48:00Z,24.56939
2024-10-21T08:24:00Z,29.62415
2024-10-21T09:00:00Z,0
2024-10-21T10:12:00Z,24.389
2024-10-21T11:24:00Z,24.466944
2024-10-21T12:00:00Z,30.077213
2024-10-21T12:36:00Z,24.432444
2024-10-21T14:24:00Z,25.737328
2024-10-21T15:36:00Z,24.055573
2024-10-21T16:48:00Z,25.465788
2024-10-21T17:24:00Z,25.4608
2024-10-21T18:00:00Z,24.597618
2024-10-21T18:36:00Z,25.724878
2024-10-21T19:12:00Z,24.796022
2024-10-21T19:48:00Z,25.469318
2024-10-21T20:24:00Z,24.23087
2024-10-21T21:00:00Z,25.963593
2024-10-21T22:12:00Z,24.065174
2024-10-21T22:48:00Z,25.881754
2024-10-21T23:24:00Z,25.138998
2024-10-22T00:36:00Z,25.77003
2024-10-22T01:48:00Z,24.608925
2024-10-22T03:00:00Z,24.684118
2024-10-22T04:12:00Z,25.676092
2024-10-22T04:48:00Z,0
2024-10-22T06:36:00Z,25.825804
2024-10-22T07:48:00Z,25.47292
2024-10-22T09:00:00Z,30.496353
2024-10-22T09:36:00Z,25.426008
2024-10-22T10:12:00Z,25.061283
2024-10-22T11:24:00Z,25.65867
2024-10-22T12:36:00Z,24.348656
2024-10-22T13:12:00Z,24.949135
2024-10-22T13:48:00Z,24.438229
2024-10-22T15:00:00Z,24.355042
2024-10-22T15:36:00Z,0
2024-10-22T16:48:00Z,24.278875
2024-10-22T17:24:00Z,25.729567
2024-10-22T18:00:00Z,24.088903
2024-10-22T18:36:00Z,30.737505
2024-10-22T19:12:00Z,0
2024-10-22T20:24:00Z,24.592255
2024-10-22T21:00:00Z,24.385403
2024-10-22T21:36:00Z,25.71299
2024-10-22T22:48:00Z,24.409824
2024-10-22T23:24:00Z,29.235151
2024-10-23T00:00:00Z,24.950254
2024-10-23T01:12:00Z,30.512136
2024-10-23T01:48:00Z,25.327436
2024-10-23T02:24:00Z,24.504295
2024-10-23T03:36:00Z,24.67674
2024-10-23T04:12:00Z,30.67149
2024-10-23T04:48:00Z,25.471373
2024-10-23T06:00:00Z,25.338682
2024-10-23T06:36:00Z,24.75554
2024-10-23T07:48:00Z,25.510778
2024-10-23T09:00:00Z,24.7598
2024-10-23T09:36:00Z,25.346416
2024-10-23T10:12:00Z,0
2024-10-23T11:24:00Z,24.119236
2024-10-23T12:36:00Z,25.273067
2024-10-23T13:12:00Z,25.317257
2024-10-23T13:48:00Z,24.341057
2024-10-23T14:24:00Z,24.431206
2024-10-23T15:00:00Z,25.638666
2024-10-23T15:36:00Z,24.494009
2024-10-23T16:12:00Z,0
2024-10-23T16:48:00Z,25.690649
2024-10-23T17:24:00Z,24.540377
2024-10-23T19:12:00Z,24.973928
2024-10-23T21:00:00Z,24.326433
2024-10-23T22:12:00Z,24.795282
2024-10-23T23:24:00Z,24.186657
2024-10-24T00:00:00Z,25.419981
2024-10-24T00:36:00Z,0
2024-10-24T01:48:00Z,29.557505
2024-10-24T02:24:00Z,24.398422
2024-10-24T03:00:00Z,24.154116
2024-10-24T03:36:00Z,29.919474
2024-10-24T04:12:00Z,24.907478
2024-10-24T05:24:00Z,25.016768
2024-10-24T06:00:00Z,0
2024-10-24T09:36:00Z,25.295866
2024-10-24T10:12:00Z,24.397009
2024-10-24T10:48:00Z,25.633005
2024-10-24T12:36:00Z,30.145308
2024-10-24T13:12:00Z,24.946634
2024-10-24T15:00:00Z,24.02449
2024-10-24T15:36:00Z,0
2024-10-24T16:12:00Z,0
2024-10-24T16:48:00Z,24.218685
2024-10-24T18:00:00Z,24.4801
2024-10-24T18:36:00Z,25.231068
2024-10-24T19:48:00Z,29.185465
2024-10-24T20:24:00Z,24.14852
2024-10-24T21:00:00Z,24.927809
2024-10-24T22:12:00Z,24.247389
2024-10-24T22:48:00Z,25.070665
2024-10-24T23:24:00Z,25.045053
2024-10-25T00:00:00Z,0
2024-10-25T01:48:00Z,24.639423
2024-10-25T02:24:00Z,0
2024-10-25T03:00:00Z,25.412197
2024-10-25T04:12:00Z,25.632143
2024-10-25T04:48:00Z,24.894983
2024-10-25T05:24:00Z,24.66293
2024-10-25T07:48:00Z,24.835138
2024-10-25T08:24:00Z,29.454144
2024-10-25T09:00:00Z,0
2024-10-25T10:12:00Z,29.010748
2024-10-25T10:48:00Z,0
2024-10-25T12:00:00Z,24.251707
2024-10-25T12:36:00Z,25.070808
2024-10-25T13:12:00Z,24.036142
2024-10-25T15:00:00Z,25.01616
2024-10-25T16:12:00Z,24.847795
2024-10-25T16:48:00Z,24.387089
2024-10-25T17:24:00Z,0
2024-10-25T18:00:00Z,24.816538
2024-10-25T19:12:00Z,25.59374
2024-10-25T22:48:00Z,25.084139
2024-10-25T23:24:00Z,24.41246
2024-10-26T01:12:00Z,25.041412
2024-10-26T01:48:00Z,30.159155
2024-10-26T02:24:00Z,0
2024-10-26T03:00:00Z,25.660444
2024-10-26T04:12:00Z,29.592754
2024-10-26T04:48:00Z,25.601185
2024-10-26T06:36:00Z,24.317379
2024-10-26T07:12:00Z,0
2024-10-26T07:48:00Z,24.997162
2024-10-26T09:36:00Z,25.318928
2024-10-26T11:24:00Z,24.565657
2024-10-26T12:00:00Z,25.637606
2024-10-26T12:36:00Z,29.783068
2024-10-26T13:12:00Z,25.22318
2024-10-26T14:24:00Z,24.971563
2024-10-26T15:00:00Z,25.98667
2024-10-26T15:36:00Z,25.623682
2024-10-26T17:24:00Z,25.974745
2024-10-26T18:36:00Z,25.607534
2024-10-26T19:12:00Z,30.87996
2024-10-26T19:48:00Z,0
2024-10-26T21:00:00Z,25.992556
2024-10-26T21:36:00Z,25.054533
2024-10-26T22:12:00Z,25.427927
2024-10-26T22:48:00Z,0
2024-10-26T23:24:00Z,24.992443
2024-10-27T00:36:00Z,24.37772
2024-10-27T01:12:00Z,25.290573
2024-10-27T02:24:00Z,25.418907
2024-10-27T03:00:00Z,24.82115
2024-10-27T03:36:00Z,24.68888
2024-10-27T04:48:00Z,29.606085
2024-10-27T05:24:00Z,0
2024-10-27T07:48:00Z,25.088602
2024-10-27T08:24:00Z,0
2024-10-27T09:00:00Z,30.877472
2024-10-27T09:36:00Z,25.307234
2024-10-27T12:00:00Z,25.840305
2024-10-27T12:36:00Z,24.410479
2024-10-27T13:12:00Z,24.037472
2024-10-27T13:48:00Z,25.391193
2024-10-27T15:00:00Z,24.117172
2024-10-27T16:12:00Z,25.268976
2024-10-27T16:48:00Z,24.433264
2024-10-27T18:00:00Z,0
2024-10-27T18:36:00Z,25.652758
2024-10-27T19:12:00Z,25.096533
2024-10-27T19:48:00Z,25.786114
2024-10-27T21:00:00Z,25.221952
2024-10-27T21:36:00Z,25.836723
2024-10-27T23:24:00Z,24.166248
2024-10-28T00:00:00Z,24.872992
2024-10-28T01:48:00Z,25.208447
2024-10-28T02:24:00Z,24.421099
2024-10-28T03:36:00Z,25.876753
2024-10-28T04:12:00Z,24.628395
2024-10-28T04:48:00Z,0
2024-10-28T06:36:00Z,25.840137
2024-10-28T07:12:00Z,25.38903
2024-10-28T07:48:00Z,25.855742
2024-10-28T08:24:00Z,25.66624
2024-10-28T09:36:00Z,24.115406
2024-10-28T10:12:00Z,25.488483
2024-10-28T10:48:00Z,25.070213
2024-10-28T11:24:00Z,0
2024-10-28T13:12:00Z,30.188526
2024-10-28T13:48:00Z,24.20075
2024-10-28T14:24:00Z,24.61436
2024-10-28T15:00:00Z,25.950924
2024-10-28T15:36:00Z,24.395985
2024-10-28T16:48:00Z,25.224817
2024-10-28T21:00:00Z,24.546665
2024-10-28T21:36:00Z,25.41649
2024-10-28T23:24:00Z,24.061281
2024-10-29T00:00:00Z,24.77491
2024-10-29T01:12:00Z,24.696606
2024-10-29T02:24:00Z,25.931026
2024-10-29T03:00:00Z,24.769516
2024-10-29T04:48:00Z,25.259909
2024-10-29T05:24:00Z,0
2024-10-29T06:36:00Z,24.384632
2024-10-29T07:12:00Z,24.080633
2024-10-29T07:48:00Z,25.852934
2024-10-29T10:12:00Z,25.152067
2024-10-29T10:48:00Z,25.590302
2024-10-29T12:00:00Z,30.7837
2024-10-29T12:36:00Z,24.94863
2024-10-29T13:12:00Z,24.525148
2024-10-29T13:48:00Z,0
2024-10-29T15:00:00Z,25.008932
2024-10-29T16:48:00Z,25.261557
2024-10-29T17:24:00Z,24.886097
2024-10-29T18:00:00Z,0
2024-10-29T20:24:00Z,25.503767
2024-10-29T21:00:00Z,25.900082
2024-10-29T21:36:00Z,25.011477
2024-10-29T22:12:00Z,25.086584
2024-10-29T22:48:00Z,29.61663
2024-10-29T23:24:00Z,24.466034
2024-10-30T00:36:00Z,25.563557
2024-10-30T01:12:00Z,24.911028
2024-10-30T03:00:00Z,25.622843
2024-10-30T04:48:00Z,24.912905
2024-10-30T05:24:00Z,0
2024-10-30T06:00:00Z,24.4821
2024-10-30T06:36:00Z,0
2024-10-30T08:24:00Z,25.01357
2024-10-30T10:12:00Z,24.55425
2024-10-30T10:48:00Z,25.321882
2024-10-30T11:24:00Z,24.420223
2024-10-30T12:00:00Z,24.393206
2024-10-30T12:36:00Z,25.989132
2024-10-30T13:12:00Z,25.981567
2024-10-30T13:48:00Z,25.54434
2024-10-30T14:24:00Z,24.048346
2024-10-30T16:12:00Z,25.102709
2024-10-30T17:24:00Z,24.097902
2024-10-30T18:36:00Z,30.638714
2024-10-30T19:12:00Z,0
2024-10-30T19:48:00Z,24.869709
2024-10-30T21:36:00Z,25.417982
2024-10-30T22:48:00Z,25.957281
2024-10-30T23:24:00Z,30.493555
2024-10-31T00:00:00Z,25.271498
2024-10-31T00:36:00Z,25.789476
2024-10-31T01:48:00Z,25.331997
2024-10-31T02:24:00Z,25.694439
2024-10-31T04:12:00Z,25.729706
2024-10-31T05:24:00Z,0
2024-10-31T06:00:00Z,25.379393
2024-10-31T06:36:00Z,24.804081
2024-10-31T07:12:00Z,30.031399
2024-10-31T07:48:00Z,0
2024-10-31T10:48:00Z,24.806156
2024-10-31T11:24:00Z,25.550512
2024-10-31T12:00:00Z,25.335052
2024-10-31T12:36:00Z,24.57115
2024-10-31T13:12:00Z,24.282606
2024-10-31T13:48:00Z,25.587059
2024-10-31T15:00:00Z,24.55479
2024-10-31T15:36:00Z,0
2024-10-31T16:12:00Z,25.713768
2024-10-31T16:48:00Z,25.883928
2024-10-31T18:00:00Z,24.527369
2024-10-31T18:36:00Z,25.657413
2024-10-31T20:24:00Z,24.660885
2024-10-31T21:00:00Z,24.03859
2024-10-31T21:36:00Z,24.89488
2024-10-31T22:12:00Z,24.925882
2024-10-31T23:24:00Z,24.009193
2024-11-01T00:00:00Z,25.643335
2024-11-01T01:12:00Z,24.34179
2024-11-01T01:48:00Z,24.745333
2024-11-01T02:24:00Z,0
2024-11-01T03:00:00Z,24.218658
2024-11-01T03:36:00Z,0
2024-11-01T04:12:00Z,25.091042
2024-11-01T04:48:00Z,25.621252
2024-11-01T05:24:00Z,29.261112
2024-11-01T06:00:00Z,0
2024-11-01T07:12:00Z,25.540087
2024-11-01T07:48:00Z,25.648676
2024-11-01T08:24:00Z,30.171886
2024-11-01T09:00:00Z,25.544413
2024-11-01T09:36:00Z,25.30483
2024-11-01T10:12:00Z,24.190079
2024-11-01T10:48:00Z,25.185827
2024-11-01T11:24:00Z,0
2024-11-01T12:00:00Z,24.187876
2024-11-01T12:36:00Z,30.537613
2024-11-01T13:12:00Z,0
2024-11-01T13:48:00Z,30.166777
2024-11-01T14:24:00Z,25.081709
2024-11-01T16:48:00Z,24.490408
2024-11-01T17:24:00Z,0
2024-11-01T18:36:00Z,24.437744
2024-11-01T19:12:00Z,24.383348
2024-11-01T21:00:00Z,25.83248
2024-11-01T22:12:00Z,25.158546
2024-11-01T22:48:00Z,0
2024-11-01T23:24:00Z,24.797377
2024-11-02T00:00:00Z,25.440504
2024-11-02T00:36:00Z,24.507875
2024-11-02T01:12:00Z,25.406935
2024-11-02T02:24:00Z,24.020275
2024-11-02T03:00:00Z,25.55255
2024-11-02T03:36:00Z,0
2024-11-02T06:00:00Z,30.841375
2024-11-02T06:36:00Z,0
2024-11-02T09:00:00Z,29.067034
2024-11-02T09:36:00Z,0
2024-11-02T10:12:00Z,24.328407
2024-11-02T11:24:00Z,25.18966
2024-11-02T13:12:00Z,30.281805
2024-11-02T13:48:00Z,0
2024-11-02T14:24:00Z,24.000788
2024-11-02T15:36:00Z,24.193214
2024-11-02T16:12:00Z,25.528154
2024-11-02T16:48:00Z,25.626741
2024-11-02T17:24:00Z,0
2024-11-02T18:36:00Z,25.89373
2024-11-02T19:48:00Z,25.287851
2024-11-02T20:24:00Z,25.521526
2024-11-02T21:00:00Z,30.130102
2024-11-02T21:36:00Z,0
2024-11-02T22:12:00Z,24.411009
2024-11-03T00:00:00Z,25.982357
2024-11-03T00:36:00Z,30.765446
2024-11-03T01:12:00Z,25.517359
2024-11-03T03:00:00Z,24.610012
2024-11-03T03:36:00Z,25.556696
2024-11-03T04:12:00Z,0
2024-11-03T04:48:00Z,24.78199
2024-11-03T06:00:00Z,24.76774
2024-11-03T06:36:00Z,29.062248
2024-11-03T07:12:00Z,0
2024-11-03T07:48:00Z,30.593485
2024-11-03T08:24:00Z,0
2024-11-03T09:00:00Z,24.334236
2024-11-03T09:36:00Z,24.912052
2024-11-03T10:12:00Z,24.315714
2024-11-03T11:24:00Z,25.948524
2024-11-03T12:00:00Z,24.565697
2024-11-03T12:36:00Z,25.847103
2024-11-03T13:12:00Z,29.019026
2024-11-03T13:48:00Z,25.59974
2024-11-03T15:00:00Z,24.018118
2024-11-03T15:36:00Z,24.832088
2024-11-03T16:48:00Z,25.552486
2024-11-03T18:36:00Z,25.828081
2024-11-03T19:12:00Z,25.643269
2024-11-03T21:00:00Z,0
2024-11-03T21:36:00Z,25.545258
2024-11-03T22:12:00Z,24.034033
2024-11-03T22:48:00Z,24.789192
2024-11-03T23:24:00Z,24.752533
2024-11-04T00:36:00Z,25.347368
2024-11-04T01:12:00Z,0
2024-11-04T01:48:00Z,24.374922
2024-11-04T02:24:00Z,25.271866
2024-11-04T03:00:00Z,24.601395
2024-11-04T03:36:00Z,25.172249
2024-11-04T06:00:00Z,29.19561
2024-11-04T06:36:00Z,0
2024-11-04T07:12:00Z,24.889587
2024-11-04T09:00:00Z,24.622183
2024-11-04T09:36:00Z,24.0331
2024-11-04T10:12:00Z,24.94904
2024-11-04T10:48:00Z,25.072813
2024-11-04T11:24:00Z,24.577394
2024-11-04T13:48:00Z,24.531664
2024-11-04T15:36:00Z,25.26649
2024-11-04T16:12:00Z,24.25237
2024-11-04T17:24:00Z,25.047752
2024-11-04T18:00:00Z,24.243334
2024-11-04T19:48:00Z,24.578484
2024-11-04T20:24:00Z,0
2024-11-04T21:00:00Z,24.408768
2024-11-04T22:48:00Z,24.458666
2024-11-04T23:24:00Z,0
2024-11-05T00:36:00Z,24.752283
2024-11-05T01:12:00Z,24.924788
2024-11-05T01:48:00Z,0
2024-11-05T02:24:00Z,25.716162
2024-11-05T03:36:00Z,24.884325
2024-11-05T04:12:00Z,25.428453
2024-11-05T05:24:00Z,25.02082
2024-11-05T07:12:00Z,25.274374
2024-11-05T07:48:00Z,24.830345
2024-11-05T08:24:00Z,25.900167
2024-11-05T10:12:00Z,25.003834
2024-11-05T11:24:00Z,25.587423
2024-11-05T12:00:00Z,0
2024-11-05T12:36:00Z,24.683151
2024-11-05T13:12:00Z,25.489285
2024-11-05T13:48:00Z,25.178143
2024-11-05T14:24:00Z,0
2024-11-05T15:00:00Z,24.328493
2024-11-05T15:36:00Z,0
2024-11-05T17:24:00Z,24.754251
2024-11-05T19:12:00Z,25.767933
2024-11-05T19:48:00Z,25.558704
2024-11-05T20:24:00Z,24.160667
2024-11-05T21:00:00Z,25.291887
2024-11-05T21:36:00Z,25.956314
2024-11-05T22:12:00Z,25.47965
2024-11-05T22:48:00Z,25.831697
2024-11-05T23:24:00Z,25.487198
2024-11-06T00:36:00Z,25.7174
2024-11-06T02:24:00Z,24.390474
2024-11-06T03:00:00Z,25.959354
2024-11-06T04:12:00Z,25.03301
2024-11-06T05:24:00Z,25.395042
2024-11-06T06:00:00Z,24.25031
2024-11-06T06:36:00Z,25.333885
2024-11-06T07:48:00Z,24.076094
2024-11-06T08:24:00Z,24.132235
2024-11-06T09:36:00Z,0
2024-11-06T11:24:00Z,24.848593
2024-11-06T12:00:00Z,24.244482
2024-11-06T12:36:00Z,24.847103
2024-11-06T15:00:00Z,24.908901
2024-11-06T15:36:00Z,0
2024-11-06T16:48:00Z,24.5858
2024-11-06T17:24:00Z,24.611092
2024-11-06T18:36:00Z,25.928896
2024-11-06T19:12:00Z,25.854727
2024-11-06T19:48:00Z,24.768385
2024-11-06T21:00:00Z,24.223778
2024-11-07T00:00:00Z,0
2024-11-07T00:36:00Z,24.367186
2024-11-07T01:12:00Z,0
2024-11-07T03:36:00Z,24.670153
2024-11-07T04:12:00Z,25.568645
2024-11-07T05:24:00Z,24.905285
2024-11-07T06:00:00Z,0
2024-11-07T06:36:00Z,25.112251
2024-11-07T07:12:00Z,24.09039
2024-11-07T07:48:00Z,24.486141
2024-11-07T08:24:00Z,25.874554
2024-11-07T09:00:00Z,24.922838
2024-11-07T10:48:00Z,25.819408
2024-11-07T13:48:00Z,24.583624
2024-11-07T14:24:00Z,30.777441
2024-11-07T15:00:00Z,0
2024-11-07T16:12:00Z,25.679913
2024-11-07T16:48:00Z,24.623325
2024-11-07T17:24:00Z,25.874758
2024-11-07T18:36:00Z,24.404612
2024-11-07T19:12:00Z,25.705605
2024-11-07T19:48:00Z,24.842402
2024-11-07T21:00:00Z,25.947973
2024-11-07T21:36:00Z,24.375061
2024-11-07T22:12:00Z,24.375134
2024-11-07T22:48:00Z,24.989878
2024-11-07T23:24:00Z,29.114695
2024-11-08T00:00:00Z,25.884224
2024-11-08T00:36:00Z,24.995718
2024-11-08T01:48:00Z,24.075905
2024-11-08T02:24:00Z,0
2024-11-08T03:00:00Z,25.791206
2024-11-08T03:36:00Z,25.195162
2024-11-08T04:12:00Z,0
2024-11-08T04:48:00Z,0
2024-11-08T05:24:00Z,29.2981
2024-11-08T06:00:00Z,0
2024-11-08T06:36:00Z,29.08153
2024-11-08T07:12:00Z,24.16895
2024-11-08T07:48:00Z,29.080437
2024-11-08T08:24:00Z,25.871435
2024-11-08T09:36:00Z,0
2024-11-08T10:12:00Z,29.096802
2024-11-08T10:48:00Z,0
2024-11-08T11:24:00Z,29.787561
2024-11-08T12:00:00Z,25.595428
2024-11-08T14:24:00Z,25.116158
2024-11-08T15:00:00Z,25.87966
2024-11-08T16:48:00Z,24.944021
2024-11-08T17:24:00Z,24.007868
2024-11-08T18:00:00Z,24.953686
2024-11-08T19:12:00Z,24.327719
2024-11-08T19:48:00Z,25.548704
2024-11-08T20:24:00Z,24.200714
2024-11-08T21:36:00Z,25.220503
2024-11-08T22:12:00Z,25.377022
2024-11-08T22:48:00Z,0
2024-11-08T23:24:00Z,25.979103
2024-11-09T00:00:00Z,24.709799
2024-11-09T01:12:00Z,25.476187
2024-11-09T01:48:00Z,25.166542
2024-11-09T02:24:00Z,25.58933
2024-11-09T03:00:00Z,25.522001
2024-11-09T03:36:00Z,24.549871
2024-11-09T04:48:00Z,25.029242
2024-11-09T05:24:00Z,30.118622
2024-11-09T06:00:00Z,25.950531
2024-11-09T07:48:00Z,24.131458
2024-11-09T09:00:00Z,24.415821
2024-11-09T09:36:00Z,25.479155
2024-11-09T10:48:00Z,25.460533
2024-11-09T12:00:00Z,0
2024-11-09T13:12:00Z,25.24928
2024-11-09T13:48:00Z,24.99859
2024-11-09T14:24:00Z,25.741041
2024-11-09T15:00:00Z,24.047552
2024-11-09T16:48:00Z,25.408325
2024-11-09T17:24:00Z,25.65859
2024-11-09T20:24:00Z,25.061872
2024-11-09T21:00:00Z,25.434893
2024-11-09T22:48:00Z,24.210018
2024-11-10T00:00:00Z,25.793837
2024-11-10T00:36:00Z,0
2024-11-10T01:12:00Z,24.120577
2024-11-10T01:48:00Z,25.464756
2024-11-10T02:24:00Z,24.102034
2024-11-10T03:00:00Z,25.611166
2024-11-10T03:36:00Z,29.089481
2024-11-10T04:12:00Z,24.922663
2024-11-10T06:00:00Z,24.254074
2024-11-10T06:36:00Z,0
2024-11-10T07:12:00Z,24.472868
2024-11-10T07:48:00Z,25.021326
2024-11-10T09:36:00Z,24.02564
2024-11-10T10:12:00Z,25.23194
2024-11-10T10:48:00Z,24.68327
2024-11-10T11:24:00Z,24.7549
2024-11-10T12:00:00Z,25.504232
2024-11-10T12:36:00Z,24.56966
2024-11-10T14:24:00Z,24.096514
2024-11-10T15:00:00Z,25.619324
2024-11-10T16:48:00Z,24.155304
2024-11-10T17:24:00Z,25.162367
2024-11-10T18:00:00Z,0
2024-11-10T21:36:00Z,24.568735
2024-11-10T22:12:00Z,29.428738
2024-11-10T22:48:00Z,25.60211
2024-11-10T23:24:00Z,24.837248
2024-11-11T00:00:00Z,24.474854
2024-11-11T01:48:00Z,24.509726
2024-11-11T02:24:00Z,25.154043
2024-11-11T03:00:00Z,25.34917
2024-11-11T04:12:00Z,24.814367
2024-11-11T04:48:00Z,25.521961
2024-11-11T09:00:00Z,24.598637
2024-11-11T09:36:00Z,0
2024-11-11T10:48:00Z,25.337265
2024-11-11T11:24:00Z,24.763231
2024-11-11T12:00:00Z,25.335266
2024-11-11T12:36:00Z,24.701048
2024-11-11T13:12:00Z,24.698023
2024-11-11T13:48:00Z,0
2024-11-11T14:24:00Z,25.15279
2024-11-11T16:12:00Z,24.094807
2024-11-11T16:48:00Z,25.820835
2024-11-11T17:24:00Z,24.94247
2024-11-11T18:36:00Z,24.270153
2024-11-11T19:12:00Z,25.020079
2024-11-11T19:48:00Z,24.348
2024-11-11T20:24:00Z,25.68761
2024-11-11T21:00:00Z,25.359816
2024-11-11T21:36:00Z,29.469564
2024-11-11T22:12:00Z,24.3574
2024-11-11T23:24:00Z,24.258404
2024-11-12T00:00:00Z,25.925701
2024-11-12T02:24:00Z,0
2024-11-12T03:00:00Z,29.651146
2024-11-12T03:36:00Z,24.81524
2024-11-12T04:12:00Z,29.093615
2024-11-12T04:48:00Z,25.628727
2024-11-12T05:24:00Z,25.603834
2024-11-12T06:00:00Z,0
2024-11-12T07:12:00Z,30.568926
2024-11-12T07:48:00Z,0
2024-11-12T09:00:00Z,24.382568
2024-11-12T09:36:00Z,25.807081
2024-11-12T10:12:00Z,24.419615
2024-11-12T10:48:00Z,24.040545
2024-11-12T12:00:00Z,25.749308
2024-11-12T12:36:00Z,24.062077
2024-11-12T13:12:00Z,25.167004
2024-11-12T14:24:00Z,24.383183
2024-11-12T15:00:00Z,24.646376
2024-11-12T15:36:00Z,0
2024-11-12T17:24:00Z,29.479574
2024-11-12T18:00:00Z,24.182066
2024-11-12T18:36:00Z,25.45602
2024-11-12T19:12:00Z,24.342354
2024-11-12T19:48:00Z,24.771393
2024-11-12T21:00:00Z,24.402548
2024-11-12T22:12:00Z,30.52179
2024-11-12T22:48:00Z,0
2024-11-12T23:24:00Z,25.945929
2024-11-13T00:00:00Z,24.45132
2024-11-13T00:36:00Z,30.506088
2024-11-13T01:12:00Z,24.166346
2024-11-13T04:12:00Z,24.924057
2024-11-13T05:24:00Z,24.119713
2024-11-13T06:36:00Z,25.58444
2024-11-13T07:12:00Z,0
2024-11-13T07:48:00Z,24.53303
2024-11-13T08:24:00Z,25.515429
2024-11-13T09:00:00Z,25.75027
2024-11-13T09:36:00Z,24.200502
2024-11-13T10:12:00Z,24.35106
2024-11-13T10:48:00Z,24.077261
2024-11-13T11:24:00Z,25.269152
2024-11-13T12:36:00Z,25.346758
2024-11-13T13:12:00Z,24.540287
2024-11-13T13:48:00Z,0
2024-11-13T14:24:00Z,25.618809
2024-11-13T15:00:00Z,0
2024-11-13T16:48:00Z,24.459183
2024-11-13T18:36:00Z,25.049915
2024-11-13T19:48:00Z,29.306068
2024-11-13T20:24:00Z,25.240019
2024-11-13T21:00:00Z,24.524118
2024-11-13T21:36:00Z,25.994892
2024-11-13T22:12:00Z,25.222952
2024-11-13T22:48:00Z,24.859955
2024-11-13T23:24:00Z,0
2024-11-14T00:00:00Z,0
2024-11-14T01:12:00Z,25.745426
2024-11-14T01:48:00Z,0
2024-11-14T03:00:00Z,25.45431
2024-11-14T03:36:00Z,24.485006
2024-11-14T04:48:00Z,25.730711
2024-11-14T06:36:00Z,25.49447
2024-11-14T07:12:00Z,24.445183
2024-11-14T07:48:00Z,25.913548
2024-11-14T08:24:00Z,24.442762
2024-11-14T09:00:00Z,30.43704
2024-11-14T09:36:00Z,24.942493
2024-11-14T10:48:00Z,25.31935
2024-11-14T11:24:00Z,25.965841
2024-11-14T12:00:00Z,0
2024-11-14T12:36:00Z,24.615086
2024-11-14T13:12:00Z,25.85851
2024-11-14T13:48:00Z,25.873383
2024-11-14T14:24:00Z,24.519222
2024-11-14T15:00:00Z,25.64384
2024-11-14T15:36:00Z,0
2024-11-14T16:12:00Z,24.575356
2024-11-14T16:48:00Z,25.75024
2024-11-14T17:24:00Z,25.029648
2024-11-14T18:00:00Z,25.54971
2024-11-14T18:36:00Z,25.309404
2024-11-14T19:12:00Z,24.417192
2024-11-14T20:24:00Z,24.940245
2024-11-14T21:00:00Z,24.802933
2024-11-14T21:36:00Z,30.085506
2024-11-14T22:12:00Z,24.109478
2024-11-14T22:48:00Z,24.931353
2024-11-15T01:12:00Z,25.481478
2024-11-15T02:24:00Z,25.06881
2024-11-15T03:00:00Z,25.992243
2024-11-15T04:12:00Z,24.566683
2024-11-15T04:48:00Z,24.548058
2024-11-15T05:24:00Z,25.179117
2024-11-15T06:00:00Z,25.409952
2024-11-15T06:36:00Z,25.049871
2024-11-15T07:12:00Z,0
2024-11-15T07:48:00Z,30.685143
2024-11-15T08:24:00Z,25.90665
2024-11-15T10:12:00Z,25.759327
2024-11-15T10:48:00Z,25.039564
2024-11-15T11:24:00Z,25.20392
2024-11-15T12:00:00Z,0
2024-11-15T13:48:00Z,24.275402
2024-11-15T16:12:00Z,25.956888
2024-11-15T16:48:00Z,24.94818
2024-11-15T18:36:00Z,25.5838
2024-11-15T19:48:00Z,24.06643
2024-11-15T21:36:00Z,24.321564
2024-11-15T22:12:00Z,24.676802
2024-11-15T23:24:00Z,24.717697
2024-11-16T00:36:00Z,25.96061
2024-11-16T01:12:00Z,0
2024-11-16T01:48:00Z,24.425062
2024-11-16T02:24:00Z,25.362762
2024-11-16T03:36:00Z,25.78543
2024-11-16T04:12:00Z,0
2024-11-16T04:48:00Z,0
2024-11-16T05:24:00Z,30.134792
2024-11-16T06:00:00Z,0
2024-11-16T06:36:00Z,24.736963
2024-11-16T09:00:00Z,24.630611
2024-11-16T09:36:00Z,24.268908
2024-11-16T10:12:00Z,25.692898
2024-11-16T10:48:00Z,24.92417
2024-11-16T11:24:00Z,24.882357
2024-11-16T12:00:00Z,24.198744
2024-11-16T13:48:00Z,25.95447
2024-11-16T15:00:00Z,24.35371
2024-11-16T15:36:00Z,25.38292
2024-11-16T16:48:00Z,24.78329
2024-11-16T17:24:00Z,24.845165
2024-11-16T18:00:00Z,29.092672
2024-11-16T18:36:00Z,24.680674
2024-11-16T19:12:00Z,24.230917
2024-11-16T19:48:00Z,25.05937
2024-11-16T21:00:00Z,24.56367
2024-11-16T21:36:00Z,24.947197
2024-11-16T22:12:00Z,24.54002
2024-11-16T22:48:00Z,30.500893
2024-11-16T23:24:00Z,0
2024-11-17T01:12:00Z,24.979345
2024-11-17T01:48:00Z,24.5034
2024-11-17T02:24:00Z,24.992668
2024-11-17T03:00:00Z,24.56975
2024-11-17T03:36:00Z,24.77052
2024-11-17T04:12:00Z,29.213846
2024-11-17T04:48:00Z,0
2024-11-17T06:00:00Z,24.746006
2024-11-17T07:48:00Z,24.588562
2024-11-17T08:24:00Z,25.547596
2024-11-17T10:12:00Z,25.017828
2024-11-17T12:00:00Z,25.022224
2024-11-17T12:36:00Z,25.432869
2024-11-17T13:12:00Z,24.437515
2024-11-17T14:24:00Z,25.171558
2024-11-17T15:00:00Z,24.72786
2024-11-17T16:12:00Z,29.006449
2024-11-17T16:48:00Z,25.871265
2024-11-17T17:24:00Z,24.102566
2024-11-17T18:00:00Z,25.226051
2024-11-17T18:36:00Z,25.59361
2024-11-17T19:48:00Z,25.683979
2024-11-17T20:24:00Z,30.678522
2024-11-17T21:00:00Z,25.43175
2024-11-17T22:12:00Z,25.083704
2024-11-17T22:48:00Z,25.943941
2024-11-17T23:24:00Z,25.551922
2024-11-18T00:36:00Z,25.586567
2024-11-18T02:24:00Z,25.284466
2024-11-18T03:00:00Z,25.920105
2024-11-18T03:36:00Z,0
2024-11-18T04:12:00Z,25.643951
2024-11-18T07:12:00Z,24.087198
2024-11-18T08:24:00Z,24.574173
2024-11-18T09:00:00Z,25.202393
2024-11-18T09:36:00Z,0
2024-11-18T10:48:00Z,24.006332
2024-11-18T11:24:00Z,24.241798
2024-11-18T12:36:00Z,25.437311
2024-11-18T13:12:00Z,0
2024-11-18T13:48:00Z,30.06531
2024-11-18T14:24:00Z,24.019434
2024-11-18T15:00:00Z,25.276869
2024-11-18T15:36:00Z,0
2024-11-18T17:24:00Z,25.87383
2024-11-18T18:00:00Z,25.6539
2024-11-18T18:36:00Z,29.561869
2024-11-18T19:12:00Z,0
2024-11-18T19:48:00Z,25.174456
2024-11-18T20:24:00Z,24.040028
2024-11-18T22:48:00Z,25.344553
2024-11-18T23:24:00Z,24.509531
2024-11-19T01:48:00Z,25.530735
2024-11-19T02:24:00Z,0
2024-11-19T03:36:00Z,29.06296
2024-11-19T04:12:00Z,0
2024-11-19T05:24:00Z,24.854795
2024-11-19T06:00:00Z,24.220905
2024-11-19T06:36:00Z,25.23609
2024-11-19T07:12:00Z,25.263065
2024-11-19T07:48:00Z,0
2024-11-19T08:24:00Z,29.920273
2024-11-19T09:00:00Z,24.640522
2024-11-19T10:12:00Z,25.75878
2024-11-19T11:24:00Z,25.168049
2024-11-19T12:00:00Z,30.015034
2024-11-19T12:36:00Z,0
2024-11-19T13:12:00Z,25.027643
2024-11-19T16:12:00Z,24.414513
2024-11-19T16:48:00Z,25.435331
2024-11-19T18:00:00Z,24.343096
2024-11-19T19:12:00Z,25.925451
2024-11-19T19:48:00Z,25.814676
2024-11-19T21:00:00Z,29.666878
2024-11-19T21:36:00Z,24.511026
2024-11-19T22:12:00Z,25.832623
2024-11-19T22:48:00Z,24.482737
2024-11-19T23:24:00Z,24.04491
2024-11-20T00:00:00Z,0
2024-11-20T01:12:00Z,25.364891
2024-11-20T01:48:00Z,24.362688
2024-11-20T02:24:00Z,25.41444
2024-11-20T03:36:00Z,24.93139
2024-11-20T04:12:00Z,0
2024-11-20T05:24:00Z,24.073378
2024-11-20T06:36:00Z,24.483307
2024-11-20T07:12:00Z,25.870272
2024-11-20T08:24:00Z,25.695845
2024-11-20T09:00:00Z,24.71507
2024-11-20T09:36:00Z,0
2024-11-20T10:12:00Z,24.818516
2024-11-20T10:48:00Z,29.649633
2024-11-20T11:24:00Z,0
2024-11-20T12:00:00Z,25.719734
2024-11-20T12:36:00Z,25.440668
2024-11-20T13:12:00Z,24.677153
2024-11-20T13:48:00Z,24.926237
2024-11-20T14:24:00Z,24.10985
2024-11-20T15:00:00Z,25.656221
2024-11-20T15:36:00Z,24.712801
2024-11-20T16:12:00Z,24.171902
2024-11-20T16:48:00Z,25.600794
2024-11-20T18:36:00Z,25.47876
2024-11-20T19:12:00Z,24.79894
2024-11-20T20:24:00Z,25.893412
2024-11-20T22:12:00Z,25.42079
2024-11-20T22:48:00Z,25.861517
2024-11-20T23:24:00Z,24.910433
2024-11-21T02:24:00Z,25.490723
2024-11-21T03:36:00Z,24.205528
2024-11-21T04:12:00Z,29.301193
2024-11-21T04:48:00Z,25.490158
2024-11-21T05:24:00Z,24.000326
2024-11-21T06:00:00Z,24.10843
2024-11-21T07:12:00Z,25.217722
2024-11-21T07:48:00Z,25.170872
2024-11-21T08:24:00Z,24.155241
2024-11-21T09:00:00Z,0
2024-11-21T09:36:00Z,24.104313
2024-11-21T10:48:00Z,25.34537
2024-11-21T11:24:00Z,24.028484
2024-11-21T12:00:00Z,0
2024-11-21T13:12:00Z,24.11889
2024-11-21T13:48:00Z,29.899555
2024-11-21T14:24:00Z,25.477064
2024-11-21T15:00:00Z,30.392563
2024-11-21T15:36:00Z,0
2024-11-21T17:24:00Z,30.718868
2024-11-21T18:00:00Z,24.386072
2024-11-21T18:36:00Z,25.37105
2024-11-21T19:12:00Z,24.007555
2024-11-21T21:00:00Z,25.512274
2024-11-21T21:36:00Z,24.359972
2024-11-21T22:12:00Z,24.528385
2024-11-21T22:48:00Z,25.785685
2024-11-21T23:24:00Z,25.066172
2024-11-22T01:12:00Z,25.476318
2024-11-22T01:48:00Z,24.177044
2024-11-22T02:24:00Z,24.115002
2024-11-22T03:36:00Z,25.040873
2024-11-22T04:12:00Z,24.159876
2024-11-22T04:48:00Z,25.582294
2024-11-22T05:24:00Z,24.870224
2024-11-22T06:36:00Z,25.769169
2024-11-22T07:48:00Z,25.264494
2024-11-22T08:24:00Z,0
2024-11-22T09:00:00Z,24.013912
2024-11-22T09:36:00Z,25.239162
2024-11-22T10:12:00Z,30.480255
2024-11-22T10:48:00Z,24.413223
2024-11-22T12:00:00Z,25.123343
2024-11-22T12:36:00Z,0
2024-11-22T13:48:00Z,24.006153
2024-11-22T14:24:00Z,24.870031
2024-11-22T15:36:00Z,24.996689
2024-11-22T16:12:00Z,0
2024-11-22T18:00:00Z,25.600077
2024-11-22T18:36:00Z,25.021252
2024-11-22T19:12:00Z,25.115658
2024-11-22T19:48:00Z,24.691717
2024-11-22T21:00:00Z,25.541603
2024-11-22T21:36:00Z,0
2024-11-22T22:12:00Z,24.947939
2024-11-22T22:48:00Z,25.745728
2024-11-22T23:24:00Z,24.729134
2024-11-23T00:00:00Z,25.41711
2024-11-23T00:36:00Z,25.47354
2024-11-23T01:48:00Z,24.18047
2024-11-23T02:24:00Z,30.87243
2024-11-23T03:00:00Z,25.985723
2024-11-23T03:36:00Z,25.662102
2024-11-23T04:12:00Z,0
2024-11-23T05:24:00Z,24.5655
2024-11-23T06:00:00Z,25.146315
2024-11-23T07:48:00Z,30.664417
2024-11-23T08:24:00Z,24.237053
2024-11-23T09:00:00Z,24.299597
2024-11-23T09:36:00Z,30.597961
2024-11-23T10:12:00Z,24.048903
2024-11-23T10:48:00Z,25.279203
2024-11-23T11:24:00Z,24.522491
2024-11-23T13:48:00Z,25.407625
2024-11-23T14:24:00Z,24.058807
2024-11-23T15:00:00Z,24.370638
2024-11-23T16:12:00Z,24.13505
2024-11-23T18:36:00Z,25.32555
2024-11-23T19:12:00Z,24.018559
2024-11-23T19:48:00Z,25.801624
2024-11-23T21:00:00Z,24.08131
2024-11-23T22:48:00Z,25.875578
2024-11-23T23:24:00Z,24.131567
2024-11-24T00:00:00Z,24.593227
2024-11-24T00:36:00Z,25.463232
2024-11-24T01:12:00Z,24.78424
2024-11-24T03:00:00Z,24.895521
2024-11-24T03:36:00Z,25.801748
2024-11-24T04:12:00Z,0
2024-11-24T06:00:00Z,25.08823
2024-11-24T06:36:00Z,25.169662
2024-11-24T08:24:00Z,24.568346
2024-11-24T09:00:00Z,0
2024-11-24T09:36:00Z,30.810606
2024-11-24T10:12:00Z,0
2024-11-24T10:48:00Z,24.806475
2024-11-24T12:00:00Z,25.20236
2024-11-24T12:36:00Z,24.78755
2024-11-24T13:12:00Z,0
2024-11-24T13:48:00Z,25.273737
2024-11-24T14:24:00Z,25.28804
2024-11-24T15:00:00Z,24.555595
2024-11-24T15:36:00Z,25.6667
2024-11-24T16:12:00Z,24.245375
2024-11-24T17:24:00Z,29.715727
2024-11-24T18:00:00Z,25.984818
2024-11-24T18:36:00Z,25.914268
2024-11-24T19:48:00Z,24.400383
2024-11-24T20:24:00Z,25.912796
2024-11-24T21:00:00Z,24.014256
2024-11-24T22:48:00Z,24.987879
2024-11-24T23:24:00Z,0
2024-11-25T00:00:00Z,29.656757
2024-11-25T00:36:00Z,0
2024-11-25T02:24:00Z,25.740389
2024-11-25T03:00:00Z,24.744223
2024-11-25T03:36:00Z,24.723263
2024-11-25T04:12:00Z,0
2024-11-25T04:48:00Z,25.895926
2024-11-25T05:24:00Z,0
2024-11-25T06:36:00Z,25.502962
2024-11-25T07:12:00Z,24.322971
2024-11-25T08:24:00Z,25.908325
2024-11-25T10:12:00Z,24.414047
2024-11-25T11:24:00Z,24.892206
2024-11-25T13:12:00Z,24.874754
2024-11-25T13:48:00Z,25.13881
2024-11-25T15:00:00Z,24.391312
2024-11-25T15:36:00Z,0
2024-11-25T16:12:00Z,25.009943
2024-11-25T16:48:00Z,24.663494
2024-11-25T17:24:00Z,24.794151
2024-11-25T18:00:00Z,0
2024-11-25T18:36:00Z,30.081362
2024-11-25T19:12:00Z,24.879728
2024-11-25T21:36:00Z,24.871214
2024-11-25T22:12:00Z,29.444887
2024-11-25T22:48:00Z,24.984262
2024-11-26T00:00:00Z,25.599192
2024-11-26T00:36:00Z,0
2024-11-26T01:12:00Z,25.918198
2024-11-26T01:48:00Z,24.754932
2024-11-26T02:24:00Z,24.005394
2024-11-26T03:00:00Z,24.34019
2024-11-26T03:36:00Z,0
2024-11-26T04:48:00Z,25.71209
2024-11-26T05:24:00Z,25.504614
2024-11-26T06:00:00Z,0
2024-11-26T06:36:00Z,24.49302
2024-11-26T07:12:00Z,25.659477
2024-11-26T08:24:00Z,25.114174
2024-11-26T09:00:00Z,24.171684
2024-11-26T09:36:00Z,25.399254
2024-11-26T10:12:00Z,24.297523
2024-11-26T12:00:00Z,25.171587
2024-11-26T12:36:00Z,25.910694
2024-11-26T13:48:00Z,29.291584
2024-11-26T14:24:00Z,0
2024-11-26T15:00:00Z,25.245392
2024-11-26T15:36:00Z,25.883593
2024-11-26T16:48:00Z,25.638714
2024-11-26T17:24:00Z,30.780863
2024-11-26T18:00:00Z,24.999842
2024-11-26T18:36:00Z,25.832645
2024-11-26T19:12:00Z,24.157335
2024-11-26T19:48:00Z,25.631775
2024-11-26T20:24:00Z,0
2024-11-26T22:12:00Z,25.608631
2024-11-26T22:48:00Z,0
2024-11-27T00:36:00Z,25.78228
2024-11-27T01:48:00Z,30.141611
2024-11-27T02:24:00Z,0
2024-11-27T03:00:00Z,25.43206
2024-11-27T04:12:00Z,25.801397
2024-11-27T04:48:00Z,25.21303
2024-11-27T05:24:00Z,25.77842
2024-11-27T06:00:00Z,24.327675
2024-11-27T07:12:00Z,24.466225
2024-11-27T07:48:00Z,24.87188
2024-11-27T08:24:00Z,0
2024-11-27T09:00:00Z,25.61839
2024-11-27T09:36:00Z,25.297682
2024-11-27T10:12:00Z,24.562672
2024-11-27T10:48:00Z,30.01425
2024-11-27T11:24:00Z,24.278917
2024-11-27T12:00:00Z,24.901775
2024-11-27T12:36:00Z,24.437962
2024-11-27T13:12:00Z,25.699934
2024-11-27T15:36:00Z,25.456997
2024-11-27T16:12:00Z,25.945143
2024-11-27T16:48:00Z,0
2024-11-27T17:24:00Z,24.334547
2024-11-27T18:00:00Z,25.48338
2024-11-27T18:36:00Z,25.10594
2024-11-27T19:48:00Z,25.174784
2024-11-27T20:24:00Z,25.66748
2024-11-27T21:36:00Z,24.943367
2024-11-27T22:12:00Z,25.689077
2024-11-27T22:48:00Z,25.25487
2024-11-27T23:24:00Z,24.07231
2024-11-28T00:36:00Z,25.936604
2024-11-28T01:48:00Z,24.500982
2024-11-28T02:24:00Z,25.777756
2024-11-28T03:00:00Z,24.016983
2024-11-28T03:36:00Z,25.696495
2024-11-28T04:12:00Z,24.24503
2024-11-28T05:24:00Z,24.767689
2024-11-28T06:00:00Z,0
2024-11-28T06:36:00Z,25.212172
2024-11-28T07:12:00Z,25.440292
2024-11-28T07:48:00Z,29.032837
2024-11-28T08:24:00Z,0
2024-11-28T09:00:00Z,25.640984
2024-11-28T09:36:00Z,25.668156
2024-11-28T10:12:00Z,24.184465
2024-11-28T10:48:00Z,25.178762
2024-11-28T11:24:00Z,25.456022
2024-11-28T12:00:00Z,0
2024-11-28T12:36:00Z,24.462973
2024-11-28T13:12:00Z,24.773369
2024-11-28T13:48:00Z,25.841673
2024-11-28T14:24:00Z,24.740715
2024-11-28T15:00:00Z,30.680704
2024-11-28T15:36:00Z,24.12912
2024-11-28T16:48:00Z,25.715
2024-11-28T17:24:00Z,24.608974
2024-11-28T18:00:00Z,0
2024-11-28T18:36:00Z,25.824535
2024-11-28T19:12:00Z,24.426353
2024-11-28T19:48:00Z,24.875666
2024-11-28T20:24:00Z,25.736378
2024-11-28T21:36:00Z,24.964281
2024-11-28T22:12:00Z,0
2024-11-28T22:48:00Z,30.84061
2024-11-28T23:24:00Z,24.857895
2024-11-29T00:00:00Z,25.368284
2024-11-29T00:36:00Z,24.709452
2024-11-29T01:12:00Z,25.384432
2024-11-29T01:48:00Z,24.297768
2024-11-29T02:24:00Z,24.432621
2024-11-29T03:00:00Z,24.014627
2024-11-29T03:36:00Z,24.275282
2024-11-29T04:12:00Z,25.468718
2024-11-29T04:48:00Z,24.361784
2024-11-29T05:24:00Z,25.725384
2024-11-29T06:00:00Z,24.67298
2024-11-29T06:36:00Z,24.073242
2024-11-29T07:12:00Z,25.532688
2024-11-29T07:48:00Z,25.968676
2024-11-29T08:24:00Z,25.38454
2024-11-29T09:00:00Z,25.648787
2024-11-29T09:36:00Z,30.9282
2024-11-29T10:12:00Z,24.573345
2024-11-29T10:48:00Z,24.05982
2024-11-29T11:24:00Z,24.992992
2024-11-29T12:00:00Z,24.490356
2024-11-29T12:36:00Z,24.63209
2024-11-29T13:12:00Z,25.308868
2024-11-29T13:48:00Z,24.92084
2024-11-29T14:24:00Z,25.70776
2024-11-29T15:00:00Z,24.090292
2024-11-29T15:36:00Z,30.950605
2024-11-29T16:12:00Z,0
2024-11-29T16:48:00Z,24.652071
2024-11-29T17:24:00Z,24.104992
2024-11-29T18:00:00Z,25.658163
2024-11-29T18:36:00Z,24.792439
2024-11-29T19:12:00Z,25.612299
2024-11-29T19:48:00Z,25.133293
2024-11-29T20:24:00Z,24.138079
2024-11-29T21:00:00Z,25.077831
2024-11-29T22:12:00Z,25.005182
2024-11-29T22:48:00Z,30.45821
2024-11-29T23:24:00Z,0
2024-11-30T00:00:00Z,24.676949
2024-11-30T00:36:00Z,29.960102
2024-11-30T01:12:00Z,25.89624
2024-11-30T01:48:00Z,24.606089
2024-11-30T02:24:00Z,25.95875
2024-11-30T03:00:00Z,25.329945
2024-11-30T03:36:00Z,25.648125
2024-11-30T04:12:00Z,25.174164
2024-11-30T05:24:00Z,25.73496
2024-11-30T06:00:00Z,24.898018
2024-11-30T06:36:00Z,25.06608
2024-11-30T08:24:00Z,24.216543
2024-11-30T09:00:00Z,25.172995
2024-11-30T09:36:00Z,25.386662
2024-11-30T10:12:00Z,30.611698
2024-11-30T10:48:00Z,25.859892
2024-11-30T11:24:00Z,0
2024-11-30T12:00:00Z,24.182344
2024-11-30T12:36:00Z,25.330948
2024-11-30T13:12:00Z,25.027382
2024-11-30T13:48:00Z,30.395807
2024-11-30T14:24:00Z,24.146923
2024-11-30T15:00:00Z,25.84877
2024-11-30T15:36:00Z,24.439642
2024-11-30T16:12:00Z,25.91605
2024-11-30T16:48:00Z,24.482084
2024-11-30T17:24:00Z,25.4376
2024-11-30T18:00:00Z,24.56218
2024-11-30T18:36:00Z,30.427061
2024-11-30T19:12:00Z,0
2024-11-30T19:48:00Z,24.889795
2024-11-30T20:24:00Z,24.042418
2024-11-30T21:00:00Z,25.894896
2024-11-30T21:36:00Z,0
2024-11-30T22:12:00Z,25.589931
2024-11-30T22:48:00Z,30.70886
2024-11-30T23:24:00Z,25.745232
2024-12-01T00:36:00Z,24.81068
2024-12-01T01:12:00Z,29.525597
2024-12-01T01:48:00Z,0
2024-12-01T02:24:00Z,25.545277
2024-12-01T03:00:00Z,24.454294
2024-12-01T03:36:00Z,25.241533
2024-12-01T04:12:00Z,24.108315
2024-12-01T04:48:00Z,24.346037
2024-12-01T05:24:00Z,25.652254
2024-12-01T07:12:00Z,24.84865
2024-12-01T08:24:00Z,25.04197
2024-12-01T09:00:00Z,24.608507
2024-12-01T09:36:00Z,25.661436
2024-12-01T10:12:00Z,25.12829
2024-12-01T10:48:00Z,24.041008
2024-12-01T11:24:00Z,25.940714
2024-12-01T12:00:00Z,25.727638
2024-12-01T12:36:00Z,25.098824
2024-12-01T13:12:00Z,25.453457
2024-12-01T13:48:00Z,24.326576
2024-12-01T14:24:00Z,24.775236
2024-12-01T15:36:00Z,24.474104
2024-12-01T16:48:00Z,25.335997
2024-12-01T17:24:00Z,24.17258
2024-12-01T18:00:00Z,24.140242
2024-12-01T18:36:00Z,25.294403
2024-12-01T19:12:00Z,25.45062
2024-12-01T19:48:00Z,24.26932
2024-12-01T20:24:00Z,0
2024-12-01T21:00:00Z,24.614958
2024-12-01T21:36:00Z,24.030405
2024-12-01T22:12:00Z,25.289812
2024-12-01T22:48:00Z,24.191854
2024-12-01T23:24:00Z,24.835634
2024-12-02T00:00:00Z,30.55135
2024-12-02T00:36:00Z,25.080402
2024-12-02T01:12:00Z,24.42123
2024-12-02T01:48:00Z,24.600693
2024-12-02T02:24:00Z,25.906567
2024-12-02T03:00:00Z,24.534966
2024-12-02T03:36:00Z,24.546776
2024-12-02T04:12:00Z,0
2024-12-02T04:48:00Z,25.564875
2024-12-02T05:24:00Z,24.466042
2024-12-02T06:00:00Z,24.965223
2024-12-02T06:36:00Z,24.122082
2024-12-02T07:12:00Z,30.082108
2024-12-02T07:48:00Z,25.16781
2024-12-02T09:00:00Z,24.467035
2024-12-02T09:36:00Z,24.714905
2024-12-02T10:12:00Z,24.092422
2024-12-02T10:48:00Z,25.438087
2024-12-02T11:24:00Z,24.245075
2024-12-02T12:00:00Z,24.923315
2024-12-02T12:36:00Z,25.14545
2024-12-02T13:12:00Z,30.440657
2024-12-02T13:48:00Z,0
2024-12-02T14:24:00Z,24.640093
2024-12-02T15:00:00Z,25.204334
2024-12-02T15:36:00Z,24.70075
2024-12-02T16:12:00Z,29.03656
2024-12-02T16:48:00Z,0
2024-12-02T17:24:00Z,29.99654
2024-12-02T18:00:00Z,0
2024-12-02T18:36:00Z,24.606201
2024-12-02T19:12:00Z,24.758453
2024-12-02T19:48:00Z,24.50468
2024-12-02T20:24:00Z,25.24772
2024-12-02T21:36:00Z,24.23512
2024-12-02T22:12:00Z,25.665535
2024-12-02T22:48:00Z,25.342346
2024-12-02T23:24:00Z,29.795912
2024-12-03T00:00:00Z,24.059107
2024-12-03T01:12:00Z,25.310009
2024-12-03T01:48:00Z,24.600504
2024-12-03T02:24:00Z,25.22286
2024-12-03T03:00:00Z,0
2024-12-03T03:36:00Z,25.077589
2024-12-03T04:12:00Z,0
2024-12-03T04:48:00Z,25.28778
2024-12-03T05:24:00Z,24.36151
2024-12-03T06:36:00Z,24.46928
2024-12-03T07:12:00Z,25.769457
2024-12-03T07:48:00Z,24.700163
2024-12-03T08:24:00Z,0
2024-12-03T09:00:00Z,25.639692
2024-12-03T09:36:00Z,25.260023
2024-12-03T10:48:00Z,25.768661
2024-12-03T11:24:00Z,24.864275
2024-12-03T12:00:00Z,25.422823
2024-12-03T12:36:00Z,0
2024-12-03T13:12:00Z,25.794191
2024-12-03T13:48:00Z,24.522259
2024-12-03T14:24:00Z,24.096907
2024-12-03T15:00:00Z,24.282469
2024-12-03T15:36:00Z,25.986065
2024-12-03T16:12:00Z,24.503016
2024-12-03T16:48:00Z,24.034632
2024-12-03T17:24:00Z,25.783684
2024-12-03T18:00:00Z,25.32315
2024-12-03T18:36:00Z,25.297176
2024-12-03T19:48:00Z,24.020876
2024-12-03T20:24:00Z,24.703827
2024-12-03T21:00:00Z,25.934168
2024-12-03T21:36:00Z,25.980618
2024-12-03T22:12:00Z,24.81496
2024-12-03T22:48:00Z,25.324032
2024-12-03T23:24:00Z,25.0267
2024-12-04T00:00:00Z,0
2024-12-04T00:36:00Z,24.210009
2024-12-04T01:12:00Z,0
2024-12-04T01:48:00Z,30.426474
2024-12-04T02:24:00Z,24.746296
2024-12-04T03:00:00Z,24.168596
2024-12-04T03:36:00Z,25.294937
2024-12-04T04:12:00Z,24.175417
2024-12-04T05:24:00Z,25.404213
2024-12-04T06:36:00Z,24.341745
2024-12-04T07:12:00Z,25.662529
2024-12-04T07:48:00Z,24.864103
2024-12-04T09:00:00Z,24.737185
2024-12-04T09:36:00Z,24.210487
2024-12-04T10:12:00Z,24.395535
2024-12-04T10:48:00Z,25.850494
2024-12-04T11:24:00Z,24.191847
2024-12-04T12:00:00Z,24.818869
2024-12-04T12:36:00Z,24.050957
2024-12-04T13:12:00Z,24.3553
2024-12-04T13:48:00Z,25.611332
2024-12-04T14:24:00Z,24.468233
2024-12-04T16:48:00Z,25.101349
2024-12-04T17:24:00Z,0
2024-12-04T18:00:00Z,0
2024-12-04T18:36:00Z,24.853785
2024-12-04T19:12:00Z,25.867632
2024-12-04T19:48:00Z,25.586716
2024-12-04T20:24:00Z,24.882177
2024-12-04T21:00:00Z,25.621828
2024-12-04T21:36:00Z,25.4953
2024-12-04T22:12:00Z,24.58196
2024-12-04T22:48:00Z,25.296913
2024-12-04T23:24:00Z,24.057573
2024-12-05T00:00:00Z,25.729603
2024-12-05T00:36:00Z,25.459124
2024-12-05T01:48:00Z,25.490484
2024-12-05T02:24:00Z,0
2024-12-05T03:00:00Z,24.049212
2024-12-05T03:36:00Z,24.570185
2024-12-05T06:00:00Z,24.470509
2024-12-05T07:12:00Z,25.967508
2024-12-05T08:24:00Z,25.479578
2024-12-05T09:00:00Z,24.180809
2024-12-05T09:36:00Z,25.285698
2024-12-05T10:12:00Z,25.969204
2024-12-05T10:48:00Z,25.869001
2024-12-05T11:24:00Z,25.049557
2024-12-05T12:00:00Z,25.787184
2024-12-05T13:12:00Z,25.56847
2024-12-05T13:48:00Z,24.349066
2024-12-05T14:24:00Z,25.899187
2024-12-05T15:00:00Z,25.894781
2024-12-05T15:36:00Z,24.573341
2024-12-05T16:12:00Z,25.979654
2024-12-05T16:48:00Z,24.844652
2024-12-05T17:24:00Z,24.540161
2024-12-05T18:00:00Z,25.580082
2024-12-05T18:36:00Z,24.561823
2024-12-05T19:12:00Z,25.18566
2024-12-05T19:48:00Z,29.766872
2024-12-05T20:24:00Z,24.908686
2024-12-05T21:00:00Z,24.593128
2024-12-05T21:36:00Z,0
2024-12-05T22:12:00Z,24.159939
2024-12-05T22:48:00Z,0
2024-12-05T23:24:00Z,25.539267
2024-12-06T00:00:00Z,25.314104
2024-12-06T00:36:00Z,25.751472
2024-12-06T01:12:00Z,29.37075
2024-12-06T01:48:00Z,25.265554
2024-12-06T02:24:00Z,25.894846
2024-12-06T03:00:00Z,0
2024-12-06T03:36:00Z,25.787428
2024-12-06T04:12:00Z,0
2024-12-06T04:48:00Z,25.268166
2024-12-06T05:24:00Z,25.098022
2024-12-06T06:00:00Z,24.105083
2024-12-06T06:36:00Z,25.464123
2024-12-06T07:12:00Z,25.454165
2024-12-06T07:48:00Z,0
2024-12-06T08:24:00Z,25.479658
2024-12-06T09:00:00Z,24.298473
2024-12-06T09:36:00Z,25.35951
2024-12-06T10:12:00Z,24.221102
2024-12-06T10:48:00Z,25.501495
2024-12-06T12:00:00Z,24.55216
2024-12-06T12:36:00Z,24.569256
2024-12-06T13:12:00Z,29.491362
2024-12-06T13:48:00Z,24.24773
2024-12-06T14:24:00Z,25.94825
2024-12-06T15:00:00Z,24.320177
2024-12-06T15:36:00Z,24.416567
2024-12-06T16:12:00Z,25.762817
2024-12-06T16:48:00Z,0
2024-12-06T17:24:00Z,29.684925
2024-12-06T18:00:00Z,0
2024-12-06T18:36:00Z,24.064331
2024-12-06T19:12:00Z,30.615454
2024-12-06T19:48:00Z,25.921398
2024-12-06T20:24:00Z,29.43024
2024-12-06T21:00:00Z,24.774292
2024-12-06T22:12:00Z,24.337786
2024-12-06T22:48:00Z,25.138754
2024-12-06T23:24:00Z,25.498095
2024-12-07T00:00:00Z,24.198362
2024-12-07T00:36:00Z,25.398531
2024-12-07T01:12:00Z,24.854877
2024-12-07T01:48:00Z,24.928804
2024-12-07T02:24:00Z,25.62399
2024-12-07T03:00:00Z,25.84451
2024-12-07T03:36:00Z,24.847359
2024-12-07T04:12:00Z,25.490107
2024-12-07T04:48:00Z,24.948868
2024-12-07T05:24:00Z,25.599176
2024-12-07T06:00:00Z,24.06272
2024-12-07T06:36:00Z,25.980793
2024-12-07T07:48:00Z,24.788641
2024-12-07T08:24:00Z,25.949991
2024-12-07T09:36:00Z,24.806078
2024-12-07T10:48:00Z,25.678196
2024-12-07T11:24:00Z,24.255276
2024-12-07T12:00:00Z,29.514612
2024-12-07T12:36:00Z,24.740324
2024-12-07T13:12:00Z,25.738747
2024-12-07T13:48:00Z,24.187935
2024-12-07T14:24:00Z,30.422916
2024-12-07T15:00:00Z,0
2024-12-07T15:36:00Z,25.403708
2024-12-07T16:12:00Z,24.082489
2024-12-07T16:48:00Z,24.701994
2024-12-07T17:24:00Z,0
2024-12-07T18:00:00Z,25.926914
2024-12-07T18:36:00Z,25.805016
2024-12-07T19:12:00Z,24.620604
2024-12-07T20:24:00Z,24.18974
2024-12-07T21:00:00Z,25.724285
2024-12-07T21:36:00Z,24.234911
2024-12-07T22:12:00Z,24.741592
2024-12-07T22:48:00Z,24.163961
2024-12-07T23:24:00Z,29.669174
2024-12-08T00:00:00Z,0
2024-12-08T00:36:00Z,25.3036
2024-12-08T01:12:00Z,25.845358
2024-12-08T01:48:00Z,25.066355
2024-12-08T02:24:00Z,25.818115
2024-12-08T03:00:00Z,25.797382
2024-12-08T03:36:00Z,0
2024-12-08T04:12:00Z,25.40336
2024-12-08T04:48:00Z,24.932646
2024-12-08T05:24:00Z,25.086262
2024-12-08T06:00:00Z,25.702362
2024-12-08T06:36:00Z,24.697285
2024-12-08T07:12:00Z,24.996925
2024-12-08T07:48:00Z,24.796915
2024-12-08T08:24:00Z,25.116947
2024-12-08T09:00:00Z,30.573221
2024-12-08T09:36:00Z,24.03145
2024-12-08T10:12:00Z,25.877
2024-12-08T10:48:00Z,25.12441
2024-12-08T11:24:00Z,25.798494
2024-12-08T12:00:00Z,24.935837
2024-12-08T13:12:00Z,24.898415
2024-12-08T13:48:00Z,25.544498
2024-12-08T15:00:00Z,24.709702
2024-12-08T15:36:00Z,24.62857
2024-12-08T16:12:00Z,25.613306
2024-12-08T16:48:00Z,0
2024-12-08T17:24:00Z,24.921482
2024-12-08T18:36:00Z,24.294188
2024-12-08T19:12:00Z,25.990341
2024-12-08T19:48:00Z,24.8163
2024-12-08T20:24:00Z,25.940683
2024-12-08T21:00:00Z,0
2024-12-08T21:36:00Z,24.395538
2024-12-08T22:12:00Z,25.997154
2024-12-08T22:48:00Z,24.420515
2024-12-08T23:24:00Z,24.530647
2024-12-09T00:00:00Z,25.697607
2024-12-09T00:36:00Z,25.791775
2024-12-09T01:12:00Z,25.002687
2024-12-09T02:24:00Z,25.408033
2024-12-09T03:00:00Z,24.369022
2024-12-09T03:36:00Z,24.762806
2024-12-09T04:12:00Z,25.934017
2024-12-09T04:48:00Z,24.247889
2024-12-09T05:24:00Z,24.635519
2024-12-09T06:00:00Z,25.967329
2024-12-09T07:12:00Z,24.18938
2024-12-09T07:48:00Z,0
2024-12-09T08:24:00Z,24.58797
2024-12-09T09:00:00Z,24.026243
2024-12-09T10:12:00Z,25.772667
2024-12-09T10:48:00Z,24.720867
2024-12-09T11:24:00Z,25.038961
2024-12-09T12:00:00Z,24.408867
2024-12-09T12:36:00Z,24.957918
2024-12-09T13:12:00Z,24.264109
2024-12-09T13:48:00Z,25.563694
2024-12-09T14:24:00Z,0
2024-12-09T15:00:00Z,24.081276
2024-12-09T15:36:00Z,25.347273
2024-12-09T16:12:00Z,24.17491
2024-12-09T16:48:00Z,24.794636
2024-12-09T17:24:00Z,30.275093
2024-12-09T18:00:00Z,0
2024-12-09T18:36:00Z,24.611637
2024-12-09T19:12:00Z,0
2024-12-09T19:48:00Z,25.247929
2024-12-09T20:24:00Z,25.419
2024-12-09T21:00:00Z,30.275875
2024-12-09T21:36:00Z,0
2024-12-09T22:12:00Z,24.738981
2024-12-09T22:48:00Z,24.967999
2024-12-09T23:24:00Z,0
2024-12-10T00:00:00Z,24.139404
2024-12-10T00:36:00Z,30.501085
2024-12-10T01:12:00Z,24.94061
2024-12-10T01:48:00Z,25.169106
2024-12-10T02:24:00Z,30.824722
2024-12-10T03:00:00Z,25.839205
2024-12-10T03:36:00Z,24.5074
2024-12-10T04:12:00Z,25.887556
2024-12-10T04:48:00Z,24.27143
2024-12-10T06:00:00Z,25.627012
2024-12-10T06:36:00Z,30.821749
2024-12-10T07:12:00Z,24.420038
2024-12-10T07:48:00Z,25.171623
2024-12-10T08:24:00Z,24.378828
2024-12-10T09:36:00Z,25.560163
2024-12-10T10:12:00Z,24.146786
2024-12-10T10:48:00Z,29.450245
2024-12-10T11:24:00Z,0
2024-12-10T12:00:00Z,25.236288
2024-12-10T12:36:00Z,24.892244
2024-12-10T13:12:00Z,25.786589
2024-12-10T13:48:00Z,25.025131
2024-12-10T14:24:00Z,25.854853
2024-12-10T15:00:00Z,25.843584
2024-12-10T15:36:00Z,24.14898
2024-12-10T16:12:00Z,0
2024-12-10T16:48:00Z,24.812296
2024-12-10T17:24:00Z,29.268488
2024-12-10T18:00:00Z,24.514204
2024-12-10T18:36:00Z,25.828619
2024-12-10T19:12:00Z,24.461958
2024-12-10T19:48:00Z,25.379578
2024-12-10T20:24:00Z,24.306831
2024-12-10T21:36:00Z,25.708824
2024-12-10T22:12:00Z,25.56354
2024-12-10T22:48:00Z,24.876495
2024-12-11T00:00:00Z,25.682934
2024-12-11T00:36:00Z,24.985186
2024-12-11T01:12:00Z,24.969711
2024-12-11T01:48:00Z,25.797684
2024-12-11T02:24:00Z,25.689533
2024-12-11T03:00:00Z,0
2024-12-11T03:36:00Z,25.295189
2024-12-11T04:12:00Z,24.53469
2024-12-11T04:48:00Z,25.364542
2024-12-11T05:24:00Z,0
2024-12-11T06:00:00Z,0
2024-12-11T06:36:00Z,24.425505
2024-12-11T07:12:00Z,24.731194
2024-12-11T07:48:00Z,25.691774
2024-12-11T08:24:00Z,24.318567
2024-12-11T09:00:00Z,24.802698
2024-12-11T09:36:00Z,24.617838
2024-12-11T10:12:00Z,25.485046
2024-12-11T10:48:00Z,25.705772
2024-12-11T11:24:00Z,25.480175
2024-12-11T12:00:00Z,0
2024-12-11T12:36:00Z,30.607117
2024-12-11T13:12:00Z,24.670116
2024-12-11T13:48:00Z,24.246897
2024-12-11T14:24:00Z,25.29415
2024-12-11T15:00:00Z,24.287434
2024-12-11T15:36:00Z,25.838524
2024-12-11T16:48:00Z,24.95308
2024-12-11T17:24:00Z,25.50181
2024-12-11T18:00:00Z,25.624086
2024-12-11T18:36:00Z,24.170004
2024-12-11T19:12:00Z,29.897661
2024-12-11T19:48:00Z,25.063103
2024-12-11T21:00:00Z,25.866375
2024-12-11T21:36:00Z,29.53479
2024-12-11T22:12:00Z,24.529879
2024-12-11T22:48:00Z,25.260212
2024-12-11T23:24:00Z,30.390291
2024-12-12T00:00:00Z,24.20235
2024-12-12T01:12:00Z,24.436768
2024-12-12T02:24:00Z,25.79477
2024-12-12T03:36:00Z,25.73658
2024-12-12T04:12:00Z,0
2024-12-12T04:48:00Z,25.936638
2024-12-12T05:24:00Z,24.209078
2024-12-12T06:00:00Z,25.404892
2024-12-12T06:36:00Z,25.773273
2024-12-12T07:12:00Z,24.125021
2024-12-12T07:48:00Z,24.135817
2024-12-12T08:24:00Z,29.853035
2024-12-12T09:00:00Z,0
2024-12-12T09:36:00Z,25.694324
2024-12-12T10:12:00Z,0
2024-12-12T10:48:00Z,25.613867
2024-12-12T11:24:00Z,24.995716
2024-12-12T12:00:00Z,25.918951
2024-12-12T12:36:00Z,25.591461
2024-12-12T13:48:00Z,24.11581
2024-12-12T14:24:00Z,0
2024-12-12T15:00:00Z,24.220898
2024-12-12T15:36:00Z,25.12346
2024-12-12T16:12:00Z,24.091835
2024-12-12T17:24:00Z,24.78196
2024-12-12T18:00:00Z,24.791931
2024-12-12T18:36:00Z,25.700068
2024-12-12T19:48:00Z,25.847893
2024-12-12T21:00:00Z,24.237034
2024-12-12T21:36:00Z,25.552921
2024-12-12T22:12:00Z,24.507551
2024-12-12T22:48:00Z,25.433239
2024-12-12T23:24:00Z,0
2024-12-13T00:00:00Z,24.633398
2024-12-13T00:36:00Z,25.775743
2024-12-13T01:12:00Z,0
2024-12-13T01:48:00Z,24.122932
2024-12-13T03:36:00Z,25.40981
2024-12-13T04:12:00Z,29.415907
2024-12-13T04:48:00Z,25.82281
2024-12-13T05:24:00Z,24.378178
2024-12-13T06:00:00Z,24.888609
2024-12-13T06:36:00Z,24.213696
2024-12-13T07:12:00Z,25.257624
2024-12-13T07:48:00Z,25.893183
2024-12-13T08:24:00Z,30.437529
2024-12-13T09:00:00Z,25.250668
2024-12-13T10:12:00Z,24.265451
2024-12-13T11:24:00Z,25.625788
2024-12-13T12:00:00Z,24.094646
2024-12-13T12:36:00Z,0
2024-12-13T13:12:00Z,25.179867
2024-12-13T13:48:00Z,25.491407
2024-12-13T14:24:00Z,25.344599
2024-12-13T15:00:00Z,24.27456
2024-12-13T15:36:00Z,24.008137
2024-12-13T16:12:00Z,25.485794
2024-12-13T16:48:00Z,24.769323
2024-12-13T17:24:00Z,25.7733
2024-12-13T18:36:00Z,24.04098
2024-12-13T19:12:00Z,25.094265
2024-12-13T20:24:00Z,25.109821
2024-12-13T21:00:00Z,24.308537
2024-12-13T21:36:00Z,24.36605
2024-12-13T22:12:00Z,25.965921
2024-12-13T22:48:00Z,25.083412
2024-12-13T23:24:00Z,25.450584
2024-12-14T00:00:00Z,24.758314
2024-12-14T00:36:00Z,25.624098
2024-12-14T01:12:00Z,25.054287
2024-12-14T01:48:00Z,25.844053
2024-12-14T02:24:00Z,0
2024-12-14T03:00:00Z,25.594929
2024-12-14T03:36:00Z,0
2024-12-14T04:12:00Z,24.340582
2024-12-14T04:48:00Z,25.541971
2024-12-14T05:24:00Z,24.095514
2024-12-14T06:00:00Z,0
2024-12-14T06:36:00Z,25.506865
2024-12-14T07:12:00Z,30.16253
2024-12-14T07:48:00Z,0
2024-12-14T08:24:00Z,24.649382
2024-12-14T09:36:00Z,25.155338
2024-12-14T10:12:00Z,24.030275
2024-12-14T10:48:00Z,25.208994
2024-12-14T11:24:00Z,25.796638
2024-12-14T12:00:00Z,0
2024-12-14T12:36:00Z,24.753996
2024-12-14T13:12:00Z,0
2024-12-14T13:48:00Z,24.697718
2024-12-14T14:24:00Z,24.4727
2024-12-14T15:00:00Z,25.822803
2024-12-14T15:36:00Z,24.301601
2024-12-14T16:12:00Z,30.9126
2024-12-14T16:48:00Z,24.116745
2024-12-14T17:24:00Z,25.635534
2024-12-14T18:00:00Z,24.795101
2024-12-14T19:12:00Z,24.976841
2024-12-14T19:48:00Z,25.957018
2024-12-14T20:24:00Z,24.12119
2024-12-14T21:36:00Z,25.70109
2024-12-14T22:12:00Z,24.790342
2024-12-14T22:48:00Z,30.406746
2024-12-14T23:24:00Z,25.714544
2024-12-15T00:00:00Z,30.946962
2024-12-15T00:36:00Z,25.710835
2024-12-15T01:12:00Z,25.620823
2024-12-15T01:48:00Z,25.087841
2024-12-15T02:24:00Z,30.065676
2024-12-15T03:00:00Z,0
2024-12-15T03:36:00Z,25.205631
2024-12-15T04:12:00Z,25.443495
2024-12-15T04:48:00Z,0
2024-12-15T05:24:00Z,24.780918
2024-12-15T06:00:00Z,24.724504
2024-12-15T06:36:00Z,24.211252
2024-12-15T07:12:00Z,24.691185
2024-12-15T07:48:00Z,25.976831
2024-12-15T08:24:00Z,24.498018
2024-12-15T09:00:00Z,24.147446
2024-12-15T09:36:00Z,24.993816
2024-12-15T12:00:00Z,24.742163
2024-12-15T12:36:00Z,24.095093
2024-12-15T13:12:00Z,25.149994
2024-12-15T13:48:00Z,25.46046
2024-12-15T14:24:00Z,0
2024-12-15T15:00:00Z,24.247698
2024-12-15T15:36:00Z,25.09898
2024-12-15T16:12:00Z,0
2024-12-15T16:48:00Z,25.91754
2024-12-15T17:24:00Z,29.363308
2024-12-15T18:00:00Z,24.827988
2024-12-15T18:36:00Z,25.789486
2024-12-15T19:12:00Z,25.69491
2024-12-15T19:48:00Z,24.172346
2024-12-15T21:00:00Z,25.41585
2024-12-15T22:12:00Z,25.683914
2024-12-15T22:48:00Z,25.259232
2024-12-15T23:24:00Z,0
2024-12-16T00:00:00Z,24.688452
2024-12-16T00:36:00Z,25.41323
2024-12-16T01:12:00Z,24.561672
2024-12-16T02:24:00Z,24.263533
2024-12-16T03:00:00Z,24.805882
2024-12-16T03:36:00Z,24.874157
2024-12-16T04:12:00Z,0
2024-12-16T04:48:00Z,30.74485
2024-12-16T05:24:00Z,24.77552
2024-12-16T06:00:00Z,24.686739
2024-12-16T06:36:00Z,25.686598
2024-12-16T07:12:00Z,25.321299
2024-12-16T07:48:00Z,25.367262
2024-12-16T08:24:00Z,24.908226
2024-12-16T09:00:00Z,25.042595
2024-12-16T09:36:00Z,24.045706
2024-12-16T10:12:00Z,24.571259
2024-12-16T10:48:00Z,29.002398
2024-12-16T11:24:00Z,0
2024-12-16T12:00:00Z,24.519884
2024-12-16T12:36:00Z,25.700127
2024-12-16T13:12:00Z,24.824041
2024-12-16T14:24:00Z,24.82887
2024-12-16T15:00:00Z,24.353275
2024-12-16T15:36:00Z,0
2024-12-16T16:12:00Z,30.201494
2024-12-16T16:48:00Z,24.859941
2024-12-16T17:24:00Z,24.384903
2024-12-16T18:00:00Z,24.727451
2024-12-16T18:36:00Z,25.82333
2024-12-16T19:12:00Z,24.234999
2024-12-16T19:48:00Z,24.923325
2024-12-16T20:24:00Z,24.204245
2024-12-16T21:00:00Z,24.146156
2024-12-16T21:36:00Z,25.260601
2024-12-16T22:12:00Z,24.304594
2024-12-16T22:48:00Z,0
2024-12-16T23:24:00Z,24.061298
2024-12-17T00:00:00Z,25.246056
2024-12-17T00:36:00Z,24.103384
2024-12-17T01:12:00Z,24.171267
2024-12-17T01:48:00Z,25.963081
2024-12-17T02:24:00Z,25.395706
2024-12-17T03:00:00Z,0
2024-12-17T03:36:00Z,24.829641
2024-12-17T04:12:00Z,25.707945
2024-12-17T04:48:00Z,24.415798
2024-12-17T05:24:00Z,24.806292
2024-12-17T06:00:00Z,25.930683
2024-12-17T06:36:00Z,24.33553
2024-12-17T07:12:00Z,25.302124
2024-12-17T07:48:00Z,24.49516
2024-12-17T08:24:00Z,25.99862
2024-12-17T09:00:00Z,25.046844
2024-12-17T09:36:00Z,25.642061
2024-12-17T10:12:00Z,25.65781
2024-12-17T10:48:00Z,24.32097
2024-12-17T11:24:00Z,24.355103
2024-12-17T12:36:00Z,25.41958
2024-12-17T13:48:00Z,24.822016
2024-12-17T14:24:00Z,30.110573
2024-12-17T15:00:00Z,24.031637
2024-12-17T16:48:00Z,24.62882
2024-12-17T17:24:00Z,24.367508
2024-12-17T18:36:00Z,24.455566
2024-12-17T19:48:00Z,24.146837
2024-12-17T20:24:00Z,30.69835
2024-12-17T21:00:00Z,0
2024-12-17T21:36:00Z,25.855703
2024-12-17T22:12:00Z,24.203625
2024-12-17T23:24:00Z,24.318054
2024-12-18T00:00:00Z,30.719995
2024-12-18T00:36:00Z,0
2024-12-18T01:12:00Z,24.069668
2024-12-18T01:48:00Z,25.893328
2024-12-18T02:24:00Z,24.725927
2024-12-18T03:00:00Z,25.506031
2024-12-18T03:36:00Z,0
2024-12-18T04:12:00Z,24.996286
2024-12-18T04:48:00Z,0
2024-12-18T05:24:00Z,24.17463
2024-12-18T06:00:00Z,25.509932
2024-12-18T06:36:00Z,0
2024-12-18T07:12:00Z,25.482224
2024-12-18T09:36:00Z,25.246666
2024-12-18T10:12:00Z,24.585491
2024-12-18T11:24:00Z,24.591463
2024-12-18T12:00:00Z,25.574545
2024-12-18T12:36:00Z,24.346264
2024-12-18T13:12:00Z,0
2024-12-18T13:48:00Z,25.76753
2024-12-18T14:24:00Z,30.622698
2024-12-18T15:00:00Z,0
2024-12-18T15:36:00Z,0
2024-12-18T16:12:00Z,24.808496
2024-12-18T16:48:00Z,24.895676
2024-12-18T17:24:00Z,24.28673
2024-12-18T18:00:00Z,25.024195
2024-12-18T18:36:00Z,25.054659
2024-12-18T19:12:00Z,25.828074
2024-12-18T19:48:00Z,29.68713
2024-12-18T20:24:00Z,25.46394
2024-12-18T21:36:00Z,24.20223
2024-12-18T22:12:00Z,25.554802
2024-12-18T23:24:00Z,24.953405
2024-12-19T00:00:00Z,25.420244
2024-12-19T01:12:00Z,24.745298
2024-12-19T01:48:00Z,25.989965
2024-12-19T02:24:00Z,24.223326
2024-12-19T03:00:00Z,25.971643
2024-12-19T03:36:00Z,24.399664
2024-12-19T04:12:00Z,24.881495
2024-12-19T04:48:00Z,29.697136
2024-12-19T05:24:00Z,24.046688
2024-12-19T06:00:00Z,25.06493
2024-12-19T06:36:00Z,24.793137
2024-12-19T07:12:00Z,25.165777
2024-12-19T07:48:00Z,24.42405
2024-12-19T08:24:00Z,25.358345
2024-12-19T09:00:00Z,25.538776
2024-12-19T09:36:00Z,29.001593
2024-12-19T10:12:00Z,24.64937
2024-12-19T11:24:00Z,24.61187
2024-12-19T12:00:00Z,25.933685
2024-12-19T13:12:00Z,24.857933
2024-12-19T13:48:00Z,29.10013
2024-12-19T14:24:00Z,25.6699
2024-12-19T15:00:00Z,25.652191
2024-12-19T15:36:00Z,24.323639
2024-12-19T16:12:00Z,24.317495
2024-12-19T16:48:00Z,29.362362
2024-12-19T17:24:00Z,24.362226
2024-12-19T18:00:00Z,24.237352
2024-12-19T18:36:00Z,25.179943
2024-12-19T19:12:00Z,24.686905
2024-12-19T20:24:00Z,25.086332
2024-12-19T21:00:00Z,24.623297
2024-12-19T22:12:00Z,25.937174
2024-12-19T22:48:00Z,24.62177
2024-12-19T23:24:00Z,24.285286
2024-12-20T00:00:00Z,29.593237
2024-12-20T00:36:00Z,25.684662
2024-12-20T01:12:00Z,24.923773
2024-12-20T01:48:00Z,25.506287
2024-12-20T02:24:00Z,24.28357
2024-12-20T03:36:00Z,24.43379
2024-12-20T04:12:00Z,25.433023
2024-12-20T04:48:00Z,24.58505
2024-12-20T06:00:00Z,25.182842
2024-12-20T06:36:00Z,25.978548
2024-12-20T07:12:00Z,0
2024-12-20T07:48:00Z,25.654709
2024-12-20T08:24:00Z,0
2024-12-20T09:00:00Z,24.802982
2024-12-20T09:36:00Z,24.165586
2024-12-20T10:12:00Z,0
2024-12-20T10:48:00Z,24.8507
2024-12-20T11:24:00Z,24.756968
2024-12-20T12:00:00Z,29.942335
2024-12-20T12:36:00Z,0
2024-12-20T13:12:00Z,25.434944
2024-12-20T14:24:00Z,25.310003
2024-12-20T15:00:00Z,24.447191
2024-12-20T15:36:00Z,24.522722
2024-12-20T16:12:00Z,25.07712
2024-12-20T16:48:00Z,24.489334
2024-12-20T17:24:00Z,25.015192
2024-12-20T18:00:00Z,24.00026
2024-12-20T18:36:00Z,25.876587
2024-12-20T19:48:00Z,24.542809
2024-12-20T20:24:00Z,30.644865
2024-12-20T21:00:00Z,0
2024-12-20T21:36:00Z,25.88101
2024-12-20T22:12:00Z,24.578522
2024-12-20T22:48:00Z,25.60808
2024-12-20T23:24:00Z,24.250998
2024-12-21T00:00:00Z,24.116955
2024-12-21T00:36:00Z,24.593082
2024-12-21T01:12:00Z,24.30404
2024-12-21T01:48:00Z,25.668886
2024-12-21T02:24:00Z,25.16535
2024-12-21T03:00:00Z,24.041996
2024-12-21T04:48:00Z,25.178045
2024-12-21T05:24:00Z,24.19311
2024-12-21T06:00:00Z,25.663147
2024-12-21T06:36:00Z,24.716244
2024-12-21T07:12:00Z,25.055254
2024-12-21T07:48:00Z,24.70352
2024-12-21T08:24:00Z,24.78389
2024-12-21T09:00:00Z,25.840546
2024-12-21T09:36:00Z,25.038359
2024-12-21T10:12:00Z,0
2024-12-21T10:48:00Z,24.413767
2024-12-21T11:24:00Z,29.542587
2024-12-21T12:00:00Z,24.170147
2024-12-21T12:36:00Z,24.894135
2024-12-21T13:12:00Z,0
2024-12-21T13:48:00Z,25.16826
2024-12-21T14:24:00Z,24.307764
2024-12-21T15:36:00Z,24.186357
2024-12-21T16:12:00Z,25.238464
2024-12-21T16:48:00Z,24.493807
2024-12-21T17:24:00Z,24.849333
2024-12-21T18:00:00Z,24.312399
2024-12-21T18:36:00Z,25.402529
2024-12-21T19:12:00Z,25.548025
2024-12-21T19:48:00Z,24.058983
2024-12-21T20:24:00Z,0
2024-12-21T21:00:00Z,25.933392
2024-12-21T21:36:00Z,24.42747
2024-12-21T22:12:00Z,29.859007
2024-12-21T22:48:00Z,24.11095
2024-12-21T23:24:00Z,24.980267
2024-12-22T00:00:00Z,24.575008
2024-12-22T00:36:00Z,0
2024-12-22T01:12:00Z,24.039913
2024-12-22T01:48:00Z,25.167734
2024-12-22T03:00:00Z,24.442186
2024-12-22T03:36:00Z,0
2024-12-22T04:12:00Z,24.096834
2024-12-22T04:48:00Z,24.702892
2024-12-22T05:24:00Z,25.757471
2024-12-22T06:36:00Z,25.03275
2024-12-22T07:12:00Z,25.686823
2024-12-22T07:48:00Z,0
2024-12-22T08:24:00Z,24.689976
2024-12-22T09:00:00Z,25.522482
2024-12-22T09:36:00Z,25.320345
2024-12-22T10:12:00Z,25.677525
2024-12-22T10:48:00Z,25.49293
2024-12-22T11:24:00Z,0
2024-12-22T12:00:00Z,24.609734
2024-12-22T13:12:00Z,25.66478
2024-12-22T14:24:00Z,24.592144
2024-12-22T15:00:00Z,24.581856
2024-12-22T15:36:00Z,24.127098
2024-12-22T16:12:00Z,29.867582
2024-12-22T16:48:00Z,24.262579
2024-12-22T17:24:00Z,25.743176
2024-12-22T18:00:00Z,25.578005
2024-12-22T18:36:00Z,25.969324
2024-12-22T19:12:00Z,0
2024-12-22T19:48:00Z,25.260818
2024-12-22T20:24:00Z,25.344608
2024-12-22T21:00:00Z,24.010395
2024-12-22T21:36:00Z,24.372725
2024-12-22T22:12:00Z,25.208214
2024-12-22T22:48:00Z,24.574533
2024-12-22T23:24:00Z,30.68176
2024-12-23T00:00:00Z,0
2024-12-23T00:36:00Z,24.487823
2024-12-23T01:12:00Z,25.244982
2024-12-23T01:48:00Z,25.2045
2024-12-23T02:24:00Z,25.683142
2024-12-23T03:00:00Z,24.954485
2024-12-23T03:36:00Z,25.135435
2024-12-23T04:12:00Z,25.801538
2024-12-23T04:48:00Z,25.63622
2024-12-23T05:24:00Z,0
2024-12-23T06:00:00Z,24.901154
2024-12-23T06:36:00Z,24.212074
2024-12-23T07:12:00Z,25.440332
2024-12-23T07:48:00Z,25.588774
2024-12-23T08:24:00Z,29.244467
2024-12-23T09:00:00Z,25.442238
2024-12-23T10:12:00Z,24.361517
2024-12-23T10:48:00Z,25.528992
2024-12-23T11:24:00Z,24.587612
2024-12-23T12:00:00Z,25.011728
2024-12-23T12:36:00Z,24.074139
2024-12-23T13:12:00Z,0
2024-12-23T13:48:00Z,25.266636
2024-12-23T14:24:00Z,25.904076
2024-12-23T15:00:00Z,30.005157
2024-12-23T15:36:00Z,25.57183
2024-12-23T16:12:00Z,25.044012
2024-12-23T16:48:00Z,25.932302
2024-12-23T17:24:00Z,29.640718
2024-12-23T18:00:00Z,25.533596
2024-12-23T18:36:00Z,29.787107
2024-12-23T19:12:00Z,0
2024-12-23T19:48:00Z,25.044603
2024-12-23T21:36:00Z,25.028774
2024-12-23T22:12:00Z,0
2024-12-23T22:48:00Z,24.09798
2024-12-23T23:24:00Z,24.494436
2024-12-24T00:00:00Z,25.603327
2024-12-24T01:12:00Z,24.551556
2024-12-24T01:48:00Z,25.139751
2024-12-24T02:24:00Z,0
2024-12-24T03:00:00Z,25.02906
2024-12-24T03:36:00Z,25.554876
2024-12-24T04:12:00Z,25.162336
2024-12-24T04:48:00Z,24.070618
2024-12-24T05:24:00Z,25.575441
2024-12-24T06:00:00Z,30.650043
2024-12-24T06:36:00Z,25.694555
2024-12-24T07:12:00Z,25.824785
2024-12-24T07:48:00Z,25.099356
2024-12-24T08:24:00Z,25.061325
2024-12-24T09:36:00Z,24.212822
2024-12-24T10:12:00Z,0
2024-12-24T10:48:00Z,0
2024-12-24T11:24:00Z,24.69549
2024-12-24T12:00:00Z,24.453714
2024-12-24T12:36:00Z,24.725079
2024-12-24T13:12:00Z,24.078432
2024-12-24T13:48:00Z,25.10136
2024-12-24T15:36:00Z,25.58599
2024-12-24T16:12:00Z,24.172
2024-12-24T16:48:00Z,24.488531
2024-12-24T17:24:00Z,25.509708
2024-12-24T18:00:00Z,25.262806
2024-12-24T18:36:00Z,24.351362
2024-12-24T19:12:00Z,24.735125
2024-12-24T19:48:00Z,24.15614
2024-12-24T20:24:00Z,24.952868
2024-12-24T21:00:00Z,24.136566
2024-12-24T22:12:00Z,25.876743
2024-12-24T22:48:00Z,25.68376
2024-12-24T23:24:00Z,0
2024-12-25T00:00:00Z,24.244642
2024-12-25T00:36:00Z,25.820606
2024-12-25T01:12:00Z,24.734785
2024-12-25T03:00:00Z,24.479649
2024-12-25T03:36:00Z,25.402618
2024-12-25T04:48:00Z,25.63076
2024-12-25T05:24:00Z,25.148394
2024-12-25T06:00:00Z,25.414314
2024-12-25T06:36:00Z,24.159552
2024-12-25T07:12:00Z,30.901052
2024-12-25T07:48:00Z,25.175337
2024-12-25T08:24:00Z,24.043184
2024-12-25T09:00:00Z,24.441952
2024-12-25T09:36:00Z,24.020952
2024-12-25T10:12:00Z,24.451153
2024-12-25T10:48:00Z,25.309381
2024-12-25T11:24:00Z,25.60933
2024-12-25T12:36:00Z,24.660484
2024-12-25T13:12:00Z,25.412546
2024-12-25T13:48:00Z,24.497948
2024-12-25T14:24:00Z,25.61556
2024-12-25T15:00:00Z,24.331152
2024-12-25T16:12:00Z,24.097544
2024-12-25T16:48:00Z,24.300894
2024-12-25T17:24:00Z,0
2024-12-25T18:00:00Z,24.87843
2024-12-25T18:36:00Z,24.837278
2024-12-25T19:48:00Z,25.880325
2024-12-25T21:36:00Z,24.025978
2024-12-25T22:12:00Z,25.614382
2024-12-25T22:48:00Z,29.503641
2024-12-25T23:24:00Z,24.07892
2024-12-26T00:00:00Z,24.104437
2024-12-26T01:12:00Z,25.71292
2024-12-26T01:48:00Z,24.693453
2024-12-26T02:24:00Z,25.368452
2024-12-26T03:00:00Z,30.645044
2024-12-26T03:36:00Z,25.04606
2024-12-26T04:12:00Z,25.895555
2024-12-26T04:48:00Z,24.480871
2024-12-26T05:24:00Z,25.50397
2024-12-26T06:00:00Z,25.928535
2024-12-26T06:36:00Z,25.69009
2024-12-26T07:12:00Z,24.63311
2024-12-26T08:24:00Z,25.672718
2024-12-26T09:00:00Z,30.427813
2024-12-26T09:36:00Z,25.316635
2024-12-26T11:24:00Z,24.12522
2024-12-26T12:36:00Z,24.06488
2024-12-26T13:12:00Z,24.966007
2024-12-26T13:48:00Z,24.999975
2024-12-26T14:24:00Z,29.6215
2024-12-26T15:00:00Z,24.165972
2024-12-26T15:36:00Z,30.78586
2024-12-26T16:12:00Z,0
2024-12-26T16:48:00Z,24.801182
2024-12-26T17:24:00Z,25.054886
2024-12-26T18:00:00Z,24.332382
2024-12-26T19:12:00Z,25.83938
2024-12-26T19:48:00Z,24.663591
2024-12-26T20:24:00Z,24.265902
2024-12-26T21:00:00Z,24.924383
2024-12-26T21:36:00Z,24.305408
2024-12-26T22:12:00Z,24.221462
2024-12-26T22:48:00Z,25.939718
2024-12-26T23:24:00Z,24.984297
2024-12-27T00:00:00Z,24.665571
2024-12-27T00:36:00Z,25.163065
2024-12-27T01:12:00Z,24.464434
2024-12-27T01:48:00Z,25.548399
2024-12-27T02:24:00Z,24.628546
2024-12-27T03:00:00Z,0
2024-12-27T03:36:00Z,25.912338
2024-12-27T04:12:00Z,24.911976
2024-12-27T04:48:00Z,25.69437
2024-12-27T05:24:00Z,25.28369
2024-12-27T06:00:00Z,25.314207
2024-12-27T06:36:00Z,0
2024-12-27T07:12:00Z,25.653065
2024-12-27T07:48:00Z,24.18335
2024-12-27T08:24:00Z,0
2024-12-27T09:00:00Z,24.890772
2024-12-27T09:36:00Z,24.120419
2024-12-27T10:12:00Z,24.311504
2024-12-27T10:48:00Z,25.803907
2024-12-27T11:24:00Z,24.956615
2024-12-27T12:00:00Z,25.34092
2024-12-27T12:36:00Z,24.29455
2024-12-27T13:12:00Z,24.030321
2024-12-27T13:48:00Z,25.159725
2024-12-27T14:24:00Z,24.481836
2024-12-27T15:00:00Z,24.866621
2024-12-27T15:36:00Z,0
2024-12-27T16:12:00Z,25.233347
2024-12-27T16:48:00Z,24.322792
2024-12-27T17:24:00Z,25.779955
2024-12-27T18:00:00Z,29.968397
2024-12-27T18:36:00Z,24.69587
2024-12-27T19:12:00Z,24.539774
2024-12-27T19:48:00Z,25.919823
2024-12-27T20:24:00Z,25.267109
2024-12-27T21:00:00Z,25.828154
2024-12-27T21:36:00Z,0
2024-12-27T22:12:00Z,24.588251
2024-12-27T22:48:00Z,0
2024-12-27T23:24:00Z,0
2024-12-28T00:00:00Z,24.062735
2024-12-28T01:48:00Z,25.541445
2024-12-28T02:24:00Z,24.67721
2024-12-28T03:00:00Z,25.463024
2024-12-28T03:36:00Z,0
2024-12-28T04:12:00Z,24.667845
2024-12-28T04:48:00Z,25.344076
2024-12-28T05:24:00Z,24.360624
2024-12-28T06:00:00Z,24.982796
2024-12-28T06:36:00Z,25.068907
2024-12-28T07:12:00Z,25.71194
2024-12-28T07:48:00Z,25.795656
2024-12-28T08:24:00Z,24.133432
2024-12-28T09:36:00Z,24.548105
2024-12-28T10:12:00Z,29.73565
2024-12-28T10:48:00Z,0
2024-12-28T11:24:00Z,25.649345
2024-12-28T12:36:00Z,25.624727
2024-12-28T13:12:00Z,24.506544
2024-12-28T13:48:00Z,24.160334
2024-12-28T15:00:00Z,25.840595
2024-12-28T15:36:00Z,0
2024-12-28T16:12:00Z,24.401768
2024-12-28T16:48:00Z,25.909834
2024-12-28T17:24:00Z,24.821802
2024-12-28T18:00:00Z,25.187328
2024-12-28T18:36:00Z,0
2024-12-28T19:12:00Z,30.886738
2024-12-28T19:48:00Z,25.57489
2024-12-28T20:24:00Z,25.614876
2024-12-28T21:00:00Z,0
2024-12-28T21:36:00Z,25.829771
2024-12-28T22:12:00Z,24.464685
2024-12-28T22:48:00Z,30.603868
2024-12-28T23:24:00Z,25.258621
2024-12-29T00:00:00Z,25.951752
2024-12-29T00:36:00Z,25.971495
2024-12-29T01:12:00Z,24.648499
2024-12-29T01:48:00Z,25.473549
2024-12-29T02:24:00Z,25.730394
2024-12-29T03:00:00Z,30.56877
2024-12-29T03:36:00Z,24.955908
2024-12-29T04:12:00Z,24.957762
2024-12-29T04:48:00Z,24.47453
2024-12-29T05:24:00Z,25.956678
2024-12-29T06:00:00Z,0
2024-12-29T06:36:00Z,24.508316
2024-12-29T07:12:00Z,0
2024-12-29T07:48:00Z,25.96006
2024-12-29T08:24:00Z,25.294006
2024-12-29T09:36:00Z,25.559393
2024-12-29T10:12:00Z,0
2024-12-29T10:48:00Z,24.623102
2024-12-29T12:00:00Z,25.042673
2024-12-29T13:12:00Z,25.630669
2024-12-29T13:48:00Z,25.139044
2024-12-29T14:24:00Z,30.482801
2024-12-29T15:00:00Z,0
2024-12-29T15:36:00Z,25.039707
2024-12-29T16:48:00Z,25.313824
2024-12-29T17:24:00Z,25.96707
2024-12-29T18:00:00Z,24.923532
2024-12-29T18:36:00Z,24.776678
2024-12-29T19:12:00Z,25.217323
2024-12-29T20:24:00Z,24.192703
2024-12-29T21:00:00Z,25.24462
2024-12-29T22:12:00Z,24.098251
2024-12-29T22:48:00Z,24.878447
2024-12-29T23:24:00Z,25.138077
2024-12-30T00:36:00Z,24.69416
2024-12-30T01:12:00Z,25.477596
2024-12-30T01:48:00Z,29.386843
2024-12-30T02:24:00Z,25.285906
2024-12-30T03:00:00Z,24.177794
2024-12-30T03:36:00Z,24.666628
2024-12-30T04:12:00Z,24.364622
2024-12-30T04:48:00Z,25.053188
2024-12-30T05:24:00Z,0
2024-12-30T06:00:00Z,24.82252
2024-12-30T07:12:00Z,25.418547
2024-12-30T07:48:00Z,24.160326
2024-12-30T08:24:00Z,24.013187
2024-12-30T09:36:00Z,24.968624
2024-12-30T10:12:00Z,25.823048
2024-12-30T10:48:00Z,24.466469
2024-12-30T11:24:00Z,0
2024-12-30T12:00:00Z,25.384476
2024-12-30T12:36:00Z,24.75036
2024-12-30T13:12:00Z,0
2024-12-30T13:48:00Z,24.12132
2024-12-30T15:00:00Z,25.497593
2024-12-30T15:36:00Z,25.0877
2024-12-30T16:12:00Z,25.171877
2024-12-30T16:48:00Z,0
2024-12-30T17:24:00Z,25.88824
2024-12-30T18:00:00Z,25.71436
2024-12-30T18:36:00Z,24.14053
2024-12-30T19:48:00Z,24.801956
2024-12-30T20:24:00Z,25.758041
2024-12-30T21:00:00Z,25.19068
2024-12-30T21:36:00Z,25.864542
2024-12-30T22:12:00Z,0
2024-12-30T22:48:00Z,25.143875
2024-12-30T23:24:00Z,25.717793
2024-12-31T01:12:00Z,25.572746
2024-12-31T01:48:00Z,24.25065
2024-12-31T02:24:00Z,24.307013
2024-12-31T03:00:00Z,24.935148
2024-12-31T03:36:00Z,24.311752
2024-12-31T04:12:00Z,24.6727
2024-12-31T04:48:00Z,25.971329
2024-12-31T06:00:00Z,25.528774
2024-12-31T06:36:00Z,24.047518
2024-12-31T07:12:00Z,25.490776
2024-12-31T07:48:00Z,24.04568
2024-12-31T08:24:00Z,25.951977
2024-12-31T09:00:00Z,0
2024-12-31T09:36:00Z,25.892986
2024-12-31T10:12:00Z,25.941372
2024-12-31T10:48:00Z,25.408766
2024-12-31T11:24:00Z,24.34073
2024-12-31T12:00:00Z,25.82155
2024-12-31T12:36:00Z,25.41027
2024-12-31T13:12:00Z,0
2024-12-31T13:48:00Z,24.16849
2024-12-31T14:24:00Z,25.867851
2024-12-31T15:36:00Z,25.71803
2024-12-31T16:12:00Z,25.96146
2024-12-31T16:48:00Z,24.386047
2024-12-31T17:24:00Z,24.399162
2024-12-31T18:00:00Z,25.651024
2024-12-31T18:36:00Z,24.711061
2024-12-31T19:12:00Z,25.736517
2024-12-31T19:48:00Z,24.379396
2024-12-31T21:00:00Z,24.96927
2024-12-31T21:36:00Z,25.989723
2024-12-31T22:12:00Z,25.10565
2024-12-31T22:48:00Z,24.84849
2024-12-31T23:24:00Z,24.026121
2025-01-01T00:00:00Z,25.099712
2025-01-01T00:36:00Z,25.436417
2025-01-01T01:12:00Z,30.19154
2025-01-01T01:48:00Z,24.361141
2025-01-01T02:24:00Z,24.540237
2025-01-01T03:00:00Z,25.493172
2025-01-01T03:36:00Z,25.997149
2025-01-01T04:12:00Z,0
2025-01-01T04:48:00Z,30.691778
2025-01-01T05:24:00Z,25.309523
2025-01-01T06:00:00Z,25.783764
2025-01-01T06:36:00Z,30.768763
2025-01-01T07:12:00Z,0
2025-01-01T07:48:00Z,25.901457
2025-01-01T08:24:00Z,25.758554
2025-01-01T09:00:00Z,29.079323
2025-01-01T09:36:00Z,24.08128
2025-01-01T10:12:00Z,24.597898
2025-01-01T10:48:00Z,0
2025-01-01T11:24:00Z,24.074997
2025-01-01T12:00:00Z,25.099464
2025-01-01T12:36:00Z,24.184322
2025-01-01T13:48:00Z,24.704641
2025-01-01T14:24:00Z,25.53581
2025-01-01T15:00:00Z,25.110262
2025-01-01T16:12:00Z,25.2756
2025-01-01T16:48:00Z,24.074217
2025-01-01T17:24:00Z,25.397861
2025-01-01T18:00:00Z,25.99578
2025-01-01T18:36:00Z,24.33703
2025-01-01T19:12:00Z,24.902954
2025-01-01T19:48:00Z,24.987293
2025-01-01T20:24:00Z,25.605082
2025-01-01T21:00:00Z,25.56445
2025-01-01T21:36:00Z,24.449438
2025-01-01T22:12:00Z,24.931112
2025-01-01T22:48:00Z,30.485992
2025-01-01T23:24:00Z,24.426754
2025-01-02T00:00:00Z,25.739384
2025-01-02T00:36:00Z,25.59629
2025-01-02T01:12:00Z,24.09927
2025-01-02T01:48:00Z,25.025866
2025-01-02T02:24:00Z,24.476185
2025-01-02T03:00:00Z,24.868181
2025-01-02T03:36:00Z,25.94359
2025-01-02T04:12:00Z,25.39939
2025-01-02T04:48:00Z,30.412989
2025-01-02T05:24:00Z,25.999044
2025-01-02T06:00:00Z,24.10615
2025-01-02T06:36:00Z,25.459446
2025-01-02T07:12:00Z,24.358871
2025-01-02T07:48:00Z,0
2025-01-02T08:24:00Z,25.129913
2025-01-02T09:00:00Z,0
2025-01-02T09:36:00Z,24.459904
2025-01-02T10:12:00Z,0
2025-01-02T10:48:00Z,25.249119
2025-01-02T11:24:00Z,25.798725
2025-01-02T12:00:00Z,24.935038
2025-01-02T12:36:00Z,29.847473
2025-01-02T13:12:00Z,24.587284
2025-01-02T13:48:00Z,24.53854
2025-01-02T14:24:00Z,25.097084
2025-01-02T15:00:00Z,24.57016
2025-01-02T15:36:00Z,24.557037
2025-01-02T16:12:00Z,25.114748
2025-01-02T16:48:00Z,25.248573
2025-01-02T17:24:00Z,24.525787
2025-01-02T18:00:00Z,25.766003
2025-01-02T18:36:00Z,25.426023
2025-01-02T19:12:00Z,25.51598
2025-01-02T19:48:00Z,24.07196
2025-01-02T20:24:00Z,25.233442
2025-01-02T21:00:00Z,24.137419
2025-01-02T21:36:00Z,0
2025-01-02T22:12:00Z,25.229847
2025-01-02T22:48:00Z,25.630737
2025-01-02T23:24:00Z,0
2025-01-03T00:00:00Z,24.201399
2025-01-03T00:36:00Z,25.882992
2025-01-03T01:12:00Z,24.868448
2025-01-03T02:24:00Z,25.283428
2025-01-03T03:00:00Z,25.761074
2025-01-03T04:12:00Z,24.592642
2025-01-03T04:48:00Z,24.523403
2025-01-03T05:24:00Z,25.657333
2025-01-03T06:00:00Z,25.542854
2025-01-03T06:36:00Z,24.053947
2025-01-03T07:12:00Z,25.467022
2025-01-03T07:48:00Z,24.236488
2025-01-03T08:24:00Z,24.215132
2025-01-03T09:00:00Z,25.947184
2025-01-03T09:36:00Z,24.774145
2025-01-03T10:12:00Z,24.918148
2025-01-03T10:48:00Z,25.916025
2025-01-03T11:24:00Z,25.97146
2025-01-03T12:00:00Z,0
2025-01-03T12:36:00Z,25.615337
2025-01-03T13:48:00Z,25.215796
2025-01-03T14:24:00Z,25.422508
2025-01-03T15:00:00Z,24.601194
2025-01-03T16:12:00Z,24.519817
2025-01-03T16:48:00Z,25.298586
2025-01-03T17:24:00Z,24.646729
2025-01-03T18:00:00Z,0
2025-01-03T18:36:00Z,24.660276
2025-01-03T19:12:00Z,25.779087
2025-01-03T19:48:00Z,24.395044
2025-01-03T20:24:00Z,24.15728
2025-01-03T21:00:00Z,25.660799
2025-01-03T21:36:00Z,24.38316
2025-01-03T22:12:00Z,29.908035
2025-01-03T22:48:00Z,0
2025-01-03T23:24:00Z,25.108381
2025-01-04T00:00:00Z,25.892714
2025-01-04T01:12:00Z,24.880817
2025-01-04T01:48:00Z,25.72687
2025-01-04T02:24:00Z,29.501045
2025-01-04T03:00:00Z,0
2025-01-04T03:36:00Z,24.171093
2025-01-04T04:12:00Z,25.583088
2025-01-04T04:48:00Z,24.149889
2025-01-04T05:24:00Z,30.32632
2025-01-04T06:00:00Z,24.494566
2025-01-04T06:36:00Z,24.914446
2025-01-04T07:12:00Z,24.829739
2025-01-04T07:48:00Z,25.880598
2025-01-04T08:24:00Z,24.88032
2025-01-04T09:00:00Z,25.07563
2025-01-04T09:36:00Z,24.467989
2025-01-04T10:12:00Z,24.35796
2025-01-04T11:24:00Z,25.974016
2025-01-04T12:00:00Z,24.151533
2025-01-04T12:36:00Z,0
2025-01-04T13:12:00Z,24.596794
2025-01-04T13:48:00Z,24.48225
2025-01-04T14:24:00Z,24.885153
2025-01-04T15:00:00Z,0
2025-01-04T15:36:00Z,25.885202
2025-01-04T16:12:00Z,24.005804
2025-01-04T16:48:00Z,25.195692
2025-01-04T17:24:00Z,25.937967
2025-01-04T18:00:00Z,24.516068
2025-01-04T19:12:00Z,24.822332
2025-01-04T19:48:00Z,25.977312
2025-01-04T20:24:00Z,24.881557
2025-01-04T21:00:00Z,25.450281
2025-01-04T21:36:00Z,0
2025-01-04T22:12:00Z,25.886122
2025-01-04T22:48:00Z,25.705984
2025-01-04T23:24:00Z,24.95229
2025-01-05T00:00:00Z,25.83495
2025-01-05T00:36:00Z,24.10888
2025-01-05T01:12:00Z,29.101912
2025-01-05T01:48:00Z,25.587725
2025-01-05T02:24:00Z,25.226892
2025-01-05T03:00:00Z,25.65605
2025-01-05T03:36:00Z,24.5768
2025-01-05T04:12:00Z,25.625694
2025-01-05T04:48:00Z,29.915195
2025-01-05T05:24:00Z,0
2025-01-05T06:00:00Z,25.109035
2025-01-05T07:12:00Z,25.908232
2025-01-05T07:48:00Z,24.508375
2025-01-05T08:24:00Z,0
2025-01-05T09:00:00Z,25.141912
2025-01-05T09:36:00Z,24.50242
2025-01-05T10:12:00Z,25.672886
2025-01-05T10:48:00Z,24.852179
2025-01-05T11:24:00Z,24.72491
2025-01-05T12:00:00Z,0
2025-01-05T12:36:00Z,30.838253
2025-01-05T13:12:00Z,0
2025-01-05T13:48:00Z,25.75906
2025-01-05T14:24:00Z,25.01786
2025-01-05T15:00:00Z,25.53725
2025-01-05T16:48:00Z,24.00708
2025-01-05T18:00:00Z,24.638943
2025-01-05T18:36:00Z,0
2025-01-05T19:12:00Z,25.628586
2025-01-05T19:48:00Z,25.249744
2025-01-05T21:00:00Z,25.718897
2025-01-05T21:36:00Z,24.988327
2025-01-05T22:12:00Z,24.79964
2025-01-05T22:48:00Z,25.629713
2025-01-05T23:24:00Z,24.852123
2025-01-06T00:00:00Z,30.258125
2025-01-06T00:36:00Z,0
2025-01-06T01:12:00Z,24.361616
2025-01-06T01:48:00Z,25.285679
2025-01-06T02:24:00Z,24.405195
2025-01-06T03:00:00Z,24.019688
2025-01-06T03:36:00Z,24.913721
2025-01-06T04:12:00Z,24.234764
2025-01-06T05:24:00Z,24.736332
2025-01-06T06:00:00Z,24.248867
2025-01-06T06:36:00Z,25.70931
2025-01-06T07:48:00Z,24.255312
2025-01-06T08:24:00Z,24.811907
2025-01-06T09:00:00Z,24.353342
2025-01-06T09:36:00Z,25.946371
2025-01-06T10:12:00Z,30.437855
2025-01-06T10:48:00Z,24.202133
2025-01-06T12:00:00Z,24.798347
2025-01-06T12:36:00Z,25.657248
2025-01-06T13:12:00Z,24.525303
2025-01-06T13:48:00Z,25.224768
2025-01-06T14:24:00Z,25.298988
2025-01-06T15:00:00Z,24.436846
2025-01-06T15:36:00Z,24.882048
2025-01-06T16:48:00Z,24.10239
2025-01-06T17:24:00Z,0
2025-01-06T18:00:00Z,30.328938
2025-01-06T18:36:00Z,24.888025
2025-01-06T19:48:00Z,25.172033
2025-01-06T20:24:00Z,25.920177
2025-01-06T21:00:00Z,24.72548
2025-01-06T22:48:00Z,25.695631
2025-01-06T23:24:00Z,25.305662
2025-01-07T00:00:00Z,24.097843
2025-01-07T01:12:00Z,25.432629
2025-01-07T01:48:00Z,24.093277
2025-01-07T02:24:00Z,0
2025-01-07T03:00:00Z,25.164354
2025-01-07T03:36:00Z,24.858828
2025-01-07T04:12:00Z,25.137133
2025-01-07T04:48:00Z,25.846506
2025-01-07T05:24:00Z,30.855677
2025-01-07T06:00:00Z,0
2025-01-07T06:36:00Z,25.742088
2025-01-07T07:12:00Z,24.010157
2025-01-07T07:48:00Z,25.019203
2025-01-07T09:00:00Z,24.625933
2025-01-07T09:36:00Z,25.692915
2025-01-07T10:12:00Z,25.210686
2025-01-07T10:48:00Z,24.279238
2025-01-07T11:24:00Z,25.578417
2025-01-07T12:00:00Z,24.39665
2025-01-07T12:36:00Z,25.965069
2025-01-07T13:12:00Z,24.489597
2025-01-07T13:48:00Z,25.284414
2025-01-07T15:00:00Z,24.01498
2025-01-07T15:36:00Z,25.700453
2025-01-07T16:12:00Z,24.213865
2025-01-07T16:48:00Z,24.39223
2025-01-07T17:24:00Z,0
2025-01-07T18:00:00Z,24.944662
2025-01-07T18:36:00Z,24.435509
2025-01-07T19:48:00Z,25.70604
2025-01-07T20:24:00Z,24.070385
2025-01-07T21:00:00Z,24.155191
2025-01-07T21:36:00Z,25.473885
2025-01-07T22:12:00Z,24.282976
2025-01-07T22:48:00Z,24.17916
2025-01-07T23:24:00Z,24.932047
2025-01-08T00:00:00Z,24.585064
2025-01-08T00:36:00Z,29.65686
2025-01-08T01:12:00Z,0
2025-01-08T01:48:00Z,30.43932
2025-01-08T02:24:00Z,0
2025-01-08T03:00:00Z,25.491518
2025-01-08T04:12:00Z,25.334612
2025-01-08T04:48:00Z,25.544416
2025-01-08T05:24:00Z,24.844019
2025-01-08T06:00:00Z,29.637661
2025-01-08T06:36:00Z,24.832754
2025-01-08T07:12:00Z,24.348257
2025-01-08T09:00:00Z,25.142988
2025-01-08T09:36:00Z,25.112226
2025-01-08T10:12:00Z,25.975338
2025-01-08T10:48:00Z,24.500496
2025-01-08T11:24:00Z,24.953646
2025-01-08T12:00:00Z,25.946157
2025-01-08T12:36:00Z,24.074223
2025-01-08T13:12:00Z,25.147331
2025-01-08T13:48:00Z,29.322277
2025-01-08T14:24:00Z,25.026133
2025-01-08T15:00:00Z,24.2818
2025-01-08T15:36:00Z,25.444876
2025-01-08T16:12:00Z,24.919146
2025-01-08T16:48:00Z,25.39874
2025-01-08T17:24:00Z,24.847675
2025-01-08T18:36:00Z,25.990448
2025-01-08T19:12:00Z,24.423765
2025-01-08T19:48:00Z,30.991121
2025-01-08T20:24:00Z,0
2025-01-08T21:00:00Z,24.78729
2025-01-08T21:36:00Z,25.383598
2025-01-08T22:12:00Z,30.816748
2025-01-08T22:48:00Z,24.116213
2025-01-08T23:24:00Z,29.11927
2025-01-09T00:00:00Z,0
2025-01-09T00:36:00Z,25.48771
2025-01-09T01:12:00Z,25.214512
2025-01-09T01:48:00Z,24.374157
2025-01-09T02:24:00Z,0
2025-01-09T03:00:00Z,30.969759
2025-01-09T03:36:00Z,0
2025-01-09T04:12:00Z,24.879026
2025-01-09T06:00:00Z,25.576365
2025-01-09T06:36:00Z,25.964699
2025-01-09T07:12:00Z,25.85142
2025-01-09T07:48:00Z,29.364296
2025-01-09T08:24:00Z,0
2025-01-09T09:00:00Z,24.71778
2025-01-09T09:36:00Z,25.519909
2025-01-09T10:48:00Z,24.980856
2025-01-09T11:24:00Z,25.83103
2025-01-09T12:00:00Z,25.41128
2025-01-09T12:36:00Z,0
2025-01-09T13:12:00Z,25.193758
2025-01-09T13:48:00Z,25.70417
2025-01-09T14:24:00Z,24.967806
2025-01-09T16:12:00Z,25.348133
2025-01-09T16:48:00Z,24.405338
2025-01-09T18:00:00Z,24.762897
2025-01-09T18:36:00Z,0
2025-01-09T19:12:00Z,24.94611
2025-01-09T19:48:00Z,24.195808
2025-01-09T21:00:00Z,24.811111
2025-01-09T21:36:00Z,24.122728
2025-01-09T22:12:00Z,30.528208
2025-01-09T22:48:00Z,25.829342
2025-01-09T23:24:00Z,24.649158
2025-01-10T00:00:00Z,0
2025-01-10T00:36:00Z,24.881653
2025-01-10T01:12:00Z,25.344584
2025-01-10T01:48:00Z,24.253593
2025-01-10T02:24:00Z,0
2025-01-10T03:00:00Z,25.030632
2025-01-10T03:36:00Z,24.716305
2025-01-10T04:12:00Z,0
2025-01-10T04:48:00Z,29.765804
2025-01-10T05:24:00Z,25.138687
2025-01-10T06:00:00Z,24.111599
2025-01-10T06:36:00Z,0
2025-01-10T07:12:00Z,24.11726
2025-01-10T07:48:00Z,25.358755
2025-01-10T08:24:00Z,25.796347
2025-01-10T09:00:00Z,25.564093
2025-01-10T09:36:00Z,24.877102
2025-01-10T10:12:00Z,24.86295
2025-01-10T10:48:00Z,0
2025-01-10T11:24:00Z,25.116856
2025-01-10T12:00:00Z,24.824263
2025-01-10T12:36:00Z,25.802767
2025-01-10T13:12:00Z,25.799341
2025-01-10T13:48:00Z,24.288132
2025-01-10T14:24:00Z,30.89778
2025-01-10T15:00:00Z,24.876709
2025-01-10T15:36:00Z,25.63658
2025-01-10T16:12:00Z,24.656506
2025-01-10T16:48:00Z,25.542673
2025-01-10T17:24:00Z,25.496141
2025-01-10T18:00:00Z,24.190647
2025-01-10T18:36:00Z,0
2025-01-10T19:12:00Z,25.636536
2025-01-10T19:48:00Z,24.574291
2025-01-10T20:24:00Z,24.185131
2025-01-10T21:00:00Z,25.125254
2025-01-10T21:36:00Z,24.841257
2025-01-10T22:12:00Z,24.967459
2025-01-10T22:48:00Z,25.926699
2025-01-11T00:00:00Z,25.710405
2025-01-11T00:36:00Z,24.7362
2025-01-11T01:12:00Z,24.596151
2025-01-11T01:48:00Z,25.530203
2025-01-11T02:24:00Z,25.447666
2025-01-11T04:12:00Z,24.181635
2025-01-11T04:48:00Z,25.25168
2025-01-11T05:24:00Z,24.261822
2025-01-11T06:00:00Z,0
2025-01-11T06:36:00Z,24.924358
2025-01-11T07:12:00Z,24.946762
2025-01-11T07:48:00Z,24.545801
2025-01-11T08:24:00Z,25.796747
2025-01-11T09:00:00Z,25.409908
2025-01-11T09:36:00Z,29.434471
2025-01-11T10:12:00Z,0
2025-01-11T10:48:00Z,25.088377
2025-01-11T11:24:00Z,24.62028
2025-01-11T12:00:00Z,25.263695
2025-01-11T12:36:00Z,0
2025-01-11T13:12:00Z,25.445557
2025-01-11T13:48:00Z,0
2025-01-11T14:24:00Z,24.090542
2025-01-11T15:00:00Z,25.230457
2025-01-11T15:36:00Z,25.834658
2025-01-11T16:12:00Z,0
2025-01-11T16:48:00Z,25.11737
2025-01-11T18:00:00Z,25.96595
2025-01-11T19:12:00Z,24.58068
2025-01-11T19:48:00Z,0
2025-01-11T20:24:00Z,25.875444
2025-01-11T21:00:00Z,25.319613
2025-01-11T22:12:00Z,25.88718
2025-01-11T22:48:00Z,24.084051
2025-01-11T23:24:00Z,24.77157
2025-01-12T00:00:00Z,0
2025-01-12T00:36:00Z,24.790436
2025-01-12T02:24:00Z,25.27635
2025-01-12T03:00:00Z,0
2025-01-12T03:36:00Z,30.686512
2025-01-12T04:12:00Z,24.267166
2025-01-12T04:48:00Z,24.92124
2025-01-12T05:24:00Z,29.866823
2025-01-12T06:00:00Z,24.111902
2025-01-12T06:36:00Z,25.498285
2025-01-12T07:12:00Z,25.819965
2025-01-12T08:24:00Z,25.35471
2025-01-12T09:00:00Z,25.6337
2025-01-12T09:36:00Z,24.515009
2025-01-12T10:12:00Z,25.227226
2025-01-12T10:48:00Z,0
2025-01-12T11:24:00Z,25.649307
2025-01-12T12:00:00Z,24.885359
2025-01-12T12:36:00Z,0
2025-01-12T13:12:00Z,24.214697
2025-01-12T13:48:00Z,24.133247
2025-01-12T14:24:00Z,24.99623
2025-01-12T15:00:00Z,24.984007
2025-01-12T15:36:00Z,25.441015
2025-01-12T16:12:00Z,25.316568
2025-01-12T16:48:00Z,0
2025-01-12T17:24:00Z,24.197195
2025-01-12T18:00:00Z,25.668522
2025-01-12T18:36:00Z,25.606747
2025-01-12T19:12:00Z,24.761263
2025-01-12T19:48:00Z,24.929539
2025-01-12T20:24:00Z,24.135923
2025-01-12T21:00:00Z,24.886972
2025-01-12T21:36:00Z,24.217632
2025-01-12T22:12:00Z,0
2025-01-12T22:48:00Z,25.39012
2025-01-12T23:24:00Z,24.615917
2025-01-13T00:00:00Z,25.83662
2025-01-13T00:36:00Z,24.05178
2025-01-13T01:48:00Z,25.341522
2025-01-13T03:00:00Z,24.744583
2025-01-13T03:36:00Z,24.270536
2025-01-13T04:12:00Z,25.346272
2025-01-13T04:48:00Z,24.260727
2025-01-13T05:24:00Z,30.746391
2025-01-13T06:00:00Z,24.552893
2025-01-13T06:36:00Z,25.364334
2025-01-13T07:12:00Z,24.535484
2025-01-13T07:48:00Z,25.173683
2025-01-13T08:24:00Z,24.179918
2025-01-13T09:00:00Z,29.411165
2025-01-13T09:36:00Z,0
2025-01-13T10:12:00Z,29.955288
2025-01-13T10:48:00Z,25.201267
2025-01-13T11:24:00Z,25.726505
2025-01-13T12:00:00Z,24.933275
2025-01-13T12:36:00Z,29.03513
2025-01-13T13:12:00Z,24.548643
2025-01-13T14:24:00Z,24.589102
2025-01-13T15:00:00Z,25.742395
2025-01-13T15:36:00Z,25.972763
2025-01-13T16:12:00Z,25.579628
2025-01-13T16:48:00Z,25.588964
2025-01-13T17:24:00Z,24.09474
2025-01-13T18:36:00Z,25.83023
2025-01-13T19:48:00Z,25.027714
2025-01-13T20:24:00Z,25.86054
2025-01-13T21:00:00Z,24.002417
2025-01-13T21:36:00Z,24.959957
2025-01-13T22:12:00Z,0
2025-01-13T22:48:00Z,0
2025-01-13T23:24:00Z,24.787045
2025-01-14T00:00:00Z,25.365198
2025-01-14T01:12:00Z,24.609133
2025-01-14T01:48:00Z,25.344534
2025-01-14T02:24:00Z,25.118958
2025-01-14T03:00:00Z,30.04959
2025-01-14T03:36:00Z,24.631323
2025-01-14T04:12:00Z,24.611526
2025-01-14T04:48:00Z,25.172386
2025-01-14T06:00:00Z,25.466288
2025-01-14T06:36:00Z,0
2025-01-14T07:12:00Z,24.032913
2025-01-14T07:48:00Z,25.56702
2025-01-14T08:24:00Z,25.55805
2025-01-14T09:00:00Z,25.127375
2025-01-14T09:36:00Z,25.963875
2025-01-14T10:12:00Z,0
2025-01-14T10:48:00Z,25.429428
2025-01-14T11:24:00Z,24.656204
2025-01-14T12:00:00Z,25.206915
2025-01-14T13:12:00Z,24.03621
2025-01-14T13:48:00Z,0
2025-01-14T14:24:00Z,25.349398
2025-01-14T15:00:00Z,29.756977
2025-01-14T15:36:00Z,25.247732
2025-01-14T16:12:00Z,25.909441
2025-01-14T16:48:00Z,25.85604
2025-01-14T17:24:00Z,0
2025-01-14T18:00:00Z,24.034382
2025-01-14T18:36:00Z,25.39802
2025-01-14T19:12:00Z,25.954536
2025-01-14T20:24:00Z,24.036318
2025-01-14T21:00:00Z,24.581392
2025-01-14T21:36:00Z,29.78228
2025-01-14T22:12:00Z,24.379942
2025-01-14T22:48:00Z,24.312962
2025-01-14T23:24:00Z,24.95434
2025-01-15T00:00:00Z,24.032701
2025-01-15T00:36:00Z,25.01837
2025-01-15T01:12:00Z,24.44986
2025-01-15T01:48:00Z,24.763615
2025-01-15T02:24:00Z,24.346228
2025-01-15T03:00:00Z,25.415298
2025-01-15T03:36:00Z,25.820574
2025-01-15T04:12:00Z,0
2025-01-15T04:48:00Z,24.849115
2025-01-15T06:00:00Z,25.213385
2025-01-15T06:36:00Z,24.596704
2025-01-15T07:12:00Z,25.485355
2025-01-15T07:48:00Z,25.15394
2025-01-15T08:24:00Z,25.387526
2025-01-15T09:00:00Z,24.745836
2025-01-15T10:48:00Z,25.402773
2025-01-15T11:24:00Z,24.082561
2025-01-15T12:00:00Z,24.723461
2025-01-15T12:36:00Z,29.96243
2025-01-15T13:12:00Z,24.559784
2025-01-15T13:48:00Z,24.145094
2025-01-15T14:24:00Z,24.844618
2025-01-15T16:12:00Z,25.962914
2025-01-15T16:48:00Z,24.266607
2025-01-15T17:24:00Z,29.068283
2025-01-15T18:00:00Z,25.558613
2025-01-15T18:36:00Z,25.4154
2025-01-15T19:12:00Z,0
2025-01-15T19:48:00Z,24.824059
2025-01-15T20:24:00Z,24.318203
2025-01-15T21:00:00Z,25.96855
2025-01-15T21:36:00Z,24.09367
2025-01-15T22:12:00Z,24.495628
2025-01-15T22:48:00Z,24.179844
2025-01-15T23:24:00Z,25.099531
2025-01-16T00:00:00Z,24.467798
2025-01-16T00:36:00Z,25.08148
2025-01-16T01:12:00Z,24.607536
2025-01-16T01:48:00Z,25.56976
2025-01-16T02:24:00Z,0
2025-01-16T03:00:00Z,24.753138
2025-01-16T03:36:00Z,25.987719
2025-01-16T04:12:00Z,24.313313
2025-01-16T05:24:00Z,24.998192
2025-01-16T06:00:00Z,24.410574
2025-01-16T06:36:00Z,0
2025-01-16T07:12:00Z,25.599655
2025-01-16T07:48:00Z,25.998865
2025-01-16T08:24:00Z,24.072935
2025-01-16T09:00:00Z,25.962416
2025-01-16T09:36:00Z,0
2025-01-16T10:12:00Z,24.356539
2025-01-16T10:48:00Z,25.808197
2025-01-16T11:24:00Z,25.937225
2025-01-16T12:00:00Z,24.598032
2025-01-16T12:36:00Z,25.755543
2025-01-16T14:24:00Z,25.784506
2025-01-16T15:00:00Z,25.024523
2025-01-16T15:36:00Z,25.853737
2025-01-16T16:12:00Z,24.563667
2025-01-16T16:48:00Z,24.565374
2025-01-16T17:24:00Z,24.003817
2025-01-16T18:36:00Z,24.316597
2025-01-16T19:12:00Z,24.097609
2025-01-16T19:48:00Z,24.927034
2025-01-16T20:24:00Z,24.195776
2025-01-16T21:00:00Z,25.7321
2025-01-16T21:36:00Z,30.888233
2025-01-16T22:12:00Z,25.814095
2025-01-16T22:48:00Z,29.949293
2025-01-16T23:24:00Z,25.96902
2025-01-17T00:00:00Z,25.595043
2025-01-17T00:36:00Z,24.294249
2025-01-17T01:12:00Z,0
2025-01-17T01:48:00Z,0
2025-01-17T02:24:00Z,24.20899
2025-01-17T03:00:00Z,24.035185
2025-01-17T04:12:00Z,24.952724
2025-01-17T04:48:00Z,24.426403
2025-01-17T05:24:00Z,25.920725
2025-01-17T06:00:00Z,30.98391
2025-01-17T06:36:00Z,0
2025-01-17T07:12:00Z,24.619402
2025-01-17T07:48:00Z,24.467947
2025-01-17T08:24:00Z,24.82079
2025-01-17T09:00:00Z,24.253647
2025-01-17T09:36:00Z,0
2025-01-17T10:12:00Z,24.792437
2025-01-17T10:48:00Z,25.75915
2025-01-17T11:24:00Z,25.69616
2025-01-17T12:00:00Z,24.128895
2025-01-17T12:36:00Z,25.958363
2025-01-17T13:12:00Z,25.979813
2025-01-17T13:48:00Z,0
2025-01-17T14:24:00Z,25.364573
2025-01-17T15:00:00Z,25.922783
2025-01-17T15:36:00Z,0
2025-01-17T16:12:00Z,25.033968
2025-01-17T16:48:00Z,24.521769
2025-01-17T18:36:00Z,25.250198
2025-01-17T19:12:00Z,24.42041
2025-01-17T19:48:00Z,25.048487
2025-01-17T20:24:00Z,24.171043
2025-01-17T21:36:00Z,25.767815
2025-01-17T22:12:00Z,25.557404
2025-01-17T22:48:00Z,24.712692
2025-01-17T23:24:00Z,25.664822
2025-01-18T00:00:00Z,25.104328
2025-01-18T00:36:00Z,25.065722
2025-01-18T01:12:00Z,0
2025-01-18T01:48:00Z,25.800703
2025-01-18T02:24:00Z,24.234344
2025-01-18T03:00:00Z,25.748444
2025-01-18T03:36:00Z,24.296185
2025-01-18T04:12:00Z,24.928215
2025-01-18T05:24:00Z,24.764847
2025-01-18T06:00:00Z,24.21475
2025-01-18T06:36:00Z,25.541399
2025-01-18T07:12:00Z,25.906004
2025-01-18T07:48:00Z,24.066885
2025-01-18T08:24:00Z,25.039835
2025-01-18T09:00:00Z,24.698051
2025-01-18T09:36:00Z,25.865007
2025-01-18T10:48:00Z,24.936527
2025-01-18T12:00:00Z,25.886597
2025-01-18T12:36:00Z,0
2025-01-18T13:12:00Z,25.599857
2025-01-18T13:48:00Z,24.364136
2025-01-18T14:24:00Z,25.11585
2025-01-18T15:36:00Z,24.287174
2025-01-18T16:12:00Z,25.926
2025-01-18T16:48:00Z,24.758848
2025-01-18T17:24:00Z,25.08801
2025-01-18T18:00:00Z,24.209856
2025-01-18T18:36:00Z,24.70894
2025-01-18T19:48:00Z,24.75833
2025-01-18T20:24:00Z,24.250692
2025-01-18T21:00:00Z,24.907652
2025-01-18T21:36:00Z,24.230856
2025-01-18T23:24:00Z,25.582462
2025-01-19T00:36:00Z,24.6659
2025-01-19T01:12:00Z,30.182371
2025-01-19T01:48:00Z,0
2025-01-19T02:24:00Z,24.16516
2025-01-19T03:00:00Z,25.914019
2025-01-19T03:36:00Z,25.47639
2025-01-19T04:12:00Z,25.882723
2025-01-19T04:48:00Z,24.057325
2025-01-19T05:24:00Z,25.865997
2025-01-19T06:00:00Z,0
2025-01-19T06:36:00Z,24.073742
2025-01-19T07:12:00Z,24.265972
2025-01-19T07:48:00Z,0
2025-01-19T08:24:00Z,24.998737
2025-01-19T09:00:00Z,25.765873
2025-01-19T09:36:00Z,24.02329
2025-01-19T10:12:00Z,24.030127
2025-01-19T10:48:00Z,25.470034
2025-01-19T11:24:00Z,24.52645
2025-01-19T12:00:00Z,24.47537
2025-01-19T12:36:00Z,25.556505
2025-01-19T13:48:00Z,24.970284
2025-01-19T14:24:00Z,25.738314
2025-01-19T15:00:00Z,24.678062
2025-01-19T15:36:00Z,24.952961
2025-01-19T16:12:00Z,29.65117
2025-01-19T16:48:00Z,0
2025-01-19T17:24:00Z,24.266323
2025-01-19T18:00:00Z,24.351866
2025-01-19T18:36:00Z,25.987572
2025-01-19T19:12:00Z,24.65913
2025-01-19T19:48:00Z,25.7596
2025-01-19T20:24:00Z,24.167679
2025-01-19T21:00:00Z,24.191082
2025-01-19T21:36:00Z,0
2025-01-19T22:12:00Z,24.270666
2025-01-19T22:48:00Z,25.62472
2025-01-19T23:24:00Z,25.550705
2025-01-20T00:36:00Z,24.243996
2025-01-20T01:12:00Z,24.725904
2025-01-20T01:48:00Z,24.374012
2025-01-20T02:24:00Z,30.266676
2025-01-20T03:00:00Z,24.354343
2025-01-20T05:24:00Z,25.120792
2025-01-20T06:00:00Z,0
2025-01-20T06:36:00Z,25.807604
2025-01-20T07:12:00Z,25.542393
2025-01-20T07:48:00Z,24.006378
2025-01-20T09:00:00Z,25.234617
2025-01-20T09:36:00Z,24.013676
2025-01-20T10:12:00Z,25.969297
2025-01-20T10:48:00Z,24.334291
2025-01-20T11:24:00Z,24.983557
2025-01-20T12:00:00Z,24.172035
2025-01-20T13:12:00Z,24.653713
2025-01-20T13:48:00Z,24.29515
2025-01-20T14:24:00Z,29.345667
2025-01-20T15:00:00Z,0
2025-01-20T15:36:00Z,29.872429
2025-01-20T16:12:00Z,25.385204
2025-01-20T16:48:00Z,25.524351
2025-01-20T17:24:00Z,30.029213
2025-01-20T18:00:00Z,25.43201
2025-01-20T18:36:00Z,24.027765
2025-01-20T19:12:00Z,24.159903
2025-01-20T19:48:00Z,25.42794
2025-01-20T20:24:00Z,24.589767
2025-01-20T21:00:00Z,24.90271
2025-01-20T21:36:00Z,24.577312
2025-01-20T22:12:00Z,25.080069
2025-01-20T22:48:00Z,24.12386
2025-01-21T00:00:00Z,25.504066
2025-01-21T01:12:00Z,24.62766
2025-01-21T01:48:00Z,25.677242
2025-01-21T02:24:00Z,24.824364
2025-01-21T03:36:00Z,24.392078
2025-01-21T04:12:00Z,25.70023
2025-01-21T04:48:00Z,24.45369
2025-01-21T05:24:00Z,0
2025-01-21T06:00:00Z,24.723593
2025-01-21T06:36:00Z,24.862827
2025-01-21T07:12:00Z,24.062412
2025-01-21T07:48:00Z,24.146877
2025-01-21T08:24:00Z,25.559683
2025-01-21T09:00:00Z,24.495853
2025-01-21T09:36:00Z,25.692429
2025-01-21T10:12:00Z,25.988178
2025-01-21T11:24:00Z,24.353699
2025-01-21T12:00:00Z,25.93971
2025-01-21T12:36:00Z,25.473356
2025-01-21T13:12:00Z,25.551477
2025-01-21T13:48:00Z,24.735252
2025-01-21T14:24:00Z,29.047731
2025-01-21T15:00:00Z,0
2025-01-21T15:36:00Z,25.563437
2025-01-21T16:12:00Z,24.72196
2025-01-21T16:48:00Z,24.89264
2025-01-21T17:24:00Z,25.666252
2025-01-21T18:00:00Z,24.342972
2025-01-21T18:36:00Z,25.878757
2025-01-21T19:12:00Z,25.367266
2025-01-21T19:48:00Z,25.439308
2025-01-21T20:24:00Z,30.396816
2025-01-21T21:00:00Z,0
2025-01-21T21:36:00Z,29.04008
2025-01-21T22:12:00Z,0
2025-01-21T22:48:00Z,24.80584
2025-01-21T23:24:00Z,24.48428
2025-01-22T00:36:00Z,25.895317
2025-01-22T01:12:00Z,24.25898
2025-01-22T01:48:00Z,25.273643
2025-01-22T02:24:00Z,25.487473
2025-01-22T03:00:00Z,25.270535
2025-01-22T03:36:00Z,24.552633
2025-01-22T04:48:00Z,24.010359
2025-01-22T05:24:00Z,25.516367
2025-01-22T06:00:00Z,0
2025-01-22T06:36:00Z,29.950834
2025-01-22T07:12:00Z,24.618816
2025-01-22T07:48:00Z,24.71241
2025-01-22T08:24:00Z,25.467546
2025-01-22T09:00:00Z,30.98823
2025-01-22T09:36:00Z,24.277168
2025-01-22T10:12:00Z,24.022295
2025-01-22T10:48:00Z,25.842476
2025-01-22T11:24:00Z,25.057642
2025-01-22T12:00:00Z,24.922089
2025-01-22T12:36:00Z,25.82959
2025-01-22T13:12:00Z,24.009356
2025-01-22T14:24:00Z,24.408108
2025-01-22T15:00:00Z,24.170116
2025-01-22T15:36:00Z,30.531015
2025-01-22T16:12:00Z,25.716352
2025-01-22T16:48:00Z,24.381222
2025-01-22T17:24:00Z,25.069658
2025-01-22T18:00:00Z,24.565792
2025-01-22T18:36:00Z,0
2025-01-22T19:12:00Z,0
2025-01-22T19:48:00Z,29.379831
2025-01-22T20:24:00Z,0
2025-01-22T21:00:00Z,25.02115
2025-01-22T21:36:00Z,25.658627
2025-01-22T22:12:00Z,24.561903
2025-01-22T23:24:00Z,25.129696
2025-01-23T00:36:00Z,24.147896
2025-01-23T01:48:00Z,24.52192
2025-01-23T02:24:00Z,24.156672
2025-01-23T03:36:00Z,25.437683
2025-01-23T04:12:00Z,0
2025-01-23T04:48:00Z,29.117395
2025-01-23T05:24:00Z,24.002804
2025-01-23T06:00:00Z,25.533218
2025-01-23T06:36:00Z,24.832935
2025-01-23T07:12:00Z,25.88838
2025-01-23T07:48:00Z,24.077177
2025-01-23T08:24:00Z,24.408451
2025-01-23T09:00:00Z,25.375462
2025-01-23T09:36:00Z,24.054506
2025-01-23T10:12:00Z,25.596571
2025-01-23T10:48:00Z,24.102186
2025-01-23T11:24:00Z,25.190233
2025-01-23T12:00:00Z,25.472687
2025-01-23T12:36:00Z,24.375948
2025-01-23T13:12:00Z,25.929775
2025-01-23T13:48:00Z,0
2025-01-23T14:24:00Z,25.419918
2025-01-23T15:00:00Z,24.325304
2025-01-23T15:36:00Z,24.791077
2025-01-23T16:12:00Z,24.50077
2025-01-23T16:48:00Z,25.541952
2025-01-23T18:00:00Z,24.800182
2025-01-23T18:36:00Z,25.355902
2025-01-23T19:12:00Z,30.026459
2025-01-23T19:48:00Z,0
2025-01-23T20:24:00Z,25.963896
2025-01-23T21:00:00Z,25.665007
2025-01-23T21:36:00Z,0
2025-01-23T22:12:00Z,24.333397
2025-01-23T22:48:00Z,29.767881
2025-01-23T23:24:00Z,25.264408
2025-01-24T00:00:00Z,24.91201
2025-01-24T00:36:00Z,25.271494
2025-01-24T01:12:00Z,24.235989
2025-01-24T01:48:00Z,24.677477
2025-01-24T02:24:00Z,0
2025-01-24T03:00:00Z,25.11417
2025-01-24T03:36:00Z,25.811028
2025-01-24T04:48:00Z,25.436142
2025-01-24T05:24:00Z,24.352156
2025-01-24T06:00:00Z,25.383812
2025-01-24T06:36:00Z,29.33444
2025-01-24T07:12:00Z,25.520142
2025-01-24T07:48:00Z,24.503887
2025-01-24T08:24:00Z,30.809166
2025-01-24T09:00:00Z,24.515299
2025-01-24T09:36:00Z,24.077177
2025-01-24T10:12:00Z,25.518433
2025-01-24T10:48:00Z,25.365366
2025-01-24T11:24:00Z,24.428722
2025-01-24T12:00:00Z,25.24387
2025-01-24T12:36:00Z,24.713758
2025-01-24T13:12:00Z,29.461102
2025-01-24T13:48:00Z,0
2025-01-24T14:24:00Z,24.313112
2025-01-24T15:00:00Z,24.61964
2025-01-24T15:36:00Z,0
2025-01-24T16:12:00Z,25.847092
2025-01-24T16:48:00Z,25.949154
2025-01-24T17:24:00Z,25.186108
2025-01-24T18:00:00Z,25.920027
2025-01-24T18:36:00Z,24.842823
2025-01-24T19:12:00Z,24.195776
2025-01-24T19:48:00Z,24.687267
2025-01-24T21:00:00Z,24.303036
2025-01-24T21:36:00Z,24.634134
2025-01-24T22:12:00Z,25.857796
2025-01-24T22:48:00Z,24.009995
2025-01-24T23:24:00Z,25.504587
2025-01-25T00:00:00Z,24.573212
2025-01-25T00:36:00Z,30.280071
2025-01-25T01:12:00Z,25.144825
2025-01-25T01:48:00Z,25.582266
2025-01-25T02:24:00Z,25.508259
2025-01-25T03:00:00Z,24.592487
2025-01-25T03:36:00Z,0
2025-01-25T04:12:00Z,24.74855
2025-01-25T05:24:00Z,25.389217
2025-01-25T06:00:00Z,24.213167
2025-01-25T06:36:00Z,24.728806
2025-01-25T07:12:00Z,25.814688
2025-01-25T07:48:00Z,24.428574
2025-01-25T09:36:00Z,25.832294
2025-01-25T10:12:00Z,30.568874
2025-01-25T10:48:00Z,25.925882
2025-01-25T11:24:00Z,25.441599
2025-01-25T12:00:00Z,24.25706
2025-01-25T12:36:00Z,25.189386
2025-01-25T13:12:00Z,24.757135
2025-01-25T14:24:00Z,25.058235
2025-01-25T15:00:00Z,24.086658
2025-01-25T15:36:00Z,25.149376
2025-01-25T16:12:00Z,25.098
2025-01-25T16:48:00Z,29.98101
2025-01-25T17:24:00Z,0
2025-01-25T18:00:00Z,25.455908
2025-01-25T19:12:00Z,24.083485
2025-01-25T19:48:00Z,24.804138
2025-01-25T21:00:00Z,24.058928
2025-01-25T21:36:00Z,29.204885
2025-01-25T22:12:00Z,25.417912
2025-01-25T22:48:00Z,25.962292
2025-01-26T00:36:00Z,25.30958
2025-01-26T01:48:00Z,25.900642
2025-01-26T02:24:00Z,24.573715
2025-01-26T03:00:00Z,25.622322
2025-01-26T03:36:00Z,0
2025-01-26T04:12:00Z,24.197426
2025-01-26T04:48:00Z,25.576714
2025-01-26T05:24:00Z,24.321896
2025-01-26T06:00:00Z,29.500586
2025-01-26T06:36:00Z,25.123018
2025-01-26T07:12:00Z,25.531536
2025-01-26T07:48:00Z,25.247295
2025-01-26T08:24:00Z,25.849968
2025-01-26T09:00:00Z,24.9584
2025-01-26T09:36:00Z,0
2025-01-26T10:12:00Z,29.23432
2025-01-26T10:48:00Z,24.157284
2025-01-26T11:24:00Z,24.092136
2025-01-26T12:00:00Z,24.541054
2025-01-26T12:36:00Z,24.087132
2025-01-26T13:12:00Z,25.183958
2025-01-26T13:48:00Z,24.078403
2025-01-26T14:24:00Z,24.030886
2025-01-26T15:00:00Z,24.451849
2025-01-26T15:36:00Z,25.53805
2025-01-26T16:12:00Z,24.443823
2025-01-26T16:48:00Z,24.132504
2025-01-26T17:24:00Z,24.316551
2025-01-26T18:00:00Z,25.347761
2025-01-26T18:36:00Z,25.30672
2025-01-26T19:12:00Z,25.709846
2025-01-26T19:48:00Z,24.751827
2025-01-26T20:24:00Z,24.624968
2025-01-26T21:00:00Z,0
2025-01-26T21:36:00Z,30.15698
2025-01-26T22:12:00Z,24.689459
2025-01-26T22:48:00Z,24.582474
2025-01-26T23:24:00Z,29.246714
2025-01-27T00:00:00Z,24.89239
2025-01-27T00:36:00Z,25.915081
2025-01-27T01:12:00Z,24.4941
2025-01-27T01:48:00Z,25.479706
2025-01-27T02:24:00Z,24.59625
2025-01-27T03:00:00Z,25.23136
2025-01-27T03:36:00Z,24.21703
2025-01-27T04:12:00Z,25.895971
2025-01-27T04:48:00Z,25.50055
2025-01-27T05:24:00Z,24.183786
2025-01-27T06:00:00Z,25.883873
2025-01-27T06:36:00Z,24.283745
2025-01-27T07:48:00Z,24.574661
2025-01-27T08:24:00Z,25.63349
2025-01-27T09:00:00Z,0
2025-01-27T09:36:00Z,24.241093
2025-01-27T10:12:00Z,25.413166
2025-01-27T10:48:00Z,25.34099
2025-01-27T11:24:00Z,24.107986
2025-01-27T12:36:00Z,25.24924
2025-01-27T13:12:00Z,24.595505
2025-01-27T13:48:00Z,25.375624
2025-01-27T14:24:00Z,25.409983
2025-01-27T15:00:00Z,24.36597
2025-01-27T16:12:00Z,25.588451
2025-01-27T17:24:00Z,25.444525
2025-01-27T18:00:00Z,24.790354
2025-01-27T18:36:00Z,25.799082
2025-01-27T19:12:00Z,25.928185
2025-01-27T20:24:00Z,24.01634
2025-01-27T21:00:00Z,25.571127
2025-01-27T21:36:00Z,25.787252
2025-01-27T22:48:00Z,24.341053
2025-01-27T23:24:00Z,25.848835
2025-01-28T00:00:00Z,0
2025-01-28T00:36:00Z,25.916897
2025-01-28T01:12:00Z,24.90747
2025-01-28T01:48:00Z,24.298584
2025-01-28T02:24:00Z,30.551813
2025-01-28T03:00:00Z,25.871504
2025-01-28T03:36:00Z,25.495817
2025-01-28T04:12:00Z,24.65195
2025-01-28T04:48:00Z,25.932724
2025-01-28T05:24:00Z,24.054487
2025-01-28T06:00:00Z,25.888487
2025-01-28T06:36:00Z,24.64088
2025-01-28T07:12:00Z,0
2025-01-28T07:48:00Z,25.163815
2025-01-28T08:24:00Z,24.9216
2025-01-28T09:00:00Z,25.55774
2025-01-28T09:36:00Z,25.219152
2025-01-28T10:12:00Z,25.426352
2025-01-28T10:48:00Z,0
2025-01-28T11:24:00Z,25.611902
2025-01-28T12:00:00Z,24.21837
2025-01-28T12:36:00Z,24.16462
2025-01-28T13:12:00Z,24.9014
2025-01-28T13:48:00Z,24.902983
2025-01-28T14:24:00Z,25.75535
2025-01-28T15:00:00Z,29.290075
2025-01-28T15:36:00Z,25.687662
2025-01-28T16:48:00Z,24.66091
2025-01-28T17:24:00Z,24.451103
2025-01-28T18:00:00Z,25.395554
2025-01-28T18:36:00Z,25.35217
2025-01-28T19:12:00Z,24.860373
2025-01-28T19:48:00Z,25.55241
2025-01-28T20:24:00Z,24.5496
2025-01-28T21:00:00Z,25.669468
2025-01-28T21:36:00Z,24.92261
2025-01-28T22:12:00Z,25.218527
2025-01-28T22:48:00Z,25.037977
2025-01-29T00:00:00Z,25.752113
2025-01-29T00:36:00Z,24.225069
2025-01-29T01:12:00Z,25.309027
2025-01-29T01:48:00Z,0
2025-01-29T02:24:00Z,25.359064
2025-01-29T03:00:00Z,25.395811
2025-01-29T03:36:00Z,0
2025-01-29T04:12:00Z,25.342546
2025-01-29T04:48:00Z,0
2025-01-29T05:24:00Z,24.275612
2025-01-29T06:00:00Z,24.303934
2025-01-29T06:36:00Z,29.950956
2025-01-29T07:12:00Z,25.006372
2025-01-29T08:24:00Z,24.521532
2025-01-29T09:36:00Z,24.845463
2025-01-29T10:12:00Z,25.375996
2025-01-29T11:24:00Z,24.09127
2025-01-29T12:00:00Z,25.04465
2025-01-29T12:36:00Z,0
2025-01-29T13:12:00Z,24.119017
2025-01-29T13:48:00Z,25.399834
2025-01-29T14:24:00Z,24.199837
2025-01-29T15:00:00Z,25.538612
2025-01-29T15:36:00Z,25.817095
2025-01-29T16:12:00Z,25.390312
2025-01-29T16:48:00Z,25.591242
2025-01-29T17:24:00Z,24.185656
2025-01-29T18:00:00Z,25.949091
2025-01-29T18:36:00Z,25.757833
2025-01-29T19:12:00Z,30.127687
2025-01-29T19:48:00Z,25.919838
2025-01-29T20:24:00Z,24.765587
2025-01-29T21:00:00Z,30.841208
2025-01-29T21:36:00Z,25.384289
2025-01-29T22:12:00Z,25.869917
2025-01-29T22:48:00Z,24.299517
2025-01-29T23:24:00Z,0
2025-01-30T00:00:00Z,25.859026
2025-01-30T00:36:00Z,0
2025-01-30T01:12:00Z,30.334743
2025-01-30T01:48:00Z,25.395788
2025-01-30T02:24:00Z,24.835493
2025-01-30T03:00:00Z,25.120441
2025-01-30T03:36:00Z,24.14582
2025-01-30T04:12:00Z,0
2025-01-30T04:48:00Z,0
2025-01-30T05:24:00Z,24.107683
2025-01-30T06:00:00Z,24.058044
2025-01-30T06:36:00Z,25.616173
2025-01-30T07:12:00Z,24.461292
2025-01-30T07:48:00Z,24.18383
2025-01-30T08:24:00Z,25.30335
2025-01-30T09:00:00Z,25.952501
2025-01-30T10:12:00Z,25.465609
2025-01-30T10:48:00Z,24.622742
2025-01-30T12:00:00Z,24.970161
2025-01-30T12:36:00Z,30.580439
2025-01-30T13:12:00Z,25.139402
2025-01-30T13:48:00Z,29.806997
2025-01-30T14:24:00Z,24.350222
2025-01-30T15:00:00Z,25.532915
2025-01-30T15:36:00Z,24.69771
2025-01-30T16:48:00Z,24.862734
2025-01-30T17:24:00Z,25.857553
2025-01-30T18:00:00Z,25.850857
2025-01-30T18:36:00Z,24.700718
2025-01-30T21:00:00Z,25.468378
2025-01-30T21:36:00Z,24.573082
2025-01-30T22:12:00Z,24.304867
2025-01-30T22:48:00Z,25.777004
2025-01-30T23:24:00Z,25.075747
2025-01-31T00:00:00Z,25.522186
2025-01-31T00:36:00Z,24.45567
2025-01-31T01:48:00Z,24.650763
2025-01-31T02:24:00Z,29.842855
2025-01-31T03:00:00Z,0
2025-01-31T03:36:00Z,25.078194
2025-01-31T04:48:00Z,25.232162
2025-01-31T05:24:00Z,24.000061
2025-01-31T06:00:00Z,25.806967
2025-01-31T06:36:00Z,25.700884
2025-01-31T07:12:00Z,24.236092
2025-01-31T07:48:00Z,24.718882
2025-01-31T08:24:00Z,24.091341
2025-01-31T09:00:00Z,25.703342
2025-01-31T09:36:00Z,24.007864
2025-01-31T10:12:00Z,24.389118
2025-01-31T10:48:00Z,25.568954
2025-01-31T11:24:00Z,25.916843
2025-01-31T12:00:00Z,24.91807
2025-01-31T13:48:00Z,24.297306
2025-01-31T14:24:00Z,25.52199
2025-01-31T15:00:00Z,24.950403
2025-01-31T15:36:00Z,30.337025
2025-01-31T16:12:00Z,0
2025-01-31T16:48:00Z,24.688078
2025-01-31T17:24:00Z,25.81719
2025-01-31T18:36:00Z,24.63056
2025-01-31T19:48:00Z,24.577206
2025-01-31T20:24:00Z,25.952778
2025-01-31T21:00:00Z,24.526804
2025-01-31T21:36:00Z,24.836615
2025-01-31T22:12:00Z,25.906775
2025-01-31T22:48:00Z,0
2025-01-31T23:24:00Z,24.717247
2025-02-01T00:00:00Z,24.983112
2025-02-01T00:36:00Z,29.427572
2025-02-01T01:12:00Z,25.47604
2025-02-01T01:48:00Z,25.663939
2025-02-01T02:24:00Z,24.720959
2025-02-01T03:00:00Z,30.78993
2025-02-01T03:36:00Z,25.97375
2025-02-01T04:48:00Z,24.369427
2025-02-01T06:00:00Z,24.520624
2025-02-01T06:36:00Z,30.097166
2025-02-01T07:12:00Z,24.86718
2025-02-01T08:24:00Z,25.63541
2025-02-01T09:00:00Z,24.758907
2025-02-01T09:36:00Z,30.44773
2025-02-01T10:12:00Z,0
2025-02-01T10:48:00Z,29.793913
2025-02-01T11:24:00Z,24.791384
2025-02-01T12:00:00Z,24.345861
2025-02-01T12:36:00Z,25.227915
2025-02-01T13:12:00Z,24.12264
2025-02-01T13:48:00Z,25.506067
2025-02-01T14:24:00Z,0
2025-02-01T15:00:00Z,24.932842
2025-02-01T15:36:00Z,24.049282
2025-02-01T16:12:00Z,25.314379
2025-02-01T16:48:00Z,30.767284
2025-02-01T17:24:00Z,24.987926
2025-02-01T18:36:00Z,25.217789
2025-02-01T19:12:00Z,25.695084
2025-02-01T19:48:00Z,24.67676
2025-02-01T20:24:00Z,25.602926
2025-02-01T21:00:00Z,25.898788
2025-02-01T21:36:00Z,24.698719
2025-02-01T22:48:00Z,24.609873
2025-02-01T23:24:00Z,25.873962
2025-02-02T00:00:00Z,24.68671
2025-02-02T00:36:00Z,25.619406
2025-02-02T01:12:00Z,25.868187
2025-02-02T01:48:00Z,0
2025-02-02T02:24:00Z,25.30063
2025-02-02T03:00:00Z,25.927551
2025-02-02T03:36:00Z,24.590725
2025-02-02T04:12:00Z,25.388462
2025-02-02T04:48:00Z,25.237959
2025-02-02T05:24:00Z,25.531677
2025-02-02T06:00:00Z,0
2025-02-02T06:36:00Z,24.53367
2025-02-02T07:12:00Z,25.806736
2025-02-02T07:48:00Z,24.75732
2025-02-02T09:00:00Z,25.68645
2025-02-02T09:36:00Z,29.181171
2025-02-02T10:12:00Z,0
2025-02-02T10:48:00Z,24.827402
2025-02-02T11:24:00Z,24.337646
2025-02-02T12:00:00Z,25.589306
2025-02-02T13:48:00Z,24.909546
2025-02-02T14:24:00Z,30.210777
2025-02-02T15:00:00Z,0
2025-02-02T15:36:00Z,25.539036
2025-02-02T16:12:00Z,24.137997
2025-02-02T18:00:00Z,25.335548
2025-02-02T18:36:00Z,24.789356
2025-02-02T19:12:00Z,24.727095
2025-02-02T19:48:00Z,25.898851
2025-02-02T20:24:00Z,24.657173
2025-02-02T21:00:00Z,24.78509
2025-02-02T21:36:00Z,30.17469
2025-02-02T22:12:00Z,0
2025-02-02T22:48:00Z,30.004396
2025-02-02T23:24:00Z,25.267729
2025-02-03T00:00:00Z,25.771055
2025-02-03T00:36:00Z,25.825457
2025-02-03T01:12:00Z,24.317156
2025-02-03T01:48:00Z,24.05479
2025-02-03T02:24:00Z,24.838388
2025-02-03T03:00:00Z,24.314274
2025-02-03T03:36:00Z,30.640917
2025-02-03T04:12:00Z,24.388294
2025-02-03T04:48:00Z,24.04418
2025-02-03T06:00:00Z,25.729912
2025-02-03T06:36:00Z,24.602007
2025-02-03T07:12:00Z,25.562286
2025-02-03T07:48:00Z,25.992582
2025-02-03T08:24:00Z,30.730055
2025-02-03T09:00:00Z,0
2025-02-03T09:36:00Z,25.482626
2025-02-03T10:12:00Z,24.262787
2025-02-03T10:48:00Z,24.639526
2025-02-03T11:24:00Z,0
2025-02-03T12:00:00Z,30.672592
2025-02-03T12:36:00Z,25.553698
2025-02-03T13:12:00Z,24.218615
2025-02-03T14:24:00Z,24.548098
2025-02-03T15:00:00Z,25.982222
2025-02-03T15:36:00Z,25.482845
2025-02-03T16:12:00Z,24.5236
2025-02-03T16:48:00Z,25.980999
2025-02-03T17:24:00Z,30.964407
2025-02-03T18:00:00Z,24.481699
2025-02-03T18:36:00Z,24.935255
2025-02-03T19:12:00Z,0
2025-02-03T19:48:00Z,24.833727
2025-02-03T20:24:00Z,0
2025-02-03T21:00:00Z,24.249834
2025-02-03T21:36:00Z,25.314491
2025-02-03T22:48:00Z,24.260807
2025-02-04T00:00:00Z,24.440674
2025-02-04T00:36:00Z,24.1141
2025-02-04T01:48:00Z,25.769863
2025-02-04T02:24:00Z,25.946316
2025-02-04T03:36:00Z,25.638699
2025-02-04T04:12:00Z,25.87462
2025-02-04T04:48:00Z,24.082195
2025-02-04T06:00:00Z,25.954222
2025-02-04T06:36:00Z,24.135351
2025-02-04T07:12:00Z,25.640211
2025-02-04T07:48:00Z,25.080656
2025-02-04T08:24:00Z,25.647621
2025-02-04T09:36:00Z,25.580814
2025-02-04T10:12:00Z,0
2025-02-04T10:48:00Z,24.852486
2025-02-04T11:24:00Z,25.625393
2025-02-04T12:36:00Z,25.998457
2025-02-04T13:12:00Z,25.42442
2025-02-04T13:48:00Z,25.548162
2025-02-04T14:24:00Z,0
2025-02-04T15:00:00Z,24.451235
2025-02-04T16:48:00Z,24.998062
2025-02-04T17:24:00Z,25.493605
2025-02-04T18:00:00Z,24.82109
2025-02-04T18:36:00Z,25.009123
2025-02-04T19:12:00Z,24.138994
2025-02-04T19:48:00Z,25.319601
2025-02-04T20:24:00Z,24.47351
2025-02-04T21:00:00Z,24.109518
2025-02-04T21:36:00Z,24.469446
2025-02-04T22:12:00Z,29.689425
2025-02-04T22:48:00Z,25.895247
2025-02-04T23:24:00Z,25.141403
2025-02-05T00:00:00Z,25.96384
2025-02-05T00:36:00Z,24.970499
2025-02-05T01:12:00Z,25.52646
2025-02-05T01:48:00Z,29.436975
2025-02-05T02:24:00Z,25.292385
2025-02-05T03:00:00Z,30.654112
2025-02-05T03:36:00Z,0
2025-02-05T04:12:00Z,24.350708
2025-02-05T04:48:00Z,25.696785
2025-02-05T05:24:00Z,0
2025-02-05T06:00:00Z,25.965645
2025-02-05T06:36:00Z,24.06971
2025-02-05T07:12:00Z,24.727219
2025-02-05T07:48:00Z,24.292591
2025-02-05T08:24:00Z,25.356115
2025-02-05T09:36:00Z,24.069395
2025-02-05T10:12:00Z,0
2025-02-05T10:48:00Z,25.905958
2025-02-05T11:24:00Z,24.552979
2025-02-05T12:00:00Z,29.151217
2025-02-05T12:36:00Z,0
2025-02-05T13:12:00Z,25.287933
2025-02-05T13:48:00Z,24.543423
2025-02-05T14:24:00Z,25.386427
2025-02-05T15:00:00Z,24.242954
2025-02-05T15:36:00Z,25.810455
2025-02-05T16:12:00Z,24.424242
2025-02-05T16:48:00Z,29.134918
2025-02-05T17:24:00Z,0
2025-02-05T18:00:00Z,24.957731
2025-02-05T18:36:00Z,29.90601
2025-02-05T19:12:00Z,24.734852
2025-02-05T19:48:00Z,24.211454
2025-02-05T20:24:00Z,25.576277
2025-02-05T21:00:00Z,24.9416
2025-02-05T21:36:00Z,25.582726
2025-02-05T22:12:00Z,25.498821
2025-02-05T22:48:00Z,30.391232
2025-02-05T23:24:00Z,0
2025-02-06T00:00:00Z,30.724413
2025-02-06T00:36:00Z,24.956987
2025-02-06T01:12:00Z,0
2025-02-06T01:48:00Z,30.458992
2025-02-06T02:24:00Z,25.06323
2025-02-06T03:00:00Z,25.73895
2025-02-06T04:12:00Z,25.042847
2025-02-06T04:48:00Z,24.357407
2025-02-06T05:24:00Z,25.81698
2025-02-06T06:00:00Z,24.021732
2025-02-06T06:36:00Z,25.04916
2025-02-06T07:12:00Z,24.08916
2025-02-06T07:48:00Z,0
2025-02-06T08:24:00Z,24.424906
2025-02-06T09:00:00Z,0
2025-02-06T09:36:00Z,25.335266
2025-02-06T10:12:00Z,29.104742
2025-02-06T10:48:00Z,0
2025-02-06T11:24:00Z,0
2025-02-06T12:00:00Z,24.888012
2025-02-06T12:36:00Z,25.901346
2025-02-06T13:12:00Z,0
2025-02-06T13:48:00Z,24.99732
2025-02-06T14:24:00Z,25.74473
2025-02-06T15:00:00Z,24.655472
2025-02-06T16:12:00Z,25.671612
2025-02-06T16:48:00Z,25.421804
2025-02-06T17:24:00Z,24.76282
2025-02-06T18:00:00Z,24.892117
2025-02-06T19:12:00Z,25.593805
2025-02-06T19:48:00Z,24.680765
2025-02-06T20:24:00Z,24.289774
2025-02-06T21:00:00Z,0
2025-02-06T21:36:00Z,24.578995
2025-02-06T22:12:00Z,25.813234
2025-02-06T22:48:00Z,0
2025-02-06T23:24:00Z,25.035183
2025-02-07T00:00:00Z,25.696665
2025-02-07T00:36:00Z,25.01692
2025-02-07T01:12:00Z,30.426315
2025-02-07T01:48:00Z,25.130648
2025-02-07T03:00:00Z,25.84484
2025-02-07T03:36:00Z,24.390772
2025-02-07T04:12:00Z,24.228666
2025-02-07T04:48:00Z,0
2025-02-07T05:24:00Z,24.678871
2025-02-07T06:36:00Z,25.551016
2025-02-07T07:12:00Z,24.92216
2025-02-07T07:48:00Z,25.205032
2025-02-07T08:24:00Z,30.01508
2025-02-07T09:00:00Z,25.523987
2025-02-07T09:36:00Z,24.409178
2025-02-07T10:12:00Z,24.099539
2025-02-07T10:48:00Z,24.959316
2025-02-07T11:24:00Z,0
2025-02-07T12:00:00Z,25.826197
2025-02-07T12:36:00Z,29.658987
2025-02-07T13:12:00Z,25.967342
2025-02-07T13:48:00Z,24.077934
2025-02-07T14:24:00Z,25.293858
2025-02-07T15:00:00Z,24.343878
2025-02-07T16:12:00Z,25.22799
2025-02-07T16:48:00Z,25.012207
2025-02-07T17:24:00Z,25.211872
2025-02-07T18:00:00Z,24.92608
2025-02-07T18:36:00Z,25.396265
2025-02-07T19:12:00Z,0
2025-02-07T19:48:00Z,25.191475
2025-02-07T20:24:00Z,24.475777
2025-02-07T21:00:00Z,30.546427
2025-02-07T21:36:00Z,25.256748
2025-02-07T22:12:00Z,24.767673
2025-02-07T22:48:00Z,25.978065
2025-02-08T00:00:00Z,24.013433
2025-02-08T01:12:00Z,25.683601
2025-02-08T01:48:00Z,25.909496
2025-02-08T02:24:00Z,25.234892
2025-02-08T03:00:00Z,29.472584
2025-02-08T03:36:00Z,24.754879
2025-02-08T04:12:00Z,24.312428
2025-02-08T04:48:00Z,25.864563
2025-02-08T05:24:00Z,30.229645
2025-02-08T06:00:00Z,25.24985
2025-02-08T07:12:00Z,24.619146
2025-02-08T08:24:00Z,24.678808
2025-02-08T09:00:00Z,25.014776
2025-02-08T09:36:00Z,24.690199
2025-02-08T10:12:00Z,29.48278
2025-02-08T10:48:00Z,0
2025-02-08T11:24:00Z,24.079727
2025-02-08T12:36:00Z,25.242403
2025-02-08T13:12:00Z,24.27816
2025-02-08T13:48:00Z,24.508453
2025-02-08T14:24:00Z,25.986893
2025-02-08T15:00:00Z,25.018131
2025-02-08T15:36:00Z,24.524796
2025-02-08T16:48:00Z,24.96906
2025-02-08T17:24:00Z,25.849373
2025-02-08T18:00:00Z,25.145477
2025-02-08T18:36:00Z,24.86973
2025-02-08T19:12:00Z,25.688032
2025-02-08T19:48:00Z,24.192732
2025-02-08T20:24:00Z,29.729725
2025-02-08T21:00:00Z,24.18158
2025-02-08T21:36:00Z,24.410019
2025-02-08T22:12:00Z,25.29524
2025-02-08T22:48:00Z,24.40547
2025-02-08T23:24:00Z,24.915777
2025-02-09T00:00:00Z,24.274761
2025-02-09T00:36:00Z,24.973942
2025-02-09T01:12:00Z,0
2025-02-09T01:48:00Z,25.378847
2025-02-09T02:24:00Z,25.162638
2025-02-09T03:00:00Z,24.182768
2025-02-09T03:36:00Z,0
2025-02-09T04:12:00Z,25.291939
2025-02-09T04:48:00Z,24.761068
2025-02-09T06:00:00Z,25.094566
2025-02-09T07:12:00Z,24.382713
2025-02-09T07:48:00Z,25.581057
2025-02-09T08:24:00Z,24.767496
2025-02-09T10:48:00Z,25.220392
2025-02-09T11:24:00Z,24.257761
2025-02-09T12:00:00Z,24.771954
2025-02-09T12:36:00Z,25.702862
2025-02-09T13:12:00Z,29.508776
2025-02-09T13:48:00Z,0
2025-02-09T14:24:00Z,24.978853
2025-02-09T15:00:00Z,24.449614
2025-02-09T15:36:00Z,24.544928
2025-02-09T16:12:00Z,25.187296
2025-02-09T16:48:00Z,25.205135
2025-02-09T17:24:00Z,24.242094
2025-02-09T18:36:00Z,25.344282
2025-02-09T19:12:00Z,24.11619
2025-02-09T19:48:00Z,25.805586
2025-02-09T20:24:00Z,25.607832
2025-02-09T21:00:00Z,24.741875
2025-02-09T21:36:00Z,25.394299
2025-02-09T22:12:00Z,25.64629
2025-02-09T22:48:00Z,25.099848
2025-02-09T23:24:00Z,0
2025-02-10T00:00:00Z,25.971506
2025-02-10T01:48:00Z,25.393679
2025-02-10T02:24:00Z,24.321108
2025-02-10T03:00:00Z,0
2025-02-10T03:36:00Z,24.59085
2025-02-10T04:12:00Z,24.079327
2025-02-10T04:48:00Z,25.172668
2025-02-10T05:24:00Z,25.106026
2025-02-10T06:00:00Z,30.046782
2025-02-10T06:36:00Z,24.637249
2025-02-10T07:12:00Z,29.991179
2025-02-10T07:48:00Z,24.145756
2025-02-10T08:24:00Z,25.773233
2025-02-10T09:00:00Z,24.550104
2025-02-10T10:12:00Z,24.25807
2025-02-10T10:48:00Z,25.116884
2025-02-10T11:24:00Z,24.041298
2025-02-10T12:00:00Z,24.227947
2025-02-10T12:36:00Z,0
2025-02-10T13:12:00Z,30.307762
2025-02-10T13:48:00Z,25.42264
2025-02-10T14:24:00Z,25.25953
2025-02-10T15:00:00Z,24.096277
2025-02-10T15:36:00Z,25.837915
2025-02-10T16:12:00Z,25.962265
2025-02-10T17:24:00Z,24.361526
2025-02-10T18:00:00Z,24.702562
2025-02-10T18:36:00Z,0
2025-02-10T19:12:00Z,25.775372
2025-02-10T19:48:00Z,25.101826
2025-02-10T20:24:00Z,24.025074
2025-02-10T21:36:00Z,25.08434
2025-02-10T22:12:00Z,24.45969
2025-02-10T22:48:00Z,25.46129
2025-02-10T23:24:00Z,25.345146
2025-02-11T00:00:00Z,24.366953
2025-02-11T00:36:00Z,25.862822
2025-02-11T01:12:00Z,24.617002
2025-02-11T01:48:00Z,25.576126
2025-02-11T02:24:00Z,25.534153
2025-02-11T03:00:00Z,24.081776
2025-02-11T03:36:00Z,25.425653
2025-02-11T04:12:00Z,24.019375
2025-02-11T05:24:00Z,25.705025
2025-02-11T06:00:00Z,29.167376
2025-02-11T06:36:00Z,24.985415
2025-02-11T07:12:00Z,25.95511
2025-02-11T07:48:00Z,29.485783
2025-02-11T08:24:00Z,24.50154
2025-02-11T09:00:00Z,25.660912
2025-02-11T09:36:00Z,25.860846
2025-02-11T10:12:00Z,24.221628
2025-02-11T10:48:00Z,24.422697
2025-02-11T11:24:00Z,25.350567
2025-02-11T12:00:00Z,25.78633
2025-02-11T12:36:00Z,24.52084
2025-02-11T13:12:00Z,24.878912
2025-02-11T13:48:00Z,24.067135
2025-02-11T14:24:00Z,24.923998
2025-02-11T15:00:00Z,24.047398
2025-02-11T15:36:00Z,25.625235
2025-02-11T16:12:00Z,24.318047
2025-02-11T16:48:00Z,24.878433
2025-02-11T17:24:00Z,24.098646
2025-02-11T18:36:00Z,25.725836
2025-02-11T19:12:00Z,25.037518
2025-02-11T19:48:00Z,25.470675
2025-02-11T20:24:00Z,24.69791
2025-02-11T21:00:00Z,25.569616
2025-02-11T21:36:00Z,24.573326
2025-02-11T22:12:00Z,24.11728
2025-02-11T22:48:00Z,24.415228
2025-02-11T23:24:00Z,25.634523
2025-02-12T00:00:00Z,0
2025-02-12T00:36:00Z,24.22064
2025-02-12T01:48:00Z,25.33762
2025-02-12T02:24:00Z,24.538233
2025-02-12T03:00:00Z,24.951136
2025-02-12T03:36:00Z,24.44284
2025-02-12T04:12:00Z,24.512283
2025-02-12T04:48:00Z,24.089895
2025-02-12T05:24:00Z,25.591883
2025-02-12T06:00:00Z,24.586475
2025-02-12T06:36:00Z,24.698172
2025-02-12T07:12:00Z,24.124207
2025-02-12T07:48:00Z,24.63067
2025-02-12T08:24:00Z,0
2025-02-12T09:00:00Z,24.528318
2025-02-12T09:36:00Z,25.780256
2025-02-12T10:12:00Z,0
2025-02-12T10:48:00Z,24.02101
2025-02-12T11:24:00Z,25.657614
2025-02-12T12:00:00Z,24.900402
2025-02-12T13:12:00Z,25.178078
2025-02-12T13:48:00Z,0
2025-02-12T14:24:00Z,25.382687
2025-02-12T15:00:00Z,24.185719
2025-02-12T15:36:00Z,24.627077
2025-02-12T16:12:00Z,24.600609
2025-02-12T16:48:00Z,24.079927
2025-02-12T17:24:00Z,24.823946
2025-02-12T18:00:00Z,29.220837
2025-02-12T18:36:00Z,24.626116
2025-02-12T19:12:00Z,25.71929
2025-02-12T19:48:00Z,24.455963
2025-02-12T20:24:00Z,24.488123
2025-02-12T21:00:00Z,25.956242
2025-02-12T21:36:00Z,24.810116
2025-02-12T22:12:00Z,24.777428
2025-02-12T22:48:00Z,25.438145
2025-02-12T23:24:00Z,24.907894
2025-02-13T00:00:00Z,25.759165
2025-02-13T00:36:00Z,24.89061
2025-02-13T01:12:00Z,0
2025-02-13T01:48:00Z,25.952671
2025-02-13T02:24:00Z,0
2025-02-13T03:00:00Z,25.037447
2025-02-13T03:36:00Z,25.724228
2025-02-13T04:12:00Z,25.774904
2025-02-13T04:48:00Z,24.613968
2025-02-13T05:24:00Z,24.11862
2025-02-13T06:00:00Z,25.173489
2025-02-13T07:12:00Z,24.197712
2025-02-13T07:48:00Z,25.833637
2025-02-13T09:00:00Z,25.592005
2025-02-13T09:36:00Z,24.335667
2025-02-13T10:12:00Z,25.774364
2025-02-13T10:48:00Z,25.542356
2025-02-13T11:24:00Z,24.625257
2025-02-13T12:00:00Z,24.377365
2025-02-13T12:36:00Z,25.866102
2025-02-13T13:12:00Z,25.61668
2025-02-13T13:48:00Z,24.189068
2025-02-13T14:24:00Z,30.390646
2025-02-13T15:00:00Z,24.307629
2025-02-13T15:36:00Z,25.781805
2025-02-13T16:12:00Z,24.04641
2025-02-13T16:48:00Z,25.15602
2025-02-13T17:24:00Z,25.615685
2025-02-13T18:00:00Z,24.730452
2025-02-13T19:12:00Z,25.930288
2025-02-13T19:48:00Z,25.794033
2025-02-13T20:24:00Z,24.411823
2025-02-13T21:00:00Z,25.259977
2025-02-13T22:12:00Z,24.173677
2025-02-13T22:48:00Z,25.31478
2025-02-13T23:24:00Z,24.223232
2025-02-14T00:00:00Z,24.463442
2025-02-14T00:36:00Z,24.098845
2025-02-14T01:12:00Z,24.26552
2025-02-14T01:48:00Z,24.936451
2025-02-14T02:24:00Z,24.241602
2025-02-14T03:00:00Z,24.495329
2025-02-14T03:36:00Z,24.299368
2025-02-14T04:12:00Z,24.51597
2025-02-14T04:48:00Z,25.708693
2025-02-14T05:24:00Z,25.120726
2025-02-14T06:00:00Z,25.999847
2025-02-14T06:36:00Z,25.685814
2025-02-14T07:12:00Z,24.833805
2025-02-14T07:48:00Z,25.019146
2025-02-14T08:24:00Z,25.825808
2025-02-14T09:00:00Z,29.931166
2025-02-14T09:36:00Z,0
2025-02-14T10:12:00Z,25.651665
2025-02-14T11:24:00Z,24.956726
2025-02-14T12:00:00Z,24.094572
2025-02-14T12:36:00Z,24.00747
2025-02-14T13:12:00Z,25.404104
2025-02-14T13:48:00Z,24.021852
2025-02-14T15:00:00Z,24.16006
2025-02-14T15:36:00Z,25.736692
2025-02-14T16:48:00Z,25.877663
2025-02-14T17:24:00Z,30.435896
2025-02-14T18:00:00Z,0
2025-02-14T18:36:00Z,24.359915
2025-02-14T19:12:00Z,25.531801
2025-02-14T19:48:00Z,24.113245
2025-02-14T20:24:00Z,24.219574
2025-02-14T21:00:00Z,25.066074
2025-02-14T21:36:00Z,24.271488
2025-02-14T22:12:00Z,25.868309
2025-02-14T22:48:00Z,0
2025-02-14T23:24:00Z,25.466642
2025-02-15T00:00:00Z,29.59737
2025-02-15T00:36:00Z,24.24977
2025-02-15T01:12:00Z,25.376524
2025-02-15T01:48:00Z,25.907337
2025-02-15T02:24:00Z,24.028418
2025-02-15T03:00:00Z,25.675898
2025-02-15T03:36:00Z,24.50193
2025-02-15T04:12:00Z,0
2025-02-15T04:48:00Z,24.58039
2025-02-15T05:24:00Z,24.209925
2025-02-15T06:36:00Z,25.4641
2025-02-15T07:12:00Z,24.344007
2025-02-15T07:48:00Z,24.962357
2025-02-15T08:24:00Z,24.908733
2025-02-15T09:00:00Z,25.975351
2025-02-15T09:36:00Z,30.48067
2025-02-15T10:12:00Z,0
2025-02-15T10:48:00Z,25.39748
2025-02-15T11:24:00Z,24.96576
2025-02-15T12:00:00Z,25.923674
2025-02-15T12:36:00Z,24.079649
2025-02-15T13:12:00Z,0
2025-02-15T13:48:00Z,24.988787
2025-02-15T15:36:00Z,24.466198
2025-02-15T16:12:00Z,25.3193
2025-02-15T16:48:00Z,24.024881
2025-02-15T17:24:00Z,25.746643
2025-02-15T18:00:00Z,25.78294
2025-02-15T18:36:00Z,24.349886
2025-02-15T19:12:00Z,24.264053
2025-02-15T19:48:00Z,25.614079
2025-02-15T21:00:00Z,24.77003
2025-02-15T22:12:00Z,25.584522
2025-02-15T22:48:00Z,25.744774
2025-02-16T00:00:00Z,24.555473
2025-02-16T00:36:00Z,29.115107
2025-02-16T01:12:00Z,0
2025-02-16T01:48:00Z,25.803453
2025-02-16T02:24:00Z,0
2025-02-16T03:00:00Z,25.436178
2025-02-16T03:36:00Z,30.578518
2025-02-16T04:12:00Z,25.642035
2025-02-16T04:48:00Z,24.866724
2025-02-16T06:00:00Z,25.377968
2025-02-16T06:36:00Z,24.26604
2025-02-16T07:12:00Z,25.548805
2025-02-16T07:48:00Z,24.483768
2025-02-16T09:00:00Z,25.24901
2025-02-16T09:36:00Z,25.235888
2025-02-16T10:12:00Z,24.525843
2025-02-16T10:48:00Z,24.939108
2025-02-16T11:24:00Z,24.566883
2025-02-16T12:00:00Z,25.560366
2025-02-16T12:36:00Z,24.431787
2025-02-16T13:12:00Z,30.887655
2025-02-16T13:48:00Z,0
2025-02-16T14:24:00Z,25.50104
2025-02-16T15:36:00Z,25.077368
2025-02-16T16:12:00Z,25.658642
2025-02-16T16:48:00Z,24.642933
2025-02-16T17:24:00Z,24.18143
2025-02-16T18:36:00Z,25.076857
2025-02-16T19:48:00Z,24.564535
2025-02-16T21:00:00Z,25.2095
2025-02-16T21:36:00Z,30.162159
2025-02-16T22:12:00Z,24.80989
2025-02-16T22:48:00Z,24.08801
2025-02-16T23:24:00Z,24.426683
2025-02-17T00:00:00Z,25.420076
2025-02-17T00:36:00Z,25.566864
2025-02-17T01:12:00Z,24.40439
2025-02-17T01:48:00Z,24.80586
2025-02-17T02:24:00Z,25.918499
2025-02-17T03:00:00Z,25.48424
2025-02-17T03:36:00Z,24.524271
2025-02-17T04:48:00Z,24.844711
2025-02-17T05:24:00Z,29.96008
2025-02-17T06:00:00Z,0
2025-02-17T06:36:00Z,24.42225
2025-02-17T07:12:00Z,25.560818
2025-02-17T07:48:00Z,25.579578
2025-02-17T08:24:00Z,0
2025-02-17T09:00:00Z,25.579042
2025-02-17T09:36:00Z,25.243166
2025-02-17T10:12:00Z,24.318499
2025-02-17T11:24:00Z,24.095074
2025-02-17T12:36:00Z,24.676254
2025-02-17T13:12:00Z,0
2025-02-17T13:48:00Z,24.92776
2025-02-17T14:24:00Z,24.3246
2025-02-17T15:00:00Z,25.516432
2025-02-17T16:48:00Z,24.070026
2025-02-17T17:24:00Z,0
2025-02-17T18:00:00Z,25.595026
2025-02-17T18:36:00Z,24.012981
2025-02-17T19:48:00Z,25.474815
2025-02-17T20:24:00Z,24.290293
2025-02-17T21:00:00Z,24.157406
2025-02-17T21:36:00Z,24.660954
2025-02-17T22:12:00Z,25.74847
2025-02-17T22:48:00Z,24.670853
2025-02-18T01:12:00Z,24.767082
2025-02-18T01:48:00Z,25.869774
2025-02-18T02:24:00Z,24.988611
2025-02-18T03:36:00Z,24.392532
2025-02-18T04:12:00Z,24.738585
2025-02-18T04:48:00Z,24.317345
2025-02-18T06:00:00Z,24.89834
2025-02-18T06:36:00Z,24.319899
2025-02-18T07:12:00Z,25.237373
2025-02-18T07:48:00Z,24.970552
2025-02-18T08:24:00Z,25.992393
2025-02-18T09:00:00Z,29.302483
2025-02-18T09:36:00Z,0
2025-02-18T10:12:00Z,24.602118
2025-02-18T10:48:00Z,25.901773
2025-02-18T11:24:00Z,25.02134
2025-02-18T12:00:00Z,25.971363
2025-02-18T12:36:00Z,0
2025-02-18T13:12:00Z,25.730198
2025-02-18T13:48:00Z,29.84193
2025-02-18T14:24:00Z,25.117985
2025-02-18T15:00:00Z,25.845747
2025-02-18T15:36:00Z,25.338392
2025-02-18T16:12:00Z,25.940931
2025-02-18T16:48:00Z,24.216055
2025-02-18T17:24:00Z,24.235388
2025-02-18T18:00:00Z,25.480421
2025-02-18T18:36:00Z,24.165682
2025-02-18T19:48:00Z,24.269943
2025-02-18T20:24:00Z,25.57547
2025-02-18T21:00:00Z,0
2025-02-18T21:36:00Z,25.045267
2025-02-18T22:12:00Z,25.96457
2025-02-18T22:48:00Z,29.956951
2025-02-18T23:24:00Z,0
2025-02-19T00:00:00Z,24.830097
2025-02-19T00:36:00Z,25.999054
2025-02-19T01:12:00Z,25.184834
2025-02-19T01:48:00Z,25.954235
2025-02-19T02:24:00Z,25.685684
2025-02-19T03:00:00Z,25.867954
2025-02-19T03:36:00Z,0
2025-02-19T04:12:00Z,24.701847
2025-02-19T06:36:00Z,24.610315
2025-02-19T07:12:00Z,25.782959
2025-02-19T07:48:00Z,25.944878
2025-02-19T08:24:00Z,24.634684
2025-02-19T09:00:00Z,25.780973
2025-02-19T09:36:00Z,25.512451
2025-02-19T10:12:00Z,24.71965
2025-02-19T10:48:00Z,24.697351
2025-02-19T11:24:00Z,30.36479
2025-02-19T12:00:00Z,25.072935
2025-02-19T12:36:00Z,25.818907
2025-02-19T13:12:00Z,25.52971
2025-02-19T13:48:00Z,25.862955
2025-02-19T14:24:00Z,29.434822
2025-02-19T15:00:00Z,24.439898
2025-02-19T15:36:00Z,24.30217
2025-02-19T16:12:00Z,0
2025-02-19T16:48:00Z,25.528748
2025-02-19T17:24:00Z,24.362732
2025-02-19T18:00:00Z,24.733065
2025-02-19T18:36:00Z,25.922182
2025-02-19T19:12:00Z,25.827408
2025-02-19T20:24:00Z,24.140831
2025-02-19T21:00:00Z,25.60137
2025-02-19T21:36:00Z,24.504782
2025-02-19T22:48:00Z,24.189785
2025-02-19T23:24:00Z,0
2025-02-20T00:00:00Z,25.088198
2025-02-20T00:36:00Z,25.784239
2025-02-20T01:12:00Z,24.823133
2025-02-20T01:48:00Z,25.995646
2025-02-20T02:24:00Z,24.325783
2025-02-20T03:00:00Z,24.961061
2025-02-20T04:12:00Z,24.054136
2025-02-20T04:48:00Z,25.809946
2025-02-20T05:24:00Z,24.542006
2025-02-20T06:00:00Z,25.42351
2025-02-20T06:36:00Z,24.161753
2025-02-20T07:12:00Z,24.900202
2025-02-20T07:48:00Z,24.687624
2025-02-20T08:24:00Z,25.911652
2025-02-20T09:00:00Z,25.241745
2025-02-20T10:12:00Z,24.91152
2025-02-20T10:48:00Z,29.393507
2025-02-20T11:24:00Z,0
2025-02-20T12:00:00Z,24.220982
2025-02-20T13:12:00Z,25.69564
2025-02-20T13:48:00Z,24.612535
2025-02-20T14:24:00Z,25.907635
2025-02-20T15:00:00Z,30.006365
2025-02-20T15:36:00Z,25.558966
2025-02-20T16:12:00Z,25.123814
2025-02-20T16:48:00Z,30.972807
2025-02-20T17:24:00Z,24.76889
2025-02-20T18:00:00Z,24.976896
2025-02-20T18:36:00Z,30.803282
2025-02-20T19:12:00Z,24.733961
2025-02-20T19:48:00Z,25.851849
2025-02-20T20:24:00Z,24.43778
2025-02-20T21:00:00Z,25.076242
2025-02-20T21:36:00Z,24.692299
2025-02-20T22:12:00Z,25.58766
2025-02-21T00:00:00Z,25.198313
2025-02-21T00:36:00Z,25.64071
2025-02-21T01:12:00Z,24.205929
2025-02-21T01:48:00Z,25.61084
2025-02-21T02:24:00Z,24.405106
2025-02-21T03:00:00Z,24.566257
2025-02-21T03:36:00Z,25.366238
2025-02-21T04:12:00Z,29.334055
2025-02-21T04:48:00Z,0
2025-02-21T05:24:00Z,25.147617
2025-02-21T06:00:00Z,24.480091
2025-02-21T06:36:00Z,30.80159
2025-02-21T07:12:00Z,24.707558
2025-02-21T07:48:00Z,24.34436
2025-02-21T08:24:00Z,0
2025-02-21T09:00:00Z,24.58807
2025-02-21T09:36:00Z,25.356441
2025-02-21T10:12:00Z,29.163141
2025-02-21T10:48:00Z,0
2025-02-21T11:24:00Z,24.024069
2025-02-21T12:00:00Z,25.298088
2025-02-21T12:36:00Z,29.564814
2025-02-21T13:12:00Z,24.076782
2025-02-21T13:48:00Z,24.027424
2025-02-21T14:24:00Z,24.984686
2025-02-21T15:00:00Z,25.081202
2025-02-21T15:36:00Z,24.607235
2025-02-21T16:12:00Z,25.85547
2025-02-21T16:48:00Z,25.956778
2025-02-21T17:24:00Z,24.010933
2025-02-21T18:00:00Z,24.916468
2025-02-21T18:36:00Z,24.223356
2025-02-21T19:12:00Z,25.86948
2025-02-21T19:48:00Z,24.293652
2025-02-21T20:24:00Z,24.55241
2025-02-21T21:00:00Z,25.882572
2025-02-21T21:36:00Z,24.91497
2025-02-21T22:48:00Z,25.546623
2025-02-22T00:36:00Z,25.284346
2025-02-22T01:12:00Z,29.440031
2025-02-22T01:48:00Z,25.611507
2025-02-22T02:24:00Z,25.270838
2025-02-22T03:00:00Z,0
2025-02-22T03:36:00Z,25.824286
2025-02-22T04:12:00Z,24.913065
2025-02-22T05:24:00Z,24.304821
2025-02-22T06:00:00Z,24.586212
2025-02-22T06:36:00Z,25.46924
2025-02-22T07:12:00Z,24.548006
2025-02-22T07:48:00Z,25.682766
2025-02-22T08:24:00Z,24.10582
2025-02-22T09:00:00Z,25.86915
2025-02-22T09:36:00Z,24.66562
2025-02-22T10:12:00Z,30.886831
2025-02-22T10:48:00Z,0
2025-02-22T11:24:00Z,25.044792
2025-02-22T12:36:00Z,24.694962
2025-02-22T13:12:00Z,25.385477
2025-02-22T13:48:00Z,24.136908
2025-02-22T14:24:00Z,25.970612
2025-02-22T15:00:00Z,30.447826
2025-02-22T15:36:00Z,0
2025-02-22T16:12:00Z,25.301434
2025-02-22T16:48:00Z,24.824303
2025-02-22T17:24:00Z,25.702028
2025-02-22T18:00:00Z,24.121782
2025-02-22T18:36:00Z,24.19408
2025-02-22T19:12:00Z,25.080902
2025-02-22T19:48:00Z,0
2025-02-22T20:24:00Z,25.035395
2025-02-22T21:00:00Z,24.669361
2025-02-22T21:36:00Z,0
2025-02-22T22:12:00Z,25.58948
2025-02-22T22:48:00Z,25.932388
2025-02-22T23:24:00Z,24.645388
2025-02-23T00:00:00Z,24.27247
2025-02-23T00:36:00Z,25.180105
2025-02-23T01:12:00Z,24.560745
2025-02-23T01:48:00Z,0
2025-02-23T02:24:00Z,25.373735
2025-02-23T03:36:00Z,24.11089
2025-02-23T04:12:00Z,25.898466
2025-02-23T04:48:00Z,25.596333
2025-02-23T05:24:00Z,0
2025-02-23T06:00:00Z,25.340515
2025-02-23T06:36:00Z,25.994663
2025-02-23T07:12:00Z,0
2025-02-23T07:48:00Z,25.360155
2025-02-23T08:24:00Z,25.171364
2025-02-23T09:00:00Z,30.483994
2025-02-23T09:36:00Z,25.509119
2025-02-23T10:12:00Z,25.343176
2025-02-23T10:48:00Z,0
2025-02-23T11:24:00Z,25.334942
2025-02-23T12:00:00Z,25.133911
2025-02-23T12:36:00Z,24.51939
2025-02-23T13:12:00Z,0
2025-02-23T13:48:00Z,24.940214
2025-02-23T15:00:00Z,25.192686
2025-02-23T15:36:00Z,0
2025-02-23T16:12:00Z,25.626774
2025-02-23T16:48:00Z,24.750254
2025-02-23T17:24:00Z,25.94129
2025-02-23T18:00:00Z,24.856752
2025-02-23T18:36:00Z,24.246342
2025-02-23T19:12:00Z,24.425417
2025-02-23T19:48:00Z,25.77591
2025-02-23T21:00:00Z,25.39973
2025-02-23T21:36:00Z,24.040983
2025-02-23T22:12:00Z,25.078716
2025-02-23T23:24:00Z,24.250711
2025-02-24T00:36:00Z,24.959478
2025-02-24T01:12:00Z,25.657137
2025-02-24T02:24:00Z,24.50771
2025-02-24T03:00:00Z,25.31602
2025-02-24T03:36:00Z,24.452175
2025-02-24T04:12:00Z,25.78393
2025-02-24T04:48:00Z,25.230242
2025-02-24T05:24:00Z,25.428558
2025-02-24T06:00:00Z,24.749495
2025-02-24T06:36:00Z,25.947119
2025-02-24T07:12:00Z,0
2025-02-24T07:48:00Z,25.102383
2025-02-24T08:24:00Z,24.723244
2025-02-24T09:00:00Z,25.507616
2025-02-24T10:12:00Z,25.175524
2025-02-24T10:48:00Z,25.496223
2025-02-24T12:00:00Z,24.161448
2025-02-24T12:36:00Z,25.357462
2025-02-24T13:12:00Z,25.805151
2025-02-24T14:24:00Z,24.535892
2025-02-24T15:00:00Z,25.386404
2025-02-24T15:36:00Z,24.802113
2025-02-24T16:12:00Z,0
2025-02-24T16:48:00Z,25.964529
2025-02-24T17:24:00Z,24.19805
2025-02-24T18:00:00Z,25.74666
2025-02-24T19:12:00Z,24.903704
2025-02-24T19:48:00Z,29.988834
2025-02-24T20:24:00Z,25.65568
2025-02-24T21:00:00Z,25.377928
2025-02-24T21:36:00Z,29.618902
2025-02-24T22:12:00Z,25.518625
2025-02-24T22:48:00Z,24.300732
2025-02-24T23:24:00Z,24.41005
2025-02-25T00:00:00Z,25.4148
2025-02-25T00:36:00Z,24.887663
2025-02-25T01:12:00Z,25.120474
2025-02-25T02:24:00Z,24.22714
2025-02-25T03:00:00Z,25.335588
2025-02-25T03:36:00Z,30.54179
2025-02-25T04:12:00Z,24.654514
2025-02-25T04:48:00Z,24.288097
2025-02-25T05:24:00Z,30.950108
2025-02-25T06:00:00Z,24.98177
2025-02-25T06:36:00Z,30.781073
2025-02-25T07:12:00Z,25.693283
2025-02-25T07:48:00Z,25.865839
2025-02-25T08:24:00Z,24.556982
2025-02-25T09:00:00Z,0
2025-02-25T09:36:00Z,24.88061
2025-02-25T10:12:00Z,25.089252
2025-02-25T10:48:00Z,24.536594
2025-02-25T11:24:00Z,25.158731
2025-02-25T12:00:00Z,25.160084
2025-02-25T12:36:00Z,25.790718
2025-02-25T13:12:00Z,24.281622
2025-02-25T14:24:00Z,25.877329
2025-02-25T15:00:00Z,24.148596
2025-02-25T15:36:00Z,29.508408
2025-02-25T16:12:00Z,25.717035
2025-02-25T16:48:00Z,24.523308
2025-02-25T17:24:00Z,24.914423
2025-02-25T18:36:00Z,24.128359
2025-02-25T19:12:00Z,24.706406
2025-02-25T19:48:00Z,24.573402
2025-02-25T20:24:00Z,25.417618
2025-02-25T21:00:00Z,25.61179
2025-02-25T21:36:00Z,24.75017
2025-02-25T22:12:00Z,25.52701
2025-02-25T22:48:00Z,25.692297
2025-02-25T23:24:00Z,25.409693
2025-02-26T00:00:00Z,24.25335
2025-02-26T00:36:00Z,25.262457
2025-02-26T01:12:00Z,30.047129
2025-02-26T01:48:00Z,24.725607
2025-02-26T02:24:00Z,24.09971
2025-02-26T03:00:00Z,25.56149
2025-02-26T03:36:00Z,24.254316
2025-02-26T04:12:00Z,30.292511
2025-02-26T04:48:00Z,0
2025-02-26T05:24:00Z,24.661406
2025-02-26T06:00:00Z,24.816177
2025-02-26T07:12:00Z,24.047861
2025-02-26T07:48:00Z,25.829765
2025-02-26T10:12:00Z,25.318476
2025-02-26T11:24:00Z,24.133518
2025-02-26T12:00:00Z,24.678097
2025-02-26T12:36:00Z,24.770006
2025-02-26T13:12:00Z,30.33629
2025-02-26T13:48:00Z,24.48109
2025-02-26T14:24:00Z,24.494001
2025-02-26T15:00:00Z,25.171465
2025-02-26T15:36:00Z,30.01772
2025-02-26T16:12:00Z,24.86737
2025-02-26T17:24:00Z,24.359499
2025-02-26T18:00:00Z,24.783388
2025-02-26T18:36:00Z,25.650068
2025-02-26T19:12:00Z,24.369076
2025-02-26T19:48:00Z,25.778063
2025-02-26T20:24:00Z,24.495539
2025-02-26T21:00:00Z,25.196795
2025-02-26T21:36:00Z,24.659157
2025-02-26T22:12:00Z,30.86038
2025-02-26T22:48:00Z,24.368305
2025-02-27T00:00:00Z,24.86397
2025-02-27T01:48:00Z,24.143152
2025-02-27T02:24:00Z,25.605572
2025-02-27T03:00:00Z,25.948652
2025-02-27T03:36:00Z,24.534073
2025-02-27T04:12:00Z,24.073343
2025-02-27T04:48:00Z,30.989447
2025-02-27T05:24:00Z,0
2025-02-27T06:00:00Z,25.826153
2025-02-27T06:36:00Z,25.359343
2025-02-27T07:12:00Z,0
2025-02-27T07:48:00Z,25.657162
2025-02-27T08:24:00Z,25.660639
2025-02-27T09:00:00Z,0
2025-02-27T09:36:00Z,24.18373
2025-02-27T10:12:00Z,25.300669
2025-02-27T11:24:00Z,24.873528
2025-02-27T12:00:00Z,30.06027
2025-02-27T12:36:00Z,25.521074
2025-02-27T13:12:00Z,24.44875
2025-02-27T13:48:00Z,24.15017
2025-02-27T14:24:00Z,25.801567
2025-02-27T15:00:00Z,24.068718
2025-02-27T15:36:00Z,25.262127
2025-02-27T16:12:00Z,24.9726
2025-02-27T16:48:00Z,25.833982
2025-02-27T17:24:00Z,24.496834
2025-02-27T18:00:00Z,24.407293
2025-02-27T18:36:00Z,0
2025-02-27T19:12:00Z,24.363361
2025-02-27T20:24:00Z,25.85349
2025-02-27T21:00:00Z,24.49124
2025-02-27T21:36:00Z,25.77491
2025-02-27T23:24:00Z,24.684086
2025-02-28T00:36:00Z,24.799948
2025-02-28T01:12:00Z,30.672758
2025-02-28T01:48:00Z,25.881163
2025-02-28T02:24:00Z,25.080118
2025-02-28T03:00:00Z,25.101753
2025-02-28T03:36:00Z,24.03717
2025-02-28T04:12:00Z,25.42045
2025-02-28T04:48:00Z,25.289745
2025-02-28T05:24:00Z,24.452265
2025-02-28T06:36:00Z,25.775434
2025-02-28T07:48:00Z,25.234467
2025-02-28T08:24:00Z,30.0266
2025-02-28T09:00:00Z,24.779728
2025-02-28T09:36:00Z,25.500002
2025-02-28T10:12:00Z,29.147135
2025-02-28T10:48:00Z,24.063383
2025-02-28T11:24:00Z,24.738726
2025-02-28T12:00:00Z,30.793026
2025-02-28T12:36:00Z,25.841663
2025-02-28T13:12:00Z,25.793999
2025-02-28T13:48:00Z,24.154533
2025-02-28T14:24:00Z,30.54243
2025-02-28T15:00:00Z,0
2025-02-28T15:36:00Z,25.604368
2025-02-28T16:48:00Z,24.10786
2025-02-28T17:24:00Z,29.042196
2025-02-28T18:00:00Z,24.456964
2025-02-28T18:36:00Z,25.365633
2025-02-28T19:12:00Z,24.444855
2025-02-28T19:48:00Z,24.849339
2025-02-28T20:24:00Z,25.962288
2025-02-28T21:00:00Z,24.896107
2025-02-28T21:36:00Z,24.319805
2025-02-28T22:12:00Z,24.717031
2025-02-28T22:48:00Z,25.637945
2025-02-28T23:24:00Z,24.58269
2025-03-01T00:00:00Z,24.342207
2025-03-01T01:12:00Z,25.487396
2025-03-01T01:48:00Z,24.81502
2025-03-01T02:24:00Z,25.367693
2025-03-01T04:12:00Z,25.114761
2025-03-01T04:48:00Z,29.265272
2025-03-01T05:24:00Z,24.45037
2025-03-01T06:00:00Z,25.91972
2025-03-01T06:36:00Z,24.649908
2025-03-01T07:12:00Z,25.641829
2025-03-01T07:48:00Z,0
2025-03-01T08:24:00Z,24.471058
2025-03-01T10:12:00Z,25.08496
2025-03-01T10:48:00Z,25.827082
2025-03-01T11:24:00Z,0
2025-03-01T12:00:00Z,25.99823
2025-03-01T12:36:00Z,25.021238
2025-03-01T13:48:00Z,25.916143
2025-03-01T14:24:00Z,24.346691
2025-03-01T15:00:00Z,25.362968
2025-03-01T15:36:00Z,29.85388
2025-03-01T16:12:00Z,0
2025-03-01T16:48:00Z,25.509533
2025-03-01T17:24:00Z,25.39695
2025-03-01T18:00:00Z,24.342216
2025-03-01T18:36:00Z,24.015697
2025-03-01T19:12:00Z,24.696304
2025-03-01T20:24:00Z,24.436188
2025-03-01T21:36:00Z,25.34046
2025-03-01T22:48:00Z,24.872854
2025-03-01T23:24:00Z,25.335018
2025-03-02T00:00:00Z,24.179853
2025-03-02T00:36:00Z,0
2025-03-02T01:12:00Z,30.253983
2025-03-02T01:48:00Z,0
2025-03-02T02:24:00Z,29.76192
2025-03-02T03:00:00Z,0
2025-03-02T03:36:00Z,25.207615
2025-03-02T04:12:00Z,25.15468
2025-03-02T04:48:00Z,24.434439
2025-03-02T06:00:00Z,25.762375
2025-03-02T06:36:00Z,30.633627
2025-03-02T07:12:00Z,0
2025-03-02T07:48:00Z,24.764357
2025-03-02T08:24:00Z,24.255863
2025-03-02T09:00:00Z,25.72962
2025-03-02T09:36:00Z,24.12271
2025-03-02T10:12:00Z,25.117798
2025-03-02T10:48:00Z,24.140692
2025-03-02T12:00:00Z,24.177362
2025-03-02T12:36:00Z,24.858448
2025-03-02T13:12:00Z,25.070066
2025-03-02T13:48:00Z,24.048378
2025-03-02T14:24:00Z,24.932344
2025-03-02T15:00:00Z,24.0749
2025-03-02T15:36:00Z,25.927267
2025-03-02T16:48:00Z,24.119188
2025-03-02T17:24:00Z,25.704449
2025-03-02T18:00:00Z,25.89703
2025-03-02T18:36:00Z,0
2025-03-02T19:12:00Z,25.27943
2025-03-02T19:48:00Z,24.834034
2025-03-02T20:24:00Z,25.181974
2025-03-02T21:36:00Z,24.033474
2025-03-02T22:12:00Z,25.398392
2025-03-02T22:48:00Z,24.192854
2025-03-03T00:00:00Z,25.508352
2025-03-03T00:36:00Z,25.000586
2025-03-03T01:12:00Z,25.368784
2025-03-03T03:00:00Z,24.487242
2025-03-03T03:36:00Z,25.90896
2025-03-03T04:12:00Z,24.107244
2025-03-03T04:48:00Z,24.673197
2025-03-03T05:24:00Z,29.500893
2025-03-03T06:00:00Z,0
2025-03-03T06:36:00Z,24.450201
2025-03-03T07:12:00Z,24.228804
2025-03-03T07:48:00Z,25.639444
2025-03-03T08:24:00Z,25.383419
2025-03-03T09:00:00Z,0
2025-03-03T09:36:00Z,25.942331
2025-03-03T10:12:00Z,24.785147
2025-03-03T10:48:00Z,0
2025-03-03T11:24:00Z,25.112806
2025-03-03T12:00:00Z,25.333864
2025-03-03T12:36:00Z,24.743107
2025-03-03T13:12:00Z,24.694798
2025-03-03T13:48:00Z,25.450554
2025-03-03T15:00:00Z,25.177168
2025-03-03T15:36:00Z,25.47164
2025-03-03T16:12:00Z,0
2025-03-03T16:48:00Z,25.777678
2025-03-03T17:24:00Z,25.897327
2025-03-03T18:00:00Z,0
2025-03-03T18:36:00Z,30.851303
2025-03-03T19:12:00Z,25.364834
2025-03-03T19:48:00Z,24.289206
2025-03-03T20:24:00Z,25.964224
2025-03-03T21:00:00Z,24.358738
2025-03-03T21:36:00Z,24.534777
2025-03-03T22:12:00Z,30.27351
2025-03-03T22:48:00Z,25.43052
2025-03-03T23:24:00Z,24.60424
2025-03-04T00:00:00Z,25.126862
2025-03-04T00:36:00Z,0
2025-03-04T01:12:00Z,25.326708
2025-03-04T01:48:00Z,25.513569
2025-03-04T02:24:00Z,0
2025-03-04T03:00:00Z,24.469479
2025-03-04T03:36:00Z,24.87077
2025-03-04T04:12:00Z,25.700205
2025-03-04T04:48:00Z,24.372116
2025-03-04T05:24:00Z,25.917234
2025-03-04T06:00:00Z,24.90914
2025-03-04T06:36:00Z,24.546753
2025-03-04T07:12:00Z,25.904507
2025-03-04T07:48:00Z,24.149063
2025-03-04T08:24:00Z,25.547243
2025-03-04T09:00:00Z,25.154236
2025-03-04T09:36:00Z,25.773367
2025-03-04T10:12:00Z,24.066395
2025-03-04T10:48:00Z,25.65861
2025-03-04T11:24:00Z,24.894508
2025-03-04T12:00:00Z,24.982111
2025-03-04T12:36:00Z,24.296898
2025-03-04T13:12:00Z,24.32858
2025-03-04T14:24:00Z,25.865223
2025-03-04T15:00:00Z,25.250694
2025-03-04T16:12:00Z,25.718288
2025-03-04T16:48:00Z,24.438145
2025-03-04T17:24:00Z,29.183573
2025-03-04T18:00:00Z,0
2025-03-04T18:36:00Z,24.760666
2025-03-04T19:12:00Z,24.228352
2025-03-04T19:48:00Z,25.337406
2025-03-04T21:00:00Z,25.914274
2025-03-04T21:36:00Z,25.896595
2025-03-04T22:12:00Z,25.271914
2025-03-04T22:48:00Z,29.58018
2025-03-04T23:24:00Z,25.152342
2025-03-05T00:36:00Z,25.567022
2025-03-05T01:12:00Z,24.504011
2025-03-05T01:48:00Z,30.103817
2025-03-05T02:24:00Z,0
2025-03-05T03:00:00Z,24.456917
2025-03-05T04:12:00Z,24.305809
2025-03-05T04:48:00Z,25.254156
2025-03-05T05:24:00Z,24.693148
2025-03-05T06:00:00Z,25.623173
2025-03-05T06:36:00Z,24.125042
2025-03-05T07:48:00Z,24.498447
2025-03-05T08:24:00Z,24.099886
2025-03-05T09:00:00Z,25.854702
2025-03-05T09:36:00Z,24.019215
2025-03-05T10:48:00Z,25.814898
2025-03-05T12:00:00Z,24.208366
2025-03-05T12:36:00Z,0
2025-03-05T13:12:00Z,25.477903
2025-03-05T13:48:00Z,24.001886
2025-03-05T14:24:00Z,0
2025-03-05T15:00:00Z,25.646786
2025-03-05T15:36:00Z,25.117815
2025-03-05T16:12:00Z,25.206144
2025-03-05T17:24:00Z,24.043753
2025-03-05T18:00:00Z,24.359837
2025-03-05T18:36:00Z,25.158308
2025-03-05T19:48:00Z,24.159914
2025-03-05T20:24:00Z,25.57382
2025-03-05T21:00:00Z,25.644392
2025-03-05T21:36:00Z,24.89332
2025-03-05T22:48:00Z,25.553003
2025-03-05T23:24:00Z,24.062958
2025-03-06T00:00:00Z,25.534876
2025-03-06T00:36:00Z,30.956305
2025-03-06T01:12:00Z,24.860031
2025-03-06T01:48:00Z,29.291758
2025-03-06T02:24:00Z,25.660717
2025-03-06T03:00:00Z,24.191778
2025-03-06T03:36:00Z,29.710258
2025-03-06T04:12:00Z,24.30439
2025-03-06T04:48:00Z,25.52076
2025-03-06T05:24:00Z,25.386059
2025-03-06T06:00:00Z,24.104597
2025-03-06T06:36:00Z,24.14486
2025-03-06T07:12:00Z,25.689516
2025-03-06T08:24:00Z,25.214144
2025-03-06T09:00:00Z,0
2025-03-06T09:36:00Z,24.91915
2025-03-06T10:48:00Z,25.03074
2025-03-06T11:24:00Z,24.638222
2025-03-06T12:00:00Z,24.82911
2025-03-06T12:36:00Z,24.229586
2025-03-06T13:12:00Z,25.891073
2025-03-06T13:48:00Z,24.673994
2025-03-06T14:24:00Z,25.23558
2025-03-06T15:00:00Z,25.328205
2025-03-06T15:36:00Z,24.982334
2025-03-06T16:12:00Z,24.116135
2025-03-06T16:48:00Z,0
2025-03-06T17:24:00Z,24.775423
2025-03-06T18:00:00Z,25.241882
