Timestamp,Value
2024-10-01T17:24:00Z,0.74576795
2024-10-01T18:00:00Z,0.8441988
2024-10-01T18:36:00Z,0
2024-10-01T19:48:00Z,0.96894497
2024-10-01T20:24:00Z,0
2024-10-01T21:36:00Z,0.8604281
2024-10-01T22:12:00Z,0
2024-10-02T00:00:00Z,0.71421176
2024-10-02T01:12:00Z,0.34571066
2024-10-02T01:48:00Z,0.89903206
2024-10-02T02:24:00Z,0
2024-10-02T03:36:00Z,0.7221475
2024-10-02T04:12:00Z,0.34830555
2024-10-02T04:48:00Z,0.91469324
2024-10-02T05:24:00Z,0
2024-10-02T06:00:00Z,0.6389119
2024-10-02T06:36:00Z,0.4994312
2024-10-02T07:12:00Z,0.9870109
2024-10-02T07:48:00Z,0
2024-10-02T08:24:00Z,0.97783065
2024-10-02T09:00:00Z,0
2024-10-02T09:36:00Z,0.4949515
2024-10-02T10:12:00Z,0.4481328
2024-10-02T10:48:00Z,0.8882754
2024-10-02T11:24:00Z,0
2024-10-02T12:36:00Z,0.32609
2024-10-02T13:12:00Z,0.027490254
2024-10-02T13:48:00Z,0.6403347
2024-10-02T14:24:00Z,0.1250775
2024-10-02T15:36:00Z,0.25608
2024-10-02T16:12:00Z,0.768453
2024-10-02T16:48:00Z,0
2024-10-02T19:12:00Z,0.84526926
2024-10-02T19:48:00Z,0
2024-10-02T21:00:00Z,0.8875497
2024-10-02T21:36:00Z,0
2024-10-02T23:24:00Z,0.7457276
2024-10-03T00:00:00Z,0.19503412
2024-10-03T00:36:00Z,0.15026318
2024-10-03T01:12:00Z,0.88673687
2024-10-03T01:48:00Z,0
2024-10-03T02:24:00Z,0.29631576
2024-10-03T03:00:00Z,0.00059841666
2024-10-03T03:36:00Z,0.5694485
2024-10-03T05:24:00Z,0.5192169
2024-10-03T06:00:00Z,0.8719565
2024-10-03T06:36:00Z,0
2024-10-03T07:48:00Z,0.8554623
2024-10-03T08:24:00Z,0
2024-10-03T09:00:00Z,0.8476176
2024-10-03T09:36:00Z,0
2024-10-03T11:24:00Z,0.2976351
2024-10-03T12:00:00Z,0.95592344
2024-10-03T12:36:00Z,0
2024-10-03T13:48:00Z,0.642855
2024-10-03T15:00:00Z,0.22009337
2024-10-03T15:36:00Z,0.9997106
2024-10-03T16:12:00Z,0
2024-10-03T18:00:00Z,0.58340126
2024-10-03T18:36:00Z,0.09315074
2024-10-03T19:12:00Z,0.60364306
2024-10-03T20:24:00Z,0.87687826
2024-10-03T21:00:00Z,0
2024-10-03T21:36:00Z,0.99713236
2024-10-03T22:12:00Z,0
2024-10-03T23:24:00Z,0.2183282
2024-10-04T00:00:00Z,0.88044953
2024-10-04T00:36:00Z,0
2024-10-04T01:48:00Z,0.7827965
2024-10-04T02:24:00Z,0
2024-10-04T04:12:00Z,0.5919596
2024-10-04T04:48:00Z,0.33756584
2024-10-04T05:24:00Z,0.7566415
2024-10-04T06:00:00Z,0
2024-10-04T06:36:00Z,0.57807165
2024-10-04T07:12:00Z,0.1049721
2024-10-04T07:48:00Z,0.60586065
2024-10-04T08:24:00Z,0.39087498
2024-10-04T09:00:00Z,0.8460874
2024-10-04T09:36:00Z,0
2024-10-04T10:12:00Z,0.9129907
2024-10-04T10:48:00Z,0
2024-10-04T11:24:00Z,0.4049423
2024-10-04T12:00:00Z,0.01849785
2024-10-04T13:12:00Z,0.5476342
2024-10-04T14:24:00Z,0.589699
2024-10-04T15:00:00Z,0.77772874
2024-10-04T15:36:00Z,0
2024-10-04T16:48:00Z,0.5256342
2024-10-04T17:24:00Z,0.19532351
2024-10-04T18:00:00Z,0.7761347
2024-10-04T18:36:00Z,0
2024-10-04T20:24:00Z,0.9074477
2024-10-04T21:00:00Z,0
2024-10-04T21:36:00Z,0.9658055
2024-10-04T22:12:00Z,0
2024-10-04T22:48:00Z,0.87599176
2024-10-04T23:24:00Z,0
2024-10-05T00:00:00Z,0.6584844
2024-10-05T00:36:00Z,0.52208453
2024-10-05T01:12:00Z,0.84481305
2024-10-05T01:48:00Z,0
2024-10-05T02:24:00Z,0.19166437
2024-10-05T03:00:00Z,0.9750128
2024-10-05T03:36:00Z,0
2024-10-05T04:12:00Z,0.6063343
2024-10-05T04:48:00Z,0.49409467
2024-10-05T05:24:00Z,0.9330058
2024-10-05T06:00:00Z,0
2024-10-05T06:36:00Z,0.73623914
2024-10-05T07:12:00Z,0.36396384
2024-10-05T07:48:00Z,0.9602849
2024-10-05T08:24:00Z,0
2024-10-05T09:00:00Z,0.8862135
2024-10-05T09:36:00Z,0
2024-10-05T10:12:00Z,0.67130345
2024-10-05T10:48:00Z,0.11512127
2024-10-05T12:00:00Z,0.9832535
2024-10-05T12:36:00Z,0
2024-10-05T13:12:00Z,0.61204433
2024-10-05T15:00:00Z,0.5851452
2024-10-05T15:36:00Z,0.1109953
2024-10-05T16:48:00Z,0.6018826
2024-10-05T18:36:00Z,0.51084304
2024-10-05T20:24:00Z,0.5685536
2024-10-05T21:00:00Z,0.13279088
2024-10-05T21:36:00Z,0.8790451
2024-10-05T22:12:00Z,0
2024-10-05T23:24:00Z,0.7908361
2024-10-06T00:00:00Z,0
2024-10-06T00:36:00Z,0.7020799
2024-10-06T01:48:00Z,0.0837761
2024-10-06T03:36:00Z,0.93797797
2024-10-06T04:12:00Z,0
2024-10-06T04:48:00Z,0.79860795
2024-10-06T05:24:00Z,0
2024-10-06T06:00:00Z,0.52440315
2024-10-06T07:12:00Z,0.81139505
2024-10-06T07:48:00Z,0
2024-10-06T08:24:00Z,0.03128591
2024-10-06T09:36:00Z,0.89151525
2024-10-06T10:12:00Z,0
2024-10-06T10:48:00Z,0.6983031
2024-10-06T11:24:00Z,0.41051298
2024-10-06T12:00:00Z,0.80147356
2024-10-06T12:36:00Z,0
2024-10-06T13:12:00Z,0.79288125
2024-10-06T13:48:00Z,0
2024-10-06T14:24:00Z,0.81656075
2024-10-06T15:00:00Z,0
2024-10-06T17:24:00Z,0.76499647
2024-10-06T18:00:00Z,0
2024-10-06T19:12:00Z,0.92020196
2024-10-06T19:48:00Z,0
2024-10-06T21:00:00Z,0.7510649
2024-10-06T21:36:00Z,0
2024-10-06T22:48:00Z,0.8906853
2024-10-06T23:24:00Z,0
2024-10-07T00:00:00Z,0.9066217
2024-10-07T00:36:00Z,0
2024-10-07T01:48:00Z,0.6034483
2024-10-07T03:00:00Z,0.5301667
2024-10-07T03:36:00Z,0.095377386
2024-10-07T04:12:00Z,0.9692235
2024-10-07T04:48:00Z,0
2024-10-07T05:24:00Z,0.6686336
2024-10-07T06:00:00Z,0.31007388
2024-10-07T07:12:00Z,0.9576213
2024-10-07T07:48:00Z,0
2024-10-07T08:24:00Z,0.7324326
2024-10-07T09:00:00Z,0.88960046
2024-10-07T09:36:00Z,0
2024-10-07T10:12:00Z,0.060742017
2024-10-07T10:48:00Z,0.58156955
2024-10-07T12:36:00Z,0.80803037
2024-10-07T13:12:00Z,0
2024-10-07T14:24:00Z,0.8125399
2024-10-07T15:00:00Z,0
2024-10-07T16:12:00Z,0.7859995
2024-10-07T16:48:00Z,0
2024-10-07T17:24:00Z,0.7756724
2024-10-07T18:00:00Z,0
2024-10-07T19:12:00Z,0.83654124
2024-10-07T19:48:00Z,0
2024-10-07T21:00:00Z,0.4101758
2024-10-07T21:36:00Z,0.9370835
2024-10-07T22:12:00Z,0
2024-10-08T00:00:00Z,0.13869338
2024-10-08T00:36:00Z,0.90335816
2024-10-08T01:12:00Z,0
2024-10-08T02:24:00Z,0.9079227
2024-10-08T03:00:00Z,0
2024-10-08T03:36:00Z,0.61778146
2024-10-08T04:12:00Z,0.16497353
2024-10-08T05:24:00Z,0.5463672
2024-10-08T06:00:00Z,0.09924741
2024-10-08T06:36:00Z,0.79613787
2024-10-08T07:12:00Z,0
2024-10-08T07:48:00Z,0.7290796
2024-10-08T09:36:00Z,0.35568964
2024-10-08T10:12:00Z,0.85893947
2024-10-08T10:48:00Z,0
2024-10-08T12:00:00Z,0.32963875
2024-10-08T13:12:00Z,0.18342689
2024-10-08T13:48:00Z,0.81139123
2024-10-08T14:24:00Z,0
2024-10-08T15:36:00Z,0.5993382
2024-10-08T16:12:00Z,0.20198065
2024-10-08T16:48:00Z,0.65162987
2024-10-08T18:00:00Z,0.12062223
2024-10-08T18:36:00Z,0.5887798
2024-10-08T19:12:00Z,0.28721812
2024-10-08T19:48:00Z,0.6483775
2024-10-08T20:24:00Z,0.31928778
2024-10-08T21:00:00Z,0.6852016
2024-10-08T21:36:00Z,0.03214006
2024-10-08T22:12:00Z,0.5513862
2024-10-08T22:48:00Z,0.14649972
2024-10-09T00:36:00Z,0.2586244
2024-10-09T01:12:00Z,0.98167783
2024-10-09T01:48:00Z,0
2024-10-09T02:24:00Z,0.44296053
2024-10-09T04:12:00Z,0.024229461
2024-10-09T04:48:00Z,0.708783
2024-10-09T05:24:00Z,0.7529464
2024-10-09T06:00:00Z,0
2024-10-09T07:12:00Z,0.5632566
2024-10-09T08:24:00Z,0.41998273
2024-10-09T09:36:00Z,0.52646995
2024-10-09T10:12:00Z,0.8812402
2024-10-09T10:48:00Z,0
2024-10-09T11:24:00Z,0.09025757
2024-10-09T12:00:00Z,0.75365657
2024-10-09T12:36:00Z,0
2024-10-09T13:48:00Z,0.8139689
2024-10-09T14:24:00Z,0
2024-10-09T15:36:00Z,0.7013775
2024-10-09T16:12:00Z,0.82217836
2024-10-09T16:48:00Z,0
2024-10-09T17:24:00Z,0.32237342
2024-10-09T19:12:00Z,0.9207286
2024-10-09T19:48:00Z,0
2024-10-09T20:24:00Z,0.89798975
2024-10-09T21:00:00Z,0
2024-10-09T21:36:00Z,0.7799596
2024-10-09T22:12:00Z,0
2024-10-09T22:48:00Z,0.11093629
2024-10-09T23:24:00Z,0.6969395
2024-10-10T00:00:00Z,0.19049326
2024-10-10T00:36:00Z,0.34489995
2024-10-10T01:12:00Z,0.057191465
2024-10-10T01:48:00Z,0.80467635
2024-10-10T02:24:00Z,0
2024-10-10T03:36:00Z,0.34796095
2024-10-10T04:12:00Z,0.8769577
2024-10-10T04:48:00Z,0
2024-10-10T05:24:00Z,0.76683086
2024-10-10T06:00:00Z,0
2024-10-10T06:36:00Z,0.501489
2024-10-10T07:12:00Z,0.32537583
2024-10-10T07:48:00Z,0.8905552
2024-10-10T08:24:00Z,0
2024-10-10T09:36:00Z,0.5681696
2024-10-10T10:12:00Z,0.022292612
2024-10-10T10:48:00Z,0.82602245
2024-10-10T11:24:00Z,0
2024-10-10T12:00:00Z,0.1687971
2024-10-10T12:36:00Z,0.82992744
2024-10-10T13:12:00Z,0
2024-10-10T15:00:00Z,0.594944
2024-10-10T16:12:00Z,0.24553002
2024-10-10T17:24:00Z,0.759143
2024-10-10T18:00:00Z,0
2024-10-10T20:24:00Z,0.9458013
2024-10-10T21:00:00Z,0
2024-10-10T21:36:00Z,0.84040236
2024-10-10T22:12:00Z,0
2024-10-10T22:48:00Z,0.38917363
2024-10-10T23:24:00Z,0.12623972
2024-10-11T00:00:00Z,0.92882335
2024-10-11T00:36:00Z,0
2024-10-11T01:12:00Z,0.6420101
2024-10-11T02:24:00Z,0.3727634
2024-10-11T03:00:00Z,0.9496998
2024-10-11T03:36:00Z,0
2024-10-11T04:48:00Z,0.65261436
2024-10-11T06:36:00Z,0.21329987
2024-10-11T07:12:00Z,0.98682576
2024-10-11T07:48:00Z,0
2024-10-11T08:24:00Z,0.8043671
2024-10-11T09:00:00Z,0
2024-10-11T10:12:00Z,0.6488
2024-10-11T11:24:00Z,0.2540088
2024-10-11T12:36:00Z,0.6711368
2024-10-11T13:48:00Z,0.0908012
2024-10-11T14:24:00Z,0.7760822
2024-10-11T15:00:00Z,0
2024-10-11T16:12:00Z,0.5159923
2024-10-11T16:48:00Z,0.41845605
2024-10-11T17:24:00Z,0.9449632
2024-10-11T18:00:00Z,0
2024-10-11T21:36:00Z,0.9311564
2024-10-11T22:12:00Z,0
2024-10-11T22:48:00Z,0.9264285
2024-10-11T23:24:00Z,0
2024-10-12T00:36:00Z,0.19913611
2024-10-12T01:12:00Z,0.96173185
2024-10-12T01:48:00Z,0
2024-10-12T02:24:00Z,0.8070242
2024-10-12T03:00:00Z,0
2024-10-12T04:48:00Z,0.8763226
2024-10-12T05:24:00Z,0
2024-10-12T06:00:00Z,0.80600584
2024-10-12T06:36:00Z,0
2024-10-12T08:24:00Z,0.9047684
2024-10-12T09:00:00Z,0
2024-10-12T09:36:00Z,0.38164413
2024-10-12T10:48:00Z,0.44116285
2024-10-12T11:24:00Z,0.8439378
2024-10-12T12:00:00Z,0
2024-10-12T15:00:00Z,0.27466452
2024-10-12T17:24:00Z,0.5869113
2024-10-12T18:00:00Z,0.1260178
2024-10-12T18:36:00Z,0.96806467
2024-10-12T19:12:00Z,0
2024-10-12T20:24:00Z,0.9373307
2024-10-12T21:00:00Z,0
2024-10-12T22:12:00Z,0.20082359
2024-10-12T22:48:00Z,0.8600222
2024-10-12T23:24:00Z,0
2024-10-13T00:00:00Z,0.8446227
2024-10-13T00:36:00Z,0
2024-10-13T01:12:00Z,0.28214347
2024-10-13T01:48:00Z,0.06039724
2024-10-13T02:24:00Z,0.6920518
2024-10-13T03:00:00Z,0.28945696
2024-10-13T03:36:00Z,0.68706816
2024-10-13T04:48:00Z,0.072359964
2024-10-13T05:24:00Z,0.65055156
2024-10-13T06:00:00Z,0.79481417
2024-10-13T06:36:00Z,0
2024-10-13T07:48:00Z,0.9134881
2024-10-13T08:24:00Z,0
2024-10-13T09:36:00Z,0.43714356
2024-10-13T10:48:00Z,0.1267983
2024-10-13T11:24:00Z,0.5038004
2024-10-13T12:36:00Z,0.1877055
2024-10-13T14:24:00Z,0.32943293
2024-10-13T15:00:00Z,0.6564919
2024-10-13T15:36:00Z,0.49342278
2024-10-13T16:12:00Z,0.8139429
2024-10-13T16:48:00Z,0
2024-10-13T17:24:00Z,0.8489786
2024-10-13T18:00:00Z,0
2024-10-13T19:12:00Z,0.68100643
2024-10-13T19:48:00Z,0.21358413
2024-10-13T20:24:00Z,0.22172908
2024-10-13T21:00:00Z,0.9389919
2024-10-13T21:36:00Z,0
2024-10-13T22:12:00Z,0.7412631
2024-10-13T22:48:00Z,0.9764895
2024-10-13T23:24:00Z,0
2024-10-14T00:00:00Z,0.78686225
2024-10-14T00:36:00Z,0
2024-10-14T02:24:00Z,0.23126051
2024-10-14T03:00:00Z,0.74911106
2024-10-14T04:12:00Z,0.42327484
2024-10-14T04:48:00Z,0.6552233
2024-10-14T05:24:00Z,0.1100773
2024-10-14T06:00:00Z,0.70867205
2024-10-14T06:36:00Z,0.47985035
2024-10-14T07:12:00Z,0.831615
2024-10-14T07:48:00Z,0
2024-10-14T08:24:00Z,0.38488433
2024-10-14T09:36:00Z,0.14976777
2024-10-14T10:12:00Z,0.99166965
2024-10-14T10:48:00Z,0
2024-10-14T11:24:00Z,0.8412664
2024-10-14T12:00:00Z,0
2024-10-14T12:36:00Z,0.9239998
2024-10-14T13:12:00Z,0
2024-10-14T13:48:00Z,0.76889944
2024-10-14T14:24:00Z,0
2024-10-14T15:00:00Z,0.8770373
2024-10-14T15:36:00Z,0
2024-10-14T16:12:00Z,0.8495752
2024-10-14T16:48:00Z,0
2024-10-14T18:00:00Z,0.5151897
2024-10-14T19:48:00Z,0.8781089
2024-10-14T20:24:00Z,0
2024-10-14T21:00:00Z,0.44047835
2024-10-14T21:36:00Z,0.31224763
2024-10-14T22:12:00Z,0.7643126
2024-10-14T22:48:00Z,0
2024-10-14T23:24:00Z,0.85877585
2024-10-15T00:00:00Z,0
2024-10-15T01:12:00Z,0.85582227
2024-10-15T01:48:00Z,0
2024-10-15T02:24:00Z,0.8601277
2024-10-15T03:00:00Z,0
2024-10-15T03:36:00Z,0.9369986
2024-10-15T04:12:00Z,0
2024-10-15T05:24:00Z,0.37699783
2024-10-15T06:00:00Z,0.034847472
2024-10-15T06:36:00Z,0.8955378
2024-10-15T07:12:00Z,0
2024-10-15T07:48:00Z,0.75468934
2024-10-15T08:24:00Z,0
2024-10-15T09:00:00Z,0.61395043
2024-10-15T09:36:00Z,0.76443064
2024-10-15T10:12:00Z,0
2024-10-15T10:48:00Z,0.6960251
2024-10-15T11:24:00Z,0.3224863
2024-10-15T12:00:00Z,0.62076086
2024-10-15T12:36:00Z,0.17664154
2024-10-15T13:12:00Z,0.6618078
2024-10-15T13:48:00Z,0.42905855
2024-10-15T14:24:00Z,0.62801886
2024-10-15T15:00:00Z,0.22505274
2024-10-15T15:36:00Z,0.6893368
2024-10-15T17:24:00Z,0.17009246
2024-10-15T18:00:00Z,0.8642258
2024-10-15T18:36:00Z,0
2024-10-15T22:12:00Z,0.87100214
2024-10-15T22:48:00Z,0
2024-10-16T00:00:00Z,0.11102722
2024-10-16T00:36:00Z,0.8909107
2024-10-16T01:12:00Z,0
2024-10-16T03:00:00Z,0.6240281
2024-10-16T03:36:00Z,0.9714873
2024-10-16T04:12:00Z,0
2024-10-16T05:24:00Z,0.8786243
2024-10-16T06:00:00Z,0
2024-10-16T06:36:00Z,0.7727699
2024-10-16T07:12:00Z,0
2024-10-16T07:48:00Z,0.95682216
2024-10-16T08:24:00Z,0
2024-10-16T09:00:00Z,0.9457286
2024-10-16T09:36:00Z,0
2024-10-16T12:36:00Z,0.10497231
2024-10-16T13:12:00Z,0.89442885
2024-10-16T13:48:00Z,0
2024-10-16T15:00:00Z,0.9051667
2024-10-16T15:36:00Z,0
2024-10-16T16:48:00Z,0.8124595
2024-10-16T17:24:00Z,0
2024-10-16T18:36:00Z,0.07497588
2024-10-16T19:12:00Z,0.4864581
2024-10-16T19:48:00Z,0.13109319
2024-10-16T21:00:00Z,0.99590194
2024-10-16T21:36:00Z,0
2024-10-16T22:12:00Z,0.8100843
2024-10-16T22:48:00Z,0
2024-10-16T23:24:00Z,0.9829318
2024-10-17T00:00:00Z,0
2024-10-17T00:36:00Z,0.8320418
2024-10-17T01:12:00Z,0
2024-10-17T01:48:00Z,0.5609984
2024-10-17T02:24:00Z,0.23125178
2024-10-17T03:00:00Z,0.88368714
2024-10-17T03:36:00Z,0
2024-10-17T04:48:00Z,0.65340346
2024-10-17T05:24:00Z,0.80511445
2024-10-17T06:00:00Z,0
2024-10-17T09:00:00Z,0.9811728
2024-10-17T09:36:00Z,0
2024-10-17T10:12:00Z,0.74939454
2024-10-17T10:48:00Z,0.45228282
2024-10-17T11:24:00Z,0.73251456
2024-10-17T13:12:00Z,0.015143502
2024-10-17T13:48:00Z,0.75161916
2024-10-17T14:24:00Z,0
2024-10-17T15:00:00Z,0.97336423
2024-10-17T15:36:00Z,0
2024-10-17T16:48:00Z,0.6505272
2024-10-17T17:24:00Z,0.024839075
2024-10-17T18:00:00Z,0.75911933
2024-10-17T18:36:00Z,0
2024-10-17T19:12:00Z,0.4219518
2024-10-17T20:24:00Z,0.023832345
2024-10-17T21:00:00Z,0.8159348
2024-10-17T21:36:00Z,0
2024-10-17T22:12:00Z,0.76484334
2024-10-17T22:48:00Z,0
2024-10-17T23:24:00Z,0.14875637
2024-10-18T00:00:00Z,0.9382983
2024-10-18T00:36:00Z,0
2024-10-18T01:12:00Z,0.97558534
2024-10-18T01:48:00Z,0
2024-10-18T03:00:00Z,0.8956925
2024-10-18T03:36:00Z,0
2024-10-18T04:12:00Z,0.9407281
2024-10-18T04:48:00Z,0
2024-10-18T06:00:00Z,0.7144768
2024-10-18T06:36:00Z,0.2856233
2024-10-18T07:12:00Z,0.655001
2024-10-18T09:00:00Z,0.033787474
2024-10-18T10:12:00Z,0.8963966
2024-10-18T10:48:00Z,0
2024-10-18T12:00:00Z,0.4678775
2024-10-18T12:36:00Z,0.06306497
2024-10-18T13:12:00Z,0.6349121
2024-10-18T15:00:00Z,0.0026743794
2024-10-18T15:36:00Z,0.6705863
2024-10-18T16:12:00Z,0.24428275
2024-10-18T16:48:00Z,0.8367201
2024-10-18T17:24:00Z,0
2024-10-18T18:00:00Z,0.7285004
2024-10-18T18:36:00Z,0.18151465
2024-10-18T19:12:00Z,0.5361593
2024-10-18T21:00:00Z,0.19840498
2024-10-18T22:12:00Z,0.9891797
2024-10-18T22:48:00Z,0
2024-10-18T23:24:00Z,0.30634147
2024-10-19T00:00:00Z,0.19215494
2024-10-19T01:12:00Z,0.71473515
2024-10-19T01:48:00Z,0.3433714
2024-10-19T02:24:00Z,0.853702
2024-10-19T03:00:00Z,0
2024-10-19T03:36:00Z,0.51155466
2024-10-19T04:12:00Z,0.33669078
2024-10-19T05:24:00Z,0.8427955
2024-10-19T06:00:00Z,0
2024-10-19T06:36:00Z,0.3601425
2024-10-19T07:12:00Z,0.29241598
2024-10-19T07:48:00Z,0.62492853
2024-10-19T09:00:00Z,0.09700963
2024-10-19T10:12:00Z,0.5442732
2024-10-19T10:48:00Z,0.95407426
2024-10-19T11:24:00Z,0
2024-10-19T13:48:00Z,0.7049744
2024-10-19T14:24:00Z,0.14608198
2024-10-19T16:12:00Z,0.80108136
2024-10-19T16:48:00Z,0
2024-10-19T17:24:00Z,0.16719212
2024-10-19T18:00:00Z,0.7592135
2024-10-19T18:36:00Z,0
2024-10-19T19:12:00Z,0.8596645
2024-10-19T19:48:00Z,0
2024-10-19T21:00:00Z,0.82388794
2024-10-19T21:36:00Z,0
2024-10-19T22:48:00Z,0.8296321
2024-10-19T23:24:00Z,0
2024-10-20T00:36:00Z,0.727446
2024-10-20T01:48:00Z,0.28208137
2024-10-20T02:24:00Z,0.500111
2024-10-20T03:00:00Z,0.12450614
2024-10-20T04:48:00Z,0.005770508
2024-10-20T05:24:00Z,0.3477566
2024-10-20T06:36:00Z,0.31044382
2024-10-20T07:12:00Z,0.9518668
2024-10-20T07:48:00Z,0
2024-10-20T09:00:00Z,0.5078565
2024-10-20T09:36:00Z,0.08450502
2024-10-20T10:48:00Z,0.92785925
2024-10-20T11:24:00Z,0
2024-10-20T12:36:00Z,0.95992696
2024-10-20T13:12:00Z,0
2024-10-20T15:00:00Z,0.60136706
2024-10-20T15:36:00Z,0.046072964
2024-10-20T16:48:00Z,0.98343253
2024-10-20T17:24:00Z,0
2024-10-20T18:36:00Z,0.6865099
2024-10-20T19:12:00Z,0.7523412
2024-10-20T19:48:00Z,0
2024-10-20T20:24:00Z,0.47702628
2024-10-20T21:00:00Z,0.46976793
2024-10-20T21:36:00Z,0.018907567
2024-10-20T22:12:00Z,0.90354645
2024-10-20T22:48:00Z,0
2024-10-20T23:24:00Z,0.46278387
2024-10-21T00:00:00Z,0.26567253
2024-10-21T01:48:00Z,0.84636116
2024-10-21T02:24:00Z,0
2024-10-21T03:00:00Z,0.044162184
2024-10-21T03:36:00Z,0.82956815
2024-10-21T04:12:00Z,0
2024-10-21T06:36:00Z,0.35721782
2024-10-21T07:12:00Z,0.98620313
2024-10-21T07:48:00Z,0
2024-10-21T08:24:00Z,0.9572682
2024-10-21T09:00:00Z,0
2024-10-21T09:36:00Z,0.7794358
2024-10-21T10:12:00Z,0
2024-10-21T10:48:00Z,0.58928984
2024-10-21T12:36:00Z,0.45194772
2024-10-21T14:24:00Z,0.49666908
2024-10-21T15:36:00Z,0.84354985
2024-10-21T16:12:00Z,0
2024-10-21T17:24:00Z,0.31528962
2024-10-21T18:00:00Z,0.93547815
2024-10-21T18:36:00Z,0
2024-10-21T19:12:00Z,0.51667845
2024-10-21T21:36:00Z,0.5287442
2024-10-21T22:12:00Z,0.8779887
2024-10-21T22:48:00Z,0
2024-10-22T00:36:00Z,0.4890829
2024-10-22T01:12:00Z,0.946119
2024-10-22T01:48:00Z,0
2024-10-22T03:36:00Z,0.56135565
2024-10-22T04:12:00Z,0.88369703
2024-10-22T04:48:00Z,0
2024-10-22T05:24:00Z,0.67809296
2024-10-22T06:00:00Z,0.9308119
2024-10-22T06:36:00Z,0
2024-10-22T07:12:00Z,0.97508794
2024-10-22T07:48:00Z,0
2024-10-22T09:00:00Z,0.24414921
2024-10-22T09:36:00Z,0.05986985
2024-10-22T10:12:00Z,0.38933507
2024-10-22T10:48:00Z,0.20399673
2024-10-22T11:24:00Z,0.9530002
2024-10-22T12:00:00Z,0
2024-10-22T14:24:00Z,0.1552828
2024-10-22T15:00:00Z,0.7026807
2024-10-22T15:36:00Z,0.4068774
2024-10-22T16:12:00Z,0.8738026
2024-10-22T16:48:00Z,0
2024-10-22T17:24:00Z,0.42212272
2024-10-22T18:36:00Z,0.4203574
2024-10-22T19:12:00Z,0.910883
2024-10-22T19:48:00Z,0
2024-10-22T20:24:00Z,0.52748376
2024-10-22T21:00:00Z,0.24735202
2024-10-22T22:12:00Z,0.8945467
2024-10-22T22:48:00Z,0
2024-10-22T23:24:00Z,0.93895876
2024-10-23T00:00:00Z,0
2024-10-23T01:12:00Z,0.84523183
2024-10-23T01:48:00Z,0
2024-10-23T02:24:00Z,0.5503708
2024-10-23T03:00:00Z,0.29035294
2024-10-23T04:12:00Z,0.644677
2024-10-23T04:48:00Z,0.3258505
2024-10-23T05:24:00Z,0.8905921
2024-10-23T06:00:00Z,0
2024-10-23T07:12:00Z,0.6381339
2024-10-23T09:00:00Z,0.79554665
2024-10-23T09:36:00Z,0
2024-10-23T10:12:00Z,0.88192976
2024-10-23T10:48:00Z,0
2024-10-23T12:00:00Z,0.54614305
2024-10-23T12:36:00Z,0.3126817
2024-10-23T13:12:00Z,0.62921596
2024-10-23T14:24:00Z,0.29338348
2024-10-23T15:36:00Z,0.7227059
2024-10-23T16:48:00Z,1.993915e-05
2024-10-23T17:24:00Z,0.6152803
2024-10-23T19:12:00Z,0.9285006
2024-10-23T19:48:00Z,0
2024-10-23T20:24:00Z,0.6504726
2024-10-23T21:36:00Z,0.43074095
2024-10-23T23:24:00Z,0.10904443
2024-10-24T00:00:00Z,0.76492006
2024-10-24T00:36:00Z,0
2024-10-24T01:12:00Z,0.21463804
2024-10-24T01:48:00Z,0.8389642
2024-10-24T02:24:00Z,0
2024-10-24T03:00:00Z,0.9136438
2024-10-24T03:36:00Z,0
2024-10-24T05:24:00Z,0.75178224
2024-10-24T06:00:00Z,0
2024-10-24T06:36:00Z,0.13448645
2024-10-24T07:12:00Z,0.7244947
2024-10-24T07:48:00Z,0.06454685
2024-10-24T08:24:00Z,0.8410202
2024-10-24T09:00:00Z,0
2024-10-24T10:12:00Z,0.62657607
2024-10-24T11:24:00Z,0.16493765
2024-10-24T12:36:00Z,0.21480204
2024-10-24T13:12:00Z,0.61813605
2024-10-24T13:48:00Z,0.010583229
2024-10-24T14:24:00Z,0.6011632
2024-10-24T15:00:00Z,0.43529308
2024-10-24T15:36:00Z,0.75652325
2024-10-24T16:12:00Z,0
2024-10-24T18:00:00Z,0.6750726
2024-10-24T18:36:00Z,0.11917456
2024-10-24T19:12:00Z,0.99713725
2024-10-24T19:48:00Z,0
2024-10-24T20:24:00Z,0.39734992
2024-10-24T22:48:00Z,0.14130728
2024-10-25T00:00:00Z,0.6865022
2024-10-25T00:36:00Z,0.117009714
2024-10-25T01:12:00Z,0.040781733
2024-10-25T01:48:00Z,0.70717883
2024-10-25T03:36:00Z,0.11318147
2024-10-25T04:12:00Z,0.54160124
2024-10-25T04:48:00Z,0.36917922
2024-10-25T05:24:00Z,0.9982112
2024-10-25T06:00:00Z,0
2024-10-25T06:36:00Z,0.37374374
2024-10-25T07:12:00Z,0.15899971
2024-10-25T08:24:00Z,0.8974202
2024-10-25T09:00:00Z,0
2024-10-25T09:36:00Z,0.16235057
2024-10-25T10:12:00Z,0.7635629
2024-10-25T10:48:00Z,0
2024-10-25T11:24:00Z,0.28573263
2024-10-25T12:00:00Z,0.14141127
2024-10-25T12:36:00Z,0.8126049
2024-10-25T13:12:00Z,0
2024-10-25T15:00:00Z,0.67375135
2024-10-25T15:36:00Z,0.008396776
2024-10-25T16:12:00Z,0.8076968
2024-10-25T16:48:00Z,0
2024-10-25T18:00:00Z,0.23857118
2024-10-25T19:48:00Z,0.3544323
2024-10-25T20:24:00Z,0.894367
2024-10-25T21:00:00Z,0
2024-10-25T21:36:00Z,0.6499199
2024-10-25T22:12:00Z,0.85715395
2024-10-25T22:48:00Z,0
2024-10-25T23:24:00Z,0.69971293
2024-10-26T00:36:00Z,0.94007385
2024-10-26T01:12:00Z,0
2024-10-26T01:48:00Z,0.36817944
2024-10-26T02:24:00Z,0.12415591
2024-10-26T03:36:00Z,0.8157641
2024-10-26T04:12:00Z,0
2024-10-26T05:24:00Z,0.89740175
2024-10-26T06:00:00Z,0
2024-10-26T07:12:00Z,0.06611387
2024-10-26T07:48:00Z,0.7583121
2024-10-26T08:24:00Z,0
2024-10-26T10:12:00Z,0.31970158
2024-10-26T10:48:00Z,0.22175434
2024-10-26T11:24:00Z,0.8347867
2024-10-26T12:00:00Z,0
2024-10-26T13:12:00Z,0.9543869
2024-10-26T13:48:00Z,0
2024-10-26T14:24:00Z,0.9331635
2024-10-26T15:00:00Z,0
2024-10-26T16:12:00Z,0.7273406
2024-10-26T16:48:00Z,0.05397404
2024-10-26T19:12:00Z,0.41856548
2024-10-26T20:24:00Z,0.1287318
2024-10-26T21:00:00Z,0.72782147
2024-10-26T21:36:00Z,0.18716896
2024-10-26T22:12:00Z,0.47481227
2024-10-27T00:36:00Z,0.6288139
2024-10-27T01:12:00Z,0.9573464
2024-10-27T01:48:00Z,0
2024-10-27T02:24:00Z,0.79417115
2024-10-27T03:00:00Z,0
2024-10-27T03:36:00Z,0.63940704
2024-10-27T04:48:00Z,0.32564712
2024-10-27T07:12:00Z,0.60763747
2024-10-27T07:48:00Z,0.25008467
2024-10-27T08:24:00Z,0.7744993
2024-10-27T09:00:00Z,0
2024-10-27T09:36:00Z,0.89726216
2024-10-27T10:12:00Z,0
2024-10-27T10:48:00Z,0.9188696
2024-10-27T11:24:00Z,0
2024-10-27T12:00:00Z,0.96890044
2024-10-27T12:36:00Z,0
2024-10-27T13:48:00Z,0.7206453
2024-10-27T14:24:00Z,0.9399801
2024-10-27T15:00:00Z,0
2024-10-27T15:36:00Z,0.7167564
2024-10-27T16:12:00Z,0.46236587
2024-10-27T16:48:00Z,0.97237235
2024-10-27T17:24:00Z,0
2024-10-27T18:00:00Z,0.6725831
2024-10-27T18:36:00Z,0.927323
2024-10-27T19:12:00Z,0
2024-10-27T20:24:00Z,0.89107096
2024-10-27T21:00:00Z,0
2024-10-27T22:12:00Z,0.6552974
2024-10-27T22:48:00Z,0.17001767
2024-10-27T23:24:00Z,0.16958031
2024-10-28T00:00:00Z,0.87239295
2024-10-28T00:36:00Z,0
2024-10-28T01:12:00Z,0.5913016
2024-10-28T02:24:00Z,0.5166077
2024-10-28T03:00:00Z,0.9320644
2024-10-28T03:36:00Z,0
2024-10-28T04:12:00Z,0.6908877
2024-10-28T05:24:00Z,0.04061557
2024-10-28T06:00:00Z,0.99438
2024-10-28T06:36:00Z,0
2024-10-28T08:24:00Z,0.8809326
2024-10-28T09:00:00Z,0
2024-10-28T10:12:00Z,0.6341579
2024-10-28T10:48:00Z,0.40511337
2024-10-28T11:24:00Z,0.85852826
2024-10-28T12:00:00Z,0
2024-10-28T13:12:00Z,0.5213033
2024-10-28T15:00:00Z,0.17724814
2024-10-28T16:48:00Z,0.6315349
2024-10-28T17:24:00Z,0.054223932
2024-10-28T18:36:00Z,0.9562308
2024-10-28T19:12:00Z,0
2024-10-28T19:48:00Z,0.030023394
2024-10-28T21:00:00Z,0.748336
2024-10-28T21:36:00Z,0.38917583
2024-10-28T22:12:00Z,0.6703497
2024-10-28T23:24:00Z,0.3469846
2024-10-29T00:00:00Z,0.5474232
2024-10-29T00:36:00Z,0.016335877
2024-10-29T01:12:00Z,0.8400638
2024-10-29T01:48:00Z,0
2024-10-29T02:24:00Z,0.25789165
2024-10-29T03:00:00Z,0.96519774
2024-10-29T03:36:00Z,0
2024-10-29T04:48:00Z,0.7044925
2024-10-29T05:24:00Z,0.50995773
2024-10-29T06:36:00Z,0.6137647
2024-10-29T07:12:00Z,0.109240025
2024-10-29T08:24:00Z,0.7615967
2024-10-29T09:00:00Z,0
2024-10-29T09:36:00Z,0.038425207
2024-10-29T10:12:00Z,0.5222096
2024-10-29T11:24:00Z,0.4324854
2024-10-29T12:00:00Z,0.7176924
2024-10-29T13:12:00Z,0.010186329
2024-10-29T13:48:00Z,0.99233216
2024-10-29T14:24:00Z,0
2024-10-29T15:00:00Z,0.40586933
2024-10-29T15:36:00Z,0.056469433
2024-10-29T16:12:00Z,0.778486
2024-10-29T16:48:00Z,0
2024-10-29T17:24:00Z,0.46238375
2024-10-29T18:36:00Z,0.7346569
2024-10-29T19:12:00Z,0.23438457
2024-10-29T19:48:00Z,0.50601095
2024-10-29T20:24:00Z,0.24604395
2024-10-29T21:00:00Z,0.93703955
2024-10-29T21:36:00Z,0
2024-10-29T22:12:00Z,0.9371667
2024-10-29T22:48:00Z,0
2024-10-30T00:00:00Z,0.8637911
2024-10-30T00:36:00Z,0
2024-10-30T01:48:00Z,0.3887775
2024-10-30T02:24:00Z,0.018464431
2024-10-30T03:36:00Z,0.5561055
2024-10-30T04:12:00Z,0.013615228
2024-10-30T06:00:00Z,0.74025834
2024-10-30T06:36:00Z,0.9210675
2024-10-30T07:12:00Z,0
2024-10-30T07:48:00Z,0.5222948
2024-10-30T09:36:00Z,0.9178056
2024-10-30T10:12:00Z,0
2024-10-30T10:48:00Z,0.5078138
2024-10-30T11:24:00Z,0.13356641
2024-10-30T12:36:00Z,0.67148346
2024-10-30T13:12:00Z,0.2566494
2024-10-30T15:00:00Z,0.14155385
2024-10-30T15:36:00Z,0.95986646
2024-10-30T16:12:00Z,0
2024-10-30T16:48:00Z,0.061577834
2024-10-30T17:24:00Z,0.7955079
2024-10-30T18:00:00Z,0
2024-10-30T18:36:00Z,0.5200478
2024-10-30T19:48:00Z,0.47010794
2024-10-30T20:24:00Z,0.0039468193
2024-10-30T21:36:00Z,0.67672515
2024-10-30T22:48:00Z,0.044338275
2024-10-30T23:24:00Z,0.8978056
2024-10-31T00:00:00Z,0
2024-10-31T00:36:00Z,0.9516905
2024-10-31T01:12:00Z,0
2024-10-31T02:24:00Z,0.3825738
2024-10-31T03:36:00Z,0.16158685
2024-10-31T04:48:00Z,0.5548475
2024-10-31T05:24:00Z,0.32504177
2024-10-31T06:00:00Z,0.665611
2024-10-31T06:36:00Z,0.13540198
2024-10-31T07:12:00Z,0.25619116
2024-10-31T07:48:00Z,0.989593
2024-10-31T08:24:00Z,0
2024-10-31T09:00:00Z,0.71983224
2024-10-31T09:36:00Z,0.8168513
2024-10-31T10:12:00Z,0
2024-10-31T10:48:00Z,0.7265708
2024-10-31T11:24:00Z,0.3724445
2024-10-31T12:00:00Z,0.9301933
2024-10-31T12:36:00Z,0
2024-10-31T13:48:00Z,0.68051726
2024-10-31T14:24:00Z,0.20344356
2024-10-31T15:36:00Z,0.9451809
2024-10-31T16:12:00Z,0
2024-10-31T17:24:00Z,0.9568866
2024-10-31T18:00:00Z,0
2024-10-31T18:36:00Z,0.40518606
2024-10-31T19:12:00Z,0.036057755
2024-10-31T20:24:00Z,0.9852309
2024-10-31T21:00:00Z,0
2024-10-31T21:36:00Z,0.66334355
2024-10-31T22:48:00Z,0.2443423
2024-11-01T00:00:00Z,0.42845243
2024-11-01T00:36:00Z,0.8275122
2024-11-01T01:12:00Z,0
2024-11-01T01:48:00Z,0.9661151
2024-11-01T02:24:00Z,0
2024-11-01T03:36:00Z,0.7509926
2024-11-01T04:12:00Z,0
2024-11-01T05:24:00Z,0.5098966
2024-11-01T06:00:00Z,0.85656434
2024-11-01T06:36:00Z,0
2024-11-01T07:12:00Z,0.7788039
2024-11-01T07:48:00Z,0
2024-11-01T08:24:00Z,0.029610673
2024-11-01T09:36:00Z,0.82446444
2024-11-01T10:12:00Z,0
2024-11-01T10:48:00Z,0.80538666
2024-11-01T11:24:00Z,0
2024-11-01T12:00:00Z,0.8059148
2024-11-01T12:36:00Z,0
2024-11-01T13:12:00Z,0.80021554
2024-11-01T13:48:00Z,0
2024-11-01T14:24:00Z,0.6764737
2024-11-01T17:24:00Z,0.49155608
2024-11-01T18:00:00Z,0.8408947
2024-11-01T18:36:00Z,0
2024-11-01T19:12:00Z,0.38866693
2024-11-01T19:48:00Z,0.006509584
2024-11-01T20:24:00Z,0.70452106
2024-11-01T21:00:00Z,0.4256872
2024-11-01T21:36:00Z,0.8266054
2024-11-01T22:12:00Z,0
2024-11-01T22:48:00Z,0.12552911
2024-11-01T23:24:00Z,0.87979484
2024-11-02T00:00:00Z,0
2024-11-02T00:36:00Z,0.56961656
2024-11-02T01:48:00Z,0.40557405
2024-11-02T02:24:00Z,0.8910597
2024-11-02T03:00:00Z,0
2024-11-02T03:36:00Z,0.9059697
2024-11-02T04:12:00Z,0
2024-11-02T05:24:00Z,0.89232004
2024-11-02T06:00:00Z,0
2024-11-02T06:36:00Z,0.8507362
2024-11-02T07:12:00Z,0
2024-11-02T09:00:00Z,0.8461341
2024-11-02T09:36:00Z,0
2024-11-02T10:12:00Z,0.7556595
2024-11-02T10:48:00Z,0
2024-11-02T11:24:00Z,0.8239529
2024-11-02T12:00:00Z,0
2024-11-02T13:12:00Z,0.47952798
2024-11-02T14:24:00Z,0.6044466
2024-11-02T15:00:00Z,0.15149994
2024-11-02T15:36:00Z,0.59927124
2024-11-02T16:12:00Z,0.23584223
2024-11-02T16:48:00Z,0.8438165
2024-11-02T17:24:00Z,0
2024-11-02T18:00:00Z,0.24169376
2024-11-02T18:36:00Z,0.03184127
2024-11-02T19:12:00Z,0.7100089
2024-11-02T19:48:00Z,0.8331732
2024-11-02T20:24:00Z,0
2024-11-02T21:00:00Z,0.8586654
2024-11-02T21:36:00Z,0
2024-11-02T22:12:00Z,0.58755773
2024-11-02T22:48:00Z,0.43884528
2024-11-02T23:24:00Z,0.9596055
2024-11-03T00:00:00Z,0
2024-11-03T00:36:00Z,0.6698606
2024-11-03T01:48:00Z,0.25745377
2024-11-03T02:24:00Z,0.3843675
2024-11-03T03:00:00Z,0.9767695
2024-11-03T03:36:00Z,0
2024-11-03T04:48:00Z,0.36791247
2024-11-03T05:24:00Z,0.07036879
2024-11-03T06:00:00Z,0.9334048
2024-11-03T06:36:00Z,0
2024-11-03T07:12:00Z,0.899417
2024-11-03T07:48:00Z,0
2024-11-03T08:24:00Z,0.24477424
2024-11-03T09:00:00Z,0.9078955
2024-11-03T09:36:00Z,0
2024-11-03T10:12:00Z,0.82573754
2024-11-03T10:48:00Z,0
2024-11-03T11:24:00Z,0.39134803
2024-11-03T12:00:00Z,0.010050395
2024-11-03T12:36:00Z,0.7038939
2024-11-03T14:24:00Z,0.41625506
2024-11-03T15:00:00Z,0.909139
2024-11-03T15:36:00Z,0
2024-11-03T16:12:00Z,0.53727156
2024-11-03T16:48:00Z,0.10007447
2024-11-03T18:00:00Z,0.22733417
2024-11-03T18:36:00Z,0.8896869
2024-11-03T19:12:00Z,0
2024-11-03T21:36:00Z,0.6955651
2024-11-03T22:12:00Z,0.057886444
2024-11-03T22:48:00Z,0.0473043
2024-11-03T23:24:00Z,0.97358286
2024-11-04T00:00:00Z,0
2024-11-04T01:12:00Z,0.8911307
2024-11-04T01:48:00Z,0
2024-11-04T02:24:00Z,0.6823285
2024-11-04T03:00:00Z,0.2961465
2024-11-04T03:36:00Z,0.5886804
2024-11-04T04:12:00Z,0.37129202
2024-11-04T04:48:00Z,0.8471834
2024-11-04T05:24:00Z,0
2024-11-04T07:12:00Z,0.39886928
2024-11-04T07:48:00Z,0.6710418
2024-11-04T08:24:00Z,0.25208297
2024-11-04T09:36:00Z,0.32794672
2024-11-04T10:12:00Z,0.018079
2024-11-04T10:48:00Z,0.85034573
2024-11-04T11:24:00Z,0
2024-11-04T14:24:00Z,0.17130265
2024-11-04T15:00:00Z,0.5297063
2024-11-04T16:12:00Z,0.56978613
2024-11-04T16:48:00Z,0.05111813
2024-11-04T17:24:00Z,0.030119605
2024-11-04T18:36:00Z,0.9407912
2024-11-04T19:12:00Z,0
2024-11-04T19:48:00Z,0.88126457
2024-11-04T20:24:00Z,0
2024-11-04T21:00:00Z,0.7380555
2024-11-04T21:36:00Z,0.37480366
2024-11-04T22:12:00Z,0.8755183
2024-11-04T22:48:00Z,0
2024-11-04T23:24:00Z,0.85211265
2024-11-05T00:00:00Z,0
2024-11-05T01:48:00Z,0.93460685
2024-11-05T02:24:00Z,0
2024-11-05T03:00:00Z,0.70901954
2024-11-05T03:36:00Z,0.7139039
2024-11-05T04:12:00Z,0.11521351
2024-11-05T05:24:00Z,0.8204197
2024-11-05T06:00:00Z,0
2024-11-05T07:12:00Z,0.7975235
2024-11-05T07:48:00Z,0
2024-11-05T09:00:00Z,0.42903268
2024-11-05T09:36:00Z,0.022104293
2024-11-05T10:12:00Z,0.8728372
2024-11-05T10:48:00Z,0
2024-11-05T11:24:00Z,0.56174016
2024-11-05T12:00:00Z,0.017899336
2024-11-05T13:12:00Z,0.608066
2024-11-05T14:24:00Z,0.88022274
2024-11-05T15:00:00Z,0
2024-11-05T15:36:00Z,0.85624206
2024-11-05T16:12:00Z,0
2024-11-05T16:48:00Z,0.80228025
2024-11-05T17:24:00Z,0
2024-11-05T18:00:00Z,0.92376846
2024-11-05T18:36:00Z,0
2024-11-05T19:12:00Z,0.46879667
2024-11-05T19:48:00Z,0.11254235
2024-11-05T21:36:00Z,0.8766114
2024-11-05T22:12:00Z,0
2024-11-05T22:48:00Z,0.9063923
2024-11-05T23:24:00Z,0
2024-11-06T00:36:00Z,0.37355995
2024-11-06T01:12:00Z,0.024065603
2024-11-06T01:48:00Z,0.79552346
2024-11-06T02:24:00Z,0
2024-11-06T03:00:00Z,0.39997032
2024-11-06T03:36:00Z,0.08330562
2024-11-06T04:12:00Z,0.87352604
2024-11-06T04:48:00Z,0
2024-11-06T06:36:00Z,0.307887
2024-11-06T07:12:00Z,0.8909015
2024-11-06T07:48:00Z,0
2024-11-06T08:24:00Z,0.89344615
2024-11-06T09:00:00Z,0
2024-11-06T10:12:00Z,0.9704999
2024-11-06T10:48:00Z,0
2024-11-06T11:24:00Z,0.7321828
2024-11-06T12:36:00Z,0.14075346
2024-11-06T13:48:00Z,0.1572824
2024-11-06T14:24:00Z,0.9329404
2024-11-06T15:00:00Z,0
2024-11-06T15:36:00Z,0.92289186
2024-11-06T16:12:00Z,0
2024-11-06T16:48:00Z,0.40368754
2024-11-06T17:24:00Z,0.1299895
2024-11-06T18:36:00Z,0.9952956
2024-11-06T19:12:00Z,0
2024-11-06T19:48:00Z,0.9958706
2024-11-06T20:24:00Z,0
2024-11-06T21:00:00Z,0.4689111
2024-11-07T00:36:00Z,0.4076061
2024-11-07T01:12:00Z,0.9140275
2024-11-07T01:48:00Z,0
2024-11-07T02:24:00Z,0.86661506
2024-11-07T03:00:00Z,0
2024-11-07T03:36:00Z,0.42396355
2024-11-07T04:12:00Z,0.11433667
2024-11-07T04:48:00Z,0.6335092
2024-11-07T06:00:00Z,0.7895316
2024-11-07T06:36:00Z,0
2024-11-07T07:12:00Z,0.6882141
2024-11-07T07:48:00Z,0.9344272
2024-11-07T08:24:00Z,0
2024-11-07T09:36:00Z,0.30017906
2024-11-07T10:12:00Z,0.7985486
2024-11-07T10:48:00Z,0
2024-11-07T11:24:00Z,0.9867766
2024-11-07T12:00:00Z,0
2024-11-07T13:12:00Z,0.8317804
2024-11-07T13:48:00Z,0
2024-11-07T15:00:00Z,0.18486495
2024-11-07T15:36:00Z,0.9717889
2024-11-07T16:12:00Z,0
2024-11-07T17:24:00Z,0.40127838
2024-11-07T18:00:00Z,0.943671
2024-11-07T18:36:00Z,0
2024-11-07T19:12:00Z,0.9835004
2024-11-07T19:48:00Z,0
2024-11-07T20:24:00Z,0.93050015
2024-11-07T21:00:00Z,0
2024-11-07T22:48:00Z,0.8002279
2024-11-07T23:24:00Z,0
2024-11-08T00:36:00Z,0.6143945
2024-11-08T01:12:00Z,0.3428738
2024-11-08T03:00:00Z,0.8390115
2024-11-08T03:36:00Z,0
2024-11-08T05:24:00Z,0.456615
2024-11-08T06:00:00Z,0.10388478
2024-11-08T07:12:00Z,0.16959506
2024-11-08T07:48:00Z,0.5072442
2024-11-08T09:36:00Z,0.24472633
2024-11-08T10:12:00Z,0.98846465
2024-11-08T10:48:00Z,0
2024-11-08T11:24:00Z,0.06743665
2024-11-08T12:00:00Z,0.82981044
2024-11-08T12:36:00Z,0
2024-11-08T13:12:00Z,0.886805
2024-11-08T13:48:00Z,0
2024-11-08T14:24:00Z,0.008518989
2024-11-08T15:36:00Z,0.63713074
2024-11-08T16:48:00Z,0.2809452
2024-11-08T17:24:00Z,0.6246883
2024-11-08T18:36:00Z,0.15537438
2024-11-08T19:48:00Z,0.9305271
2024-11-08T20:24:00Z,0
2024-11-08T21:00:00Z,0.9361149
2024-11-08T21:36:00Z,0
2024-11-08T22:12:00Z,0.1803931
2024-11-08T22:48:00Z,0.77562463
2024-11-08T23:24:00Z,0
2024-11-09T00:00:00Z,0.8332814
2024-11-09T00:36:00Z,0
2024-11-09T03:00:00Z,0.3167652
2024-11-09T03:36:00Z,0.7914019
2024-11-09T04:12:00Z,0
2024-11-09T04:48:00Z,0.46116757
2024-11-09T06:00:00Z,0.5009365
2024-11-09T06:36:00Z,0.028984535
2024-11-09T07:12:00Z,0.7278956
2024-11-09T07:48:00Z,0.88336635
2024-11-09T08:24:00Z,0
2024-11-09T09:00:00Z,0.0152698895
2024-11-09T10:12:00Z,0.80913466
2024-11-09T10:48:00Z,0
2024-11-09T11:24:00Z,0.033527553
2024-11-09T12:36:00Z,0.99503577
2024-11-09T13:12:00Z,0
2024-11-09T13:48:00Z,0.8630635
2024-11-09T14:24:00Z,0
2024-11-09T16:12:00Z,0.7917089
2024-11-09T16:48:00Z,0
2024-11-09T17:24:00Z,0.89382863
2024-11-09T18:00:00Z,0
2024-11-09T18:36:00Z,0.97726375
2024-11-09T19:12:00Z,0
2024-11-09T20:24:00Z,0.33671677
2024-11-09T21:00:00Z,0.92016065
2024-11-09T21:36:00Z,0
2024-11-09T22:12:00Z,0.5861505
2024-11-09T23:24:00Z,0.021904958
2024-11-10T00:00:00Z,0.52608794
2024-11-10T01:12:00Z,0.1278262
2024-11-10T02:24:00Z,0.67396283
2024-11-10T03:00:00Z,0.18884557
2024-11-10T03:36:00Z,0.19261374
2024-11-10T04:12:00Z,0.899386
2024-11-10T04:48:00Z,0
2024-11-10T05:24:00Z,0.67169946
2024-11-10T06:00:00Z,0.27603474
2024-11-10T08:24:00Z,0.48128653
2024-11-10T09:00:00Z,0.9092352
2024-11-10T09:36:00Z,0
2024-11-10T10:12:00Z,0.45570022
2024-11-10T11:24:00Z,0.16014364
2024-11-10T12:00:00Z,0.4437263
2024-11-10T12:36:00Z,0.121846825
2024-11-10T13:12:00Z,0.76499045
2024-11-10T13:48:00Z,0
2024-11-10T14:24:00Z,0.9354913
2024-11-10T15:00:00Z,0
2024-11-10T15:36:00Z,0.07305139
2024-11-10T16:12:00Z,0.7666331
2024-11-10T16:48:00Z,0
2024-11-10T17:24:00Z,0.3237176
2024-11-10T18:00:00Z,0.041572515
2024-11-10T18:36:00Z,0.32420564
2024-11-10T19:48:00Z,0.3415331
2024-11-10T20:24:00Z,0.9800484
2024-11-10T21:00:00Z,0
2024-11-10T21:36:00Z,0.8712412
2024-11-10T22:12:00Z,0
2024-11-10T22:48:00Z,0.87501705
2024-11-10T23:24:00Z,0
2024-11-11T02:24:00Z,0.75554013
2024-11-11T03:00:00Z,0
2024-11-11T03:36:00Z,0.62129945
2024-11-11T04:12:00Z,0.7905818
2024-11-11T04:48:00Z,0
2024-11-11T06:00:00Z,0.84091383
2024-11-11T06:36:00Z,0
2024-11-11T07:12:00Z,0.79955864
2024-11-11T07:48:00Z,0
2024-11-11T09:00:00Z,0.5870288
2024-11-11T09:36:00Z,0.045117117
2024-11-11T11:24:00Z,0.4125421
2024-11-11T12:00:00Z,0.06802861
2024-11-11T12:36:00Z,0.548107
2024-11-11T13:12:00Z,0.07104142
2024-11-11T13:48:00Z,0.76001704
2024-11-11T14:24:00Z,0
2024-11-11T16:12:00Z,0.2569145
2024-11-11T16:48:00Z,0.5905966
2024-11-11T17:24:00Z,0.09471847
2024-11-11T18:00:00Z,0.3611931
2024-11-11T18:36:00Z,0.07025283
2024-11-11T19:48:00Z,0.86463994
2024-11-11T20:24:00Z,0
2024-11-11T21:00:00Z,0.9947404
2024-11-11T21:36:00Z,0
2024-11-11T22:12:00Z,0.5578529
2024-11-11T22:48:00Z,0.691651
2024-11-12T01:12:00Z,0.028550891
2024-11-12T01:48:00Z,0.9783899
2024-11-12T02:24:00Z,0
2024-11-12T03:36:00Z,0.70016
2024-11-12T04:48:00Z,0.36956182
2024-11-12T05:24:00Z,0.8234372
2024-11-12T06:00:00Z,0
2024-11-12T06:36:00Z,0.280933
2024-11-12T07:12:00Z,0.9654318
2024-11-12T07:48:00Z,0
2024-11-12T08:24:00Z,0.61215496
2024-11-12T09:36:00Z,0.721516
2024-11-12T10:12:00Z,0.2943158
2024-11-12T10:48:00Z,0.7574461
2024-11-12T11:24:00Z,0
2024-11-12T12:00:00Z,0.91166353
2024-11-12T12:36:00Z,0
2024-11-12T13:12:00Z,0.12984471
2024-11-12T13:48:00Z,0.7934261
2024-11-12T14:24:00Z,0
2024-11-12T15:00:00Z,0.909007
2024-11-12T15:36:00Z,0
2024-11-12T16:12:00Z,0.111224204
2024-11-12T16:48:00Z,0.7325928
2024-11-12T17:24:00Z,0.2283978
2024-11-12T18:00:00Z,0.22211708
2024-11-12T18:36:00Z,0.91229993
2024-11-12T19:12:00Z,0
2024-11-12T19:48:00Z,0.46540725
2024-11-12T21:00:00Z,0.5510466
2024-11-12T21:36:00Z,0.15819149
2024-11-12T22:12:00Z,0.75564915
2024-11-12T22:48:00Z,0
2024-11-12T23:24:00Z,0.8461734
2024-11-13T00:00:00Z,0
2024-11-13T01:12:00Z,0.6316853
2024-11-13T01:48:00Z,0.18223526
2024-11-13T03:00:00Z,0.892322
2024-11-13T03:36:00Z,0
2024-11-13T06:00:00Z,0.84794694
2024-11-13T06:36:00Z,0
2024-11-13T07:12:00Z,0.42666554
2024-11-13T08:24:00Z,0.318987
2024-11-13T09:00:00Z,0.77609456
2024-11-13T09:36:00Z,0
2024-11-13T10:48:00Z,0.97844166
2024-11-13T11:24:00Z,0
2024-11-13T12:00:00Z,0.60869586
2024-11-13T12:36:00Z,0.6396771
2024-11-13T13:12:00Z,0.775937
2024-11-13T13:48:00Z,0
2024-11-13T14:24:00Z,0.8749442
2024-11-13T15:00:00Z,0
2024-11-13T15:36:00Z,0.9529764
2024-11-13T16:12:00Z,0
2024-11-13T16:48:00Z,0.8648957
2024-11-13T17:24:00Z,0
2024-11-13T18:00:00Z,0.7644268
2024-11-13T18:36:00Z,0
2024-11-13T19:12:00Z,0.782644
2024-11-13T19:48:00Z,0
2024-11-13T21:00:00Z,0.76103294
2024-11-13T21:36:00Z,0
2024-11-13T22:12:00Z,0.90868205
2024-11-13T22:48:00Z,0
2024-11-13T23:24:00Z,0.8064338
2024-11-14T00:00:00Z,0
2024-11-14T00:36:00Z,0.06608999
2024-11-14T01:12:00Z,0.88370216
2024-11-14T01:48:00Z,0
2024-11-14T02:24:00Z,0.30581298
2024-11-14T04:12:00Z,0.06778802
2024-11-14T06:00:00Z,0.98046964
2024-11-14T06:36:00Z,0
2024-11-14T07:12:00Z,0.30378735
2024-11-14T10:12:00Z,0.41092554
2024-11-14T10:48:00Z,0.9454791
2024-11-14T11:24:00Z,0
2024-11-14T12:36:00Z,0.720769
2024-11-14T13:48:00Z,0.45230323
2024-11-14T14:24:00Z,0.9306344
2024-11-14T15:00:00Z,0
2024-11-14T15:36:00Z,0.9338583
2024-11-14T16:12:00Z,0
2024-11-14T16:48:00Z,0.8567114
2024-11-14T17:24:00Z,0
2024-11-14T18:00:00Z,0.75466996
2024-11-14T18:36:00Z,0
2024-11-14T19:12:00Z,0.7751096
2024-11-14T19:48:00Z,0
2024-11-14T21:00:00Z,0.8026728
2024-11-14T21:36:00Z,0
2024-11-14T22:12:00Z,0.9812777
2024-11-14T22:48:00Z,0
2024-11-15T00:00:00Z,0.84904134
2024-11-15T00:36:00Z,0
2024-11-15T01:12:00Z,0.888666
2024-11-15T01:48:00Z,0
2024-11-15T02:24:00Z,0.7904583
2024-11-15T03:00:00Z,0
2024-11-15T03:36:00Z,0.98363996
2024-11-15T04:12:00Z,0
2024-11-15T04:48:00Z,0.4491417
2024-11-15T05:24:00Z,0.36806217
2024-11-15T06:00:00Z,0.835217
2024-11-15T06:36:00Z,0
2024-11-15T07:12:00Z,0.542134
2024-11-15T09:00:00Z,0.251199
2024-11-15T10:48:00Z,0.997972
2024-11-15T11:24:00Z,0
2024-11-15T12:36:00Z,0.4696524
2024-11-15T15:00:00Z,0.45397016
2024-11-15T15:36:00Z,0.81894773
2024-11-15T16:12:00Z,0
2024-11-15T17:24:00Z,0.5728003
2024-11-15T18:36:00Z,0.45637882
2024-11-15T19:12:00Z,0.8757994
2024-11-15T19:48:00Z,0
2024-11-15T21:00:00Z,0.026990745
2024-11-15T21:36:00Z,0.551143
2024-11-15T22:12:00Z,0.31821966
2024-11-15T22:48:00Z,0.92812306
2024-11-15T23:24:00Z,0
2024-11-16T00:36:00Z,0.45348185
2024-11-16T01:48:00Z,0.13142835
2024-11-16T03:36:00Z,0.41835386
2024-11-16T04:12:00Z,0.0527289
2024-11-16T04:48:00Z,0.10944919
2024-11-16T05:24:00Z,0.5757085
2024-11-16T06:36:00Z,0.14900517
2024-11-16T07:12:00Z,0.54168415
2024-11-16T08:24:00Z,0.11096824
2024-11-16T09:36:00Z,0.9358863
2024-11-16T10:12:00Z,0
2024-11-16T10:48:00Z,0.55180293
2024-11-16T12:00:00Z,0.40116635
2024-11-16T12:36:00Z,0.91017365
2024-11-16T13:12:00Z,0
2024-11-16T15:00:00Z,0.65833116
2024-11-16T16:48:00Z,0.44303122
2024-11-16T18:00:00Z,0.57334226
2024-11-16T18:36:00Z,0.2358305
2024-11-16T19:12:00Z,0.8082263
2024-11-16T19:48:00Z,0
2024-11-16T20:24:00Z,0.990991
2024-11-16T21:00:00Z,0
2024-11-16T22:12:00Z,0.25096175
2024-11-16T22:48:00Z,0.9860838
2024-11-16T23:24:00Z,0
2024-11-17T00:00:00Z,0.88785315
2024-11-17T00:36:00Z,0
2024-11-17T01:48:00Z,0.86654365
2024-11-17T02:24:00Z,0
2024-11-17T03:00:00Z,0.8897871
2024-11-17T03:36:00Z,0
2024-11-17T04:12:00Z,0.09008608
2024-11-17T04:48:00Z,0.9555894
2024-11-17T05:24:00Z,0
2024-11-17T06:36:00Z,0.3660158
2024-11-17T07:12:00Z,0.8782617
2024-11-17T07:48:00Z,0
2024-11-17T08:24:00Z,0.41560256
2024-11-17T09:36:00Z,0.031116132
2024-11-17T11:24:00Z,0.5129216
2024-11-17T12:00:00Z,0.19634539
2024-11-17T12:36:00Z,0.4751878
2024-11-17T13:12:00Z,0.26612544
2024-11-17T13:48:00Z,0.91705334
2024-11-17T14:24:00Z,0
2024-11-17T15:00:00Z,0.017949445
2024-11-17T15:36:00Z,0.9379074
2024-11-17T16:12:00Z,0
2024-11-17T16:48:00Z,0.9261743
2024-11-17T17:24:00Z,0
2024-11-17T18:00:00Z,0.58811605
2024-11-17T18:36:00Z,0.5826895
2024-11-17T19:12:00Z,0.09925577
2024-11-17T19:48:00Z,0.9365351
2024-11-17T20:24:00Z,0
2024-11-17T21:00:00Z,0.8910927
2024-11-17T21:36:00Z,0
2024-11-17T22:48:00Z,0.8736187
2024-11-17T23:24:00Z,0
2024-11-18T00:00:00Z,0.7674822
2024-11-18T00:36:00Z,0
2024-11-18T01:12:00Z,0.41235417
2024-11-18T01:48:00Z,0.13388851
2024-11-18T04:48:00Z,0.06934266
2024-11-18T05:24:00Z,0.66201586
2024-11-18T06:00:00Z,0.19493148
2024-11-18T07:48:00Z,0.961192
2024-11-18T08:24:00Z,0
2024-11-18T09:00:00Z,0.6490459
2024-11-18T09:36:00Z,0.24272858
2024-11-18T13:12:00Z,0.03948511
2024-11-18T14:24:00Z,0.7248655
2024-11-18T15:00:00Z,0.09806334
2024-11-18T16:12:00Z,0.048176363
2024-11-18T16:48:00Z,0.9616788
2024-11-18T17:24:00Z,0
2024-11-18T18:00:00Z,0.7331933
2024-11-18T18:36:00Z,0.28385413
2024-11-18T19:12:00Z,0.7905313
2024-11-18T19:48:00Z,0
2024-11-18T21:00:00Z,0.06449666
2024-11-18T21:36:00Z,0.8409581
2024-11-18T22:12:00Z,0
2024-11-18T22:48:00Z,0.4923971
2024-11-19T00:00:00Z,0.0032484038
2024-11-19T00:36:00Z,0.017408825
2024-11-19T01:12:00Z,0.7403937
2024-11-19T01:48:00Z,0.008697251
2024-11-19T03:00:00Z,0.47135308
2024-11-19T03:36:00Z,0.12700273
2024-11-19T04:12:00Z,0.8131719
2024-11-19T04:48:00Z,0
2024-11-19T06:36:00Z,0.42812052
2024-11-19T07:12:00Z,0.97671545
2024-11-19T07:48:00Z,0
2024-11-19T09:00:00Z,0.3453875
2024-11-19T09:36:00Z,0.18524803
2024-11-19T10:12:00Z,0.81450623
2024-11-19T10:48:00Z,0
2024-11-19T11:24:00Z,0.6785242
2024-11-19T12:36:00Z,0.4189659
2024-11-19T13:12:00Z,0.83413357
2024-11-19T13:48:00Z,0
2024-11-19T15:00:00Z,0.6874887
2024-11-19T15:36:00Z,0.03582517
2024-11-19T18:00:00Z,0.3083752
2024-11-19T18:36:00Z,0.78548855
2024-11-19T19:12:00Z,0
2024-11-19T19:48:00Z,0.8714846
2024-11-19T20:24:00Z,0
2024-11-19T21:36:00Z,0.3810803
2024-11-19T22:12:00Z,0.7488708
2024-11-20T00:00:00Z,0.23948018
2024-11-20T01:12:00Z,0.5443558
2024-11-20T02:24:00Z,0.059555106
2024-11-20T03:36:00Z,0.9124824
2024-11-20T04:12:00Z,0
2024-11-20T05:24:00Z,0.65367156
2024-11-20T06:36:00Z,0.80489177
2024-11-20T07:12:00Z,0
2024-11-20T07:48:00Z,0.07146094
2024-11-20T08:24:00Z,0.6845504
2024-11-20T09:36:00Z,0.0986061
2024-11-20T10:12:00Z,0.97602504
2024-11-20T10:48:00Z,0
2024-11-20T11:24:00Z,0.4750268
2024-11-20T13:48:00Z,0.6763357
2024-11-20T14:24:00Z,0.31575975
2024-11-20T15:00:00Z,0.98158365
2024-11-20T15:36:00Z,0
2024-11-20T16:12:00Z,0.68268365
2024-11-20T16:48:00Z,0.88055056
2024-11-20T17:24:00Z,0
2024-11-20T18:00:00Z,0.86085916
2024-11-20T18:36:00Z,0
2024-11-20T19:48:00Z,0.3415142
2024-11-20T20:24:00Z,0.9416874
2024-11-20T21:00:00Z,0
2024-11-20T22:12:00Z,0.090396084
2024-11-20T22:48:00Z,0.67924976
2024-11-20T23:24:00Z,0.5079205
2024-11-21T00:00:00Z,0.738862
2024-11-21T00:36:00Z,0.1059073
2024-11-21T01:12:00Z,0.80521536
2024-11-21T01:48:00Z,0
2024-11-21T04:12:00Z,0.8298983
2024-11-21T04:48:00Z,0
2024-11-21T05:24:00Z,0.9216512
2024-11-21T06:00:00Z,0
2024-11-21T06:36:00Z,0.91457725
2024-11-21T07:12:00Z,0
2024-11-21T08:24:00Z,0.4092382
2024-11-21T09:36:00Z,0.056685742
2024-11-21T10:48:00Z,0.9205694
2024-11-21T11:24:00Z,0
2024-11-21T12:00:00Z,0.68688244
2024-11-21T12:36:00Z,0.89545953
2024-11-21T13:12:00Z,0
2024-11-21T13:48:00Z,0.56635374
2024-11-21T14:24:00Z,0.025825808
2024-11-21T15:36:00Z,0.8105314
2024-11-21T16:12:00Z,0
2024-11-21T16:48:00Z,0.8619307
2024-11-21T17:24:00Z,0
2024-11-21T18:00:00Z,0.9237204
2024-11-21T18:36:00Z,0
2024-11-21T19:48:00Z,0.86167216
2024-11-21T20:24:00Z,0
2024-11-21T21:00:00Z,0.36876312
2024-11-21T22:12:00Z,0.42608976
2024-11-22T00:36:00Z,0.53619087
2024-11-22T01:12:00Z,0.12564205
2024-11-22T02:24:00Z,0.9456884
2024-11-22T03:00:00Z,0
2024-11-22T04:48:00Z,0.7058746
2024-11-22T05:24:00Z,0.04581628
2024-11-22T06:00:00Z,0.7055674
2024-11-22T07:48:00Z,0.76175845
2024-11-22T08:24:00Z,0
2024-11-22T09:36:00Z,0.57234544
2024-11-22T10:12:00Z,0.42986533
2024-11-22T10:48:00Z,0.8238648
2024-11-22T11:24:00Z,0
2024-11-22T13:12:00Z,0.6546318
2024-11-22T13:48:00Z,0.046227865
2024-11-22T14:24:00Z,0.46345973
2024-11-22T15:00:00Z,0.06457028
2024-11-22T16:48:00Z,0.87693125
2024-11-22T17:24:00Z,0
2024-11-22T19:12:00Z,0.4084783
2024-11-22T19:48:00Z,0.0604474
2024-11-22T20:24:00Z,0.4509911
2024-11-22T22:48:00Z,0.409959
2024-11-22T23:24:00Z,0.87304735
2024-11-23T00:00:00Z,0
2024-11-23T02:24:00Z,0.6386709
2024-11-23T03:36:00Z,0.18958493
2024-11-23T04:12:00Z,0.52053744
2024-11-23T04:48:00Z,0.3202584
2024-11-23T05:24:00Z,0.73478466
2024-11-23T06:00:00Z,0.07391909
2024-11-23T06:36:00Z,0.10017228
2024-11-23T07:48:00Z,0.82610357
2024-11-23T08:24:00Z,0
2024-11-23T10:12:00Z,0.9147228
2024-11-23T10:48:00Z,0
2024-11-23T11:24:00Z,0.18368131
2024-11-23T12:00:00Z,0.91633636
2024-11-23T12:36:00Z,0
2024-11-23T13:12:00Z,0.5319513
2024-11-23T13:48:00Z,0.16039836
2024-11-23T15:00:00Z,0.7732709
2024-11-23T15:36:00Z,0
2024-11-23T16:12:00Z,0.8661513
2024-11-23T16:48:00Z,0
2024-11-23T18:00:00Z,0.09971163
2024-11-23T18:36:00Z,0.8866244
2024-11-23T19:12:00Z,0
2024-11-23T20:24:00Z,0.9853689
2024-11-23T21:00:00Z,0
2024-11-23T23:24:00Z,0.42536038
2024-11-24T00:00:00Z,0.87198365
2024-11-24T00:36:00Z,0
2024-11-24T01:12:00Z,0.69929814
2024-11-24T01:48:00Z,0.30268908
2024-11-24T03:36:00Z,0.60373753
2024-11-24T04:12:00Z,0.2611401
2024-11-24T04:48:00Z,0.85664296
2024-11-24T05:24:00Z,0
2024-11-24T06:00:00Z,0.9429223
2024-11-24T06:36:00Z,0
2024-11-24T07:12:00Z,0.74431187
2024-11-24T09:00:00Z,0.77675897
2024-11-24T09:36:00Z,0
2024-11-24T10:12:00Z,0.5404091
2024-11-24T11:24:00Z,0.97667146
2024-11-24T12:00:00Z,0
2024-11-24T12:36:00Z,0.5155491
2024-11-24T13:48:00Z,0.2201272
2024-11-24T15:00:00Z,0.8044468
2024-11-24T15:36:00Z,0
2024-11-24T18:36:00Z,0.56244034
2024-11-24T19:48:00Z,0.5068673
2024-11-24T20:24:00Z,0.8921886
2024-11-24T21:00:00Z,0
2024-11-24T21:36:00Z,0.5351686
2024-11-24T22:12:00Z,0.06568209
2024-11-24T23:24:00Z,0.68798983
2024-11-25T00:36:00Z,0.7697941
2024-11-25T01:12:00Z,0
2024-11-25T03:00:00Z,0.21417877
2024-11-25T05:24:00Z,0.67530835
2024-11-25T06:00:00Z,0.21747608
2024-11-25T06:36:00Z,0.72730875
2024-11-25T07:12:00Z,0.1556844
2024-11-25T09:00:00Z,0.5593025
2024-11-25T10:12:00Z,0.32072484
2024-11-25T12:00:00Z,0.96815825
2024-11-25T12:36:00Z,0
2024-11-25T13:12:00Z,0.9515826
2024-11-25T13:48:00Z,0
2024-11-25T14:24:00Z,0.62091357
2024-11-25T15:36:00Z,0.2978714
2024-11-25T16:12:00Z,0.9487837
2024-11-25T16:48:00Z,0
2024-11-25T17:24:00Z,0.70372546
2024-11-25T18:00:00Z,0.09033538
2024-11-25T18:36:00Z,0.06477825
2024-11-25T19:12:00Z,0.7542728
2024-11-25T19:48:00Z,0
2024-11-25T20:24:00Z,0.9644543
2024-11-25T21:00:00Z,0
2024-11-25T22:12:00Z,0.67862976
2024-11-25T22:48:00Z,0.07108729
2024-11-25T23:24:00Z,0.93548024
2024-11-26T00:00:00Z,0
2024-11-26T00:36:00Z,0.10194705
2024-11-26T01:12:00Z,0.770615
2024-11-26T01:48:00Z,0
2024-11-26T03:00:00Z,0.8475537
2024-11-26T03:36:00Z,0
2024-11-26T06:00:00Z,0.77915037
2024-11-26T06:36:00Z,0
2024-11-26T07:48:00Z,0.03208454
2024-11-26T08:24:00Z,0.674118
2024-11-26T09:00:00Z,0.19822097
2024-11-26T10:12:00Z,0.27044207
2024-11-26T10:48:00Z,0.97965676
2024-11-26T11:24:00Z,0
2024-11-26T12:36:00Z,0.57146376
2024-11-26T13:12:00Z,0.0653488
2024-11-26T15:00:00Z,0.7364072
2024-11-26T15:36:00Z,0.053898312
2024-11-26T16:12:00Z,0.1473711
2024-11-26T16:48:00Z,0.828934
2024-11-26T17:24:00Z,0
2024-11-26T18:36:00Z,0.51045334
2024-11-26T19:12:00Z,0.1716117
2024-11-26T20:24:00Z,0.9009235
2024-11-26T21:00:00Z,0
2024-11-26T21:36:00Z,0.710854
2024-11-26T22:12:00Z,0.80972236
2024-11-26T22:48:00Z,0
2024-11-27T01:12:00Z,0.19005121
2024-11-27T01:48:00Z,0.7886875
2024-11-27T02:24:00Z,0
2024-11-27T03:00:00Z,0.8521042
2024-11-27T03:36:00Z,0
2024-11-27T04:12:00Z,0.47317114
2024-11-27T04:48:00Z,0.16844942
2024-11-27T06:00:00Z,0.3279748
2024-11-27T06:36:00Z,0.17243224
2024-11-27T09:00:00Z,0.7505627
2024-11-27T09:36:00Z,0
2024-11-27T10:48:00Z,0.8198933
2024-11-27T11:24:00Z,0
2024-11-27T12:36:00Z,0.5533671
2024-11-27T15:00:00Z,0.49274632
2024-11-27T15:36:00Z,0.19907303
2024-11-27T16:12:00Z,0.2274908
2024-11-27T17:24:00Z,0.9911242
2024-11-27T18:00:00Z,0
2024-11-27T18:36:00Z,0.9127026
2024-11-27T19:12:00Z,0
2024-11-27T19:48:00Z,0.73596185
2024-11-27T21:00:00Z,0.6738871
2024-11-27T21:36:00Z,0.85666645
2024-11-27T22:12:00Z,0
2024-11-27T22:48:00Z,0.25932297
2024-11-27T23:24:00Z,0.02019684
2024-11-28T00:00:00Z,0.44419459
2024-11-28T01:12:00Z,0.21279001
2024-11-28T02:24:00Z,0.3547748
2024-11-28T03:00:00Z,0.8732252
2024-11-28T03:36:00Z,0
2024-11-28T04:12:00Z,0.7141845
2024-11-28T05:24:00Z,0.35945085
2024-11-28T06:36:00Z,0.94869524
2024-11-28T07:12:00Z,0
2024-11-28T07:48:00Z,0.6260365
2024-11-28T08:24:00Z,0.36942586
2024-11-28T09:36:00Z,0.8480712
2024-11-28T10:12:00Z,0
2024-11-28T11:24:00Z,0.74360615
2024-11-28T12:00:00Z,0.71265596
2024-11-28T13:12:00Z,0.083080895
2024-11-28T14:24:00Z,0.8801827
2024-11-28T15:00:00Z,0
2024-11-28T15:36:00Z,0.60996544
2024-11-28T16:12:00Z,0.33107528
2024-11-28T16:48:00Z,0.620048
2024-11-28T17:24:00Z,0.42761773
2024-11-28T18:00:00Z,0.6747341
2024-11-28T19:48:00Z,0.29321235
2024-11-28T20:24:00Z,0.6483644
2024-11-28T21:36:00Z,0.0648936
2024-11-28T22:12:00Z,0.76053786
2024-11-28T22:48:00Z,0
2024-11-28T23:24:00Z,0.12611781
2024-11-29T00:00:00Z,0.7359428
2024-11-29T00:36:00Z,0.1805103
2024-11-29T01:12:00Z,0.74762154
2024-11-29T01:48:00Z,0.16594093
2024-11-29T02:24:00Z,0.7678922
2024-11-29T03:00:00Z,0
2024-11-29T03:36:00Z,0.9359871
2024-11-29T04:12:00Z,0
2024-11-29T06:00:00Z,0.60951453
2024-11-29T07:48:00Z,0.17248413
2024-11-29T09:00:00Z,0.9878781
2024-11-29T09:36:00Z,0
2024-11-29T10:12:00Z,0.04690493
2024-11-29T10:48:00Z,0.93243814
2024-11-29T11:24:00Z,0
2024-11-29T12:36:00Z,0.70778936
2024-11-29T13:12:00Z,0.2549513
2024-11-29T13:48:00Z,0.73132706
2024-11-29T15:36:00Z,0.13421296
2024-11-29T17:24:00Z,0.6661902
2024-11-29T18:00:00Z,0.5358108
2024-11-29T18:36:00Z,0.92323226
2024-11-29T19:12:00Z,0
2024-11-29T21:00:00Z,0.028728692
2024-11-29T21:36:00Z,0.9831058
2024-11-29T22:12:00Z,0
2024-11-29T22:48:00Z,0.45160952
2024-11-29T23:24:00Z,0.3210417
2024-11-30T00:36:00Z,0.8509987
2024-11-30T01:12:00Z,0
2024-11-30T01:48:00Z,0.903913
2024-11-30T02:24:00Z,0
2024-11-30T03:36:00Z,0.8360835
2024-11-30T04:12:00Z,0
2024-11-30T04:48:00Z,0.5306457
2024-11-30T06:36:00Z,0.24570385
2024-11-30T07:12:00Z,0.4816719
2024-11-30T07:48:00Z,0.035302725
2024-11-30T08:24:00Z,0.69436467
2024-11-30T10:48:00Z,0.014819726
2024-11-30T12:00:00Z,0.95935875
2024-11-30T12:36:00Z,0
2024-11-30T15:00:00Z,0.36598828
2024-11-30T16:12:00Z,0.17952912
2024-11-30T16:48:00Z,0.9886315
2024-11-30T17:24:00Z,0
2024-11-30T20:24:00Z,0.5792364
2024-11-30T21:00:00Z,0.30042657
2024-11-30T21:36:00Z,0.9504449
2024-11-30T22:12:00Z,0
2024-11-30T23:24:00Z,0.72422975
2024-12-01T00:00:00Z,0.8647873
2024-12-01T00:36:00Z,0
2024-12-01T01:12:00Z,0.45339146
2024-12-01T02:24:00Z,0.6460007
2024-12-01T03:00:00Z,0.430299
2024-12-01T03:36:00Z,0.88038546
2024-12-01T04:12:00Z,0
2024-12-01T05:24:00Z,0.98258615
2024-12-01T06:00:00Z,0
2024-12-01T06:36:00Z,0.036590345
2024-12-01T07:12:00Z,0.67733157
2024-12-01T07:48:00Z,0.4142524
2024-12-01T08:24:00Z,0.7376223
2024-12-01T09:36:00Z,0.48826736
2024-12-01T10:12:00Z,0.7205846
2024-12-01T10:48:00Z,0.1865069
2024-12-01T11:24:00Z,0.9248887
2024-12-01T12:00:00Z,0
2024-12-01T13:12:00Z,0.33752146
2024-12-01T13:48:00Z,0.042770185
2024-12-01T14:24:00Z,0.32901815
2024-12-01T16:12:00Z,0.05126912
2024-12-01T18:00:00Z,0.67302936
2024-12-01T19:12:00Z,0.2208755
2024-12-01T21:00:00Z,0.8609971
2024-12-01T21:36:00Z,0
2024-12-01T22:12:00Z,0.81551296
2024-12-01T22:48:00Z,0
2024-12-02T01:48:00Z,0.73923653
2024-12-02T02:24:00Z,0.2769263
2024-12-02T03:00:00Z,0.6104542
2024-12-02T04:48:00Z,0.47772637
2024-12-02T05:24:00Z,0.6838695
2024-12-02T06:00:00Z,0.012527081
2024-12-02T07:48:00Z,0.23594248
2024-12-02T08:24:00Z,0.9241773
2024-12-02T09:00:00Z,0
2024-12-02T09:36:00Z,0.93862367
2024-12-02T10:12:00Z,0
2024-12-02T10:48:00Z,0.41316852
2024-12-02T11:24:00Z,0.29784513
2024-12-02T12:00:00Z,0.642024
2024-12-02T13:12:00Z,0.13542864
2024-12-02T13:48:00Z,0.8177109
2024-12-02T14:24:00Z,0
2024-12-02T15:00:00Z,0.71034896
2024-12-02T15:36:00Z,0.19108802
2024-12-02T16:48:00Z,0.53849983
2024-12-02T17:24:00Z,0.092991255
2024-12-02T18:36:00Z,0.7020154
2024-12-02T19:12:00Z,0.7448594
2024-12-02T20:24:00Z,0.35992694
2024-12-02T21:00:00Z,0.86003387
2024-12-02T21:36:00Z,0
2024-12-02T22:48:00Z,0.42340448
2024-12-03T00:36:00Z,0.43564588
2024-12-03T01:48:00Z,0.16197708
2024-12-03T02:24:00Z,0.6249787
2024-12-03T03:00:00Z,0.059396427
2024-12-03T06:00:00Z,0.79162085
2024-12-03T06:36:00Z,0
2024-12-03T07:12:00Z,0.7214316
2024-12-03T07:48:00Z,0.2994192
2024-12-03T08:24:00Z,0.73550224
2024-12-03T09:00:00Z,0.23365968
2024-12-03T09:36:00Z,0.8957187
2024-12-03T10:12:00Z,0
2024-12-03T10:48:00Z,0.4782346
2024-12-03T11:24:00Z,0.2684871
2024-12-03T12:00:00Z,0.8365402
2024-12-03T12:36:00Z,0
2024-12-03T13:12:00Z,0.68672025
2024-12-03T13:48:00Z,0.64261115
2024-12-03T14:24:00Z,0.103047885
2024-12-03T15:00:00Z,0.43991882
2024-12-03T16:12:00Z,0
2024-12-03T16:48:00Z,0.92166287
2024-12-03T17:24:00Z,0
2024-12-03T18:00:00Z,0.762695
2024-12-03T18:36:00Z,0
2024-12-03T19:48:00Z,0.6777782
2024-12-03T20:24:00Z,0.6711579
2024-12-03T21:00:00Z,0.10521663
2024-12-03T21:36:00Z,0.9903051
2024-12-03T22:12:00Z,0
2024-12-03T22:48:00Z,0.8533504
2024-12-03T23:24:00Z,0
2024-12-04T01:12:00Z,0.8629433
2024-12-04T01:48:00Z,0
2024-12-04T03:00:00Z,0.6329484
2024-12-04T03:36:00Z,0.3258241
2024-12-04T04:12:00Z,0.700373
2024-12-04T05:24:00Z,0.40846264
2024-12-04T07:12:00Z,0.31406218
2024-12-04T07:48:00Z,0.6349799
2024-12-04T08:24:00Z,0.121269755
2024-12-04T09:00:00Z,0.49781537
2024-12-04T09:36:00Z,0.3745039
2024-12-04T10:12:00Z,0.86754763
2024-12-04T10:48:00Z,0
2024-12-04T12:00:00Z,0.86435276
2024-12-04T12:36:00Z,0
2024-12-04T13:12:00Z,0.99299556
2024-12-04T13:48:00Z,0
2024-12-04T14:24:00Z,0.018917399
2024-12-04T15:00:00Z,0.7518918
2024-12-04T15:36:00Z,0
2024-12-04T18:00:00Z,0.7435543
2024-12-04T18:36:00Z,0.32307315
2024-12-04T19:12:00Z,0.77104837
2024-12-04T19:48:00Z,0
2024-12-04T20:24:00Z,0.4512067
2024-12-04T21:36:00Z,0.3802312
2024-12-04T22:12:00Z,0.8949302
2024-12-04T22:48:00Z,0
2024-12-04T23:24:00Z,0.6951011
2024-12-05T00:36:00Z,0.27666873
2024-12-05T02:24:00Z,0.77087057
2024-12-05T03:00:00Z,0
2024-12-05T04:12:00Z,0.4332612
2024-12-05T05:24:00Z,0.006178554
2024-12-05T06:00:00Z,0.65583247
2024-12-05T06:36:00Z,0.8456936
2024-12-05T07:12:00Z,0
2024-12-05T07:48:00Z,0.50414056
2024-12-05T08:24:00Z,0.27031925
2024-12-05T09:00:00Z,0.7618573
2024-12-05T09:36:00Z,0
2024-12-05T10:12:00Z,0.040985115
2024-12-05T10:48:00Z,0.87294054
2024-12-05T11:24:00Z,0
2024-12-05T12:36:00Z,0.298685
2024-12-05T13:12:00Z,0.9411888
2024-12-05T13:48:00Z,0
2024-12-05T15:36:00Z,0.24075373
2024-12-05T16:12:00Z,0.8043764
2024-12-05T16:48:00Z,0
2024-12-05T17:24:00Z,0.09464473
2024-12-05T18:36:00Z,0.90926605
2024-12-05T19:12:00Z,0
2024-12-05T20:24:00Z,0.9223489
2024-12-05T21:00:00Z,0
2024-12-05T22:12:00Z,0.32133406
2024-12-05T23:24:00Z,0.7348104
2024-12-06T00:00:00Z,0.78418183
2024-12-06T00:36:00Z,0
2024-12-06T01:12:00Z,0.75486267
2024-12-06T01:48:00Z,0
2024-12-06T02:24:00Z,0.539582
2024-12-06T03:36:00Z,0.114593856
2024-12-06T04:12:00Z,0.8172501
2024-12-06T04:48:00Z,0
2024-12-06T06:36:00Z,0.37993857
2024-12-06T07:12:00Z,0.1044658
2024-12-06T09:00:00Z,0.983642
2024-12-06T09:36:00Z,0
2024-12-06T10:48:00Z,0.31016478
2024-12-06T11:24:00Z,0.7898448
2024-12-06T12:00:00Z,0
2024-12-06T13:48:00Z,0.77629066
2024-12-06T14:24:00Z,0
2024-12-06T15:00:00Z,0.84354806
2024-12-06T15:36:00Z,0
2024-12-06T16:12:00Z,0.87363744
2024-12-06T16:48:00Z,0
2024-12-06T18:00:00Z,0.84501106
2024-12-06T18:36:00Z,0
2024-12-06T19:48:00Z,0.50163543
2024-12-06T20:24:00Z,0.26065925
2024-12-06T21:00:00Z,0.48324868
2024-12-06T21:36:00Z,0.034436423
2024-12-06T23:24:00Z,0.6633099
2024-12-07T01:12:00Z,0.3079682
2024-12-07T01:48:00Z,0.7832196
2024-12-07T02:24:00Z,0
2024-12-07T03:00:00Z,0.84451395
2024-12-07T03:36:00Z,0
2024-12-07T04:48:00Z,0.07285516
2024-12-07T05:24:00Z,0.99281996
2024-12-07T06:00:00Z,0
2024-12-07T06:36:00Z,0.589707
2024-12-07T07:12:00Z,0.34312502
2024-12-07T07:48:00Z,0.68268085
2024-12-07T09:00:00Z,0.33246872
2024-12-07T09:36:00Z,0.74493307
2024-12-07T10:12:00Z,0.5420257
2024-12-07T10:48:00Z,0.96684706
2024-12-07T11:24:00Z,0
2024-12-07T12:00:00Z,0.6611744
2024-12-07T12:36:00Z,0.066512726
2024-12-07T13:12:00Z,0.43705207
2024-12-07T13:48:00Z,0.044930167
2024-12-07T14:24:00Z,0.68880373
2024-12-07T15:00:00Z,0.59427446
2024-12-07T15:36:00Z,0.9051704
2024-12-07T16:12:00Z,0
2024-12-07T17:24:00Z,0.80526286
2024-12-07T18:00:00Z,0
2024-12-07T18:36:00Z,0.68201745
2024-12-07T19:48:00Z,0.09511554
2024-12-07T20:24:00Z,0.9860613
2024-12-07T21:00:00Z,0
2024-12-07T21:36:00Z,0.35233635
2024-12-07T22:48:00Z,0.039858766
2024-12-07T23:24:00Z,0.61639374
2024-12-08T00:00:00Z,0.69647336
2024-12-08T00:36:00Z,0.08164523
2024-12-08T01:48:00Z,0.015955463
2024-12-08T02:24:00Z,0.51949114
2024-12-08T05:24:00Z,0.5960405
2024-12-08T06:00:00Z,0.14941448
2024-12-08T08:24:00Z,0.7694
2024-12-08T09:00:00Z,0
2024-12-08T09:36:00Z,0.58518255
2024-12-08T10:12:00Z,0.21694793
2024-12-08T11:24:00Z,0.3370618
2024-12-08T12:36:00Z,0.9859897
2024-12-08T13:12:00Z,0
2024-12-08T13:48:00Z,0.62294066
2024-12-08T14:24:00Z,0.091919646
2024-12-08T15:00:00Z,0.92511207
2024-12-08T15:36:00Z,0
2024-12-08T16:12:00Z,0.13970374
2024-12-08T16:48:00Z,0.8070902
2024-12-08T17:24:00Z,0
2024-12-08T18:00:00Z,0.9626827
2024-12-08T18:36:00Z,0
2024-12-08T19:48:00Z,0.92801934
2024-12-08T20:24:00Z,0
2024-12-08T21:36:00Z,0.78467065
2024-12-08T22:12:00Z,0
2024-12-08T22:48:00Z,0.7187443
2024-12-08T23:24:00Z,0.7365531
2024-12-09T00:00:00Z,0.25513196
2024-12-09T00:36:00Z,0.8702841
2024-12-09T01:12:00Z,0
2024-12-09T01:48:00Z,0.9284486
2024-12-09T02:24:00Z,0
2024-12-09T03:00:00Z,0.7716561
2024-12-09T03:36:00Z,0
2024-12-09T04:12:00Z,0.7433171
2024-12-09T05:24:00Z,0.9646526
2024-12-09T06:00:00Z,0
2024-12-09T06:36:00Z,0.8806508
2024-12-09T07:12:00Z,0
2024-12-09T07:48:00Z,0.67632234
2024-12-09T08:24:00Z,0.2271152
2024-12-09T09:36:00Z,0.73257023
2024-12-09T10:12:00Z,0.7276946
2024-12-09T10:48:00Z,0.23013547
2024-12-09T11:24:00Z,0.61413324
2024-12-09T15:36:00Z,0.011538044
2024-12-09T16:12:00Z,0.4990788
2024-12-09T16:48:00Z,0.14923769
2024-12-09T17:24:00Z,0.28118137
2024-12-09T18:00:00Z,0.8798003
2024-12-09T18:36:00Z,0
2024-12-09T19:48:00Z,0.76947266
2024-12-09T20:24:00Z,0
2024-12-09T21:36:00Z,0.58627886
2024-12-09T22:12:00Z,0.1571685
2024-12-09T22:48:00Z,0.19733217
2024-12-10T00:00:00Z,0.9195824
2024-12-10T00:36:00Z,0
2024-12-10T01:12:00Z,0.69869816
2024-12-10T01:48:00Z,0.41815653
2024-12-10T02:24:00Z,0.84728366
2024-12-10T03:00:00Z,0
2024-12-10T03:36:00Z,0.21337019
2024-12-10T04:12:00Z,0.9641761
2024-12-10T04:48:00Z,0
2024-12-10T05:24:00Z,0.67479783
2024-12-10T06:36:00Z,0.093857236
2024-12-10T07:12:00Z,0.47607204
2024-12-10T07:48:00Z,0.19391012
2024-12-10T08:24:00Z,0.9810759
2024-12-10T09:00:00Z,0
2024-12-10T09:36:00Z,0.90412515
2024-12-10T10:12:00Z,0
2024-12-10T10:48:00Z,0.66224265
2024-12-10T11:24:00Z,0.8576094
2024-12-10T12:00:00Z,0
2024-12-10T12:36:00Z,0.6747715
2024-12-10T13:12:00Z,0.62543696
2024-12-10T13:48:00Z,0.14232479
2024-12-10T14:24:00Z,0.9748372
2024-12-10T15:00:00Z,0
2024-12-10T15:36:00Z,0.39342058
2024-12-10T16:48:00Z,0.074502826
2024-12-10T17:24:00Z,0.6022071
2024-12-10T18:00:00Z,0.11237437
2024-12-10T18:36:00Z,0.63082093
2024-12-10T19:12:00Z,0.066643946
2024-12-10T19:48:00Z,0.540652
2024-12-10T21:36:00Z,0.21537688
2024-12-10T22:48:00Z,0.57114804
2024-12-10T23:24:00Z,0.1636738
2024-12-11T00:00:00Z,0.8053623
2024-12-11T00:36:00Z,0
2024-12-11T01:48:00Z,0.86389375
2024-12-11T02:24:00Z,0
2024-12-11T03:00:00Z,0.7794873
2024-12-11T03:36:00Z,0
2024-12-11T04:12:00Z,0.019532215
2024-12-11T05:24:00Z,0.74947685
2024-12-11T06:00:00Z,0.059035104
2024-12-11T10:12:00Z,0.74223924
2024-12-11T11:24:00Z,0.47263265
2024-12-11T12:00:00Z,0.85277313
2024-12-11T12:36:00Z,0
2024-12-11T13:48:00Z,0.67933494
2024-12-11T14:24:00Z,0.26068002
2024-12-11T15:00:00Z,0.9386468
2024-12-11T15:36:00Z,0
2024-12-11T16:12:00Z,0.20296136
2024-12-11T16:48:00Z,0.8343412
2024-12-11T17:24:00Z,0
2024-12-11T19:12:00Z,0.99999505
2024-12-11T19:48:00Z,0
2024-12-11T21:00:00Z,0.07718385
2024-12-11T21:36:00Z,0.75335634
2024-12-11T22:12:00Z,0
2024-12-11T22:48:00Z,0.9270069
2024-12-11T23:24:00Z,0
2024-12-12T00:00:00Z,0.39228967
2024-12-12T00:36:00Z,0.122963436
2024-12-12T01:48:00Z,0.7649234
2024-12-12T02:24:00Z,0
2024-12-12T03:00:00Z,0.6587041
2024-12-12T04:48:00Z,0.017369319
2024-12-12T05:24:00Z,0.91003144
2024-12-12T06:00:00Z,0
2024-12-12T06:36:00Z,0.45225886
2024-12-12T08:24:00Z,0.109990284
2024-12-12T10:12:00Z,0.16957477
2024-12-12T10:48:00Z,0.94881296
2024-12-12T11:24:00Z,0
2024-12-12T12:00:00Z,0.045667678
2024-12-12T12:36:00Z,0.82257074
2024-12-12T13:12:00Z,0
2024-12-12T14:24:00Z,0.85430074
2024-12-12T15:00:00Z,0
2024-12-12T16:12:00Z,0.9702397
2024-12-12T16:48:00Z,0
2024-12-12T17:24:00Z,0.6849022
2024-12-12T18:36:00Z,0.05530821
2024-12-12T19:12:00Z,0.6828704
2024-12-12T19:48:00Z,0.09595537
2024-12-12T20:24:00Z,0.53821385
2024-12-12T21:00:00Z,0.15852976
2024-12-12T22:12:00Z,0.8854616
2024-12-12T22:48:00Z,0
2024-12-13T00:00:00Z,0.98861164
2024-12-13T00:36:00Z,0
2024-12-13T01:48:00Z,0.49241382
2024-12-13T02:24:00Z,0.18493345
2024-12-13T03:36:00Z,0.9554892
2024-12-13T04:12:00Z,0
2024-12-13T04:48:00Z,0.948532
2024-12-13T05:24:00Z,0
2024-12-13T06:00:00Z,0.029948425
2024-12-13T06:36:00Z,0.8837456
2024-12-13T07:12:00Z,0
2024-12-13T07:48:00Z,0.89020395
2024-12-13T08:24:00Z,0
2024-12-13T09:00:00Z,0.7192927
2024-12-13T09:36:00Z,0.012943914
2024-12-13T10:48:00Z,0.7395749
2024-12-13T11:24:00Z,0.20456699
2024-12-13T12:00:00Z,0.115742326
2024-12-13T13:12:00Z,0.92321306
2024-12-13T13:48:00Z,0
2024-12-13T15:00:00Z,0.8611472
2024-12-13T15:36:00Z,0
2024-12-13T16:12:00Z,0.39881474
2024-12-13T16:48:00Z,0.35311863
2024-12-13T18:00:00Z,0.85303617
2024-12-13T18:36:00Z,0
2024-12-13T19:48:00Z,0.59404534
2024-12-13T20:24:00Z,0.0053716335
2024-12-13T21:00:00Z,0.009961176
2024-12-13T21:36:00Z,0.42328966
2024-12-13T22:48:00Z,0.1583496
2024-12-14T00:00:00Z,0.7106556
2024-12-14T00:36:00Z,0.3115092
2024-12-14T01:48:00Z,0.97875637
2024-12-14T02:24:00Z,0
2024-12-14T03:00:00Z,0.81532687
2024-12-14T03:36:00Z,0
2024-12-14T04:12:00Z,0.6567884
2024-12-14T04:48:00Z,0.18579754
2024-12-14T05:24:00Z,0.5143694
2024-12-14T06:00:00Z,0.09429103
2024-12-14T06:36:00Z,0.7350895
2024-12-14T07:12:00Z,0.23633638
2024-12-14T09:00:00Z,0.968384
2024-12-14T09:36:00Z,0
2024-12-14T10:12:00Z,0.72509265
2024-12-14T10:48:00Z,0.044565555
2024-12-14T11:24:00Z,0.8131184
2024-12-14T12:00:00Z,0
2024-12-14T13:12:00Z,0.39009207
2024-12-14T13:48:00Z,0.049323488
2024-12-14T14:24:00Z,0.70650226
2024-12-14T15:00:00Z,0.8430896
2024-12-14T15:36:00Z,0
2024-12-14T16:12:00Z,0.8844661
2024-12-14T16:48:00Z,0
2024-12-14T17:24:00Z,0.82102627
2024-12-14T18:00:00Z,0
2024-12-14T18:36:00Z,0.83103657
2024-12-14T19:12:00Z,0
2024-12-14T19:48:00Z,0.4794751
2024-12-14T20:24:00Z,0.53627604
2024-12-14T21:00:00Z,0.19000411
2024-12-14T21:36:00Z,0.8041909
2024-12-14T22:12:00Z,0
2024-12-14T22:48:00Z,0.0089232195
2024-12-15T00:00:00Z,0.8420392
2024-12-15T00:36:00Z,0
2024-12-15T01:12:00Z,0.16378026
2024-12-15T01:48:00Z,0.8985358
2024-12-15T02:24:00Z,0
2024-12-15T03:00:00Z,0.48159996
2024-12-15T03:36:00Z,0.058290653
2024-12-15T04:48:00Z,0.90520006
2024-12-15T05:24:00Z,0
2024-12-15T06:00:00Z,0.43208125
2024-12-15T06:36:00Z,0.049550287
2024-12-15T07:48:00Z,0.7908108
2024-12-15T08:24:00Z,0
2024-12-15T09:00:00Z,0.89340717
2024-12-15T09:36:00Z,0
2024-12-15T10:12:00Z,0.085928895
2024-12-15T10:48:00Z,0.57527876
2024-12-15T12:00:00Z,0.37773052
2024-12-15T12:36:00Z,0.92497206
2024-12-15T13:12:00Z,0
2024-12-15T13:48:00Z,0.59553444
2024-12-15T15:00:00Z,0.36514342
2024-12-15T15:36:00Z,0.7351331
2024-12-15T16:12:00Z,0.5600543
2024-12-15T16:48:00Z,0.9506364
2024-12-15T17:24:00Z,0
2024-12-15T18:36:00Z,0.80181354
2024-12-15T19:12:00Z,0
2024-12-15T21:00:00Z,0.6685101
2024-12-15T22:12:00Z,0.18296792
2024-12-15T22:48:00Z,0.045666866
2024-12-15T23:24:00Z,0.79413307
2024-12-16T00:00:00Z,0
2024-12-16T00:36:00Z,0.69439936
2024-12-16T01:12:00Z,0.8601695
2024-12-16T01:48:00Z,0
2024-12-16T02:24:00Z,0.7507758
2024-12-16T03:00:00Z,0
2024-12-16T03:36:00Z,0.6253113
2024-12-16T04:12:00Z,0.8347341
2024-12-16T04:48:00Z,0
2024-12-16T06:00:00Z,0.965319
2024-12-16T06:36:00Z,0
2024-12-16T07:12:00Z,0.9033688
2024-12-16T07:48:00Z,0
2024-12-16T08:24:00Z,0.8473264
2024-12-16T09:00:00Z,0
2024-12-16T09:36:00Z,0.7969816
2024-12-16T10:12:00Z,0
2024-12-16T11:24:00Z,0.746164
2024-12-16T13:12:00Z,0.07064704
2024-12-16T13:48:00Z,0.901546
2024-12-16T14:24:00Z,0
2024-12-16T15:00:00Z,0.7205128
2024-12-16T16:12:00Z,0.3932072
2024-12-16T16:48:00Z,0.611831
2024-12-16T17:24:00Z,0.05326033
2024-12-16T18:00:00Z,0.6039327
2024-12-16T18:36:00Z,0.07239169
2024-12-16T19:48:00Z,0.77508235
2024-12-16T20:24:00Z,0
2024-12-16T21:00:00Z,0.548316
2024-12-16T21:36:00Z,0.12439262
2024-12-16T22:12:00Z,0.93762785
2024-12-16T22:48:00Z,0
2024-12-16T23:24:00Z,0.84842
2024-12-17T00:00:00Z,0
2024-12-17T01:12:00Z,0.9679202
2024-12-17T01:48:00Z,0
2024-12-17T02:24:00Z,0.725618
2024-12-17T03:36:00Z,0.12979415
2024-12-17T04:12:00Z,0.6889816
2024-12-17T06:00:00Z,0.20409802
2024-12-17T06:36:00Z,0.8878786
2024-12-17T07:12:00Z,0
2024-12-17T07:48:00Z,0.64964414
2024-12-17T09:00:00Z,0.15480348
2024-12-17T09:36:00Z,0.65403533
2024-12-17T11:24:00Z,0.09505576
2024-12-17T12:00:00Z,0.50460047
2024-12-17T12:36:00Z,0.008086978
2024-12-17T14:24:00Z,0.819685
2024-12-17T15:00:00Z,0
2024-12-17T15:36:00Z,0.6591567
2024-12-17T16:48:00Z,0.9283721
2024-12-17T17:24:00Z,0
2024-12-17T18:36:00Z,0.5127217
2024-12-17T19:12:00Z,0.10152048
2024-12-17T19:48:00Z,0.855769
2024-12-17T20:24:00Z,0
2024-12-17T22:12:00Z,0.41901264
2024-12-17T22:48:00Z,0.10333371
2024-12-18T00:00:00Z,0.83857304
2024-12-18T00:36:00Z,0
2024-12-18T01:12:00Z,0.92594403
2024-12-18T01:48:00Z,0
2024-12-18T02:24:00Z,0.7277274
2024-12-18T03:36:00Z,0.70952404
2024-12-18T04:12:00Z,0.21470733
2024-12-18T06:00:00Z,0.79953134
2024-12-18T06:36:00Z,0
2024-12-18T07:12:00Z,0.9847558
2024-12-18T07:48:00Z,0
2024-12-18T08:24:00Z,0.5455288
2024-12-18T09:00:00Z,0.35905454
2024-12-18T09:36:00Z,0.88997245
2024-12-18T10:12:00Z,0
2024-12-18T10:48:00Z,0.89312357
2024-12-18T11:24:00Z,0
2024-12-18T13:12:00Z,0.16685471
2024-12-18T13:48:00Z,0.7330326
2024-12-18T14:24:00Z,0.44689336
2024-12-18T15:00:00Z,0.9763593
2024-12-18T15:36:00Z,0
2024-12-18T17:24:00Z,0.746064
2024-12-18T18:36:00Z,0.561746
2024-12-18T19:12:00Z,0.12324529
2024-12-18T19:48:00Z,0.25948954
2024-12-18T20:24:00Z,0.9318982
2024-12-18T21:00:00Z,0
2024-12-18T21:36:00Z,0.40321797
2024-12-18T22:12:00Z,0.04396916
2024-12-19T00:36:00Z,0.91674745
2024-12-19T01:12:00Z,0
2024-12-19T03:00:00Z,0.75461644
2024-12-19T03:36:00Z,0
2024-12-19T04:12:00Z,0.9638871
2024-12-19T04:48:00Z,0
2024-12-19T06:00:00Z,0.7433051
2024-12-19T06:36:00Z,0.23462178
2024-12-19T07:48:00Z,0.38694596
2024-12-19T08:24:00Z,0.8651987
2024-12-19T09:00:00Z,0
2024-12-19T09:36:00Z,0.4291077
2024-12-19T10:48:00Z,0.032000046
2024-12-19T11:24:00Z,0.6371955
2024-12-19T13:12:00Z,0.35488296
2024-12-19T15:36:00Z,0.4158055
2024-12-19T16:48:00Z,0.79728013
2024-12-19T17:24:00Z,0
2024-12-19T18:00:00Z,0.114475206
2024-12-19T18:36:00Z,0.8325567
2024-12-19T19:12:00Z,0
2024-12-19T19:48:00Z,0.7877909
2024-12-19T20:24:00Z,0
2024-12-19T21:36:00Z,0.9069509
2024-12-19T22:12:00Z,0
2024-12-19T22:48:00Z,0.8131693
2024-12-19T23:24:00Z,0
2024-12-20T00:00:00Z,0.61557585
2024-12-20T01:12:00Z,0.4571059
2024-12-20T01:48:00Z,0.028273256
2024-12-20T02:24:00Z,0.5087687
2024-12-20T03:00:00Z,0.00837296
2024-12-20T03:36:00Z,0.79326737
2024-12-20T04:12:00Z,0
2024-12-20T06:00:00Z,0.80042434
2024-12-20T06:36:00Z,0
2024-12-20T07:12:00Z,0.7020465
2024-12-20T07:48:00Z,0.9102619
2024-12-20T08:24:00Z,0
2024-12-20T09:00:00Z,0.5460018
2024-12-20T09:36:00Z,0.087419316
2024-12-20T10:12:00Z,0.90143657
2024-12-20T10:48:00Z,0
2024-12-20T11:24:00Z,0.8703349
2024-12-20T12:00:00Z,0
2024-12-20T12:36:00Z,0.9206947
2024-12-20T13:12:00Z,0
2024-12-20T13:48:00Z,0.8628736
2024-12-20T14:24:00Z,0
2024-12-20T15:00:00Z,0.99511176
2024-12-20T15:36:00Z,0
2024-12-20T16:48:00Z,0.5158295
2024-12-20T18:36:00Z,0.027832061
2024-12-20T19:12:00Z,0.96518266
2024-12-20T19:48:00Z,0
2024-12-20T21:36:00Z,0.8143167
2024-12-20T22:12:00Z,0
2024-12-20T22:48:00Z,0.06512684
2024-12-20T23:24:00Z,0.9297677
2024-12-21T00:00:00Z,0
2024-12-21T00:36:00Z,0.5918986
2024-12-21T01:12:00Z,0.32162318
2024-12-21T01:48:00Z,0.8083705
2024-12-21T02:24:00Z,0
2024-12-21T03:00:00Z,0.3568089
2024-12-21T04:48:00Z,0.47690725
2024-12-21T05:24:00Z,0.92058206
2024-12-21T06:00:00Z,0
2024-12-21T06:36:00Z,0.8279862
2024-12-21T07:12:00Z,0
2024-12-21T07:48:00Z,0.5988774
2024-12-21T09:00:00Z,0.30398786
2024-12-21T10:12:00Z,0.78550816
2024-12-21T10:48:00Z,0
2024-12-21T11:24:00Z,0.88019156
2024-12-21T12:00:00Z,0
2024-12-21T13:12:00Z,0.15299962
2024-12-21T13:48:00Z,0.79484946
2024-12-21T14:24:00Z,0
2024-12-21T16:12:00Z,0.6339239
2024-12-21T16:48:00Z,0.073572874
2024-12-21T18:36:00Z,0.31631556
2024-12-21T19:12:00Z,0.03461951
2024-12-21T20:24:00Z,0.4847707
2024-12-21T21:00:00Z,0.38681436
2024-12-21T21:36:00Z,0.8665077
2024-12-21T22:12:00Z,0
2024-12-21T22:48:00Z,0.7493782
2024-12-21T23:24:00Z,0.8987402
2024-12-22T00:00:00Z,0
2024-12-22T01:12:00Z,0.91341484
2024-12-22T01:48:00Z,0
2024-12-22T04:12:00Z,0.9353652
2024-12-22T04:48:00Z,0
2024-12-22T05:24:00Z,0.13308677
2024-12-22T06:00:00Z,0.92961556
2024-12-22T06:36:00Z,0
2024-12-22T07:12:00Z,0.55814344
2024-12-22T07:48:00Z,0.33105794
2024-12-22T08:24:00Z,0.97860354
2024-12-22T09:00:00Z,0
2024-12-22T09:36:00Z,0.95730287
2024-12-22T10:12:00Z,0
2024-12-22T10:48:00Z,0.63637984
2024-12-22T11:24:00Z,0.19993493
2024-12-22T12:00:00Z,0.19781831
2024-12-22T12:36:00Z,0.9626451
2024-12-22T13:12:00Z,0
2024-12-22T13:48:00Z,0.8981626
2024-12-22T14:24:00Z,0
2024-12-22T16:12:00Z,0.5767928
2024-12-22T16:48:00Z,0.9601379
2024-12-22T17:24:00Z,0
2024-12-22T18:36:00Z,0.92325735
2024-12-22T19:12:00Z,0
2024-12-22T19:48:00Z,0.35364556
2024-12-22T20:24:00Z,0.10916377
2024-12-22T21:00:00Z,0.41451466
2024-12-22T21:36:00Z,0.24866529
2024-12-22T22:48:00Z,0.92789793
2024-12-22T23:24:00Z,0
2024-12-23T00:00:00Z,0.913141
2024-12-23T00:36:00Z,0
2024-12-23T01:12:00Z,0.49808264
2024-12-23T01:48:00Z,0.41862082
2024-12-23T02:24:00Z,0.9800636
2024-12-23T03:00:00Z,0
2024-12-23T04:12:00Z,0.9907452
2024-12-23T04:48:00Z,0
2024-12-23T05:24:00Z,0.72478336
2024-12-23T06:00:00Z,0.4145352
2024-12-23T06:36:00Z,0.5927055
2024-12-23T07:12:00Z,0.017800508
2024-12-23T07:48:00Z,0.8055642
2024-12-23T08:24:00Z,0
2024-12-23T09:00:00Z,0.26950264
2024-12-23T09:36:00Z,0.020893218
2024-12-23T10:48:00Z,0.6950495
2024-12-23T11:24:00Z,0.77765673
2024-12-23T12:00:00Z,0
2024-12-23T13:48:00Z,0.21737586
2024-12-23T14:24:00Z,0.57385147
2024-12-23T15:36:00Z,0.09746733
2024-12-23T16:12:00Z,0.70676136
2024-12-23T16:48:00Z,0.28564963
2024-12-23T17:24:00Z,0.8698708
2024-12-23T18:00:00Z,0
2024-12-23T19:48:00Z,0.90019274
2024-12-23T20:24:00Z,0
2024-12-23T22:12:00Z,0.9040806
2024-12-23T22:48:00Z,0
2024-12-23T23:24:00Z,0.18304555
2024-12-24T00:00:00Z,0.86180323
2024-12-24T00:36:00Z,0
2024-12-24T01:12:00Z,0.60578
2024-12-24T01:48:00Z,0.04810048
2024-12-24T03:00:00Z,0.48132822
2024-12-24T04:12:00Z,0.107916184
2024-12-24T05:24:00Z,0.5752023
2024-12-24T07:12:00Z,0.34809017
2024-12-24T07:48:00Z,0.8831678
2024-12-24T08:24:00Z,0
2024-12-24T09:00:00Z,0.11434636
2024-12-24T09:36:00Z,0.655973
2024-12-24T10:12:00Z,0.49622053
2024-12-24T10:48:00Z,0.7566426
2024-12-24T11:24:00Z,0
2024-12-24T12:36:00Z,0.7477596
2024-12-24T13:48:00Z,0.021092445
2024-12-24T14:24:00Z,0.2283712
2024-12-24T15:00:00Z,0.88950115
2024-12-24T15:36:00Z,0
2024-12-24T16:12:00Z,0.9237079
2024-12-24T16:48:00Z,0
2024-12-24T17:24:00Z,0.883106
2024-12-24T18:00:00Z,0
2024-12-24T18:36:00Z,0.735548
2024-12-24T20:24:00Z,0.5549988
2024-12-24T21:00:00Z,0.8604751
2024-12-24T21:36:00Z,0
2024-12-24T22:12:00Z,0.72055936
2024-12-24T22:48:00Z,0.0879187
2024-12-24T23:24:00Z,0.0060237274
2024-12-25T00:00:00Z,0.95371026
2024-12-25T00:36:00Z,0
2024-12-25T01:12:00Z,0.54030067
2024-12-25T03:36:00Z,0.082134604
2024-12-25T04:12:00Z,0.68544644
2024-12-25T04:48:00Z,0.45209166
2024-12-25T05:24:00Z,0.8766341
2024-12-25T06:00:00Z,0
2024-12-25T06:36:00Z,0.19558239
2024-12-25T07:12:00Z,0.9792062
2024-12-25T07:48:00Z,0
2024-12-25T08:24:00Z,0.7491174
2024-12-25T09:00:00Z,0.5482569
2024-12-25T09:36:00Z,0.85785586
2024-12-25T10:12:00Z,0
2024-12-25T10:48:00Z,0.02414224
2024-12-25T11:24:00Z,0.47768253
2024-12-25T12:36:00Z,0.124402255
2024-12-25T13:48:00Z,0.94462734
2024-12-25T14:24:00Z,0
2024-12-25T15:00:00Z,0.111665025
2024-12-25T16:12:00Z,0.90137166
2024-12-25T16:48:00Z,0
2024-12-25T18:00:00Z,0.12532657
2024-12-25T18:36:00Z,0.5668582
2024-12-25T19:12:00Z,0.5444001
2024-12-25T19:48:00Z,0.013928531
2024-12-25T20:24:00Z,0.4817768
2024-12-25T21:36:00Z,0.10985437
2024-12-25T22:12:00Z,0.38597217
2024-12-25T22:48:00Z,0.06874
2024-12-26T00:00:00Z,0.8965898
2024-12-26T00:36:00Z,0
2024-12-26T01:48:00Z,0.439656
2024-12-26T03:36:00Z,0.26314086
2024-12-26T04:12:00Z,0.7749644
2024-12-26T04:48:00Z,0
2024-12-26T05:24:00Z,0.62926483
2024-12-26T06:00:00Z,0.36145914
2024-12-26T06:36:00Z,0.928293
2024-12-26T07:12:00Z,0
2024-12-26T07:48:00Z,0.47383398
2024-12-26T09:00:00Z,0.00961758
2024-12-26T09:36:00Z,0.66204786
2024-12-26T10:12:00Z,0.81917137
2024-12-26T10:48:00Z,0
2024-12-26T11:24:00Z,0.94727194
2024-12-26T12:00:00Z,0
2024-12-26T12:36:00Z,0.7091569
2024-12-26T13:12:00Z,0.07404137
2024-12-26T15:00:00Z,0.8517412
2024-12-26T15:36:00Z,0
2024-12-26T18:00:00Z,0.07011472
2024-12-26T18:36:00Z,0.78906906
2024-12-26T19:12:00Z,0
2024-12-26T20:24:00Z,0.70343244
2024-12-26T21:00:00Z,0.099677
2024-12-26T21:36:00Z,0.7914697
2024-12-26T22:12:00Z,0
2024-12-26T22:48:00Z,0.675257
2024-12-27T00:00:00Z,0.0805233
2024-12-27T01:48:00Z,0.8964645
2024-12-27T02:24:00Z,0
2024-12-27T03:00:00Z,0.5083768
2024-12-27T03:36:00Z,0.23771578
2024-12-27T04:48:00Z,0.36884296
2024-12-27T05:24:00Z,0.9063078
2024-12-27T06:00:00Z,0
2024-12-27T07:12:00Z,0.8603554
2024-12-27T07:48:00Z,0
2024-12-27T09:00:00Z,0.7189138
2024-12-27T10:12:00Z,0.14668578
2024-12-27T10:48:00Z,0.6859654
2024-12-27T11:24:00Z,0.30331323
2024-12-27T12:00:00Z,0.7465951
2024-12-27T12:36:00Z,0.12192182
2024-12-27T13:48:00Z,0.90732855
2024-12-27T14:24:00Z,0
2024-12-27T15:36:00Z,0.17577869
2024-12-27T16:12:00Z,0.9040105
2024-12-27T16:48:00Z,0
2024-12-27T18:00:00Z,0.20220014
2024-12-27T18:36:00Z,0.94450957
2024-12-27T19:12:00Z,0
2024-12-27T19:48:00Z,0.7619755
2024-12-27T20:24:00Z,0
2024-12-27T21:00:00Z,0.010644619
2024-12-27T21:36:00Z,0.96009064
2024-12-27T22:12:00Z,0
2024-12-27T22:48:00Z,0.9094677
2024-12-27T23:24:00Z,0
2024-12-28T00:00:00Z,0.8797122
2024-12-28T00:36:00Z,0
2024-12-28T01:12:00Z,0.07461405
2024-12-28T01:48:00Z,0.87156904
2024-12-28T02:24:00Z,0
2024-12-28T03:36:00Z,0.8190339
2024-12-28T04:12:00Z,0
2024-12-28T04:48:00Z,0.907819
2024-12-28T05:24:00Z,0
2024-12-28T06:36:00Z,0.60154337
2024-12-28T09:00:00Z,0.45654392
2024-12-28T09:36:00Z,0.7778378
2024-12-28T10:12:00Z,0
2024-12-28T10:48:00Z,0.96706825
2024-12-28T11:24:00Z,0
2024-12-28T12:00:00Z,0.36419207
2024-12-28T13:12:00Z,0.003349666
2024-12-28T13:48:00Z,0.31825337
2024-12-28T14:24:00Z,0.09021935
2024-12-28T15:00:00Z,0.72925115
2024-12-28T15:36:00Z,0.22972305
2024-12-28T16:12:00Z,0.98064786
2024-12-28T16:48:00Z,0
2024-12-28T19:12:00Z,0.7425342
2024-12-28T19:48:00Z,0.24279748
2024-12-28T20:24:00Z,0.97712857
2024-12-28T21:00:00Z,0
2024-12-28T21:36:00Z,0.7150159
2024-12-28T22:12:00Z,0.8254118
2024-12-28T22:48:00Z,0
2024-12-28T23:24:00Z,0.71063584
2024-12-29T00:36:00Z,0.04184415
2024-12-29T01:48:00Z,0.7548433
2024-12-29T02:24:00Z,0
2024-12-29T03:00:00Z,0.39718214
2024-12-29T03:36:00Z,0.15131773
2024-12-29T04:12:00Z,0.7947216
2024-12-29T04:48:00Z,0
2024-12-29T05:24:00Z,0.08577267
2024-12-29T06:00:00Z,0.8700463
2024-12-29T06:36:00Z,0
2024-12-29T07:12:00Z,0.65285003
2024-12-29T08:24:00Z,0.053896718
2024-12-29T09:36:00Z,0.8089116
2024-12-29T10:12:00Z,0
2024-12-29T10:48:00Z,0.7164227
2024-12-29T12:00:00Z,0.31595966
2024-12-29T13:48:00Z,0.7805934
2024-12-29T14:24:00Z,0
2024-12-29T15:00:00Z,0.44667882
2024-12-29T15:36:00Z,0.20625363
2024-12-29T16:12:00Z,0.61164296
2024-12-29T16:48:00Z,0.20982954
2024-12-29T17:24:00Z,0.8616966
2024-12-29T18:00:00Z,0
2024-12-29T18:36:00Z,0.55909634
2024-12-29T21:00:00Z,0.47137204
2024-12-29T21:36:00Z,0.75583875
2024-12-29T22:12:00Z,0
2024-12-29T22:48:00Z,0.86005163
2024-12-29T23:24:00Z,0
2024-12-30T00:00:00Z,0.939123
2024-12-30T00:36:00Z,0
2024-12-30T01:12:00Z,0.37758496
2024-12-30T01:48:00Z,0.08390183
2024-12-30T02:24:00Z,0.9242805
2024-12-30T03:00:00Z,0
2024-12-30T04:12:00Z,0.24961486
2024-12-30T04:48:00Z,0.07041292
2024-12-30T05:24:00Z,0.89910114
2024-12-30T06:00:00Z,0
2024-12-30T06:36:00Z,0.7799413
2024-12-30T07:12:00Z,0
2024-12-30T07:48:00Z,0.68176895
2024-12-30T08:24:00Z,0.8696794
2024-12-30T09:00:00Z,0
2024-12-30T09:36:00Z,0.9338137
2024-12-30T10:12:00Z,0
2024-12-30T11:24:00Z,0.72959864
2024-12-30T12:00:00Z,0.07252273
2024-12-30T12:36:00Z,0.56289136
2024-12-30T13:12:00Z,0.35970187
2024-12-30T13:48:00Z,0.9895564
2024-12-30T14:24:00Z,0
2024-12-30T16:12:00Z,0.35672808
2024-12-30T16:48:00Z,0.9792672
2024-12-30T17:24:00Z,0
2024-12-30T19:12:00Z,0.7503464
2024-12-30T19:48:00Z,0
2024-12-30T21:00:00Z,0.47694543
2024-12-30T21:36:00Z,0.26132226
2024-12-30T22:12:00Z,0.7906393
2024-12-30T22:48:00Z,0
2024-12-30T23:24:00Z,0.6441739
2024-12-31T00:36:00Z,0.041096896
2024-12-31T01:48:00Z,0.20938936
2024-12-31T02:24:00Z,0.9780809
2024-12-31T03:00:00Z,0
2024-12-31T03:36:00Z,0.13423859
2024-12-31T04:12:00Z,0.70215166
2024-12-31T04:48:00Z,0.85967004
2024-12-31T05:24:00Z,0
2024-12-31T06:00:00Z,0.66763496
2024-12-31T06:36:00Z,0.91544306
2024-12-31T07:12:00Z,0
2024-12-31T08:24:00Z,0.82498956
2024-12-31T09:00:00Z,0
2024-12-31T09:36:00Z,0.87242687
2024-12-31T10:12:00Z,0
2024-12-31T10:48:00Z,0.38273597
2024-12-31T11:24:00Z,0.08272141
2024-12-31T12:00:00Z,0.9723454
2024-12-31T12:36:00Z,0
2024-12-31T14:24:00Z,0.89896387
2024-12-31T15:00:00Z,0
2024-12-31T18:00:00Z,0.64656496
2024-12-31T19:48:00Z,0.113042004
2024-12-31T21:00:00Z,0.2511385
2024-12-31T21:36:00Z,0.96041304
2024-12-31T22:12:00Z,0
2024-12-31T22:48:00Z,0.5136607
2024-12-31T23:24:00Z,0.05108132
2025-01-01T00:36:00Z,0.65275306
2025-01-01T02:24:00Z,0.18891335
2025-01-01T03:00:00Z,0.57872206
2025-01-01T04:12:00Z,0.04910234
2025-01-01T04:48:00Z,0.66690576
2025-01-01T05:24:00Z,0.2576675
2025-01-01T06:36:00Z,0.9198225
2025-01-01T07:12:00Z,0
2025-01-01T07:48:00Z,0.6016828
2025-01-01T09:00:00Z,0.21572699
2025-01-01T09:36:00Z,0.66877556
2025-01-01T10:12:00Z,0.37697542
2025-01-01T10:48:00Z,0.80805534
2025-01-01T11:24:00Z,0
2025-01-01T12:00:00Z,0.9180416
2025-01-01T12:36:00Z,0
2025-01-01T13:12:00Z,0.32850802
2025-01-01T13:48:00Z,0.025435561
2025-01-01T15:00:00Z,0.43561494
2025-01-01T15:36:00Z,0.9822455
2025-01-01T16:12:00Z,0
2025-01-01T16:48:00Z,0.6366058
2025-01-01T18:00:00Z,0.3242625
2025-01-01T18:36:00Z,0.7021711
2025-01-01T19:12:00Z,0.5703632
2025-01-01T19:48:00Z,0.919044
2025-01-01T20:24:00Z,0
2025-01-01T22:48:00Z,0.6050613
2025-01-02T00:00:00Z,0.070968404
2025-01-02T00:36:00Z,0.66803235
2025-01-02T01:48:00Z,0.07259445
2025-01-02T02:24:00Z,0.3916391
2025-01-02T03:00:00Z,0.0027476717
2025-01-02T03:36:00Z,0.7459036
2025-01-02T04:12:00Z,0.05696751
2025-01-02T05:24:00Z,0.4533764
2025-01-02T06:00:00Z,0.32363755
2025-01-02T06:36:00Z,0.9765652
2025-01-02T07:12:00Z,0
2025-01-02T07:48:00Z,0.5245169
2025-01-02T10:12:00Z,0.009595787
2025-01-02T12:00:00Z,0.92565614
2025-01-02T12:36:00Z,0
2025-01-02T13:12:00Z,0.7549588
2025-01-02T13:48:00Z,0
2025-01-02T14:24:00Z,0.046135396
2025-01-02T15:00:00Z,0.90230274
2025-01-02T15:36:00Z,0
2025-01-02T16:12:00Z,0.574338
2025-01-02T17:24:00Z,0.33782998
2025-01-02T18:00:00Z,0.07546279
2025-01-02T18:36:00Z,0.80403304
2025-01-02T19:12:00Z,0
2025-01-02T19:48:00Z,0.701352
2025-01-02T21:36:00Z,0.09885871
2025-01-02T22:12:00Z,0.8400364
2025-01-02T22:48:00Z,0
2025-01-03T00:00:00Z,0.67345446
2025-01-03T00:36:00Z,0.17704664
2025-01-03T01:12:00Z,0.8161693
2025-01-03T01:48:00Z,0
2025-01-03T02:24:00Z,0.90924364
2025-01-03T03:00:00Z,0
2025-01-03T04:12:00Z,0.2954037
2025-01-03T04:48:00Z,0.7428587
2025-01-03T06:00:00Z,0.6048053
2025-01-03T06:36:00Z,0.9083663
2025-01-03T07:12:00Z,0
2025-01-03T07:48:00Z,0.5153764
2025-01-03T08:24:00Z,0.20343837
2025-01-03T09:00:00Z,0.49556568
2025-01-03T10:12:00Z,0.027721299
2025-01-03T10:48:00Z,0.46640825
2025-01-03T11:24:00Z,0.2285431
2025-01-03T12:36:00Z,0.7824949
2025-01-03T13:12:00Z,0
2025-01-03T13:48:00Z,0.9524683
2025-01-03T14:24:00Z,0
2025-01-03T15:36:00Z,0.8045515
2025-01-03T16:12:00Z,0
2025-01-03T16:48:00Z,0.9570319
2025-01-03T17:24:00Z,0
2025-01-03T18:00:00Z,0.86589366
2025-01-03T18:36:00Z,0
2025-01-03T19:12:00Z,0.705821
2025-01-03T20:24:00Z,0.099030375
2025-01-03T21:00:00Z,0.835894
2025-01-03T21:36:00Z,0
2025-01-03T23:24:00Z,0.7576147
2025-01-04T00:00:00Z,0
2025-01-04T01:48:00Z,0.7934219
2025-01-04T02:24:00Z,0
2025-01-04T03:00:00Z,0.328833
2025-01-04T04:48:00Z,0.55121315
2025-01-04T05:24:00Z,0.013270805
2025-01-04T06:00:00Z,0.6868825
2025-01-04T06:36:00Z,0.20575695
2025-01-04T07:12:00Z,0.94432795
2025-01-04T07:48:00Z,0
2025-01-04T08:24:00Z,0.7841292
2025-01-04T09:00:00Z,0
2025-01-04T10:48:00Z,0.7201937
2025-01-04T11:24:00Z,0.20754412
2025-01-04T12:36:00Z,0.024321444
2025-01-04T13:48:00Z,0.3223172
2025-01-04T14:24:00Z,0.8473564
2025-01-04T15:00:00Z,0
2025-01-04T15:36:00Z,0.831964
2025-01-04T16:12:00Z,0
2025-01-04T17:24:00Z,0.82273084
2025-01-04T18:00:00Z,0
2025-01-04T19:48:00Z,0.70422393
2025-01-04T22:12:00Z,0.13255231
2025-01-04T23:24:00Z,0.73327816
2025-01-05T00:00:00Z,0.28457195
2025-01-05T00:36:00Z,0.6527866
2025-01-05T01:12:00Z,0.2735958
2025-01-05T01:48:00Z,0.7014865
2025-01-05T03:00:00Z,0.3396352
2025-01-05T04:12:00Z,0.8608474
2025-01-05T04:48:00Z,0
2025-01-05T05:24:00Z,0.97155815
2025-01-05T06:00:00Z,0
2025-01-05T06:36:00Z,0.80560577
2025-01-05T07:12:00Z,0
2025-01-05T08:24:00Z,0.29573107
2025-01-05T09:00:00Z,0.9790031
2025-01-05T09:36:00Z,0
2025-01-05T10:12:00Z,0.51951486
2025-01-05T11:24:00Z,0.9125148
2025-01-05T12:00:00Z,0
2025-01-05T12:36:00Z,0.84114283
2025-01-05T13:12:00Z,0
2025-01-05T13:48:00Z,0.8138688
2025-01-05T14:24:00Z,0
2025-01-05T15:00:00Z,0.9397761
2025-01-05T15:36:00Z,0
2025-01-05T16:48:00Z,0.940806
2025-01-05T17:24:00Z,0
2025-01-05T18:00:00Z,0.24415016
2025-01-05T18:36:00Z,0.08491016
2025-01-05T19:48:00Z,0.90735245
2025-01-05T20:24:00Z,0
2025-01-05T21:36:00Z,0.9113872
2025-01-05T22:12:00Z,0
2025-01-06T00:00:00Z,0.50443494
2025-01-06T00:36:00Z,0.96351796
2025-01-06T01:12:00Z,0
2025-01-06T01:48:00Z,0.7374434
2025-01-06T03:00:00Z,0.58390003
2025-01-06T03:36:00Z,0.93006784
2025-01-06T04:12:00Z,0
2025-01-06T04:48:00Z,0.87694407
2025-01-06T05:24:00Z,0
2025-01-06T06:00:00Z,0.9403371
2025-01-06T06:36:00Z,0
2025-01-06T07:48:00Z,0.8534664
2025-01-06T08:24:00Z,0
2025-01-06T09:00:00Z,0.006027691
2025-01-06T09:36:00Z,0.59177226
2025-01-06T11:24:00Z,0.19142596
2025-01-06T12:00:00Z,0.6380759
2025-01-06T13:48:00Z,0.52034295
2025-01-06T14:24:00Z,0.72101444
2025-01-06T15:00:00Z,0.08288286
2025-01-06T15:36:00Z,0.2538894
2025-01-06T16:12:00Z,0.9539521
2025-01-06T16:48:00Z,0
2025-01-06T17:24:00Z,0.78981274
2025-01-06T18:00:00Z,0
2025-01-06T18:36:00Z,0.569415
2025-01-06T19:12:00Z,0.2067044
2025-01-06T20:24:00Z,0.67782754
2025-01-06T21:36:00Z,0.06706606
2025-01-06T22:12:00Z,0.8306015
2025-01-06T22:48:00Z,0
2025-01-07T00:00:00Z,0.9991509
2025-01-07T00:36:00Z,0
2025-01-07T01:48:00Z,0.6963174
2025-01-07T02:24:00Z,0.41605815
2025-01-07T03:00:00Z,0.930615
2025-01-07T03:36:00Z,0
2025-01-07T04:48:00Z,0.6903808
2025-01-07T05:24:00Z,0.29531905
2025-01-07T06:36:00Z,0.9955339
2025-01-07T07:12:00Z,0
2025-01-07T07:48:00Z,0.97592777
2025-01-07T08:24:00Z,0
2025-01-07T09:00:00Z,0.4336675
2025-01-07T09:36:00Z,0.24817961
2025-01-07T10:12:00Z,0.9765496
2025-01-07T10:48:00Z,0
2025-01-07T11:24:00Z,0.12879096
2025-01-07T12:00:00Z,0.79715955
2025-01-07T12:36:00Z,0
2025-01-07T13:12:00Z,0.006057954
2025-01-07T14:24:00Z,0.64071554
2025-01-07T15:36:00Z,0.048687167
2025-01-07T16:12:00Z,0.7007653
2025-01-07T16:48:00Z,0.18421525
2025-01-07T18:36:00Z,0.6103204
2025-01-07T19:12:00Z,0.40559843
2025-01-07T19:48:00Z,0.7736525
2025-01-07T20:24:00Z,0
2025-01-07T21:00:00Z,0.87858224
2025-01-07T21:36:00Z,0
2025-01-07T23:24:00Z,0.7765987
2025-01-08T00:00:00Z,0
2025-01-08T00:36:00Z,0.88462085
2025-01-08T01:12:00Z,0
2025-01-08T01:48:00Z,0.66284096
2025-01-08T03:00:00Z,0.07060712
2025-01-08T04:12:00Z,0.8308856
2025-01-08T04:48:00Z,0
2025-01-08T05:24:00Z,0.0869826
2025-01-08T06:00:00Z,0.7800445
2025-01-08T06:36:00Z,0
2025-01-08T07:12:00Z,0.0906268
2025-01-08T07:48:00Z,0.63441855
2025-01-08T08:24:00Z,0.059211113
2025-01-08T10:12:00Z,0.2960332
2025-01-08T10:48:00Z,0.9999143
2025-01-08T11:24:00Z,0
2025-01-08T12:36:00Z,0.9466584
2025-01-08T13:12:00Z,0
2025-01-08T14:24:00Z,0.54631084
2025-01-08T15:00:00Z,0.14789103
2025-01-08T15:36:00Z,0.96887535
2025-01-08T16:12:00Z,0
2025-01-08T16:48:00Z,0.61210513
2025-01-08T17:24:00Z,0.008478288
2025-01-08T18:00:00Z,0.90629834
2025-01-08T18:36:00Z,0
2025-01-08T19:12:00Z,0.72430545
2025-01-08T20:24:00Z,0.06754191
2025-01-08T21:00:00Z,0.8298525
2025-01-08T21:36:00Z,0
2025-01-08T22:48:00Z,0.19579905
2025-01-08T23:24:00Z,0.91659904
2025-01-09T00:00:00Z,0
2025-01-09T01:48:00Z,0.8928472
2025-01-09T02:24:00Z,0
2025-01-09T03:00:00Z,0.6434583
2025-01-09T04:12:00Z,0.9671139
2025-01-09T04:48:00Z,0
2025-01-09T05:24:00Z,0.9029571
2025-01-09T06:00:00Z,0
2025-01-09T06:36:00Z,0.7051715
2025-01-09T08:24:00Z,0.14225586
2025-01-09T09:36:00Z,0.8885188
2025-01-09T10:12:00Z,0
2025-01-09T11:24:00Z,0.52953446
2025-01-09T12:00:00Z,0.040907353
2025-01-09T12:36:00Z,0.52063626
2025-01-09T13:48:00Z,0.35655177
2025-01-09T14:24:00Z,0.7590116
2025-01-09T15:00:00Z,0
2025-01-09T15:36:00Z,0.1500506
2025-01-09T16:12:00Z,0.8612848
2025-01-09T16:48:00Z,0
2025-01-09T17:24:00Z,0.79311067
2025-01-09T18:00:00Z,0
2025-01-09T18:36:00Z,0.74353653
2025-01-09T19:12:00Z,0.45670483
2025-01-09T19:48:00Z,0.96561193
2025-01-09T20:24:00Z,0
2025-01-09T21:36:00Z,0.9818401
2025-01-09T22:12:00Z,0
2025-01-09T23:24:00Z,0.5518109
2025-01-10T00:00:00Z,0.41411108
2025-01-10T00:36:00Z,0.8976577
2025-01-10T01:12:00Z,0
2025-01-10T03:00:00Z,0.7867089
2025-01-10T03:36:00Z,0
2025-01-10T04:12:00Z,0.41107896
2025-01-10T04:48:00Z,0.13818525
2025-01-10T05:24:00Z,0.9366977
2025-01-10T06:00:00Z,0
2025-01-10T07:12:00Z,0.45780772
2025-01-10T08:24:00Z,0.014487545
2025-01-10T09:00:00Z,0.6773604
2025-01-10T10:48:00Z,0.3741648
2025-01-10T12:00:00Z,0.68161446
2025-01-10T12:36:00Z,0.1464512
2025-01-10T13:12:00Z,0.73199016
2025-01-10T14:24:00Z,0.40558153
2025-01-10T15:36:00Z,0.9573123
2025-01-10T16:12:00Z,0
2025-01-10T16:48:00Z,0.4480844
2025-01-10T18:36:00Z,0.75386107
2025-01-10T19:12:00Z,0
2025-01-10T19:48:00Z,0.5256091
2025-01-10T20:24:00Z,0.23364575
2025-01-10T21:00:00Z,0.90449435
2025-01-10T21:36:00Z,0
2025-01-10T22:12:00Z,0.55366963
2025-01-10T22:48:00Z,0.03754576
2025-01-11T00:36:00Z,0.5899608
2025-01-11T01:12:00Z,0.29487774
2025-01-11T02:24:00Z,0.9800745
2025-01-11T03:00:00Z,0
2025-01-11T03:36:00Z,0.9889059
2025-01-11T04:12:00Z,0
2025-01-11T04:48:00Z,0.7064545
2025-01-11T05:24:00Z,0.8623359
2025-01-11T06:00:00Z,0
2025-01-11T06:36:00Z,0.8525203
2025-01-11T07:12:00Z,0
2025-01-11T08:24:00Z,0.30918252
2025-01-11T09:00:00Z,0.09906731
2025-01-11T09:36:00Z,0.7077534
2025-01-11T10:12:00Z,0.2307151
2025-01-11T11:24:00Z,0.75226974
2025-01-11T12:00:00Z,0
2025-01-11T13:12:00Z,0.05574281
2025-01-11T13:48:00Z,0.47798875
2025-01-11T14:24:00Z,0.0674289
2025-01-11T15:36:00Z,0.29430282
2025-01-11T16:12:00Z,0.08866527
2025-01-11T17:24:00Z,0.8851918
2025-01-11T18:00:00Z,0
2025-01-11T18:36:00Z,0.9257912
2025-01-11T19:12:00Z,0
2025-01-11T19:48:00Z,0.8664153
2025-01-11T20:24:00Z,0
2025-01-11T21:36:00Z,0.7837943
2025-01-11T22:12:00Z,0
2025-01-12T00:00:00Z,0.634415
2025-01-12T00:36:00Z,0.4457963
2025-01-12T01:12:00Z,0.82839954
2025-01-12T01:48:00Z,0
2025-01-12T02:24:00Z,0.10222154
2025-01-12T03:00:00Z,0.81045395
2025-01-12T03:36:00Z,0
2025-01-12T04:48:00Z,0.25295883
2025-01-12T05:24:00Z,0.773404
2025-01-12T06:00:00Z,0
2025-01-12T07:48:00Z,0.42115188
2025-01-12T08:24:00Z,0.8720568
2025-01-12T09:00:00Z,0
2025-01-12T09:36:00Z,0.6950827
2025-01-12T10:48:00Z,0.9230456
2025-01-12T11:24:00Z,0
2025-01-12T12:36:00Z,0.86256546
2025-01-12T13:12:00Z,0
2025-01-12T15:00:00Z,0.74972165
2025-01-12T15:36:00Z,0.15671986
2025-01-12T17:24:00Z,0.37094468
2025-01-12T18:00:00Z,0.54248893
2025-01-12T18:36:00Z,0.20362185
2025-01-12T19:12:00Z,0.8051963
2025-01-12T19:48:00Z,0
2025-01-12T20:24:00Z,0.005210074
2025-01-12T21:00:00Z,0.5326595
2025-01-12T21:36:00Z,0.48189926
2025-01-12T22:12:00Z,0.89092994
2025-01-12T22:48:00Z,0
2025-01-13T00:00:00Z,0.8584964
2025-01-13T00:36:00Z,0
2025-01-13T01:12:00Z,0.75759006
2025-01-13T01:48:00Z,0
2025-01-13T02:24:00Z,0.99896175
2025-01-13T03:00:00Z,0
2025-01-13T03:36:00Z,0.81352395
2025-01-13T04:12:00Z,0
2025-01-13T04:48:00Z,0.6064234
2025-01-13T06:00:00Z,0.3161986
2025-01-13T06:36:00Z,0.040895108
2025-01-13T08:24:00Z,0.73797506
2025-01-13T09:36:00Z,0.3552795
2025-01-13T10:12:00Z,0.96391547
2025-01-13T10:48:00Z,0
2025-01-13T11:24:00Z,0.3269594
2025-01-13T12:00:00Z,0.0049860775
2025-01-13T12:36:00Z,0.7634411
2025-01-13T13:12:00Z,0
2025-01-13T15:00:00Z,0.83694875
2025-01-13T15:36:00Z,0
2025-01-13T17:24:00Z,0.9185368
2025-01-13T18:00:00Z,0
2025-01-13T19:12:00Z,0.8772567
2025-01-13T19:48:00Z,0
2025-01-13T20:24:00Z,0.67041117
2025-01-13T21:00:00Z,0.70096904
2025-01-13T21:36:00Z,0.08047916
2025-01-13T22:12:00Z,0.82397604
2025-01-13T22:48:00Z,0
2025-01-13T23:24:00Z,0.853005
2025-01-14T00:00:00Z,0
2025-01-14T01:12:00Z,0.3228003
2025-01-14T01:48:00Z,0.7953829
2025-01-14T02:24:00Z,0
2025-01-14T03:00:00Z,0.6202472
2025-01-14T04:12:00Z,0.47294524
2025-01-14T04:48:00Z,0.7962594
2025-01-14T05:24:00Z,0
2025-01-14T06:36:00Z,0.011738629
2025-01-14T07:12:00Z,0.80085516
2025-01-14T07:48:00Z,0
2025-01-14T08:24:00Z,0.6743939
2025-01-14T09:36:00Z,0.218328
2025-01-14T10:12:00Z,0.9706848
2025-01-14T10:48:00Z,0
2025-01-14T11:24:00Z,0.6203509
2025-01-14T12:00:00Z,0.17807348
2025-01-14T13:12:00Z,0.90457195
2025-01-14T13:48:00Z,0
2025-01-14T15:36:00Z,0.69237936
2025-01-14T17:24:00Z,0.21828921
2025-01-14T18:00:00Z,0.9777401
2025-01-14T18:36:00Z,0
2025-01-14T19:48:00Z,0.9067727
2025-01-14T20:24:00Z,0
2025-01-14T23:24:00Z,0.8532436
2025-01-15T00:00:00Z,0
2025-01-15T00:36:00Z,0.5901773
2025-01-15T01:12:00Z,0.061075818
2025-01-15T01:48:00Z,0.7327036
2025-01-15T04:12:00Z,0.42166242
2025-01-15T04:48:00Z,0.912505
2025-01-15T05:24:00Z,0
2025-01-15T07:12:00Z,0.8237529
2025-01-15T07:48:00Z,0
2025-01-15T08:24:00Z,0.4488593
2025-01-15T09:00:00Z,0.015052772
2025-01-15T09:36:00Z,0.5861136
2025-01-15T10:12:00Z,0.052405827
2025-01-15T11:24:00Z,0.84155285
2025-01-15T12:00:00Z,0
2025-01-15T13:12:00Z,0.6942849
2025-01-15T13:48:00Z,0.05324034
2025-01-15T14:24:00Z,0.8188999
2025-01-15T15:00:00Z,0
2025-01-15T15:36:00Z,0.6623746
2025-01-15T16:12:00Z,0.24847291
2025-01-15T16:48:00Z,0.24576382
2025-01-15T17:24:00Z,0.7302769
2025-01-15T18:00:00Z,0.103494875
2025-01-15T19:12:00Z,0.49997306
2025-01-15T19:48:00Z,0.09771866
2025-01-15T20:24:00Z,0.7448666
2025-01-15T21:36:00Z,0.30758846
2025-01-15T22:12:00Z,0.17110775
2025-01-15T22:48:00Z,0.9578655
2025-01-15T23:24:00Z,0
2025-01-16T00:00:00Z,0.7042792
2025-01-16T00:36:00Z,0.16433086
2025-01-16T01:48:00Z,0.91840863
2025-01-16T02:24:00Z,0
2025-01-16T06:00:00Z,0.40288442
2025-01-16T06:36:00Z,0.9189681
2025-01-16T07:12:00Z,0
2025-01-16T07:48:00Z,0.80480283
2025-01-16T08:24:00Z,0
2025-01-16T09:00:00Z,0.11443264
2025-01-16T09:36:00Z,0.9283811
2025-01-16T10:12:00Z,0
2025-01-16T10:48:00Z,0.80600846
2025-01-16T11:24:00Z,0
2025-01-16T12:36:00Z,0.7725323
2025-01-16T13:12:00Z,0
2025-01-16T13:48:00Z,0.8255852
2025-01-16T14:24:00Z,0
2025-01-16T15:36:00Z,0.13801523
2025-01-16T16:12:00Z,0.7619896
2025-01-16T16:48:00Z,0
2025-01-16T17:24:00Z,0.848483
2025-01-16T18:00:00Z,0
2025-01-16T18:36:00Z,0.61999035
2025-01-16T19:12:00Z,0.39498475
2025-01-16T20:24:00Z,0.44248614
2025-01-16T21:00:00Z,0.8701051
2025-01-16T21:36:00Z,0
2025-01-16T22:48:00Z,0.46691018
2025-01-16T23:24:00Z,0.20500752
2025-01-17T00:00:00Z,0.9687972
2025-01-17T00:36:00Z,0
2025-01-17T01:12:00Z,0.77712893
2025-01-17T01:48:00Z,0
2025-01-17T03:00:00Z,0.96701
2025-01-17T03:36:00Z,0
2025-01-17T04:48:00Z,0.46108663
2025-01-17T05:24:00Z,0.3678788
2025-01-17T06:00:00Z,0.85034186
2025-01-17T06:36:00Z,0
2025-01-17T07:12:00Z,0.79531133
2025-01-17T07:48:00Z,0
2025-01-17T08:24:00Z,0.7443075
2025-01-17T09:00:00Z,0.39836523
2025-01-17T09:36:00Z,0.7789371
2025-01-17T10:12:00Z,0
2025-01-17T11:24:00Z,0.9340752
2025-01-17T12:00:00Z,0
2025-01-17T12:36:00Z,0.035599247
2025-01-17T13:12:00Z,0.9619801
2025-01-17T13:48:00Z,0
2025-01-17T14:24:00Z,0.8390283
2025-01-17T15:00:00Z,0
2025-01-17T16:48:00Z,0.1802729
2025-01-17T17:24:00Z,0.9983606
2025-01-17T18:00:00Z,0
2025-01-17T18:36:00Z,0.09017721
2025-01-17T19:12:00Z,0.80794823
2025-01-17T19:48:00Z,0
2025-01-17T20:24:00Z,0.007892781
2025-01-17T21:00:00Z,0.78710705
2025-01-17T21:36:00Z,0
2025-01-17T22:12:00Z,0.7383077
2025-01-17T22:48:00Z,0.26244026
2025-01-17T23:24:00Z,0.28417447
2025-01-18T00:00:00Z,0.7647633
2025-01-18T00:36:00Z,0
2025-01-18T01:12:00Z,0.4439584
2025-01-18T01:48:00Z,0.09513766
2025-01-18T02:24:00Z,0.7785045
2025-01-18T03:00:00Z,0
2025-01-18T03:36:00Z,0.95760185
2025-01-18T04:12:00Z,0
2025-01-18T04:48:00Z,0.72032166
2025-01-18T05:24:00Z,0.47425857
2025-01-18T06:00:00Z,0.97909456
2025-01-18T06:36:00Z,0
2025-01-18T07:12:00Z,0.35336366
2025-01-18T07:48:00Z,0.0012113899
2025-01-18T08:24:00Z,0.6456168
2025-01-18T09:00:00Z,0.5244496
2025-01-18T09:36:00Z,0.9394909
2025-01-18T10:12:00Z,0
2025-01-18T11:24:00Z,0.13811517
2025-01-18T12:00:00Z,0.7468414
2025-01-18T13:48:00Z,0.49357393
2025-01-18T14:24:00Z,0.7771517
2025-01-18T15:00:00Z,0
2025-01-18T15:36:00Z,0.16822666
2025-01-18T16:12:00Z,0.7887267
2025-01-18T16:48:00Z,0
2025-01-18T18:36:00Z,0.71431595
2025-01-18T19:12:00Z,0.36826706
2025-01-18T19:48:00Z,0.924927
2025-01-18T20:24:00Z,0
2025-01-18T21:00:00Z,0.9406592
2025-01-18T21:36:00Z,0
2025-01-18T22:12:00Z,0.79826605
2025-01-18T22:48:00Z,0
2025-01-18T23:24:00Z,0.4679241
2025-01-19T00:00:00Z,0.21254548
2025-01-19T00:36:00Z,0.54282254
2025-01-19T01:12:00Z,0.026188545
2025-01-19T01:48:00Z,0.5671845
2025-01-19T02:24:00Z,0.40913558
2025-01-19T03:36:00Z,0.95257014
2025-01-19T04:12:00Z,0
2025-01-19T04:48:00Z,0.7340556
2025-01-19T07:12:00Z,0.0326311
2025-01-19T09:00:00Z,0.64470726
2025-01-19T09:36:00Z,0.5216778
2025-01-19T10:12:00Z,0.9782411
2025-01-19T10:48:00Z,0
2025-01-19T11:24:00Z,0.551569
2025-01-19T12:00:00Z,0.45146903
2025-01-19T12:36:00Z,0.85853446
2025-01-19T13:12:00Z,0
2025-01-19T14:24:00Z,0.8682456
2025-01-19T15:00:00Z,0
2025-01-19T15:36:00Z,0.42497426
2025-01-19T16:48:00Z,0.09585395
2025-01-19T18:36:00Z,0.8134628
2025-01-19T19:12:00Z,0
2025-01-19T19:48:00Z,0.17272939
2025-01-19T20:24:00Z,0.9112422
2025-01-19T21:00:00Z,0
2025-01-19T21:36:00Z,0.48290807
2025-01-19T22:48:00Z,0.20105496
2025-01-20T00:00:00Z,0.5481545
2025-01-20T01:12:00Z,0.06822542
2025-01-20T01:48:00Z,0.40361091
2025-01-20T03:00:00Z,0.37210488
2025-01-20T04:12:00Z,0.36101878
2025-01-20T06:36:00Z,0.046489634
2025-01-20T07:48:00Z,0.89152
2025-01-20T08:24:00Z,0
2025-01-20T09:00:00Z,0.60483927
2025-01-20T10:12:00Z,0.92170054
2025-01-20T10:48:00Z,0
2025-01-20T11:24:00Z,0.646716
2025-01-20T12:00:00Z,0.26821837
2025-01-20T12:36:00Z,0.7671052
2025-01-20T13:12:00Z,0
2025-01-20T13:48:00Z,0.63975096
2025-01-20T15:00:00Z,0.3806575
2025-01-20T15:36:00Z,0.8429283
2025-01-20T16:12:00Z,0
2025-01-20T16:48:00Z,0.09653034
2025-01-20T17:24:00Z,0.76645035
2025-01-20T18:00:00Z,0
2025-01-20T19:12:00Z,0.61061394
2025-01-20T21:00:00Z,0.24575484
2025-01-20T22:12:00Z,0.947949
2025-01-20T22:48:00Z,0
2025-01-20T23:24:00Z,0.7845091
2025-01-21T00:00:00Z,0
2025-01-21T00:36:00Z,0.96607935
2025-01-21T01:12:00Z,0
2025-01-21T01:48:00Z,0.6797179
2025-01-21T02:24:00Z,0.94436353
2025-01-21T03:00:00Z,0
2025-01-21T03:36:00Z,0.64165753
2025-01-21T04:48:00Z,0.97641414
2025-01-21T05:24:00Z,0
2025-01-21T06:00:00Z,0.60752326
2025-01-21T06:36:00Z,0.08475907
2025-01-21T07:12:00Z,0.5649274
2025-01-21T07:48:00Z,0.5736224
2025-01-21T08:24:00Z,0.02528609
2025-01-21T09:00:00Z,0.8197541
2025-01-21T09:36:00Z,0
2025-01-21T10:48:00Z,0.45933503
2025-01-21T12:36:00Z,0.49760827
2025-01-21T13:12:00Z,0.3073056
2025-01-21T13:48:00Z,0.876705
2025-01-21T14:24:00Z,0
2025-01-21T15:00:00Z,0.47851598
2025-01-21T17:24:00Z,0.14918919
2025-01-21T18:00:00Z,0.6196991
2025-01-21T19:48:00Z,0.3939863
2025-01-21T20:24:00Z,0.9168384
2025-01-21T21:00:00Z,0
2025-01-21T21:36:00Z,0.0579315
2025-01-21T22:12:00Z,0.71933615
2025-01-21T23:24:00Z,0.5462357
2025-01-22T00:00:00Z,0.8144205
2025-01-22T00:36:00Z,0
2025-01-22T01:12:00Z,0.6095657
2025-01-22T01:48:00Z,0.31271577
2025-01-22T02:24:00Z,0.6179
2025-01-22T03:36:00Z,0.021047024
2025-01-22T04:48:00Z,0.70671207
2025-01-22T06:00:00Z,0.068406224
2025-01-22T07:12:00Z,0.91918963
2025-01-22T07:48:00Z,0
2025-01-22T08:24:00Z,0.07954221
2025-01-22T09:00:00Z,0.7931858
2025-01-22T09:36:00Z,0
2025-01-22T10:48:00Z,0.33581656
2025-01-22T11:24:00Z,0.8756527
2025-01-22T12:00:00Z,0
2025-01-22T12:36:00Z,0.83550733
2025-01-22T13:12:00Z,0
2025-01-22T14:24:00Z,0.48066017
2025-01-22T15:00:00Z,0.2539205
2025-01-22T16:12:00Z,0.97731704
2025-01-22T16:48:00Z,0
2025-01-22T19:12:00Z,0.14650749
2025-01-22T21:00:00Z,0.5338608
2025-01-22T21:36:00Z,0.94595075
2025-01-22T22:12:00Z,0
2025-01-22T22:48:00Z,0.69053173
2025-01-22T23:24:00Z,0.11339899
2025-01-23T01:48:00Z,0.4666948
2025-01-23T02:24:00Z,0.91216934
2025-01-23T03:00:00Z,0
2025-01-23T03:36:00Z,0.22895025
2025-01-23T04:12:00Z,0.9399467
2025-01-23T04:48:00Z,0
2025-01-23T06:36:00Z,0.7733804
2025-01-23T07:12:00Z,0
2025-01-23T07:48:00Z,0.5017242
2025-01-23T09:00:00Z,0.34240505
2025-01-23T09:36:00Z,0.8659439
2025-01-23T10:12:00Z,0
2025-01-23T10:48:00Z,0.062082257
2025-01-23T11:24:00Z,0.6414334
2025-01-23T12:00:00Z,0.08041253
2025-01-23T12:36:00Z,0.07338137
2025-01-23T13:48:00Z,0.56685543
2025-01-23T14:24:00Z,0.3382976
2025-01-23T15:00:00Z,0.74060845
2025-01-23T15:36:00Z,0.3035125
2025-01-23T16:48:00Z,0.012045936
2025-01-23T17:24:00Z,0.39007455
2025-01-23T18:00:00Z,7.99601e-05
2025-01-23T19:12:00Z,0.32738745
2025-01-23T19:48:00Z,0.21671718
2025-01-23T20:24:00Z,0.9122509
2025-01-23T21:00:00Z,0
2025-01-23T21:36:00Z,0.76999056
2025-01-23T22:12:00Z,0
2025-01-23T23:24:00Z,0.5198312
2025-01-24T00:36:00Z,0.16562958
2025-01-24T01:12:00Z,0.92251474
2025-01-24T01:48:00Z,0
2025-01-24T02:24:00Z,0.7416627
2025-01-24T03:00:00Z,0.4035693
2025-01-24T03:36:00Z,0.91808563
2025-01-24T04:12:00Z,0
2025-01-24T04:48:00Z,0.7468532
2025-01-24T05:24:00Z,0.9159301
2025-01-24T06:00:00Z,0
2025-01-24T06:36:00Z,0.76934403
2025-01-24T07:12:00Z,0
2025-01-24T09:00:00Z,0.9493402
2025-01-24T09:36:00Z,0
2025-01-24T10:12:00Z,0.727622
2025-01-24T10:48:00Z,0.18102534
2025-01-24T12:00:00Z,0.9187238
2025-01-24T12:36:00Z,0
2025-01-24T13:12:00Z,0.74096996
2025-01-24T14:24:00Z,0.2859834
2025-01-24T15:00:00Z,0.9774945
2025-01-24T15:36:00Z,0
2025-01-24T16:12:00Z,0.56038994
2025-01-24T16:48:00Z,0.23798145
2025-01-24T17:24:00Z,0.77221364
2025-01-24T18:00:00Z,0
2025-01-24T18:36:00Z,0.7642224
2025-01-24T19:12:00Z,0
2025-01-24T19:48:00Z,0.93146145
2025-01-24T20:24:00Z,0
2025-01-24T22:48:00Z,0.21905565
2025-01-24T23:24:00Z,0.65062934
2025-01-25T01:48:00Z,0.39653534
2025-01-25T02:24:00Z,0.08018486
2025-01-25T03:00:00Z,0.9983288
2025-01-25T03:36:00Z,0
2025-01-25T04:12:00Z,0.5039799
2025-01-25T04:48:00Z,0.35366422
2025-01-25T05:24:00Z,0.9354838
2025-01-25T06:00:00Z,0
2025-01-25T06:36:00Z,0.32432216
2025-01-25T07:12:00Z,0.025326068
2025-01-25T09:00:00Z,0.74781364
2025-01-25T09:36:00Z,0.3607741
2025-01-25T10:12:00Z,0.65376145
2025-01-25T10:48:00Z,0.27014375
2025-01-25T11:24:00Z,0.78246385
2025-01-25T12:00:00Z,0
2025-01-25T12:36:00Z,0.9463898
2025-01-25T13:12:00Z,0
2025-01-25T13:48:00Z,0.822742
2025-01-25T14:24:00Z,0
2025-01-25T15:00:00Z,0.10355839
2025-01-25T15:36:00Z,0.84176975
2025-01-25T16:12:00Z,0
2025-01-25T16:48:00Z,0.86564064
2025-01-25T17:24:00Z,0
2025-01-25T18:00:00Z,0.984425
2025-01-25T18:36:00Z,0
2025-01-25T19:12:00Z,0.99245256
2025-01-25T19:48:00Z,0
2025-01-25T21:00:00Z,0.29926068
2025-01-25T21:36:00Z,0.08122161
2025-01-25T22:12:00Z,0.68141574
2025-01-25T22:48:00Z,0.346078
2025-01-25T23:24:00Z,0.99906856
2025-01-26T00:00:00Z,0
2025-01-26T00:36:00Z,0.4995567
2025-01-26T01:12:00Z,0.24679236
2025-01-26T01:48:00Z,0.95165807
2025-01-26T02:24:00Z,0
2025-01-26T03:00:00Z,0.9302897
2025-01-26T03:36:00Z,0
2025-01-26T04:12:00Z,0.5604804
2025-01-26T04:48:00Z,0.025471292
2025-01-26T06:00:00Z,0.78909314
2025-01-26T06:36:00Z,0
2025-01-26T07:12:00Z,0.3651035
2025-01-26T07:48:00Z,0.32255706
2025-01-26T08:24:00Z,0.71272826
2025-01-26T09:36:00Z,0.3105026
2025-01-26T10:12:00Z,0.73808235
2025-01-26T12:00:00Z,0.6512858
2025-01-26T12:36:00Z,0.07086488
2025-01-26T13:12:00Z,0.71500885
2025-01-26T13:48:00Z,0.030562116
2025-01-26T15:36:00Z,0.9008713
2025-01-26T16:12:00Z,0
2025-01-26T16:48:00Z,0.019596742
2025-01-26T17:24:00Z,0.82339925
2025-01-26T18:00:00Z,0
2025-01-26T19:12:00Z,0.8836845
2025-01-26T19:48:00Z,0
2025-01-26T20:24:00Z,0.99258363
2025-01-26T21:00:00Z,0
2025-01-26T21:36:00Z,0.6764771
2025-01-26T23:24:00Z,0.30084306
2025-01-27T01:12:00Z,0.83575827
2025-01-27T01:48:00Z,0
2025-01-27T03:36:00Z,0.98330706
2025-01-27T04:12:00Z,0
2025-01-27T06:00:00Z,0.29284796
2025-01-27T06:36:00Z,0.89880264
2025-01-27T07:12:00Z,0
2025-01-27T07:48:00Z,0.63521963
2025-01-27T09:36:00Z,0.8423555
2025-01-27T10:12:00Z,0
2025-01-27T10:48:00Z,0.04574745
2025-01-27T12:00:00Z,0.88992906
2025-01-27T12:36:00Z,0
2025-01-27T13:48:00Z,0.25292814
2025-01-27T14:24:00Z,0.8326711
2025-01-27T15:00:00Z,0
2025-01-27T15:36:00Z,0.8734268
2025-01-27T16:12:00Z,0
2025-01-27T17:24:00Z,0.9040535
2025-01-27T18:00:00Z,0
2025-01-27T18:36:00Z,0.6536539
2025-01-27T19:48:00Z,0.40098453
2025-01-27T20:24:00Z,0.87595135
2025-01-27T21:00:00Z,0
2025-01-27T21:36:00Z,0.42159143
2025-01-27T22:48:00Z,0.7112987
2025-01-28T00:00:00Z,0.06734919
2025-01-28T00:36:00Z,0.7909289
2025-01-28T01:12:00Z,0
2025-01-28T02:24:00Z,0.048008095
2025-01-28T03:36:00Z,0.7309601
2025-01-28T04:12:00Z,0.07482914
2025-01-28T04:48:00Z,0.9515534
2025-01-28T05:24:00Z,0
2025-01-28T06:00:00Z,0.8223275
2025-01-28T06:36:00Z,0
2025-01-28T07:12:00Z,0.24934418
2025-01-28T07:48:00Z,0.0110466955
2025-01-28T08:24:00Z,0.17889911
2025-01-28T09:00:00Z,0.9197651
2025-01-28T09:36:00Z,0
2025-01-28T10:12:00Z,0.11919024
2025-01-28T10:48:00Z,0.7069458
2025-01-28T11:24:00Z,0.5737668
2025-01-28T12:00:00Z,0.935294
2025-01-28T12:36:00Z,0
2025-01-28T13:12:00Z,0.8100512
2025-01-28T13:48:00Z,0
2025-01-28T14:24:00Z,0.5076312
2025-01-28T15:00:00Z,0.11754008
2025-01-28T16:48:00Z,0.56365603
2025-01-28T17:24:00Z,0.07613084
2025-01-28T18:00:00Z,0.93227863
2025-01-28T18:36:00Z,0
2025-01-28T19:48:00Z,0.10070492
2025-01-28T20:24:00Z,0.8730893
2025-01-28T21:00:00Z,0
2025-01-28T22:12:00Z,0.57730424
2025-01-28T23:24:00Z,0.03949996
2025-01-29T00:36:00Z,0.75964165
2025-01-29T01:12:00Z,0
2025-01-29T01:48:00Z,0.7982441
2025-01-29T02:24:00Z,0
2025-01-29T03:36:00Z,0.54592097
2025-01-29T06:36:00Z,0.016849631
2025-01-29T07:12:00Z,0.802197
2025-01-29T07:48:00Z,0
2025-01-29T08:24:00Z,0.7332297
2025-01-29T10:12:00Z,0.93591654
2025-01-29T10:48:00Z,0
2025-01-29T12:36:00Z,0.7726832
2025-01-29T13:12:00Z,0
2025-01-29T14:24:00Z,0.28613466
2025-01-29T15:00:00Z,0.036675
2025-01-29T15:36:00Z,0.91829294
2025-01-29T16:12:00Z,0
2025-01-29T16:48:00Z,0.6899957
2025-01-29T17:24:00Z,0.029929519
2025-01-29T18:00:00Z,0.17803994
2025-01-29T18:36:00Z,0.9473908
2025-01-29T19:12:00Z,0
2025-01-29T19:48:00Z,0.090330824
2025-01-29T20:24:00Z,0.6281558
2025-01-29T21:00:00Z,0.4502274
2025-01-29T21:36:00Z,0.77786744
2025-01-29T22:12:00Z,0
2025-01-29T22:48:00Z,0.16230576
2025-01-29T23:24:00Z,0.982437
2025-01-30T00:00:00Z,0
2025-01-30T00:36:00Z,0.9067645
2025-01-30T01:12:00Z,0
2025-01-30T01:48:00Z,0.4065085
2025-01-30T02:24:00Z,0.38844717
2025-01-30T03:00:00Z,0.9009602
2025-01-30T03:36:00Z,0
2025-01-30T04:12:00Z,0.3839472
2025-01-30T05:24:00Z,0.3842517
2025-01-30T06:00:00Z,0.68847346
2025-01-30T07:12:00Z,0.053150777
2025-01-30T08:24:00Z,0.79441905
2025-01-30T09:00:00Z,0
2025-01-30T10:12:00Z,0.979353
2025-01-30T10:48:00Z,0
2025-01-30T11:24:00Z,0.99010587
2025-01-30T12:00:00Z,0
2025-01-30T12:36:00Z,0.24144302
2025-01-30T13:12:00Z,0.8832728
2025-01-30T13:48:00Z,0
2025-01-30T14:24:00Z,0.6495952
2025-01-30T16:12:00Z,0.6552853
2025-01-30T16:48:00Z,0.9859767
2025-01-30T17:24:00Z,0
2025-01-30T18:36:00Z,0.68324554
2025-01-30T19:12:00Z,0.34981018
2025-01-30T20:24:00Z,0.646442
2025-01-30T21:00:00Z,0.107246935
2025-01-30T21:36:00Z,0.72813606
2025-01-30T22:12:00Z,0.7940629
2025-01-30T22:48:00Z,0
2025-01-30T23:24:00Z,0.7968518
2025-01-31T00:00:00Z,0
2025-01-31T00:36:00Z,0.6059137
2025-01-31T01:12:00Z,0.034537934
2025-01-31T03:36:00Z,0.33290184
2025-01-31T04:12:00Z,0.96716976
2025-01-31T04:48:00Z,0
2025-01-31T06:36:00Z,0.90113896
2025-01-31T07:12:00Z,0
2025-01-31T09:36:00Z,0.75114554
2025-01-31T10:12:00Z,0
2025-01-31T12:00:00Z,0.427839
2025-01-31T12:36:00Z,0.23390816
2025-01-31T13:48:00Z,0.8841245
2025-01-31T14:24:00Z,0
2025-01-31T15:00:00Z,0.42255467
2025-01-31T15:36:00Z,0.3219907
2025-01-31T16:12:00Z,0.854917
2025-01-31T16:48:00Z,0
2025-01-31T17:24:00Z,0.98945737
2025-01-31T18:00:00Z,0
2025-01-31T18:36:00Z,0.65542775
2025-01-31T19:12:00Z,0.3407554
2025-01-31T19:48:00Z,0.94466054
2025-01-31T20:24:00Z,0
2025-01-31T21:00:00Z,0.45553616
2025-01-31T21:36:00Z,0.14966723
2025-01-31T22:12:00Z,0.6683364
2025-01-31T23:24:00Z,0.28230625
2025-02-01T00:00:00Z,0.47803497
2025-02-01T00:36:00Z,0.08614587
2025-02-01T01:12:00Z,0.13670722
2025-02-01T01:48:00Z,0.6591027
2025-02-01T03:00:00Z,0.44531533
2025-02-01T04:48:00Z,0.32611862
2025-02-01T05:24:00Z,0.018531207
2025-02-01T06:00:00Z,0.8343334
2025-02-01T06:36:00Z,0
2025-02-01T07:48:00Z,0.9583502
2025-02-01T08:24:00Z,0
2025-02-01T09:36:00Z,0.97602344
2025-02-01T10:12:00Z,0
2025-02-01T10:48:00Z,0.015092612
2025-02-01T11:24:00Z,0.7676461
2025-02-01T12:00:00Z,0
2025-02-01T12:36:00Z,0.0058749844
2025-02-01T13:12:00Z,0.42756814
2025-02-01T13:48:00Z,0.119214036
2025-02-01T16:12:00Z,0.73463744
2025-02-01T16:48:00Z,0.20843177
2025-02-01T18:00:00Z,0.42417747
2025-02-01T18:36:00Z,0.13358606
2025-02-01T19:12:00Z,0.4966391
2025-02-01T20:24:00Z,0.1468835
2025-02-01T21:00:00Z,0.41483918
2025-02-01T21:36:00Z,0.18302336
2025-02-01T22:12:00Z,0.85072666
2025-02-01T22:48:00Z,0
2025-02-02T00:00:00Z,0.6071142
2025-02-02T00:36:00Z,0.6286579
2025-02-02T01:12:00Z,0.07351519
2025-02-02T01:48:00Z,0.6881502
2025-02-02T02:24:00Z,0.57414705
2025-02-02T03:00:00Z,0.88985443
2025-02-02T03:36:00Z,0
2025-02-02T04:12:00Z,0.8046655
2025-02-02T04:48:00Z,0
2025-02-02T05:24:00Z,0.89444745
2025-02-02T06:00:00Z,0
2025-02-02T07:12:00Z,0.21049772
2025-02-02T07:48:00Z,0.9539149
2025-02-02T08:24:00Z,0
2025-02-02T09:00:00Z,0.3621402
2025-02-02T09:36:00Z,0.23982874
2025-02-02T10:12:00Z,0.70441264
2025-02-02T10:48:00Z,0.004774138
2025-02-02T11:24:00Z,0.9520994
2025-02-02T12:00:00Z,0
2025-02-02T12:36:00Z,0.76522714
2025-02-02T13:12:00Z,0
2025-02-02T13:48:00Z,0.9647169
2025-02-02T14:24:00Z,0
2025-02-02T15:00:00Z,0.86374474
2025-02-02T15:36:00Z,0
2025-02-02T16:12:00Z,0.81136966
2025-02-02T16:48:00Z,0
2025-02-02T17:24:00Z,0.79340315
2025-02-02T18:00:00Z,0
2025-02-02T19:12:00Z,0.93199706
2025-02-02T19:48:00Z,0
2025-02-02T20:24:00Z,0.61565703
2025-02-02T21:00:00Z,0.7902149
2025-02-02T21:36:00Z,0
2025-02-02T22:12:00Z,0.023114266
2025-02-02T22:48:00Z,0.95952964
2025-02-02T23:24:00Z,0
2025-02-03T00:00:00Z,0.803431
2025-02-03T00:36:00Z,0
2025-02-03T01:12:00Z,0.9556449
2025-02-03T01:48:00Z,0
2025-02-03T03:36:00Z,0.5377062
2025-02-03T04:12:00Z,0.10861514
2025-02-03T04:48:00Z,0.97837687
2025-02-03T05:24:00Z,0
2025-02-03T06:00:00Z,0.9196728
2025-02-03T06:36:00Z,0
2025-02-03T08:24:00Z,0.87256
2025-02-03T09:00:00Z,0
2025-02-03T09:36:00Z,0.7055722
2025-02-03T10:12:00Z,0.09495281
2025-02-03T10:48:00Z,0.86675787
2025-02-03T11:24:00Z,0
2025-02-03T12:00:00Z,0.48837855
2025-02-03T13:12:00Z,0.7377717
2025-02-03T13:48:00Z,0.4573595
2025-02-03T14:24:00Z,0.89676625
2025-02-03T15:00:00Z,0
2025-02-03T15:36:00Z,0.03978761
2025-02-03T16:12:00Z,0.70671815
2025-02-03T16:48:00Z,0.09124595
2025-02-03T17:24:00Z,0.58669704
2025-02-03T18:36:00Z,0.044601053
2025-02-03T19:12:00Z,0.8381414
2025-02-03T19:48:00Z,0
2025-02-03T20:24:00Z,0.7767494
2025-02-03T21:00:00Z,0
2025-02-03T22:12:00Z,0.9799167
2025-02-03T22:48:00Z,0
2025-02-03T23:24:00Z,0.97531635
2025-02-04T00:00:00Z,0
2025-02-04T01:12:00Z,0.9569485
2025-02-04T01:48:00Z,0
2025-02-04T02:24:00Z,0.98468715
2025-02-04T03:00:00Z,0
2025-02-04T03:36:00Z,0.979476
2025-02-04T04:12:00Z,0
2025-02-04T05:24:00Z,0.6900428
2025-02-04T06:36:00Z,0.5975442
2025-02-04T07:12:00Z,0.08335163
2025-02-04T07:48:00Z,0.0018547224
2025-02-04T09:00:00Z,0.5500906
2025-02-04T11:24:00Z,0.8704414
2025-02-04T12:00:00Z,0
2025-02-04T12:36:00Z,0.59768015
2025-02-04T15:36:00Z,0.9579605
2025-02-04T16:12:00Z,0
2025-02-04T16:48:00Z,0.52555966
2025-02-04T17:24:00Z,0.32235384
2025-02-04T18:00:00Z,0.92049
2025-02-04T18:36:00Z,0
2025-02-04T20:24:00Z,0.37785676
2025-02-04T21:00:00Z,0.28508103
2025-02-04T21:36:00Z,0.6427579
2025-02-04T22:12:00Z,0.167938
2025-02-04T23:24:00Z,0.20325914
2025-02-05T00:00:00Z,0.80144197
2025-02-05T00:36:00Z,0
2025-02-05T01:12:00Z,0.45454618
2025-02-05T01:48:00Z,0.0066362466
2025-02-05T03:36:00Z,0.72459644
2025-02-05T04:12:00Z,0.0017362726
2025-02-05T04:48:00Z,0.93405604
2025-02-05T05:24:00Z,0
2025-02-05T06:00:00Z,0.92817724
2025-02-05T06:36:00Z,0
2025-02-05T07:12:00Z,0.47792622
2025-02-05T08:24:00Z,0.040702045
2025-02-05T09:00:00Z,0.27908495
2025-02-05T09:36:00Z,0.92733544
2025-02-05T10:12:00Z,0
2025-02-05T10:48:00Z,0.83867276
2025-02-05T11:24:00Z,0
2025-02-05T12:00:00Z,0.9308066
2025-02-05T12:36:00Z,0
2025-02-05T15:00:00Z,0.7723617
2025-02-05T15:36:00Z,0
2025-02-05T16:12:00Z,0.5115747
2025-02-05T18:00:00Z,0.4081843
2025-02-05T19:12:00Z,0.84114593
2025-02-05T19:48:00Z,0
2025-02-05T20:24:00Z,0.45811623
2025-02-05T21:00:00Z,0.22250357
2025-02-05T21:36:00Z,0.8603431
2025-02-05T22:12:00Z,0
2025-02-05T22:48:00Z,0.870184
2025-02-05T23:24:00Z,0
2025-02-06T00:00:00Z,0.6902271
2025-02-06T00:36:00Z,0.65459716
2025-02-06T01:12:00Z,0.18702334
2025-02-06T01:48:00Z,0.8646823
2025-02-06T02:24:00Z,0
2025-02-06T03:00:00Z,0.085916884
2025-02-06T03:36:00Z,0.93364555
2025-02-06T04:12:00Z,0
2025-02-06T04:48:00Z,0.4140103
2025-02-06T06:36:00Z,0.37546843
2025-02-06T07:12:00Z,0.012553582
2025-02-06T07:48:00Z,0.6622455
2025-02-06T09:00:00Z,0.07592405
2025-02-06T10:12:00Z,0.52176046
2025-02-06T10:48:00Z,0.37143195
2025-02-06T11:24:00Z,0.6408406
2025-02-06T13:48:00Z,0.14943527
2025-02-06T14:24:00Z,0.9214788
2025-02-06T15:00:00Z,0
2025-02-06T15:36:00Z,0.73464566
2025-02-06T16:12:00Z,0.56569743
2025-02-06T16:48:00Z,0.89189774
2025-02-06T17:24:00Z,0
2025-02-06T18:36:00Z,0.8723849
2025-02-06T19:12:00Z,0
2025-02-06T19:48:00Z,0.97975206
2025-02-06T20:24:00Z,0
2025-02-06T21:00:00Z,0.1666076
2025-02-06T21:36:00Z,0.9155357
2025-02-06T22:12:00Z,0
2025-02-06T23:24:00Z,0.42892134
2025-02-07T00:00:00Z,0.98241687
2025-02-07T00:36:00Z,0
2025-02-07T01:12:00Z,0.60093474
2025-02-07T02:24:00Z,0.5611733
2025-02-07T03:00:00Z,0.8696822
2025-02-07T03:36:00Z,0
2025-02-07T06:00:00Z,0.74927986
2025-02-07T06:36:00Z,0.167699
2025-02-07T07:48:00Z,0.37313098
2025-02-07T08:24:00Z,0.07696825
2025-02-07T09:00:00Z,0.656332
2025-02-07T09:36:00Z,0.15028995
2025-02-07T10:12:00Z,0.12428355
2025-02-07T10:48:00Z,0.94768816
2025-02-07T11:24:00Z,0
2025-02-07T12:36:00Z,0.2866729
2025-02-07T13:12:00Z,0.8490452
2025-02-07T13:48:00Z,0
2025-02-07T14:24:00Z,0.64738065
2025-02-07T15:00:00Z,0.8097128
2025-02-07T15:36:00Z,0
2025-02-07T16:12:00Z,0.20615909
2025-02-07T16:48:00Z,0.9005108
2025-02-07T17:24:00Z,0
2025-02-07T18:36:00Z,0.7588363
2025-02-07T19:12:00Z,0
2025-02-07T19:48:00Z,0.6928437
2025-02-07T20:24:00Z,0.20243919
2025-02-07T21:00:00Z,0.41282976
2025-02-07T21:36:00Z,0.10230076
2025-02-07T23:24:00Z,0.76198906
2025-02-08T00:00:00Z,0
2025-02-08T00:36:00Z,0.66351265
2025-02-08T01:12:00Z,0.88313246
2025-02-08T01:48:00Z,0
2025-02-08T02:24:00Z,0.507592
2025-02-08T03:00:00Z,0.0184637
2025-02-08T03:36:00Z,0.62971526
2025-02-08T04:12:00Z,0.430046
2025-02-08T04:48:00Z,0.8327116
2025-02-08T05:24:00Z,0
2025-02-08T06:00:00Z,0.41429007
2025-02-08T07:48:00Z,0.28934005
2025-02-08T08:24:00Z,0.6330251
2025-02-08T09:00:00Z,0.11308042
2025-02-08T10:12:00Z,0.2575633
2025-02-08T10:48:00Z,0.7527239
2025-02-08T11:24:00Z,0
2025-02-08T12:00:00Z,0.11583523
2025-02-08T12:36:00Z,0.93914086
2025-02-08T13:12:00Z,0
2025-02-08T16:12:00Z,0.14712867
2025-02-08T18:00:00Z,0.6834359
2025-02-08T19:12:00Z,0.64291185
2025-02-08T19:48:00Z,0.048236765
2025-02-08T21:00:00Z,0.98080707
2025-02-08T21:36:00Z,0
2025-02-08T22:48:00Z,0.8277632
2025-02-08T23:24:00Z,0
2025-02-09T00:00:00Z,0.9825651
2025-02-09T00:36:00Z,0
2025-02-09T01:12:00Z,0.8496006
2025-02-09T01:48:00Z,0
2025-02-09T02:24:00Z,0.16601828
2025-02-09T03:00:00Z,0.9884545
2025-02-09T03:36:00Z,0
2025-02-09T04:12:00Z,0.44834378
2025-02-09T06:00:00Z,0.56650484
2025-02-09T06:36:00Z,0.3053554
2025-02-09T07:48:00Z,0.55927473
2025-02-09T09:00:00Z,0.83853066
2025-02-09T09:36:00Z,0
2025-02-09T10:48:00Z,0.84115756
2025-02-09T11:24:00Z,0
2025-02-09T12:00:00Z,0.4239424
2025-02-09T12:36:00Z,0.21575606
2025-02-09T13:12:00Z,0.74042594
2025-02-09T14:24:00Z,0.03178764
2025-02-09T15:36:00Z,0.9506075
2025-02-09T16:12:00Z,0
2025-02-09T16:48:00Z,0.40653798
2025-02-09T17:24:00Z,0.1669406
2025-02-09T18:36:00Z,0.6783138
2025-02-09T19:48:00Z,0.13406518
2025-02-09T20:24:00Z,0.12254544
2025-02-09T21:00:00Z,0.960312
2025-02-09T21:36:00Z,0
2025-02-09T22:12:00Z,0.9377498
2025-02-09T22:48:00Z,0
2025-02-10T00:00:00Z,0.9087348
2025-02-10T00:36:00Z,0
2025-02-10T01:12:00Z,0.12757967
2025-02-10T01:48:00Z,0.66254413
2025-02-10T02:24:00Z,0.07173306
2025-02-10T03:00:00Z,0.9690309
2025-02-10T03:36:00Z,0
2025-02-10T04:12:00Z,0.57983077
2025-02-10T05:24:00Z,0.7949811
2025-02-10T06:00:00Z,0
2025-02-10T06:36:00Z,0.90391755
2025-02-10T07:12:00Z,0
2025-02-10T09:00:00Z,0.73128146
2025-02-10T09:36:00Z,0.62637985
2025-02-10T10:12:00Z,0.010869704
2025-02-10T10:48:00Z,0.49145642
2025-02-10T12:00:00Z,0.15897332
2025-02-10T13:48:00Z,0.92723334
2025-02-10T14:24:00Z,0
2025-02-10T15:00:00Z,0.6381333
2025-02-10T15:36:00Z,0.78070724
2025-02-10T16:12:00Z,0
2025-02-10T16:48:00Z,0.6182449
2025-02-10T18:00:00Z,0.3193087
2025-02-10T18:36:00Z,0.9148707
2025-02-10T19:12:00Z,0
2025-02-10T19:48:00Z,0.92252254
2025-02-10T20:24:00Z,0
2025-02-10T21:00:00Z,0.96972704
2025-02-10T21:36:00Z,0
2025-02-10T22:12:00Z,0.6426785
2025-02-10T22:48:00Z,0.33460376
2025-02-10T23:24:00Z,0.56034654
2025-02-11T00:00:00Z,0.01678445
2025-02-11T00:36:00Z,0.17062946
2025-02-11T01:12:00Z,0.8793623
2025-02-11T01:48:00Z,0
2025-02-11T03:00:00Z,0.8764578
2025-02-11T03:36:00Z,0
2025-02-11T04:12:00Z,0.4131582
2025-02-11T04:48:00Z,0.1894141
2025-02-11T05:24:00Z,0.89143604
2025-02-11T06:00:00Z,0
2025-02-11T07:12:00Z,0.7596533
2025-02-11T07:48:00Z,0
2025-02-11T08:24:00Z,0.8156591
2025-02-11T09:00:00Z,0
2025-02-11T10:12:00Z,0.7073916
2025-02-11T12:36:00Z,0.016492896
2025-02-11T13:12:00Z,0.86807734
2025-02-11T13:48:00Z,0
2025-02-11T15:36:00Z,0.10625666
2025-02-11T16:12:00Z,0.8463483
2025-02-11T16:48:00Z,0
2025-02-11T17:24:00Z,0.96770483
2025-02-11T18:00:00Z,0
2025-02-11T19:12:00Z,0.907613
2025-02-11T19:48:00Z,0
2025-02-11T20:24:00Z,0.19351868
2025-02-11T21:00:00Z,0.9523857
2025-02-11T21:36:00Z,0
2025-02-11T22:48:00Z,0.9574001
2025-02-11T23:24:00Z,0
2025-02-12T00:00:00Z,0.49382925
2025-02-12T00:36:00Z,0.3674115
2025-02-12T01:12:00Z,0.9697996
2025-02-12T01:48:00Z,0
2025-02-12T02:24:00Z,0.5904716
2025-02-12T03:00:00Z,0.5604647
2025-02-12T03:36:00Z,0.9650145
2025-02-12T04:12:00Z,0
2025-02-12T04:48:00Z,0.52692133
2025-02-12T06:36:00Z,0.23407355
2025-02-12T07:12:00Z,0.79012966
2025-02-12T07:48:00Z,0
2025-02-12T08:24:00Z,0.5952442
2025-02-12T09:00:00Z,0.10487736
2025-02-12T10:12:00Z,0.8562381
2025-02-12T10:48:00Z,0
2025-02-12T12:00:00Z,0.53349584
2025-02-12T12:36:00Z,0.14254323
2025-02-12T13:12:00Z,0.9263317
2025-02-12T13:48:00Z,0
2025-02-12T14:24:00Z,0.08198107
2025-02-12T15:00:00Z,0.9922358
2025-02-12T15:36:00Z,0
2025-02-12T16:48:00Z,0.109485075
2025-02-12T17:24:00Z,0.96271294
2025-02-12T18:00:00Z,0
2025-02-12T18:36:00Z,0.6561724
2025-02-12T19:12:00Z,0.8292823
2025-02-12T19:48:00Z,0
2025-02-12T20:24:00Z,0.7715895
2025-02-12T21:00:00Z,0
2025-02-12T21:36:00Z,0.7902903
2025-02-12T22:12:00Z,0
2025-02-12T22:48:00Z,0.9038553
2025-02-12T23:24:00Z,0
2025-02-13T00:00:00Z,0.6949734
2025-02-13T00:36:00Z,0.8076164
2025-02-13T01:12:00Z,0
2025-02-13T01:48:00Z,0.61647415
2025-02-13T03:00:00Z,0.7403397
2025-02-13T04:12:00Z,0.27662677
2025-02-13T04:48:00Z,0.54309386
2025-02-13T05:24:00Z,0.1676245
2025-02-13T06:00:00Z,0.21516977
2025-02-13T06:36:00Z,0.8111996
2025-02-13T07:12:00Z,0
2025-02-13T07:48:00Z,0.84428096
2025-02-13T08:24:00Z,0
2025-02-13T09:36:00Z,0.818041
2025-02-13T10:12:00Z,0
2025-02-13T10:48:00Z,0.9602249
2025-02-13T11:24:00Z,0
2025-02-13T12:00:00Z,0.8928775
2025-02-13T12:36:00Z,0
2025-02-13T13:12:00Z,0.92923164
2025-02-13T13:48:00Z,0
2025-02-13T15:00:00Z,0.83824617
2025-02-13T15:36:00Z,0
2025-02-13T16:12:00Z,0.8960654
2025-02-13T16:48:00Z,0
2025-02-13T17:24:00Z,0.6748457
2025-02-13T18:00:00Z,0.88577753
2025-02-13T18:36:00Z,0
2025-02-13T19:48:00Z,0.90582794
2025-02-13T20:24:00Z,0
2025-02-13T21:00:00Z,0.074875526
2025-02-13T21:36:00Z,0.7253138
2025-02-13T22:48:00Z,0.21087827
2025-02-13T23:24:00Z,0.7103367
2025-02-14T00:00:00Z,0.22638448
2025-02-14T01:12:00Z,0.6858753
2025-02-14T01:48:00Z,0.15483397
2025-02-14T03:00:00Z,0.4061985
2025-02-14T03:36:00Z,0.16215518
2025-02-14T04:48:00Z,0.8677521
2025-02-14T05:24:00Z,0
2025-02-14T06:00:00Z,0.6475446
2025-02-14T06:36:00Z,0.6770213
2025-02-14T07:12:00Z,0.07218365
2025-02-14T08:24:00Z,0.9202901
2025-02-14T09:00:00Z,0
2025-02-14T09:36:00Z,0.07321299
2025-02-14T10:48:00Z,0.9979012
2025-02-14T11:24:00Z,0
2025-02-14T12:36:00Z,0.8451205
2025-02-14T13:12:00Z,0
2025-02-14T14:24:00Z,0.5587291
2025-02-14T16:48:00Z,0.101212144
2025-02-14T17:24:00Z,0.89949477
2025-02-14T18:00:00Z,0
2025-02-14T18:36:00Z,0.65822315
2025-02-14T19:12:00Z,0.013864598
2025-02-14T19:48:00Z,0.6843925
2025-02-14T20:24:00Z,0.70175195
2025-02-14T21:00:00Z,0.06311531
2025-02-14T22:48:00Z,0.7979227
2025-02-14T23:24:00Z,0
2025-02-15T00:36:00Z,0.115208395
2025-02-15T01:12:00Z,0.5776016
2025-02-15T01:48:00Z,0.30698645
2025-02-15T02:24:00Z,0.48619312
2025-02-15T03:00:00Z,0.22730261
2025-02-15T03:36:00Z,0.7992711
2025-02-15T04:12:00Z,0
2025-02-15T04:48:00Z,0.6628949
2025-02-15T05:24:00Z,0.55668354
2025-02-15T06:00:00Z,0.9819774
2025-02-15T06:36:00Z,0
2025-02-15T07:12:00Z,0.7552641
2025-02-15T07:48:00Z,0
2025-02-15T09:00:00Z,0.14089447
2025-02-15T09:36:00Z,0.78245896
2025-02-15T10:12:00Z,0
2025-02-15T10:48:00Z,0.95741785
2025-02-15T11:24:00Z,0
2025-02-15T12:00:00Z,0.71616185
2025-02-15T12:36:00Z,0.22870226
2025-02-15T13:48:00Z,0.896906
2025-02-15T14:24:00Z,0
2025-02-15T16:12:00Z,0.4024809
2025-02-15T16:48:00Z,0.16619119
2025-02-15T17:24:00Z,0.98399353
2025-02-15T18:00:00Z,0
2025-02-15T18:36:00Z,0.9157556
2025-02-15T19:12:00Z,0
2025-02-15T19:48:00Z,0.59499204
2025-02-15T20:24:00Z,0.43401623
2025-02-15T21:36:00Z,0.779471
2025-02-15T22:12:00Z,0
2025-02-15T22:48:00Z,0.32681626
2025-02-16T00:00:00Z,0.1263006
2025-02-16T00:36:00Z,0.13099097
2025-02-16T01:12:00Z,0.63001657
2025-02-16T01:48:00Z,0.39857057
2025-02-16T02:24:00Z,0.9488316
2025-02-16T03:00:00Z,0
2025-02-16T03:36:00Z,0.52384895
2025-02-16T05:24:00Z,0.34698626
2025-02-16T06:00:00Z,0.83611214
2025-02-16T06:36:00Z,0
2025-02-16T07:12:00Z,0.8673801
2025-02-16T07:48:00Z,0
2025-02-16T08:24:00Z,0.86320996
2025-02-16T09:00:00Z,0
2025-02-16T10:12:00Z,0.2193367
2025-02-16T10:48:00Z,0.94082296
2025-02-16T11:24:00Z,0
2025-02-16T12:36:00Z,0.47074306
2025-02-16T13:12:00Z,0.07654826
2025-02-16T14:24:00Z,0.29043576
2025-02-16T15:00:00Z,0.9376574
2025-02-16T15:36:00Z,0
2025-02-16T16:12:00Z,0.78287035
2025-02-16T16:48:00Z,0
2025-02-16T18:36:00Z,0.030716654
2025-02-16T19:12:00Z,0.8160539
2025-02-16T19:48:00Z,0
2025-02-16T20:24:00Z,0.9549925
2025-02-16T21:00:00Z,0
2025-02-16T21:36:00Z,0.84825647
2025-02-16T22:12:00Z,0
2025-02-16T23:24:00Z,0.6547064
2025-02-17T00:00:00Z,0.051768396
2025-02-17T00:36:00Z,0.20054658
2025-02-17T01:12:00Z,0.8669026
2025-02-17T01:48:00Z,0
2025-02-17T02:24:00Z,0.8192546
2025-02-17T03:00:00Z,0
2025-02-17T03:36:00Z,0.11158554
2025-02-17T04:12:00Z,0.96594024
2025-02-17T04:48:00Z,0
2025-02-17T05:24:00Z,0.75495225
2025-02-17T06:00:00Z,0
2025-02-17T06:36:00Z,0.4047931
2025-02-17T07:12:00Z,0.05999427
2025-02-17T07:48:00Z,0.5621926
2025-02-17T09:36:00Z,0.22711752
2025-02-17T10:12:00Z,0.8777054
2025-02-17T10:48:00Z,0
2025-02-17T12:00:00Z,0.060776968
2025-02-17T12:36:00Z,0.7258231
2025-02-17T13:12:00Z,0.43983
2025-02-17T14:24:00Z,0.40742376
2025-02-17T15:00:00Z,0.11852391
2025-02-17T15:36:00Z,0.6123032
2025-02-17T16:12:00Z,0.29513797
2025-02-17T16:48:00Z,0.40034127
2025-02-17T17:24:00Z,0.9728479
2025-02-17T18:00:00Z,0
2025-02-17T18:36:00Z,0.18365733
2025-02-17T19:12:00Z,0.8453847
2025-02-17T19:48:00Z,0
2025-02-17T20:24:00Z,0.9043425
2025-02-17T21:00:00Z,0
2025-02-17T21:36:00Z,0.7617915
2025-02-17T22:12:00Z,0
2025-02-17T22:48:00Z,0.41530213
2025-02-17T23:24:00Z,0.27196056
2025-02-18T00:00:00Z,0.7090322
2025-02-18T01:12:00Z,0.049910646
2025-02-18T03:00:00Z,0.4682622
2025-02-18T04:12:00Z,0.1708868
2025-02-18T06:36:00Z,0.894613
2025-02-18T07:12:00Z,0
2025-02-18T07:48:00Z,0.69131756
2025-02-18T08:24:00Z,0.1187821
2025-02-18T09:00:00Z,0.6420709
2025-02-18T09:36:00Z,0.22197206
2025-02-18T10:48:00Z,0.6877023
2025-02-18T12:00:00Z,0.31062645
2025-02-18T12:36:00Z,0.5876592
2025-02-18T13:12:00Z,0.21513484
2025-02-18T14:24:00Z,0.71654034
2025-02-18T15:36:00Z,0.15861957
2025-02-18T16:48:00Z,0.62044644
2025-02-18T17:24:00Z,0.07912033
2025-02-18T18:00:00Z,0.9772477
2025-02-18T18:36:00Z,0
2025-02-18T19:12:00Z,0.36829686
2025-02-18T20:24:00Z,0.37167674
2025-02-18T21:36:00Z,0.6551848
2025-02-18T22:12:00Z,0.17413719
2025-02-18T22:48:00Z,0.44821647
2025-02-18T23:24:00Z,0.022745837
2025-02-19T00:36:00Z,0.70742273
2025-02-19T01:12:00Z,0.085729994
2025-02-19T01:48:00Z,0.5129129
2025-02-19T03:36:00Z,0.21753126
2025-02-19T04:12:00Z,0.69101775
2025-02-19T04:48:00Z,0.2883644
2025-02-19T05:24:00Z,0.71751595
2025-02-19T06:36:00Z,0.30923447
2025-02-19T07:12:00Z,0.90960675
2025-02-19T07:48:00Z,0
2025-02-19T08:24:00Z,0.8130093
2025-02-19T09:00:00Z,0
2025-02-19T11:24:00Z,0.23433365
2025-02-19T12:36:00Z,0.5745061
2025-02-19T15:00:00Z,0.32373008
2025-02-19T15:36:00Z,0.9655098
2025-02-19T16:12:00Z,0
2025-02-19T17:24:00Z,0.30607817
2025-02-19T18:36:00Z,0.08982462
2025-02-19T19:12:00Z,0.70603716
2025-02-19T21:36:00Z,0.53975093
2025-02-19T22:12:00Z,0.8101461
2025-02-19T22:48:00Z,0
2025-02-19T23:24:00Z,0.55636597
2025-02-20T01:12:00Z,0.15712632
2025-02-20T01:48:00Z,0.72989976
2025-02-20T03:00:00Z,0.7722291
2025-02-20T03:36:00Z,0
2025-02-20T04:12:00Z,0.59422153
2025-02-20T05:24:00Z,0.0932641
2025-02-20T06:36:00Z,0.69324285
2025-02-20T09:36:00Z,0.791114
2025-02-20T10:12:00Z,0
2025-02-20T10:48:00Z,0.494934
2025-02-20T11:24:00Z,0.13207968
2025-02-20T12:00:00Z,0.8073817
2025-02-20T12:36:00Z,0
2025-02-20T13:12:00Z,0.82748353
2025-02-20T13:48:00Z,0
2025-02-20T14:24:00Z,0.62420166
2025-02-20T15:00:00Z,0.77920103
2025-02-20T15:36:00Z,0
2025-02-20T16:48:00Z,0.41057202
2025-02-20T17:24:00Z,0.248149
2025-02-20T18:36:00Z,0.76537174
2025-02-20T19:12:00Z,0
2025-02-20T19:48:00Z,0.86819404
2025-02-20T20:24:00Z,0
2025-02-20T21:00:00Z,0.80635774
2025-02-20T21:36:00Z,0
2025-02-20T22:12:00Z,0.63274914
2025-02-20T22:48:00Z,0.08687961
2025-02-20T23:24:00Z,0.59767014
2025-02-21T00:36:00Z,0.27696154
2025-02-21T01:12:00Z,0.9483022
2025-02-21T01:48:00Z,0
2025-02-21T02:24:00Z,0.7813492
2025-02-21T03:00:00Z,0
2025-02-21T04:12:00Z,0.9120094
2025-02-21T04:48:00Z,0
2025-02-21T05:24:00Z,0.70477986
2025-02-21T06:00:00Z,0.8108538
2025-02-21T06:36:00Z,0
2025-02-21T07:12:00Z,0.6619007
2025-02-21T07:48:00Z,0.3867196
2025-02-21T09:00:00Z,0.9706546
2025-02-21T09:36:00Z,0
2025-02-21T10:48:00Z,0.8746599
2025-02-21T11:24:00Z,0
2025-02-21T12:00:00Z,0.6155641
2025-02-21T13:12:00Z,0.27696007
2025-02-21T13:48:00Z,0.6911742
2025-02-21T15:36:00Z,0.06825108
2025-02-21T16:48:00Z,0.7093596
2025-02-21T17:24:00Z,0.27228937
2025-02-21T18:36:00Z,0.19174922
2025-02-21T19:12:00Z,0.46915638
2025-02-21T19:48:00Z,0.04653636
2025-02-21T21:00:00Z,0.7720276
2025-02-21T21:36:00Z,0
2025-02-21T22:12:00Z,0.37241876
2025-02-21T22:48:00Z,0.3369831
2025-02-21T23:24:00Z,0.8592677
2025-02-22T00:00:00Z,0
2025-02-22T00:36:00Z,0.45656854
2025-02-22T01:12:00Z,0.25254995
2025-02-22T01:48:00Z,0.59024733
2025-02-22T02:24:00Z,0.5091286
2025-02-22T03:00:00Z,0.9945085
2025-02-22T03:36:00Z,0
2025-02-22T04:48:00Z,0.8798717
2025-02-22T05:24:00Z,0
2025-02-22T06:00:00Z,0.5640935
2025-02-22T06:36:00Z,0.68796456
2025-02-22T07:48:00Z,0.06526886
2025-02-22T08:24:00Z,0.11004548
2025-02-22T09:00:00Z,0.79504895
2025-02-22T09:36:00Z,0
2025-02-22T10:12:00Z,0.88122547
2025-02-22T10:48:00Z,0
2025-02-22T11:24:00Z,0.92060477
2025-02-22T12:00:00Z,0
2025-02-22T12:36:00Z,0.99989814
2025-02-22T13:12:00Z,0
2025-02-22T15:00:00Z,0.54169446
2025-02-22T16:12:00Z,0.4290923
2025-02-22T16:48:00Z,0.7701566
2025-02-22T17:24:00Z,0
2025-02-22T18:00:00Z,0.73598456
2025-02-22T18:36:00Z,0.019149814
2025-02-22T19:48:00Z,0.4383659
2025-02-22T20:24:00Z,0.00670108
2025-02-22T21:36:00Z,0.10107345
2025-02-22T22:12:00Z,0.5266628
2025-02-22T22:48:00Z,0.19569673
2025-02-22T23:24:00Z,0.8827077
2025-02-23T00:00:00Z,0
2025-02-23T01:12:00Z,0.17709647
2025-02-23T01:48:00Z,0.96239054
2025-02-23T02:24:00Z,0
2025-02-23T03:36:00Z,0.0927648
2025-02-23T04:12:00Z,0.93085074
2025-02-23T04:48:00Z,0
2025-02-23T06:00:00Z,0.95794225
2025-02-23T06:36:00Z,0
2025-02-23T08:24:00Z,0.36199316
2025-02-23T09:00:00Z,0.16718066
2025-02-23T09:36:00Z,0.80921054
2025-02-23T10:12:00Z,0
2025-02-23T10:48:00Z,0.7529776
2025-02-23T11:24:00Z,0
2025-02-23T12:00:00Z,0.9601642
2025-02-23T12:36:00Z,0
2025-02-23T13:12:00Z,0.7416715
2025-02-23T13:48:00Z,0.8128497
2025-02-23T14:24:00Z,0
2025-02-23T15:36:00Z,0.88870215
2025-02-23T16:12:00Z,0
2025-02-23T16:48:00Z,0.71475935
2025-02-23T18:00:00Z,0.0056655654
2025-02-23T18:36:00Z,0.60045475
2025-02-23T19:12:00Z,0.20986275
2025-02-23T20:24:00Z,0.91068286
2025-02-23T21:00:00Z,0
2025-02-23T22:12:00Z,0.79892576
2025-02-23T22:48:00Z,0
2025-02-23T23:24:00Z,0.9695148
2025-02-24T00:00:00Z,0
2025-02-24T01:48:00Z,0.62607616
2025-02-24T02:24:00Z,0.06631985
2025-02-24T03:36:00Z,0.5030449
2025-02-24T04:48:00Z,0.20307004
2025-02-24T06:00:00Z,0.8895249
2025-02-24T06:36:00Z,0
2025-02-24T07:12:00Z,0.5931824
2025-02-24T07:48:00Z,0.009555222
2025-02-24T08:24:00Z,0.775256
2025-02-24T09:00:00Z,0
2025-02-24T09:36:00Z,0.93639815
2025-02-24T10:12:00Z,0
2025-02-24T10:48:00Z,0.76758844
2025-02-24T11:24:00Z,0
2025-02-24T12:00:00Z,0.67027444
2025-02-24T12:36:00Z,0.008589265
2025-02-24T13:12:00Z,0.747877
2025-02-24T13:48:00Z,0.7769914
2025-02-24T14:24:00Z,0
2025-02-24T15:36:00Z,0.3774985
2025-02-24T16:48:00Z,0.32478294
2025-02-24T17:24:00Z,0.99724317
2025-02-24T18:00:00Z,0
2025-02-24T18:36:00Z,0.99169505
2025-02-24T19:12:00Z,0
2025-02-24T21:00:00Z,0.8432388
2025-02-24T21:36:00Z,0
2025-02-24T22:12:00Z,0.7450084
2025-02-24T22:48:00Z,0.18205886
2025-02-24T23:24:00Z,0.89850044
2025-02-25T00:00:00Z,0
2025-02-25T00:36:00Z,0.74810296
2025-02-25T01:12:00Z,0.6260093
2025-02-25T01:48:00Z,0.963593
2025-02-25T02:24:00Z,0
2025-02-25T03:00:00Z,0.1822849
2025-02-25T03:36:00Z,0.8804691
2025-02-25T04:12:00Z,0
2025-02-25T06:00:00Z,0.23550683
2025-02-25T06:36:00Z,0.0298119
2025-02-25T07:48:00Z,0.29936782
2025-02-25T08:24:00Z,0.13393325
2025-02-25T09:00:00Z,0.9707914
2025-02-25T09:36:00Z,0
2025-02-25T10:12:00Z,0.98215586
2025-02-25T10:48:00Z,0
2025-02-25T12:00:00Z,0.8376131
2025-02-25T12:36:00Z,0
2025-02-25T13:48:00Z,0.041358665
2025-02-25T14:24:00Z,0.5737286
2025-02-25T15:36:00Z,0.7206822
2025-02-25T16:12:00Z,0.04355588
2025-02-25T18:36:00Z,0.37656462
2025-02-25T19:48:00Z,0.13948259
2025-02-25T20:24:00Z,0.7141728
2025-02-25T21:00:00Z,0.24755721
2025-02-25T22:12:00Z,0.209312
2025-02-25T23:24:00Z,0.99527085
2025-02-26T00:00:00Z,0
2025-02-26T01:12:00Z,0.9158018
2025-02-26T01:48:00Z,0
2025-02-26T02:24:00Z,0.7369158
2025-02-26T03:00:00Z,0.47396973
2025-02-26T03:36:00Z,0.8974022
2025-02-26T04:12:00Z,0
2025-02-26T05:24:00Z,0.52521724
2025-02-26T06:00:00Z,0.34123924
2025-02-26T08:24:00Z,0.533704
2025-02-26T09:00:00Z,0.91276205
2025-02-26T09:36:00Z,0
2025-02-26T10:48:00Z,0.8541594
2025-02-26T11:24:00Z,0
2025-02-26T12:00:00Z,0.85924673
2025-02-26T12:36:00Z,0
2025-02-26T13:12:00Z,0.24990645
2025-02-26T13:48:00Z,0.9816706
2025-02-26T14:24:00Z,0
2025-02-26T15:00:00Z,0.8493629
2025-02-26T15:36:00Z,0
2025-02-26T16:12:00Z,0.76708686
2025-02-26T16:48:00Z,0
2025-02-26T17:24:00Z,0.99480516
2025-02-26T18:00:00Z,0
2025-02-26T19:12:00Z,0.68247527
2025-02-26T19:48:00Z,0.0073447824
2025-02-26T21:36:00Z,0.31902942
2025-02-26T22:12:00Z,0.90069336
2025-02-26T22:48:00Z,0
2025-02-27T00:00:00Z,0.70388395
2025-02-27T01:12:00Z,0.78537774
2025-02-27T01:48:00Z,0
2025-02-27T02:24:00Z,0.4903383
2025-02-27T03:36:00Z,0.48109716
2025-02-27T04:12:00Z,0.059874754
2025-02-27T04:48:00Z,0.79805326
2025-02-27T05:24:00Z,0
2025-02-27T06:00:00Z,0.43395564
2025-02-27T06:36:00Z,0.23690274
2025-02-27T07:12:00Z,0.91683525
2025-02-27T07:48:00Z,0
2025-02-27T08:24:00Z,0.64607203
2025-02-27T10:48:00Z,0.1666514
2025-02-27T11:24:00Z,0.9468437
2025-02-27T12:00:00Z,0
2025-02-27T13:48:00Z,0.25391424
2025-02-27T14:24:00Z,0.85018724
2025-02-27T15:00:00Z,0
2025-02-27T15:36:00Z,0.5845219
2025-02-27T16:48:00Z,0.11144186
2025-02-27T18:00:00Z,0.61915994
2025-02-27T18:36:00Z,0.2972357
2025-02-27T19:12:00Z,0.6734269
2025-02-27T19:48:00Z,0.06291615
2025-02-27T21:36:00Z,0.91197205
2025-02-27T22:12:00Z,0
2025-02-27T22:48:00Z,0.8517296
2025-02-27T23:24:00Z,0
2025-02-28T00:00:00Z,0.21826161
2025-02-28T00:36:00Z,0.88047343
2025-02-28T01:12:00Z,0
2025-02-28T01:48:00Z,0.8630795
2025-02-28T02:24:00Z,0
2025-02-28T03:00:00Z,0.66554374
2025-02-28T03:36:00Z,0.7681175
2025-02-28T04:12:00Z,0
2025-02-28T04:48:00Z,0.76955366
2025-02-28T05:24:00Z,0
2025-02-28T06:00:00Z,0.9845675
2025-02-28T06:36:00Z,0
2025-02-28T07:12:00Z,0.48225835
2025-02-28T07:48:00Z,0.17113613
2025-02-28T08:24:00Z,0.5429999
2025-02-28T09:00:00Z,0.08562077
2025-02-28T10:48:00Z,0.47007552
2025-02-28T12:00:00Z,0.7837676
2025-02-28T12:36:00Z,0
2025-02-28T14:24:00Z,0.7893673
2025-02-28T15:00:00Z,0
2025-02-28T16:48:00Z,0.5566632
2025-02-28T17:24:00Z,0.2901819
2025-02-28T18:00:00Z,0.9621039
2025-02-28T18:36:00Z,0
2025-02-28T20:24:00Z,0.27572653
2025-02-28T21:00:00Z,0.96203625
2025-02-28T21:36:00Z,0
2025-02-28T22:12:00Z,0.83420134
2025-02-28T22:48:00Z,0
2025-03-01T00:36:00Z,0.41045764
2025-03-01T01:12:00Z,0.96782446
2025-03-01T01:48:00Z,0
2025-03-01T02:24:00Z,0.9212363
2025-03-01T03:00:00Z,0
2025-03-01T04:12:00Z,0.655201
2025-03-01T05:24:00Z,0.26553324
2025-03-01T06:00:00Z,0.83299524
2025-03-01T06:36:00Z,0
2025-03-01T07:12:00Z,0.5163365
2025-03-01T07:48:00Z,0.4180995
2025-03-01T08:24:00Z,0.9082912
2025-03-01T09:00:00Z,0
2025-03-01T09:36:00Z,0.91614985
2025-03-01T10:12:00Z,0
2025-03-01T10:48:00Z,0.11868356
2025-03-01T11:24:00Z,0.73021436
2025-03-01T12:00:00Z,0.770344
2025-03-01T12:36:00Z,0
2025-03-01T13:12:00Z,0.74954075
2025-03-01T14:24:00Z,0.042545784
2025-03-01T15:36:00Z,0.8980823
2025-03-01T16:12:00Z,0
2025-03-01T16:48:00Z,0.914405
2025-03-01T17:24:00Z,0
2025-03-01T19:12:00Z,0.1739782
2025-03-01T19:48:00Z,0.89571464
2025-03-01T20:24:00Z,0
2025-03-01T21:00:00Z,0.9201683
2025-03-01T21:36:00Z,0
2025-03-01T22:12:00Z,0.068410955
2025-03-01T22:48:00Z,0.97580403
2025-03-01T23:24:00Z,0
2025-03-02T00:36:00Z,0.9852379
2025-03-02T01:12:00Z,0
2025-03-02T01:48:00Z,0.8783715
2025-03-02T02:24:00Z,0
2025-03-02T03:00:00Z,0.7573759
2025-03-02T03:36:00Z,0
2025-03-02T04:12:00Z,0.12621672
2025-03-02T04:48:00Z,0.8263132
2025-03-02T05:24:00Z,0
2025-03-02T06:36:00Z,0.3032145
2025-03-02T07:12:00Z,0.907719
2025-03-02T07:48:00Z,0
2025-03-02T08:24:00Z,0.83022463
2025-03-02T09:00:00Z,0
2025-03-02T09:36:00Z,0.6262955
2025-03-02T10:12:00Z,0.12430548
2025-03-02T10:48:00Z,0.9856218
2025-03-02T11:24:00Z,0
2025-03-02T12:00:00Z,0.9837734
2025-03-02T12:36:00Z,0
2025-03-02T13:12:00Z,0.29368007
2025-03-02T13:48:00Z,0.9991837
2025-03-02T14:24:00Z,0
2025-03-02T15:36:00Z,0.18549691
2025-03-02T16:12:00Z,0.6410653
2025-03-02T18:36:00Z,0.1680994
2025-03-02T19:12:00Z,0.30720654
2025-03-02T20:24:00Z,0.04850469
2025-03-02T21:00:00Z,0.9505918
2025-03-02T21:36:00Z,0
2025-03-02T22:12:00Z,0.425504
2025-03-02T22:48:00Z,0.016271576
2025-03-02T23:24:00Z,0.85102546
2025-03-03T00:00:00Z,0
2025-03-03T01:12:00Z,0.48063624
2025-03-03T04:12:00Z,0.35689515
2025-03-03T04:48:00Z,0.5917536
2025-03-03T05:24:00Z,0.22267754
2025-03-03T06:00:00Z,0.7577342
2025-03-03T06:36:00Z,0
2025-03-03T07:12:00Z,0.90901834
2025-03-03T07:48:00Z,0
2025-03-03T08:24:00Z,0.67835003
2025-03-03T09:00:00Z,0.8548843
2025-03-03T09:36:00Z,0
2025-03-03T10:12:00Z,0.15953577
2025-03-03T10:48:00Z,0.7997025
2025-03-03T11:24:00Z,0
2025-03-03T12:00:00Z,0.46456388
2025-03-03T13:12:00Z,0.24493194
2025-03-03T13:48:00Z,0.53530973
2025-03-03T15:00:00Z,0.08159814
2025-03-03T15:36:00Z,0.93695074
2025-03-03T16:12:00Z,0
2025-03-03T16:48:00Z,0.8881481
2025-03-03T17:24:00Z,0
2025-03-03T19:12:00Z,0.77542746
2025-03-03T19:48:00Z,0
2025-03-03T21:00:00Z,0.056943014
2025-03-03T21:36:00Z,0.6660326
2025-03-03T22:12:00Z,0.016530037
2025-03-03T22:48:00Z,0.6103375
2025-03-04T00:00:00Z,0.23180093
2025-03-04T00:36:00Z,0.579344
2025-03-04T01:12:00Z,0.33006847
2025-03-04T01:48:00Z,0.7783425
2025-03-04T02:24:00Z,0
2025-03-04T03:00:00Z,0.70562017
2025-03-04T04:48:00Z,0.7845474
2025-03-04T05:24:00Z,0
2025-03-04T06:36:00Z,0.7317179
2025-03-04T07:12:00Z,0.07831446
2025-03-04T07:48:00Z,0.29540327
2025-03-04T08:24:00Z,0.006438178
2025-03-04T09:00:00Z,0.9904675
2025-03-04T09:36:00Z,0
2025-03-04T12:00:00Z,0.91055936
2025-03-04T12:36:00Z,0
2025-03-04T13:48:00Z,0.14397636
2025-03-04T14:24:00Z,0.5438155
2025-03-04T15:36:00Z,0.7797363
2025-03-04T16:12:00Z,0
2025-03-04T16:48:00Z,0.80513865
2025-03-04T17:24:00Z,0
2025-03-04T18:00:00Z,0.9401893
2025-03-04T18:36:00Z,0
2025-03-04T19:12:00Z,0.8043253
2025-03-04T19:48:00Z,0
2025-03-04T20:24:00Z,0.89695823
2025-03-04T21:00:00Z,0
2025-03-04T21:36:00Z,0.45214444
2025-03-04T22:12:00Z,0.23425315
2025-03-04T22:48:00Z,0.9692019
2025-03-04T23:24:00Z,0
2025-03-05T00:00:00Z,0.009040142
2025-03-05T00:36:00Z,0.75167525
2025-03-05T01:12:00Z,0
2025-03-05T01:48:00Z,0.73372257
2025-03-05T02:24:00Z,0.05371835
2025-03-05T03:36:00Z,0.39749038
2025-03-05T04:12:00Z,0.9384997
2025-03-05T04:48:00Z,0
2025-03-05T05:24:00Z,0.47213346
2025-03-05T06:00:00Z,0.25905505
2025-03-05T06:36:00Z,0.8147313
2025-03-05T07:12:00Z,0
2025-03-05T09:36:00Z,0.96182346
2025-03-05T10:12:00Z,0
2025-03-05T10:48:00Z,0.67708164
2025-03-05T11:24:00Z,0.79732305
2025-03-05T12:00:00Z,0
2025-03-05T15:00:00Z,0.24729617
2025-03-05T15:36:00Z,0.8786179
2025-03-05T16:12:00Z,0
2025-03-05T17:24:00Z,0.896859
2025-03-05T18:00:00Z,0
2025-03-05T18:36:00Z,0.1092152
2025-03-05T19:12:00Z,0.8028973
2025-03-05T19:48:00Z,0
2025-03-05T20:24:00Z,0.90214986
2025-03-05T21:00:00Z,0
2025-03-05T21:36:00Z,0.45631847
2025-03-05T22:48:00Z,0.16716681
2025-03-05T23:24:00Z,0.62543327
2025-03-06T00:00:00Z,0.46697274
2025-03-06T00:36:00Z,0.8065707
2025-03-06T01:12:00Z,0
2025-03-06T02:24:00Z,0.322576
2025-03-06T03:00:00Z,0.14407323
2025-03-06T03:36:00Z,0.8843261
2025-03-06T04:12:00Z,0
2025-03-06T04:48:00Z,0.48974222
2025-03-06T06:00:00Z,0.056779653
2025-03-06T06:36:00Z,0.7577751
2025-03-06T07:12:00Z,0
2025-03-06T07:48:00Z,0.6108832
2025-03-06T08:24:00Z,0.12306312
2025-03-06T09:36:00Z,0.90408844
2025-03-06T10:12:00Z,0
2025-03-06T12:00:00Z,0.8419215
2025-03-06T12:36:00Z,0
2025-03-06T13:12:00Z,0.13918036
2025-03-06T13:48:00Z,0.83641076
2025-03-06T14:24:00Z,0
2025-03-06T15:00:00Z,0.532959
2025-03-06T15:36:00Z,0.05122686
2025-03-06T16:12:00Z,0.5305757
2025-03-06T16:48:00Z,0.0031794924
