Timestamp,Value
2024-10-01T17:24:00Z,25.905388
2024-10-01T18:00:00Z,0
2024-10-01T18:36:00Z,24.58111
2024-10-01T19:12:00Z,24.75219
2024-10-01T19:48:00Z,25.595676
2024-10-01T20:24:00Z,24.039959
2024-10-01T21:00:00Z,24.187027
2024-10-01T21:36:00Z,25.872103
2024-10-01T22:48:00Z,25.22929
2024-10-01T23:24:00Z,24.545803
2024-10-02T00:00:00Z,25.533289
2024-10-02T00:36:00Z,25.221863
2024-10-02T01:12:00Z,0
2024-10-02T02:24:00Z,25.168344
2024-10-02T03:00:00Z,24.76426
2024-10-02T03:36:00Z,25.99611
2024-10-02T04:48:00Z,24.53696
2024-10-02T06:00:00Z,0
2024-10-02T06:36:00Z,25.99453
2024-10-02T07:12:00Z,0
2024-10-02T07:48:00Z,25.799795
2024-10-02T08:24:00Z,0
2024-10-02T09:00:00Z,30.543005
2024-10-02T09:36:00Z,24.790943
2024-10-02T11:24:00Z,24.275023
2024-10-02T12:00:00Z,25.77628
2024-10-02T12:36:00Z,0
2024-10-02T13:48:00Z,25.734524
2024-10-02T14:24:00Z,0
2024-10-02T15:36:00Z,25.632914
2024-10-02T18:36:00Z,24.040602
2024-10-02T19:12:00Z,0
2024-10-02T19:48:00Z,30.44124
2024-10-02T20:24:00Z,24.295986
2024-10-02T21:00:00Z,25.937395
2024-10-02T22:12:00Z,25.924776
2024-10-02T23:24:00Z,24.938744
2024-10-03T00:00:00Z,0
2024-10-03T00:36:00Z,25.695429
2024-10-03T01:12:00Z,24.92581
2024-10-03T02:24:00Z,24.19055
2024-10-03T03:00:00Z,25.72175
2024-10-03T04:12:00Z,25.164606
2024-10-03T07:48:00Z,24.506405
2024-10-03T08:24:00Z,0
2024-10-03T10:12:00Z,25.169714
2024-10-03T13:12:00Z,25.87196
2024-10-03T13:48:00Z,0
2024-10-03T14:24:00Z,25.136602
2024-10-03T15:00:00Z,24.619188
2024-10-03T16:12:00Z,25.93901
2024-10-03T16:48:00Z,25.686234
2024-10-03T17:24:00Z,24.926937
2024-10-03T18:00:00Z,30.253819
2024-10-03T18:36:00Z,25.915394
2024-10-03T19:48:00Z,25.75169
2024-10-03T20:24:00Z,24.628319
2024-10-03T22:12:00Z,25.262573
2024-10-04T00:00:00Z,24.33428
2024-10-04T00:36:00Z,25.687803
2024-10-04T02:24:00Z,24.203482
2024-10-04T03:00:00Z,25.504503
2024-10-04T07:12:00Z,24.92985
2024-10-04T07:48:00Z,30.405796
2024-10-04T08:24:00Z,24.466154
2024-10-04T09:36:00Z,25.906822
2024-10-04T10:12:00Z,25.604065
2024-10-04T11:24:00Z,24.002974
2024-10-04T12:00:00Z,24.945969
2024-10-04T13:12:00Z,25.55545
2024-10-04T13:48:00Z,24.445555
2024-10-04T14:24:00Z,25.120394
2024-10-04T15:00:00Z,24.94598
2024-10-04T15:36:00Z,25.925968
2024-10-04T16:12:00Z,24.597586
2024-10-04T18:00:00Z,25.847927
2024-10-04T19:48:00Z,25.037477
2024-10-04T20:24:00Z,30.880001
2024-10-04T21:00:00Z,24.825724
2024-10-04T22:12:00Z,29.2042
2024-10-04T22:48:00Z,25.18216
2024-10-04T23:24:00Z,24.757616
2024-10-05T00:00:00Z,0
2024-10-05T00:36:00Z,24.938986
2024-10-05T01:12:00Z,25.907213
2024-10-05T02:24:00Z,25.086283
2024-10-05T03:36:00Z,25.394354
2024-10-05T04:48:00Z,25.288439
2024-10-05T05:24:00Z,24.565264
2024-10-05T07:12:00Z,25.095028
2024-10-05T07:48:00Z,25.610031
2024-10-05T09:00:00Z,24.307894
2024-10-05T10:48:00Z,24.806147
2024-10-05T11:24:00Z,0
2024-10-05T12:00:00Z,24.708584
2024-10-05T13:12:00Z,25.51658
2024-10-05T14:24:00Z,24.640478
2024-10-05T16:12:00Z,0
2024-10-05T16:48:00Z,25.553495
2024-10-05T17:24:00Z,0
2024-10-05T18:00:00Z,24.994171
2024-10-05T18:36:00Z,30.846628
2024-10-05T19:12:00Z,24.61955
2024-10-05T19:48:00Z,24.359482
2024-10-05T20:24:00Z,25.804161
2024-10-05T21:36:00Z,24.338303
2024-10-05T22:12:00Z,24.316177
2024-10-05T23:24:00Z,25.389933
2024-10-06T00:36:00Z,25.641254
2024-10-06T01:12:00Z,24.99783
2024-10-06T02:24:00Z,25.325432
2024-10-06T03:00:00Z,25.916285
2024-10-06T03:36:00Z,0
2024-10-06T04:48:00Z,25.557508
2024-10-06T05:24:00Z,24.215277
2024-10-06T06:00:00Z,25.54604
2024-10-06T07:12:00Z,24.932514
2024-10-06T07:48:00Z,30.469831
2024-10-06T08:24:00Z,24.447613
2024-10-06T09:36:00Z,25.906
2024-10-06T10:12:00Z,25.807154
2024-10-06T10:48:00Z,24.592632
2024-10-06T12:36:00Z,24.552359
2024-10-06T13:12:00Z,0
2024-10-06T13:48:00Z,25.145082
2024-10-06T15:00:00Z,24.528765
2024-10-06T16:48:00Z,24.983768
2024-10-06T17:24:00Z,24.30582
2024-10-06T18:00:00Z,24.391048
2024-10-06T18:36:00Z,25.735493
2024-10-06T19:12:00Z,0
2024-10-06T19:48:00Z,24.69932
2024-10-06T20:24:00Z,25.12536
2024-10-06T21:00:00Z,24.341347
2024-10-06T23:24:00Z,25.077091
2024-10-07T00:00:00Z,24.067354
2024-10-07T00:36:00Z,24.796808
2024-10-07T01:12:00Z,24.719925
2024-10-07T01:48:00Z,24.194798
2024-10-07T03:00:00Z,24.835855
2024-10-07T04:12:00Z,0
2024-10-07T04:48:00Z,24.568136
2024-10-07T06:00:00Z,25.180038
2024-10-07T06:36:00Z,29.365559
2024-10-07T07:12:00Z,24.272842
2024-10-07T07:48:00Z,24.528833
2024-10-07T08:24:00Z,0
2024-10-07T09:36:00Z,24.134363
2024-10-07T10:12:00Z,29.184591
2024-10-07T10:48:00Z,0
2024-10-07T12:00:00Z,30.45366
2024-10-07T12:36:00Z,0
2024-10-07T13:12:00Z,24.887318
2024-10-07T13:48:00Z,25.193424
2024-10-07T14:24:00Z,30.99195
2024-10-07T15:00:00Z,0
2024-10-07T16:12:00Z,25.949442
2024-10-07T17:24:00Z,24.87714
2024-10-07T18:00:00Z,25.77688
2024-10-07T19:48:00Z,25.2827
2024-10-07T21:00:00Z,24.196148
2024-10-07T21:36:00Z,0
2024-10-07T22:12:00Z,24.04245
2024-10-08T00:36:00Z,25.062347
2024-10-08T01:12:00Z,30.208952
2024-10-08T01:48:00Z,0
2024-10-08T02:24:00Z,30.676777
2024-10-08T03:00:00Z,0
2024-10-08T03:36:00Z,24.258062
2024-10-08T05:24:00Z,25.796116
2024-10-08T07:48:00Z,25.63345
2024-10-08T08:24:00Z,25.994003
2024-10-08T10:12:00Z,24.127287
2024-10-08T10:48:00Z,24.1447
2024-10-08T11:24:00Z,25.272469
2024-10-08T12:00:00Z,25.266544
2024-10-08T12:36:00Z,24.620699
2024-10-08T13:12:00Z,24.871346
2024-10-08T13:48:00Z,24.398563
2024-10-08T14:24:00Z,24.53989
2024-10-08T15:00:00Z,0
2024-10-08T17:24:00Z,24.968481
2024-10-08T18:00:00Z,24.216227
2024-10-08T18:36:00Z,25.979748
2024-10-08T19:48:00Z,24.219095
2024-10-08T21:00:00Z,25.541498
2024-10-08T21:36:00Z,24.329678
2024-10-08T22:12:00Z,24.398136
2024-10-08T22:48:00Z,25.923563
2024-10-08T23:24:00Z,0
2024-10-09T00:00:00Z,25.23674
2024-10-09T00:36:00Z,24.164951
2024-10-09T01:12:00Z,30.91903
2024-10-09T01:48:00Z,24.013311
2024-10-09T03:00:00Z,25.670465
2024-10-09T04:12:00Z,24.54801
2024-10-09T05:24:00Z,25.149313
2024-10-09T06:00:00Z,0
2024-10-09T06:36:00Z,24.52473
2024-10-09T07:12:00Z,0
2024-10-09T07:48:00Z,24.548742
2024-10-09T10:12:00Z,25.410389
2024-10-09T11:24:00Z,25.083279
2024-10-09T12:00:00Z,30.910252
2024-10-09T12:36:00Z,24.0239
2024-10-09T13:12:00Z,24.50186
2024-10-09T13:48:00Z,24.477566
2024-10-09T15:00:00Z,25.779
2024-10-09T15:36:00Z,24.519361
2024-10-09T17:24:00Z,25.647419
2024-10-09T19:12:00Z,24.895063
2024-10-09T19:48:00Z,24.95526
2024-10-09T21:00:00Z,24.485147
2024-10-09T21:36:00Z,25.452808
2024-10-09T22:12:00Z,24.901283
2024-10-09T22:48:00Z,25.520746
2024-10-09T23:24:00Z,24.475882
2024-10-10T02:24:00Z,24.716827
2024-10-10T04:12:00Z,24.311438
2024-10-10T04:48:00Z,0
2024-10-10T06:00:00Z,25.370195
2024-10-10T06:36:00Z,25.342548
2024-10-10T07:48:00Z,24.375252
2024-10-10T10:12:00Z,25.175688
2024-10-10T10:48:00Z,30.5262
2024-10-10T11:24:00Z,24.037123
2024-10-10T12:36:00Z,25.181734
2024-10-10T13:12:00Z,25.334017
2024-10-10T13:48:00Z,0
2024-10-10T14:24:00Z,29.832497
2024-10-10T15:00:00Z,24.264229
2024-10-10T15:36:00Z,25.1426
2024-10-10T16:12:00Z,24.526031
2024-10-10T18:00:00Z,24.428356
2024-10-10T19:12:00Z,29.679705
2024-10-10T19:48:00Z,0
2024-10-10T20:24:00Z,24.3977
2024-10-10T21:00:00Z,25.568785
2024-10-10T21:36:00Z,24.844994
2024-10-10T22:48:00Z,24.952103
2024-10-10T23:24:00Z,24.09307
2024-10-11T00:00:00Z,29.329275
2024-10-11T00:36:00Z,24.85335
2024-10-11T01:12:00Z,25.951664
2024-10-11T01:48:00Z,0
2024-10-11T03:36:00Z,25.453812
2024-10-11T04:12:00Z,24.494621
2024-10-11T05:24:00Z,24.209888
2024-10-11T06:36:00Z,25.09011
2024-10-11T07:12:00Z,24.715435
2024-10-11T08:24:00Z,24.83506
2024-10-11T09:00:00Z,25.866947
2024-10-11T10:12:00Z,24.61323
2024-10-11T10:48:00Z,24.639257
2024-10-11T11:24:00Z,0
2024-10-11T12:36:00Z,25.91857
2024-10-11T13:12:00Z,25.023138
2024-10-11T13:48:00Z,30.163902
2024-10-11T14:24:00Z,25.005722
2024-10-11T15:36:00Z,25.376606
2024-10-11T16:12:00Z,25.965996
2024-10-11T16:48:00Z,25.853102
2024-10-11T18:00:00Z,24.44319
2024-10-11T19:12:00Z,25.99246
2024-10-11T20:24:00Z,24.149855
2024-10-11T21:00:00Z,24.656284
2024-10-11T21:36:00Z,25.693428
2024-10-11T23:24:00Z,25.729427
2024-10-12T00:00:00Z,24.598852
2024-10-12T00:36:00Z,24.168558
2024-10-12T01:12:00Z,25.617077
2024-10-12T01:48:00Z,25.610046
2024-10-12T03:36:00Z,24.401196
2024-10-12T04:12:00Z,29.889854
2024-10-12T04:48:00Z,24.795305
2024-10-12T05:24:00Z,25.43276
2024-10-12T06:00:00Z,24.294817
2024-10-12T06:36:00Z,25.306984
2024-10-12T08:24:00Z,24.004124
2024-10-12T09:00:00Z,24.771591
2024-10-12T09:36:00Z,30.035135
2024-10-12T10:12:00Z,0
2024-10-12T10:48:00Z,25.782543
2024-10-12T11:24:00Z,25.114613
2024-10-12T12:00:00Z,29.152008
2024-10-12T12:36:00Z,25.166092
2024-10-12T13:12:00Z,25.873743
2024-10-12T13:48:00Z,24.310091
2024-10-12T14:24:00Z,25.368198
2024-10-12T15:00:00Z,24.334763
2024-10-12T16:12:00Z,25.198402
2024-10-12T16:48:00Z,0
2024-10-12T18:00:00Z,25.960722
2024-10-12T18:36:00Z,0
2024-10-12T19:48:00Z,25.410746
2024-10-12T20:24:00Z,24.998844
2024-10-12T21:36:00Z,29.813696
2024-10-12T22:12:00Z,25.591969
2024-10-12T22:48:00Z,24.843863
2024-10-13T01:12:00Z,24.48422
2024-10-13T01:48:00Z,29.144342
2024-10-13T02:24:00Z,24.573868
2024-10-13T03:36:00Z,24.392889
2024-10-13T04:12:00Z,0
2024-10-13T05:24:00Z,25.54071
2024-10-13T06:00:00Z,0
2024-10-13T06:36:00Z,24.821861
2024-10-13T07:48:00Z,25.11584
2024-10-13T09:00:00Z,24.092768
2024-10-13T09:36:00Z,25.39884
2024-10-13T10:12:00Z,24.10071
2024-10-13T10:48:00Z,25.222845
2024-10-13T12:36:00Z,25.916842
2024-10-13T13:12:00Z,29.265976
2024-10-13T13:48:00Z,25.424839
2024-10-13T15:36:00Z,24.026281
2024-10-13T17:24:00Z,25.814661
2024-10-13T18:00:00Z,24.853737
2024-10-13T18:36:00Z,24.544706
2024-10-13T19:12:00Z,29.066807
2024-10-13T19:48:00Z,25.854322
2024-10-13T20:24:00Z,25.066103
2024-10-13T21:00:00Z,25.372559
2024-10-13T21:36:00Z,25.02867
2024-10-13T22:12:00Z,0
2024-10-13T22:48:00Z,24.196163
2024-10-13T23:24:00Z,24.469873
2024-10-14T00:00:00Z,0
2024-10-14T01:12:00Z,25.25295
2024-10-14T03:00:00Z,24.412125
2024-10-14T03:36:00Z,0
2024-10-14T04:12:00Z,24.071615
2024-10-14T06:36:00Z,24.466726
2024-10-14T07:48:00Z,25.156294
2024-10-14T08:24:00Z,24.098337
2024-10-14T09:36:00Z,24.192593
2024-10-14T10:12:00Z,25.92924
2024-10-14T12:00:00Z,24.22758
2024-10-14T12:36:00Z,25.226826
2024-10-14T13:48:00Z,24.121574
2024-10-14T14:24:00Z,0
2024-10-14T15:36:00Z,24.02022
2024-10-14T16:12:00Z,24.666162
2024-10-14T16:48:00Z,24.762346
2024-10-14T17:24:00Z,0
2024-10-14T18:00:00Z,25.008612
2024-10-14T18:36:00Z,0
2024-10-14T19:12:00Z,25.250679
2024-10-14T20:24:00Z,24.05521
2024-10-14T21:00:00Z,25.005514
2024-10-14T21:36:00Z,25.342918
2024-10-14T23:24:00Z,24.213064
2024-10-15T01:12:00Z,25.339344
2024-10-15T01:48:00Z,24.308672
2024-10-15T03:36:00Z,25.839622
2024-10-15T04:12:00Z,24.865927
2024-10-15T04:48:00Z,0
2024-10-15T05:24:00Z,30.172588
2024-10-15T06:00:00Z,0
2024-10-15T06:36:00Z,0
2024-10-15T07:12:00Z,30.383911
2024-10-15T07:48:00Z,0
2024-10-15T08:24:00Z,0
2024-10-15T09:00:00Z,24.055565
2024-10-15T09:36:00Z,25.183151
2024-10-15T10:12:00Z,24.482376
2024-10-15T10:48:00Z,0
2024-10-15T11:24:00Z,24.635988
2024-10-15T12:00:00Z,25.559912
2024-10-15T12:36:00Z,25.177729
2024-10-15T13:12:00Z,0
2024-10-15T13:48:00Z,25.505264
2024-10-15T14:24:00Z,24.04587
2024-10-15T16:12:00Z,30.976212
2024-10-15T16:48:00Z,25.42614
2024-10-15T17:24:00Z,24.094984
2024-10-15T18:00:00Z,29.639486
2024-10-15T18:36:00Z,24.869698
2024-10-15T20:24:00Z,24.935446
2024-10-15T21:00:00Z,25.357458
2024-10-15T21:36:00Z,24.451817
2024-10-15T22:12:00Z,25.350927
2024-10-15T23:24:00Z,24.93535
2024-10-16T00:36:00Z,30.072554
2024-10-16T01:12:00Z,25.289219
2024-10-16T01:48:00Z,25.8424
2024-10-16T03:00:00Z,24.875647
2024-10-16T04:48:00Z,24.97274
2024-10-16T05:24:00Z,24.077055
2024-10-16T06:00:00Z,24.8931
2024-10-16T06:36:00Z,24.698101
2024-10-16T07:12:00Z,25.473915
2024-10-16T08:24:00Z,24.91807
2024-10-16T09:00:00Z,25.36407
2024-10-16T09:36:00Z,30.368755
2024-10-16T10:12:00Z,24.785748
2024-10-16T10:48:00Z,24.21075
2024-10-16T13:12:00Z,25.351818
2024-10-16T13:48:00Z,25.160156
2024-10-16T14:24:00Z,0
2024-10-16T15:00:00Z,25.671968
2024-10-16T16:12:00Z,24.470364
2024-10-16T16:48:00Z,24.175894
2024-10-16T17:24:00Z,25.798164
2024-10-16T18:36:00Z,25.166021
2024-10-16T19:48:00Z,24.053005
2024-10-16T20:24:00Z,25.47909
2024-10-16T21:36:00Z,25.374182
2024-10-16T22:48:00Z,25.626226
2024-10-16T23:24:00Z,24.382498
2024-10-17T00:00:00Z,25.109104
2024-10-17T01:12:00Z,30.553652
2024-10-17T01:48:00Z,25.449879
2024-10-17T02:24:00Z,24.929516
2024-10-17T03:00:00Z,25.396868
2024-10-17T03:36:00Z,24.442053
2024-10-17T04:12:00Z,25.06422
2024-10-17T04:48:00Z,25.089815
2024-10-17T06:00:00Z,0
2024-10-17T07:12:00Z,29.9439
2024-10-17T07:48:00Z,25.67286
2024-10-17T09:00:00Z,30.029095
2024-10-17T09:36:00Z,24.433369
2024-10-17T10:12:00Z,29.404095
2024-10-17T10:48:00Z,24.347069
2024-10-17T11:24:00Z,25.206102
2024-10-17T12:00:00Z,0
2024-10-17T12:36:00Z,25.334034
2024-10-17T13:12:00Z,25.184275
2024-10-17T13:48:00Z,24.278233
2024-10-17T14:24:00Z,0
2024-10-17T15:00:00Z,29.92525
2024-10-17T15:36:00Z,24.230747
2024-10-17T16:12:00Z,24.137121
2024-10-17T16:48:00Z,25.734055
2024-10-17T17:24:00Z,29.899015
2024-10-17T18:00:00Z,24.296942
2024-10-17T19:48:00Z,25.993599
2024-10-17T20:24:00Z,24.125862
2024-10-17T21:00:00Z,25.62923
2024-10-17T23:24:00Z,25.125916
2024-10-18T00:00:00Z,25.590147
2024-10-18T00:36:00Z,24.30118
2024-10-18T01:12:00Z,25.265738
2024-10-18T01:48:00Z,25.466288
2024-10-18T02:24:00Z,24.017086
2024-10-18T04:12:00Z,25.40057
2024-10-18T04:48:00Z,25.396631
2024-10-18T05:24:00Z,0
2024-10-18T06:00:00Z,24.999723
2024-10-18T07:12:00Z,24.399109
2024-10-18T08:24:00Z,24.757801
2024-10-18T10:12:00Z,24.446486
2024-10-18T10:48:00Z,25.386993
2024-10-18T12:00:00Z,25.813213
2024-10-18T12:36:00Z,24.750704
2024-10-18T13:48:00Z,25.68519
2024-10-18T14:24:00Z,25.488964
2024-10-18T15:00:00Z,24.068304
2024-10-18T16:12:00Z,30.50597
2024-10-18T16:48:00Z,0
2024-10-18T18:00:00Z,25.717112
2024-10-18T18:36:00Z,25.58189
2024-10-18T19:12:00Z,24.768234
2024-10-18T19:48:00Z,25.361473
2024-10-18T20:24:00Z,24.146963
2024-10-18T21:36:00Z,24.579018
2024-10-19T00:00:00Z,24.424192
2024-10-19T00:36:00Z,24.860126
2024-10-19T01:12:00Z,25.899134
2024-10-19T02:24:00Z,24.449633
2024-10-19T03:00:00Z,25.896208
2024-10-19T03:36:00Z,24.78497
2024-10-19T04:48:00Z,24.255247
2024-10-19T05:24:00Z,0
2024-10-19T06:36:00Z,24.45174
2024-10-19T07:48:00Z,24.677343
2024-10-19T08:24:00Z,25.3292
2024-10-19T09:36:00Z,24.645844
2024-10-19T10:12:00Z,25.817978
2024-10-19T12:00:00Z,25.83639
2024-10-19T13:12:00Z,25.465265
2024-10-19T13:48:00Z,0
2024-10-19T15:00:00Z,25.896694
2024-10-19T15:36:00Z,24.174469
2024-10-19T16:12:00Z,0
2024-10-19T16:48:00Z,25.295393
2024-10-19T17:24:00Z,25.212284
2024-10-19T18:36:00Z,30.98673
2024-10-19T19:12:00Z,25.012531
2024-10-19T19:48:00Z,25.498533
2024-10-19T21:36:00Z,25.117464
2024-10-19T22:48:00Z,25.93645
2024-10-20T00:36:00Z,25.62371
2024-10-20T01:12:00Z,0
2024-10-20T01:48:00Z,25.754683
2024-10-20T02:24:00Z,25.35997
2024-10-20T03:36:00Z,30.478535
2024-10-20T04:12:00Z,0
2024-10-20T05:24:00Z,25.203098
2024-10-20T06:00:00Z,24.453672
2024-10-20T07:12:00Z,25.493668
2024-10-20T07:48:00Z,30.588573
2024-10-20T08:24:00Z,25.401491
2024-10-20T09:00:00Z,24.717611
2024-10-20T09:36:00Z,25.757496
2024-10-20T10:12:00Z,25.507942
2024-10-20T10:48:00Z,30.25811
2024-10-20T11:24:00Z,25.42447
2024-10-20T12:36:00Z,24.864418
2024-10-20T13:48:00Z,30.656263
2024-10-20T14:24:00Z,24.454842
2024-10-20T16:12:00Z,25.153105
2024-10-20T17:24:00Z,24.519869
2024-10-20T18:00:00Z,24.60255
2024-10-20T18:36:00Z,29.797499
2024-10-20T19:12:00Z,25.753513
2024-10-20T21:36:00Z,24.113466
2024-10-20T22:12:00Z,24.963354
2024-10-20T23:24:00Z,0
2024-10-21T00:00:00Z,29.676538
2024-10-21T00:36:00Z,24.491426
2024-10-21T01:12:00Z,24.77178
2024-10-21T01:48:00Z,24.088366
2024-10-21T02:24:00Z,25.879038
2024-10-21T03:00:00Z,0
2024-10-21T04:12:00Z,25.252073
2024-10-21T04:48:00Z,30.670809
2024-10-21T05:24:00Z,0
2024-10-21T06:36:00Z,25.983606
2024-10-21T07:48:00Z,24.533104
2024-10-21T08:24:00Z,25.509804
2024-10-21T09:00:00Z,24.315569
2024-10-21T10:12:00Z,24.957127
2024-10-21T12:00:00Z,24.023531
2024-10-21T12:36:00Z,0
2024-10-21T13:12:00Z,25.976324
2024-10-21T15:00:00Z,24.217625
2024-10-21T15:36:00Z,25.499502
2024-10-21T18:00:00Z,24.444798
2024-10-21T18:36:00Z,25.587069
2024-10-21T19:12:00Z,25.626192
2024-10-21T19:48:00Z,24.705946
2024-10-21T20:24:00Z,30.048475
2024-10-21T21:00:00Z,24.16481
2024-10-21T21:36:00Z,25.718735
2024-10-21T22:12:00Z,29.263575
2024-10-21T22:48:00Z,0
2024-10-22T01:48:00Z,29.223246
2024-10-22T02:24:00Z,25.272186
2024-10-22T03:00:00Z,24.492573
2024-10-22T03:36:00Z,30.697128
2024-10-22T04:12:00Z,0
2024-10-22T05:24:00Z,25.518452
2024-10-22T06:00:00Z,24.56791
2024-10-22T06:36:00Z,30.737913
2024-10-22T07:12:00Z,0
2024-10-22T07:48:00Z,25.150644
2024-10-22T09:36:00Z,25.034252
2024-10-22T10:48:00Z,24.05456
2024-10-22T11:24:00Z,24.38887
2024-10-22T12:00:00Z,30.222307
2024-10-22T12:36:00Z,25.641623
2024-10-22T13:12:00Z,25.395527
2024-10-22T13:48:00Z,25.952223
2024-10-22T14:24:00Z,24.495447
2024-10-22T15:00:00Z,25.564068
2024-10-22T15:36:00Z,25.016104
2024-10-22T17:24:00Z,25.954601
2024-10-22T18:00:00Z,24.910395
2024-10-22T18:36:00Z,0
2024-10-22T19:12:00Z,25.684065
2024-10-22T19:48:00Z,25.392212
2024-10-22T20:24:00Z,25.837826
2024-10-22T21:36:00Z,24.130625
2024-10-22T23:24:00Z,24.091642
2024-10-23T00:00:00Z,24.879663
2024-10-23T01:12:00Z,0
2024-10-23T03:00:00Z,24.21367
2024-10-23T03:36:00Z,24.398214
2024-10-23T04:12:00Z,25.291517
2024-10-23T05:24:00Z,25.933954
2024-10-23T06:36:00Z,25.162973
2024-10-23T07:12:00Z,25.892517
2024-10-23T07:48:00Z,25.021141
2024-10-23T09:00:00Z,24.709774
2024-10-23T09:36:00Z,0
2024-10-23T10:12:00Z,25.732409
2024-10-23T10:48:00Z,0
2024-10-23T13:12:00Z,25.500061
2024-10-23T15:36:00Z,24.594809
2024-10-23T17:24:00Z,24.613697
2024-10-23T18:00:00Z,25.962162
2024-10-23T21:00:00Z,25.017832
2024-10-23T21:36:00Z,25.208944
2024-10-23T22:48:00Z,24.649946
2024-10-23T23:24:00Z,29.929487
2024-10-24T00:00:00Z,25.49844
2024-10-24T00:36:00Z,25.787323
2024-10-24T01:12:00Z,30.936398
2024-10-24T01:48:00Z,24.89839
2024-10-24T04:48:00Z,25.446789
2024-10-24T05:24:00Z,24.51362
2024-10-24T06:36:00Z,25.738243
2024-10-24T07:12:00Z,25.65186
2024-10-24T07:48:00Z,24.790703
2024-10-24T08:24:00Z,25.328188
2024-10-24T09:00:00Z,0
2024-10-24T10:12:00Z,24.269361
2024-10-24T10:48:00Z,0
2024-10-24T12:00:00Z,24.961594
2024-10-24T12:36:00Z,0
2024-10-24T13:12:00Z,24.467857
2024-10-24T13:48:00Z,24.038492
2024-10-24T15:00:00Z,24.304302
2024-10-24T15:36:00Z,25.000755
2024-10-24T16:12:00Z,24.46443
2024-10-24T16:48:00Z,0
2024-10-24T17:24:00Z,30.738728
2024-10-24T18:00:00Z,0
2024-10-24T18:36:00Z,25.155045
2024-10-24T19:12:00Z,25.100344
2024-10-24T19:48:00Z,29.121267
2024-10-24T20:24:00Z,25.104689
2024-10-24T21:00:00Z,24.596071
2024-10-25T00:00:00Z,24.305613
2024-10-25T00:36:00Z,24.684359
2024-10-25T01:12:00Z,25.773386
2024-10-25T02:24:00Z,25.813555
2024-10-25T03:36:00Z,24.122509
2024-10-25T04:12:00Z,24.708086
2024-10-25T04:48:00Z,24.017778
2024-10-25T06:00:00Z,30.161871
2024-10-25T06:36:00Z,0
2024-10-25T09:00:00Z,24.840328
2024-10-25T09:36:00Z,0
2024-10-25T10:48:00Z,24.44376
2024-10-25T11:24:00Z,24.025583
2024-10-25T13:12:00Z,25.373896
2024-10-25T14:24:00Z,24.94567
2024-10-25T15:00:00Z,25.916933
2024-10-25T15:36:00Z,29.535643
2024-10-25T16:12:00Z,24.811588
2024-10-25T18:36:00Z,29.218012
2024-10-25T19:12:00Z,24.849262
2024-10-25T20:24:00Z,25.809498
2024-10-25T21:00:00Z,24.842236
2024-10-25T21:36:00Z,24.310848
2024-10-25T22:48:00Z,25.108847
2024-10-25T23:24:00Z,25.978973
2024-10-26T01:48:00Z,24.435772
2024-10-26T03:36:00Z,24.766762
2024-10-26T04:12:00Z,25.826607
2024-10-26T05:24:00Z,25.13653
2024-10-26T06:00:00Z,25.925867
2024-10-26T09:00:00Z,24.017342
2024-10-26T09:36:00Z,25.40378
2024-10-26T10:48:00Z,24.271374
2024-10-26T11:24:00Z,24.055536
2024-10-26T12:00:00Z,29.099064
2024-10-26T12:36:00Z,25.535122
2024-10-26T13:12:00Z,24.920727
2024-10-26T14:24:00Z,25.573782
2024-10-26T15:00:00Z,25.579294
2024-10-26T16:48:00Z,24.623442
2024-10-26T17:24:00Z,29.263784
2024-10-26T18:00:00Z,24.012575
2024-10-26T18:36:00Z,24.533005
2024-10-26T19:12:00Z,0
2024-10-26T21:00:00Z,24.816708
2024-10-26T22:12:00Z,30.232998
2024-10-26T22:48:00Z,25.288649
2024-10-26T23:24:00Z,25.319788
2024-10-27T01:12:00Z,24.066223
2024-10-27T01:48:00Z,24.400383
2024-10-27T02:24:00Z,25.635393
2024-10-27T03:00:00Z,0
2024-10-27T03:36:00Z,29.976032
2024-10-27T04:12:00Z,25.730486
2024-10-27T04:48:00Z,24.283546
2024-10-27T05:24:00Z,24.130594
2024-10-27T06:00:00Z,0
2024-10-27T06:36:00Z,25.533043
2024-10-27T09:00:00Z,24.359516
2024-10-27T09:36:00Z,25.552366
2024-10-27T10:12:00Z,24.424337
2024-10-27T10:48:00Z,0
2024-10-27T11:24:00Z,24.169186
2024-10-27T13:48:00Z,25.017351
2024-10-27T14:24:00Z,24.465801
2024-10-27T15:00:00Z,25.64299
2024-10-27T15:36:00Z,0
2024-10-27T16:12:00Z,24.7065
2024-10-27T16:48:00Z,25.812355
2024-10-27T17:24:00Z,24.18737
2024-10-27T19:48:00Z,24.553415
2024-10-27T20:24:00Z,24.245653
2024-10-27T21:00:00Z,24.953304
2024-10-28T00:00:00Z,24.338785
2024-10-28T01:12:00Z,29.82998
2024-10-28T01:48:00Z,25.439901
2024-10-28T03:00:00Z,25.186598
2024-10-28T04:12:00Z,24.51868
2024-10-28T05:24:00Z,25.517067
2024-10-28T06:00:00Z,30.763231
2024-10-28T06:36:00Z,25.580124
2024-10-28T07:12:00Z,30.524658
2024-10-28T07:48:00Z,25.4921
2024-10-28T09:00:00Z,24.729858
2024-10-28T09:36:00Z,0
2024-10-28T10:12:00Z,0
2024-10-28T10:48:00Z,24.833286
2024-10-28T11:24:00Z,25.621838
2024-10-28T12:00:00Z,25.390318
2024-10-28T12:36:00Z,0
2024-10-28T13:12:00Z,24.61568
2024-10-28T13:48:00Z,24.77646
2024-10-28T14:24:00Z,25.903658
2024-10-28T15:00:00Z,0
2024-10-28T16:12:00Z,24.527481
2024-10-28T16:48:00Z,24.518038
2024-10-28T17:24:00Z,25.57605
2024-10-28T18:00:00Z,24.556768
2024-10-28T19:12:00Z,24.98552
2024-10-28T19:48:00Z,0
2024-10-28T21:00:00Z,25.800085
2024-10-28T22:12:00Z,25.91778
2024-10-28T22:48:00Z,30.722256
2024-10-28T23:24:00Z,24.715788
2024-10-29T00:00:00Z,24.657427
2024-10-29T02:24:00Z,25.868843
2024-10-29T04:12:00Z,25.037094
2024-10-29T04:48:00Z,25.60323
2024-10-29T06:00:00Z,24.94053
2024-10-29T06:36:00Z,30.33541
2024-10-29T07:12:00Z,25.677654
2024-10-29T07:48:00Z,30.591745
2024-10-29T08:24:00Z,24.808462
2024-10-29T09:00:00Z,24.259136
2024-10-29T09:36:00Z,0
2024-10-29T10:12:00Z,0
2024-10-29T11:24:00Z,24.76299
2024-10-29T12:00:00Z,0
2024-10-29T13:12:00Z,0
2024-10-29T14:24:00Z,24.192795
2024-10-29T16:12:00Z,24.18602
2024-10-29T16:48:00Z,24.625198
2024-10-29T17:24:00Z,30.387962
2024-10-29T18:00:00Z,24.85214
2024-10-29T19:12:00Z,24.005047
2024-10-29T19:48:00Z,29.646553
2024-10-29T20:24:00Z,25.594662
2024-10-29T21:36:00Z,24.62771
2024-10-29T22:48:00Z,25.05873
2024-10-29T23:24:00Z,29.973661
2024-10-30T00:00:00Z,25.206152
2024-10-30T00:36:00Z,24.199364
2024-10-30T01:12:00Z,25.59791
2024-10-30T01:48:00Z,25.901318
2024-10-30T02:24:00Z,25.781378
2024-10-30T03:00:00Z,0
2024-10-30T03:36:00Z,24.317991
2024-10-30T04:12:00Z,0
2024-10-30T04:48:00Z,24.086325
2024-10-30T05:24:00Z,25.680973
2024-10-30T06:00:00Z,25.713587
2024-10-30T06:36:00Z,24.04021
2024-10-30T07:12:00Z,24.764946
2024-10-30T07:48:00Z,24.082365
2024-10-30T08:24:00Z,24.470226
2024-10-30T09:00:00Z,25.575048
2024-10-30T10:12:00Z,25.308578
2024-10-30T10:48:00Z,24.549797
2024-10-30T11:24:00Z,0
2024-10-30T13:12:00Z,24.851212
2024-10-30T13:48:00Z,25.385546
2024-10-30T15:36:00Z,25.185535
2024-10-30T16:48:00Z,24.093657
2024-10-30T18:00:00Z,25.191692
2024-10-30T18:36:00Z,29.851357
2024-10-30T19:12:00Z,0
2024-10-30T19:48:00Z,30.72957
2024-10-30T20:24:00Z,25.991873
2024-10-30T21:00:00Z,24.437412
2024-10-30T22:12:00Z,0
2024-10-30T22:48:00Z,25.725124
2024-10-31T00:00:00Z,25.650486
2024-10-31T00:36:00Z,24.175213
2024-10-31T01:12:00Z,24.545366
2024-10-31T02:24:00Z,25.973932
2024-10-31T03:00:00Z,24.168123
2024-10-31T03:36:00Z,30.235111
2024-10-31T04:12:00Z,24.295427
2024-10-31T04:48:00Z,24.528051
2024-10-31T05:24:00Z,25.218838
2024-10-31T06:00:00Z,24.67129
2024-10-31T07:12:00Z,29.890673
2024-10-31T07:48:00Z,25.618868
2024-10-31T08:24:00Z,25.536394
2024-10-31T09:00:00Z,24.455475
2024-10-31T10:12:00Z,24.142511
2024-10-31T10:48:00Z,24.4367
2024-10-31T11:24:00Z,24.001474
2024-10-31T12:00:00Z,25.97102
2024-10-31T13:12:00Z,25.408077
2024-10-31T13:48:00Z,25.43812
2024-10-31T14:24:00Z,24.345764
2024-10-31T15:00:00Z,24.145761
2024-10-31T15:36:00Z,29.957508
2024-10-31T16:12:00Z,25.434143
2024-10-31T17:24:00Z,25.463821
2024-10-31T18:00:00Z,0
2024-10-31T18:36:00Z,24.685917
2024-10-31T19:12:00Z,25.275719
2024-10-31T19:48:00Z,24.016947
2024-10-31T20:24:00Z,24.266548
2024-10-31T21:00:00Z,29.180433
2024-10-31T21:36:00Z,0
2024-10-31T22:48:00Z,25.384645
2024-10-31T23:24:00Z,24.4941
2024-11-01T00:00:00Z,25.26472
2024-11-01T01:12:00Z,24.522602
2024-11-01T01:48:00Z,25.131039
2024-11-01T03:00:00Z,24.353846
2024-11-01T03:36:00Z,24.76879
2024-11-01T04:48:00Z,29.42965
2024-11-01T05:24:00Z,24.26154
2024-11-01T06:36:00Z,25.448523
2024-11-01T07:12:00Z,25.068296
2024-11-01T09:00:00Z,25.475933
2024-11-01T09:36:00Z,25.219746
2024-11-01T10:12:00Z,25.728968
2024-11-01T10:48:00Z,25.569645
2024-11-01T11:24:00Z,24.731705
2024-11-01T12:00:00Z,25.780499
2024-11-01T12:36:00Z,24.032537
2024-11-01T13:12:00Z,29.068497
2024-11-01T13:48:00Z,24.731653
2024-11-01T14:24:00Z,24.638277
2024-11-01T15:00:00Z,24.079775
2024-11-01T16:12:00Z,25.352688
2024-11-01T16:48:00Z,24.7976
2024-11-01T17:24:00Z,25.117813
2024-11-01T18:00:00Z,24.281834
2024-11-01T18:36:00Z,24.037886
2024-11-01T19:12:00Z,0
2024-11-01T19:48:00Z,24.395813
2024-11-01T20:24:00Z,29.84547
2024-11-01T21:00:00Z,24.991322
2024-11-01T21:36:00Z,24.824942
2024-11-01T22:12:00Z,0
2024-11-01T22:48:00Z,24.160507
2024-11-01T23:24:00Z,25.470638
2024-11-02T00:00:00Z,30.91496
2024-11-02T00:36:00Z,0
2024-11-02T01:12:00Z,24.249615
2024-11-02T01:48:00Z,0
2024-11-02T02:24:00Z,29.741014
2024-11-02T03:00:00Z,0
2024-11-02T04:12:00Z,30.137356
2024-11-02T04:48:00Z,0
2024-11-02T05:24:00Z,25.378365
2024-11-02T06:00:00Z,24.650732
2024-11-02T06:36:00Z,24.709091
2024-11-02T07:12:00Z,25.596878
2024-11-02T09:00:00Z,24.949537
2024-11-02T09:36:00Z,24.353968
2024-11-02T10:48:00Z,29.720371
2024-11-02T11:24:00Z,24.332258
2024-11-02T12:00:00Z,25.623014
2024-11-02T15:36:00Z,24.7516
2024-11-02T16:12:00Z,30.362736
2024-11-02T16:48:00Z,0
2024-11-02T17:24:00Z,25.960007
2024-11-02T18:36:00Z,24.376833
2024-11-02T19:12:00Z,0
2024-11-02T19:48:00Z,24.984018
2024-11-02T20:24:00Z,24.176456
2024-11-02T21:00:00Z,25.66099
2024-11-02T21:36:00Z,0
2024-11-02T22:12:00Z,29.961254
2024-11-02T22:48:00Z,25.39906
2024-11-02T23:24:00Z,25.73758
2024-11-03T00:00:00Z,24.40025
2024-11-03T00:36:00Z,29.234262
2024-11-03T01:12:00Z,0
2024-11-03T01:48:00Z,25.859913
2024-11-03T03:00:00Z,25.095783
2024-11-03T03:36:00Z,0
2024-11-03T04:48:00Z,25.804308
2024-11-03T05:24:00Z,25.669506
2024-11-03T06:00:00Z,24.12993
2024-11-03T06:36:00Z,25.724337
2024-11-03T07:12:00Z,24.36585
2024-11-03T07:48:00Z,29.090746
2024-11-03T08:24:00Z,0
2024-11-03T09:00:00Z,24.791384
2024-11-03T09:36:00Z,25.941202
2024-11-03T10:12:00Z,25.555927
2024-11-03T10:48:00Z,30.283241
2024-11-03T11:24:00Z,24.934805
2024-11-03T12:00:00Z,24.5507
2024-11-03T13:12:00Z,25.20319
2024-11-03T13:48:00Z,24.452639
2024-11-03T16:12:00Z,25.83607
2024-11-03T16:48:00Z,24.31424
2024-11-03T17:24:00Z,24.704517
2024-11-03T18:00:00Z,0
2024-11-03T18:36:00Z,25.2358
2024-11-03T19:12:00Z,29.841513
2024-11-03T19:48:00Z,25.326838
2024-11-03T21:36:00Z,25.941536
2024-11-03T22:12:00Z,0
2024-11-03T23:24:00Z,24.776543
2024-11-04T01:12:00Z,25.846182
2024-11-04T02:24:00Z,24.719847
2024-11-04T03:00:00Z,25.583591
2024-11-04T04:12:00Z,24.875149
2024-11-04T04:48:00Z,0
2024-11-04T06:00:00Z,25.410538
2024-11-04T07:12:00Z,24.146053
2024-11-04T07:48:00Z,24.408539
2024-11-04T08:24:00Z,25.790976
2024-11-04T09:36:00Z,24.359858
2024-11-04T10:12:00Z,29.659098
2024-11-04T10:48:00Z,24.540993
2024-11-04T12:36:00Z,25.711992
2024-11-04T14:24:00Z,25.271475
2024-11-04T15:00:00Z,25.750818
2024-11-04T16:12:00Z,25.970932
2024-11-04T18:36:00Z,24.515293
2024-11-04T19:12:00Z,24.917166
2024-11-04T19:48:00Z,24.488892
2024-11-04T20:24:00Z,25.617971
2024-11-04T21:00:00Z,25.060118
2024-11-04T22:48:00Z,24.912891
2024-11-05T00:00:00Z,24.081192
2024-11-05T00:36:00Z,0
2024-11-05T01:48:00Z,25.648159
2024-11-05T03:00:00Z,24.084684
2024-11-05T03:36:00Z,0
2024-11-05T04:48:00Z,24.845491
2024-11-05T05:24:00Z,24.405956
2024-11-05T07:12:00Z,24.95035
2024-11-05T08:24:00Z,24.63414
2024-11-05T09:00:00Z,25.289568
2024-11-05T09:36:00Z,24.531738
2024-11-05T10:12:00Z,24.353926
2024-11-05T11:24:00Z,25.218147
2024-11-05T12:36:00Z,30.394686
2024-11-05T13:12:00Z,25.941679
2024-11-05T13:48:00Z,25.941406
2024-11-05T14:24:00Z,25.147133
2024-11-05T15:00:00Z,30.51886
2024-11-05T15:36:00Z,0
2024-11-05T16:48:00Z,24.070309
2024-11-05T17:24:00Z,0
2024-11-05T18:00:00Z,24.957594
2024-11-05T18:36:00Z,0
2024-11-05T19:12:00Z,24.177937
2024-11-05T20:24:00Z,25.888744
2024-11-05T22:12:00Z,25.37229
2024-11-05T22:48:00Z,24.689999
2024-11-05T23:24:00Z,24.786905
2024-11-06T00:00:00Z,0
2024-11-06T00:36:00Z,29.566366
2024-11-06T01:12:00Z,24.708908
2024-11-06T03:00:00Z,24.751974
2024-11-06T04:48:00Z,25.919586
2024-11-06T05:24:00Z,24.825626
2024-11-06T06:00:00Z,25.437178
2024-11-06T08:24:00Z,25.682999
2024-11-06T09:36:00Z,24.340117
2024-11-06T10:12:00Z,24.26639
2024-11-06T11:24:00Z,25.298145
2024-11-06T13:12:00Z,25.163157
2024-11-06T13:48:00Z,24.185268
2024-11-06T14:24:00Z,25.950157
2024-11-06T16:12:00Z,25.121918
2024-11-06T17:24:00Z,25.118744
2024-11-06T18:00:00Z,25.526999
2024-11-06T18:36:00Z,24.185184
2024-11-06T19:48:00Z,24.370684
2024-11-06T21:00:00Z,0
2024-11-06T21:36:00Z,29.394066
2024-11-06T22:12:00Z,25.263075
2024-11-06T22:48:00Z,24.433344
2024-11-07T00:36:00Z,25.625496
2024-11-07T01:48:00Z,24.872717
2024-11-07T03:36:00Z,25.145214
2024-11-07T04:12:00Z,24.16749
2024-11-07T06:00:00Z,24.226248
2024-11-07T06:36:00Z,24.589819
2024-11-07T07:48:00Z,0
2024-11-07T09:00:00Z,24.143147
2024-11-07T09:36:00Z,25.719002
2024-11-07T10:48:00Z,25.250036
2024-11-07T11:24:00Z,24.01448
2024-11-07T12:00:00Z,25.81579
2024-11-07T12:36:00Z,29.680182
2024-11-07T13:12:00Z,0
2024-11-07T14:24:00Z,25.002068
2024-11-07T15:36:00Z,25.358524
2024-11-07T16:12:00Z,24.704899
2024-11-07T16:48:00Z,0
2024-11-07T17:24:00Z,25.30169
2024-11-07T18:36:00Z,25.664707
2024-11-07T19:12:00Z,29.213484
2024-11-07T19:48:00Z,24.347073
2024-11-07T20:24:00Z,25.458244
2024-11-07T22:12:00Z,25.520266
2024-11-08T00:36:00Z,24.00257
2024-11-08T01:48:00Z,24.92808
2024-11-08T02:24:00Z,25.82296
2024-11-08T03:00:00Z,24.118635
2024-11-08T03:36:00Z,25.877455
2024-11-08T04:12:00Z,25.532927
2024-11-08T04:48:00Z,30.922068
2024-11-08T05:24:00Z,24.690619
2024-11-08T06:00:00Z,25.32869
2024-11-08T06:36:00Z,29.597399
2024-11-08T07:12:00Z,25.127964
2024-11-08T10:12:00Z,24.72603
2024-11-08T10:48:00Z,0
2024-11-08T11:24:00Z,29.907963
2024-11-08T12:00:00Z,25.41905
2024-11-08T12:36:00Z,30.72956
2024-11-08T13:12:00Z,24.759472
2024-11-08T13:48:00Z,0
2024-11-08T14:24:00Z,25.49855
2024-11-08T15:00:00Z,24.468231
2024-11-08T15:36:00Z,25.330185
2024-11-08T16:12:00Z,24.966764
2024-11-08T16:48:00Z,30.580936
2024-11-08T17:24:00Z,24.962744
2024-11-08T18:00:00Z,24.075333
2024-11-08T18:36:00Z,25.14828
2024-11-08T19:12:00Z,25.198715
2024-11-08T19:48:00Z,24.818356
2024-11-08T20:24:00Z,25.407705
2024-11-08T21:00:00Z,0
2024-11-08T23:24:00Z,29.63725
2024-11-09T00:00:00Z,0
2024-11-09T00:36:00Z,25.155657
2024-11-09T01:12:00Z,25.25117
2024-11-09T03:36:00Z,24.130209
2024-11-09T04:48:00Z,25.676758
2024-11-09T05:24:00Z,25.351925
2024-11-09T06:00:00Z,0
2024-11-09T07:12:00Z,25.317436
2024-11-09T08:24:00Z,24.779543
2024-11-09T09:00:00Z,24.914383
2024-11-09T09:36:00Z,24.648827
2024-11-09T10:12:00Z,24.823294
2024-11-09T10:48:00Z,29.515018
2024-11-09T11:24:00Z,0
2024-11-09T12:36:00Z,25.941116
2024-11-09T13:48:00Z,24.666874
2024-11-09T14:24:00Z,25.046062
2024-11-09T15:36:00Z,24.474072
2024-11-09T16:12:00Z,0
2024-11-09T16:48:00Z,24.267178
2024-11-09T17:24:00Z,25.433044
2024-11-09T18:00:00Z,24.18929
2024-11-09T18:36:00Z,24.227844
2024-11-09T20:24:00Z,25.507868
2024-11-09T21:00:00Z,29.975292
2024-11-09T21:36:00Z,25.500921
2024-11-09T22:12:00Z,0
2024-11-09T22:48:00Z,25.089762
2024-11-09T23:24:00Z,24.082367
2024-11-10T00:00:00Z,29.73615
2024-11-10T00:36:00Z,24.470142
2024-11-10T01:48:00Z,25.180613
2024-11-10T02:24:00Z,24.594349
2024-11-10T03:36:00Z,24.813883
2024-11-10T04:12:00Z,0
2024-11-10T04:48:00Z,0
2024-11-10T05:24:00Z,24.233286
2024-11-10T06:00:00Z,0
2024-11-10T06:36:00Z,0
2024-11-10T07:12:00Z,25.356953
2024-11-10T08:24:00Z,24.30779
2024-11-10T09:00:00Z,0
2024-11-10T09:36:00Z,25.004076
2024-11-10T10:12:00Z,24.061495
2024-11-10T11:24:00Z,24.507221
2024-11-10T12:00:00Z,25.257647
2024-11-10T13:48:00Z,24.610292
2024-11-10T14:24:00Z,25.557554
2024-11-10T15:00:00Z,30.463636
2024-11-10T15:36:00Z,0
2024-11-10T16:12:00Z,29.932514
2024-11-10T16:48:00Z,0
2024-11-10T17:24:00Z,25.479635
2024-11-10T18:00:00Z,24.39144
2024-11-10T19:12:00Z,24.667404
2024-11-10T20:24:00Z,24.11329
2024-11-10T21:00:00Z,24.65204
2024-11-10T21:36:00Z,25.671135
2024-11-10T23:24:00Z,25.27536
2024-11-11T00:00:00Z,24.767996
2024-11-11T00:36:00Z,30.6272
2024-11-11T01:12:00Z,0
2024-11-11T03:00:00Z,29.002768
2024-11-11T03:36:00Z,25.977415
2024-11-11T04:48:00Z,25.459524
2024-11-11T05:24:00Z,24.471848
2024-11-11T06:36:00Z,25.287489
2024-11-11T07:12:00Z,24.101425
2024-11-11T07:48:00Z,0
2024-11-11T08:24:00Z,24.78075
2024-11-11T09:00:00Z,24.293314
2024-11-11T09:36:00Z,29.023212
2024-11-11T10:12:00Z,0
2024-11-11T10:48:00Z,0
2024-11-11T11:24:00Z,24.181135
2024-11-11T12:00:00Z,24.440828
2024-11-11T13:12:00Z,29.520597
2024-11-11T13:48:00Z,24.518118
2024-11-11T15:00:00Z,24.455887
2024-11-11T16:12:00Z,0
2024-11-11T16:48:00Z,24.152128
2024-11-11T17:24:00Z,25.50222
2024-11-11T19:12:00Z,24.195557
2024-11-11T19:48:00Z,25.156782
2024-11-11T21:36:00Z,25.491508
2024-11-11T22:12:00Z,29.140345
2024-11-11T22:48:00Z,0
2024-11-11T23:24:00Z,30.018694
2024-11-12T00:00:00Z,0
2024-11-12T00:36:00Z,25.206451
2024-11-12T03:00:00Z,25.827654
2024-11-12T04:12:00Z,24.984438
2024-11-12T04:48:00Z,25.342592
2024-11-12T05:24:00Z,24.51529
2024-11-12T06:00:00Z,0
2024-11-12T07:12:00Z,0
2024-11-12T07:48:00Z,25.70594
2024-11-12T08:24:00Z,0
2024-11-12T09:36:00Z,24.363258
2024-11-12T10:12:00Z,29.433641
2024-11-12T10:48:00Z,0
2024-11-12T12:36:00Z,25.74238
2024-11-12T13:12:00Z,24.347057
2024-11-12T14:24:00Z,24.722687
2024-11-12T15:36:00Z,24.50786
2024-11-12T16:12:00Z,25.96924
2024-11-12T16:48:00Z,24.10639
2024-11-12T18:00:00Z,25.459167
2024-11-12T18:36:00Z,25.804417
2024-11-12T19:12:00Z,24.686338
2024-11-12T19:48:00Z,25.390114
2024-11-12T21:00:00Z,25.466719
2024-11-12T21:36:00Z,24.301123
2024-11-12T22:12:00Z,24.774998
2024-11-12T22:48:00Z,25.772064
2024-11-12T23:24:00Z,25.378529
2024-11-13T00:00:00Z,0
2024-11-13T00:36:00Z,25.955166
2024-11-13T01:12:00Z,25.421991
2024-11-13T01:48:00Z,25.341629
2024-11-13T02:24:00Z,0
2024-11-13T03:00:00Z,25.551144
2024-11-13T03:36:00Z,24.328587
2024-11-13T04:12:00Z,25.648241
2024-11-13T04:48:00Z,24.12514
2024-11-13T05:24:00Z,25.352495
2024-11-13T07:12:00Z,25.959032
2024-11-13T08:24:00Z,25.647326
2024-11-13T09:00:00Z,24.77658
2024-11-13T09:36:00Z,24.800312
2024-11-13T10:12:00Z,0
2024-11-13T11:24:00Z,24.509655
2024-11-13T12:00:00Z,24.95092
2024-11-13T12:36:00Z,30.998867
2024-11-13T13:12:00Z,0
2024-11-13T13:48:00Z,24.749577
2024-11-13T14:24:00Z,24.948044
2024-11-13T15:00:00Z,29.11583
2024-11-13T15:36:00Z,24.606401
2024-11-13T16:12:00Z,24.215187
2024-11-13T17:24:00Z,25.299456
2024-11-13T19:12:00Z,24.284935
2024-11-13T21:00:00Z,25.870152
2024-11-13T21:36:00Z,24.561083
2024-11-13T22:12:00Z,0
2024-11-13T22:48:00Z,25.652607
2024-11-14T00:00:00Z,25.935867
2024-11-14T01:12:00Z,29.379599
2024-11-14T01:48:00Z,0
2024-11-14T03:00:00Z,25.964745
2024-11-14T04:48:00Z,24.55427
2024-11-14T06:00:00Z,29.101755
2024-11-14T06:36:00Z,0
2024-11-14T07:12:00Z,25.642385
2024-11-14T07:48:00Z,24.241823
2024-11-14T09:00:00Z,25.529472
2024-11-14T10:12:00Z,25.227692
2024-11-14T11:24:00Z,0
2024-11-14T13:48:00Z,25.962408
2024-11-14T14:24:00Z,24.449488
2024-11-14T15:00:00Z,25.02245
2024-11-14T15:36:00Z,25.164078
2024-11-14T16:48:00Z,24.10742
2024-11-14T18:00:00Z,25.58796
2024-11-14T18:36:00Z,24.272388
2024-11-14T19:12:00Z,25.216822
2024-11-14T19:48:00Z,24.376629
2024-11-14T21:00:00Z,24.809639
2024-11-14T21:36:00Z,24.13175
2024-11-14T23:24:00Z,24.225876
2024-11-15T00:00:00Z,25.574131
2024-11-15T02:24:00Z,24.10547
2024-11-15T03:00:00Z,0
2024-11-15T05:24:00Z,25.732164
2024-11-15T06:00:00Z,25.097296
2024-11-15T08:24:00Z,24.815153
2024-11-15T10:12:00Z,25.789446
2024-11-15T10:48:00Z,24.437508
2024-11-15T11:24:00Z,24.947668
2024-11-15T12:36:00Z,25.262703
2024-11-15T13:12:00Z,24.202192
2024-11-15T13:48:00Z,25.903421
2024-11-15T14:24:00Z,25.456156
2024-11-15T15:00:00Z,25.98495
2024-11-15T15:36:00Z,24.085361
2024-11-15T16:48:00Z,24.693512
2024-11-15T17:24:00Z,0
2024-11-15T18:00:00Z,25.760445
2024-11-15T19:48:00Z,0
2024-11-15T21:00:00Z,24.738916
2024-11-15T21:36:00Z,25.291119
2024-11-15T22:12:00Z,24.937
2024-11-15T22:48:00Z,25.611023
2024-11-15T23:24:00Z,25.23088
2024-11-16T02:24:00Z,25.590317
2024-11-16T04:12:00Z,24.396467
2024-11-16T05:24:00Z,25.384642
2024-11-16T06:36:00Z,24.79449
2024-11-16T07:12:00Z,24.11586
2024-11-16T07:48:00Z,25.610638
2024-11-16T08:24:00Z,25.778883
2024-11-16T09:36:00Z,24.509762
2024-11-16T10:12:00Z,25.883358
2024-11-16T11:24:00Z,24.221643
2024-11-16T12:00:00Z,24.041449
2024-11-16T13:12:00Z,24.43782
2024-11-16T13:48:00Z,0
2024-11-16T14:24:00Z,25.376144
2024-11-16T15:00:00Z,24.557325
2024-11-16T17:24:00Z,25.531343
2024-11-16T18:00:00Z,25.363096
2024-11-16T19:12:00Z,25.707653
2024-11-16T20:24:00Z,24.841774
2024-11-16T21:00:00Z,25.158943
2024-11-16T21:36:00Z,24.458122
2024-11-16T22:48:00Z,25.39304
2024-11-17T00:36:00Z,25.900404
2024-11-17T01:12:00Z,25.233433
2024-11-17T01:48:00Z,25.25996
2024-11-17T02:24:00Z,24.131105
2024-11-17T03:36:00Z,25.108551
2024-11-17T07:12:00Z,24.951134
2024-11-17T07:48:00Z,25.64232
2024-11-17T08:24:00Z,25.855633
2024-11-17T09:36:00Z,25.278008
2024-11-17T10:12:00Z,24.57039
2024-11-17T11:24:00Z,25.864553
2024-11-17T12:00:00Z,29.25942
2024-11-17T12:36:00Z,0
2024-11-17T13:12:00Z,25.619457
2024-11-17T13:48:00Z,24.81821
2024-11-17T15:00:00Z,25.04572
2024-11-17T15:36:00Z,0
2024-11-17T16:48:00Z,24.39809
2024-11-17T18:00:00Z,25.698753
2024-11-17T19:12:00Z,25.791147
2024-11-17T19:48:00Z,24.02438
2024-11-17T20:24:00Z,25.456846
2024-11-17T21:00:00Z,0
2024-11-17T21:36:00Z,30.663479
2024-11-17T22:12:00Z,0
2024-11-17T22:48:00Z,25.648674
2024-11-17T23:24:00Z,24.506239
2024-11-18T00:00:00Z,25.828308
2024-11-18T01:48:00Z,24.133722
2024-11-18T02:24:00Z,25.655222
2024-11-18T03:00:00Z,24.226757
2024-11-18T04:48:00Z,25.49571
2024-11-18T05:24:00Z,0
2024-11-18T06:00:00Z,25.406038
2024-11-18T06:36:00Z,25.74816
2024-11-18T07:12:00Z,25.046629
2024-11-18T08:24:00Z,25.804499
2024-11-18T09:00:00Z,24.186543
2024-11-18T09:36:00Z,24.92843
2024-11-18T10:12:00Z,24.322544
2024-11-18T10:48:00Z,30.869118
2024-11-18T11:24:00Z,0
2024-11-18T12:00:00Z,25.48878
2024-11-18T13:48:00Z,25.56393
2024-11-18T14:24:00Z,24.250269
2024-11-18T15:00:00Z,25.204052
2024-11-18T15:36:00Z,30.79463
2024-11-18T16:12:00Z,24.505518
2024-11-18T16:48:00Z,30.698696
2024-11-18T17:24:00Z,24.005814
2024-11-18T19:12:00Z,24.259344
2024-11-18T19:48:00Z,29.062899
2024-11-18T20:24:00Z,24.917603
2024-11-18T21:36:00Z,25.362186
2024-11-18T22:12:00Z,25.945148
2024-11-18T23:24:00Z,24.623219
2024-11-19T00:00:00Z,25.692574
2024-11-19T01:48:00Z,24.551573
2024-11-19T04:12:00Z,24.63628
2024-11-19T05:24:00Z,29.993546
2024-11-19T06:00:00Z,25.615536
2024-11-19T06:36:00Z,25.600521
2024-11-19T07:12:00Z,24.703793
2024-11-19T07:48:00Z,25.701685
2024-11-19T09:36:00Z,24.856443
2024-11-19T10:12:00Z,25.846203
2024-11-19T10:48:00Z,24.520155
2024-11-19T11:24:00Z,25.441227
2024-11-19T12:00:00Z,30.068893
2024-11-19T12:36:00Z,0
2024-11-19T13:48:00Z,25.203022
2024-11-19T14:24:00Z,24.507912
2024-11-19T15:36:00Z,24.215673
2024-11-19T16:12:00Z,0
2024-11-19T16:48:00Z,25.155222
2024-11-19T18:36:00Z,30.14771
2024-11-19T19:12:00Z,24.911713
2024-11-19T19:48:00Z,25.103893
2024-11-19T20:24:00Z,24.873772
2024-11-19T21:36:00Z,30.70418
2024-11-19T22:12:00Z,25.236895
2024-11-19T22:48:00Z,25.286173
2024-11-19T23:24:00Z,25.993305
2024-11-20T00:36:00Z,24.39
2024-11-20T01:12:00Z,25.460249
2024-11-20T03:00:00Z,24.332066
2024-11-20T03:36:00Z,25.747078
2024-11-20T04:48:00Z,30.698446
2024-11-20T05:24:00Z,0
2024-11-20T06:36:00Z,30.176632
2024-11-20T07:12:00Z,24.169634
2024-11-20T09:00:00Z,24.171274
2024-11-20T09:36:00Z,25.069218
2024-11-20T10:12:00Z,25.477745
2024-11-20T10:48:00Z,24.576874
2024-11-20T13:12:00Z,24.155363
2024-11-20T13:48:00Z,24.959717
2024-11-20T14:24:00Z,0
2024-11-20T15:36:00Z,25.224009
2024-11-20T16:12:00Z,25.91685
2024-11-20T16:48:00Z,24.514606
2024-11-20T17:24:00Z,25.825674
2024-11-20T19:12:00Z,24.921068
2024-11-20T19:48:00Z,25.921284
2024-11-20T20:24:00Z,30.63162
2024-11-20T21:00:00Z,0
2024-11-20T21:36:00Z,24.35678
2024-11-20T22:12:00Z,25.534546
2024-11-20T23:24:00Z,25.06562
2024-11-21T00:00:00Z,24.51556
2024-11-21T01:12:00Z,25.304884
2024-11-21T02:24:00Z,24.21626
2024-11-21T03:00:00Z,24.00967
2024-11-21T04:48:00Z,30.692139
2024-11-21T05:24:00Z,25.005991
2024-11-21T06:00:00Z,0
2024-11-21T06:36:00Z,24.780071
2024-11-21T07:12:00Z,0
2024-11-21T08:24:00Z,25.977886
2024-11-21T09:00:00Z,24.012548
2024-11-21T09:36:00Z,25.616184
2024-11-21T10:48:00Z,25.305273
2024-11-21T11:24:00Z,24.24935
2024-11-21T12:00:00Z,25.570358
2024-11-21T13:12:00Z,24.807135
2024-11-21T13:48:00Z,25.552399
2024-11-21T15:00:00Z,24.070751
2024-11-21T15:36:00Z,25.634022
2024-11-21T16:12:00Z,24.599
2024-11-21T16:48:00Z,29.851183
2024-11-21T17:24:00Z,25.555801
2024-11-21T18:00:00Z,25.589485
2024-11-21T19:12:00Z,29.630877
2024-11-21T19:48:00Z,25.52487
2024-11-21T20:24:00Z,25.082294
2024-11-21T22:12:00Z,29.365751
2024-11-21T22:48:00Z,24.372133
2024-11-21T23:24:00Z,24.181395
2024-11-22T00:00:00Z,25.818253
2024-11-22T00:36:00Z,24.050493
2024-11-22T01:12:00Z,25.34798
2024-11-22T01:48:00Z,0
2024-11-22T02:24:00Z,24.658754
2024-11-22T03:00:00Z,24.36371
2024-11-22T04:48:00Z,24.545881
2024-11-22T05:24:00Z,24.25938
2024-11-22T06:00:00Z,24.663382
2024-11-22T10:12:00Z,24.022219
2024-11-22T11:24:00Z,24.893827
2024-11-22T12:00:00Z,25.888796
2024-11-22T12:36:00Z,24.336945
2024-11-22T13:48:00Z,25.57677
2024-11-22T14:24:00Z,25.23503
2024-11-22T15:00:00Z,0
2024-11-22T15:36:00Z,25.671995
2024-11-22T16:48:00Z,24.506662
2024-11-22T18:36:00Z,24.246363
2024-11-22T19:12:00Z,30.496443
2024-11-22T19:48:00Z,24.596117
2024-11-22T20:24:00Z,24.216963
2024-11-22T21:00:00Z,0
2024-11-22T21:36:00Z,24.688156
2024-11-22T22:12:00Z,24.271456
2024-11-23T00:36:00Z,24.779598
2024-11-23T01:12:00Z,25.5711
2024-11-23T03:36:00Z,25.145405
2024-11-23T04:12:00Z,25.431887
2024-11-23T04:48:00Z,24.875435
2024-11-23T05:24:00Z,30.015022
2024-11-23T06:00:00Z,24.962711
2024-11-23T07:12:00Z,24.295118
2024-11-23T07:48:00Z,24.956188
2024-11-23T08:24:00Z,30.188698
2024-11-23T09:00:00Z,0
2024-11-23T10:12:00Z,30.671835
2024-11-23T10:48:00Z,0
2024-11-23T11:24:00Z,24.138403
2024-11-23T12:36:00Z,24.39451
2024-11-23T13:12:00Z,25.850605
2024-11-23T13:48:00Z,24.892397
2024-11-23T15:36:00Z,24.762112
2024-11-23T16:48:00Z,25.341528
2024-11-23T18:00:00Z,24.58084
2024-11-23T19:12:00Z,24.51664
2024-11-23T20:24:00Z,25.27339
2024-11-23T22:12:00Z,25.45713
2024-11-23T23:24:00Z,25.004494
2024-11-24T00:00:00Z,24.085804
2024-11-24T00:36:00Z,25.891129
2024-11-24T01:48:00Z,25.398088
2024-11-24T03:36:00Z,25.452383
2024-11-24T04:48:00Z,29.580648
2024-11-24T05:24:00Z,24.229849
2024-11-24T06:36:00Z,24.672968
2024-11-24T07:12:00Z,25.995884
2024-11-24T08:24:00Z,24.454731
2024-11-24T09:00:00Z,24.504545
2024-11-24T09:36:00Z,25.941473
2024-11-24T10:12:00Z,25.422161
2024-11-24T11:24:00Z,25.80683
2024-11-24T12:36:00Z,25.072144
2024-11-24T13:12:00Z,25.736256
2024-11-24T13:48:00Z,24.454563
2024-11-24T14:24:00Z,24.142826
2024-11-24T15:00:00Z,25.841667
2024-11-24T16:12:00Z,24.245935
2024-11-24T16:48:00Z,25.859049
2024-11-24T17:24:00Z,25.329414
2024-11-24T18:00:00Z,0
2024-11-24T18:36:00Z,24.425005
2024-11-24T20:24:00Z,25.744064
2024-11-24T21:00:00Z,30.19618
2024-11-24T21:36:00Z,24.43919
2024-11-24T22:12:00Z,25.983213
2024-11-24T22:48:00Z,25.49032
2024-11-24T23:24:00Z,25.416288
2024-11-25T00:00:00Z,24.37742
2024-11-25T01:48:00Z,30.064745
2024-11-25T02:24:00Z,24.375732
2024-11-25T03:00:00Z,30.049755
2024-11-25T03:36:00Z,25.598402
2024-11-25T04:48:00Z,25.760813
2024-11-25T05:24:00Z,24.20899
2024-11-25T06:00:00Z,24.765623
2024-11-25T07:12:00Z,25.038359
2024-11-25T07:48:00Z,25.956852
2024-11-25T10:12:00Z,25.513536
2024-11-25T10:48:00Z,30.92132
2024-11-25T11:24:00Z,0
2024-11-25T12:36:00Z,24.575329
2024-11-25T13:12:00Z,25.132147
2024-11-25T14:24:00Z,24.454813
2024-11-25T15:00:00Z,24.528257
2024-11-25T15:36:00Z,25.442444
2024-11-25T16:12:00Z,29.496746
2024-11-25T16:48:00Z,25.573252
2024-11-25T17:24:00Z,24.003344
2024-11-25T18:00:00Z,24.104593
2024-11-25T18:36:00Z,30.93693
2024-11-25T19:12:00Z,0
2024-11-25T22:12:00Z,25.169807
2024-11-25T22:48:00Z,25.958458
2024-11-26T01:12:00Z,25.325026
2024-11-26T01:48:00Z,24.194643
2024-11-26T02:24:00Z,29.464949
2024-11-26T03:00:00Z,0
2024-11-26T03:36:00Z,25.9368
2024-11-26T06:00:00Z,24.488905
2024-11-26T07:12:00Z,25.143589
2024-11-26T08:24:00Z,25.232555
2024-11-26T09:36:00Z,24.268877
2024-11-26T10:12:00Z,0
2024-11-26T10:48:00Z,25.51747
2024-11-26T11:24:00Z,24.347311
2024-11-26T12:00:00Z,25.100094
2024-11-26T12:36:00Z,25.286829
2024-11-26T13:12:00Z,24.977495
2024-11-26T13:48:00Z,24.206802
2024-11-26T14:24:00Z,30.1318
2024-11-26T15:00:00Z,24.403261
2024-11-26T15:36:00Z,24.542803
2024-11-26T16:12:00Z,24.241135
2024-11-26T16:48:00Z,25.642956
2024-11-26T18:00:00Z,24.481237
2024-11-26T18:36:00Z,30.820993
2024-11-26T19:12:00Z,25.673765
2024-11-26T20:24:00Z,25.258303
2024-11-26T21:00:00Z,24.202696
2024-11-26T21:36:00Z,25.495464
2024-11-26T22:48:00Z,24.32656
2024-11-26T23:24:00Z,24.09248
2024-11-27T00:00:00Z,25.230803
2024-11-27T01:12:00Z,25.159422
2024-11-27T01:48:00Z,25.940777
2024-11-27T02:24:00Z,24.474998
2024-11-27T03:36:00Z,25.008114
2024-11-27T04:12:00Z,29.405546
2024-11-27T04:48:00Z,24.601618
2024-11-27T05:24:00Z,24.448252
2024-11-27T06:00:00Z,25.434258
2024-11-27T06:36:00Z,24.025852
2024-11-27T07:12:00Z,0
2024-11-27T07:48:00Z,25.74497
2024-11-27T08:24:00Z,25.29556
2024-11-27T09:00:00Z,24.396118
2024-11-27T09:36:00Z,25.641401
2024-11-27T10:12:00Z,30.07692
2024-11-27T10:48:00Z,0
2024-11-27T11:24:00Z,25.61285
2024-11-27T12:00:00Z,30.104794
2024-11-27T12:36:00Z,25.28964
2024-11-27T13:48:00Z,29.513931
2024-11-27T14:24:00Z,24.415638
2024-11-27T15:36:00Z,25.676191
2024-11-27T16:12:00Z,25.079052
2024-11-27T18:00:00Z,24.808582
2024-11-27T18:36:00Z,25.091166
2024-11-27T19:12:00Z,24.200214
2024-11-27T19:48:00Z,25.039116
2024-11-27T20:24:00Z,24.59265
2024-11-27T21:00:00Z,24.622538
2024-11-27T21:36:00Z,25.221752
2024-11-27T22:12:00Z,24.85391
2024-11-27T22:48:00Z,25.520266
2024-11-27T23:24:00Z,24.005438
2024-11-28T00:00:00Z,24.569344
2024-11-28T00:36:00Z,25.70655
2024-11-28T01:12:00Z,29.165318
2024-11-28T01:48:00Z,24.688684
2024-11-28T03:00:00Z,24.851038
2024-11-28T03:36:00Z,0
2024-11-28T04:12:00Z,25.372929
2024-11-28T04:48:00Z,24.59185
2024-11-28T05:24:00Z,0
2024-11-28T06:00:00Z,25.082869
2024-11-28T06:36:00Z,24.577063
2024-11-28T07:12:00Z,25.009283
2024-11-28T07:48:00Z,30.572775
2024-11-28T08:24:00Z,25.344204
2024-11-28T09:00:00Z,24.216675
2024-11-28T09:36:00Z,25.454561
2024-11-28T10:48:00Z,24.21756
2024-11-28T11:24:00Z,24.368412
2024-11-28T12:36:00Z,25.847143
2024-11-28T13:12:00Z,24.565441
2024-11-28T13:48:00Z,25.949924
2024-11-28T15:00:00Z,25.72608
2024-11-28T15:36:00Z,24.523952
2024-11-28T17:24:00Z,25.917034
2024-11-28T18:36:00Z,24.292093
2024-11-28T19:12:00Z,0
2024-11-28T19:48:00Z,24.420769
2024-11-28T21:00:00Z,25.39981
2024-11-28T21:36:00Z,25.596258
2024-11-28T22:12:00Z,0
2024-11-28T22:48:00Z,24.39531
2024-11-28T23:24:00Z,25.239502
2024-11-29T00:00:00Z,0
2024-11-29T00:36:00Z,25.182774
2024-11-29T01:12:00Z,24.463905
2024-11-29T01:48:00Z,24.400953
2024-11-29T02:24:00Z,24.93258
2024-11-29T03:00:00Z,24.172504
2024-11-29T03:36:00Z,25.371738
2024-11-29T04:12:00Z,24.360573
2024-11-29T04:48:00Z,24.00453
2024-11-29T05:24:00Z,24.944427
2024-11-29T06:00:00Z,24.106342
2024-11-29T06:36:00Z,25.49046
2024-11-29T07:12:00Z,25.404171
2024-11-29T07:48:00Z,24.44408
2024-11-29T08:24:00Z,25.519356
2024-11-29T09:36:00Z,25.22759
2024-11-29T10:12:00Z,29.157446
2024-11-29T10:48:00Z,25.687588
2024-11-29T11:24:00Z,25.090857
2024-11-29T12:00:00Z,29.552628
2024-11-29T12:36:00Z,0
2024-11-29T13:12:00Z,25.386976
2024-11-29T13:48:00Z,25.872614
2024-11-29T14:24:00Z,24.609226
2024-11-29T15:00:00Z,30.303257
2024-11-29T15:36:00Z,25.605412
2024-11-29T16:12:00Z,24.542782
2024-11-29T16:48:00Z,0
2024-11-29T17:24:00Z,25.206047
2024-11-29T18:00:00Z,24.608335
2024-11-29T18:36:00Z,0
2024-11-29T19:12:00Z,24.19106
2024-11-29T19:48:00Z,25.508802
2024-11-29T20:24:00Z,25.799143
2024-11-29T21:00:00Z,30.543558
2024-11-29T21:36:00Z,25.999111
2024-11-29T22:48:00Z,25.68536
2024-11-30T00:00:00Z,24.624609
2024-11-30T00:36:00Z,24.985586
2024-11-30T01:12:00Z,0
2024-11-30T01:48:00Z,24.899208
2024-11-30T03:00:00Z,25.45031
2024-11-30T03:36:00Z,25.235329
2024-11-30T04:12:00Z,25.66723
2024-11-30T04:48:00Z,0
2024-11-30T05:24:00Z,25.236738
2024-11-30T06:00:00Z,24.346846
2024-11-30T06:36:00Z,29.735489
2024-11-30T07:12:00Z,25.1161
2024-11-30T07:48:00Z,24.104706
2024-11-30T08:24:00Z,25.151459
2024-11-30T10:12:00Z,25.871862
2024-11-30T10:48:00Z,24.813036
2024-11-30T11:24:00Z,24.233707
2024-11-30T12:00:00Z,0
2024-11-30T12:36:00Z,24.035154
2024-11-30T13:12:00Z,30.403399
2024-11-30T13:48:00Z,25.17326
2024-11-30T16:12:00Z,25.780716
2024-11-30T16:48:00Z,24.40348
2024-11-30T17:24:00Z,24.082174
2024-11-30T18:00:00Z,25.825329
2024-11-30T18:36:00Z,24.243326
2024-11-30T19:48:00Z,25.577967
2024-11-30T20:24:00Z,24.469326
2024-11-30T21:00:00Z,24.624037
2024-11-30T21:36:00Z,25.45243
2024-11-30T22:12:00Z,25.060413
2024-11-30T22:48:00Z,25.722416
2024-11-30T23:24:00Z,24.461748
2024-12-01T00:36:00Z,25.349546
2024-12-01T01:48:00Z,25.06079
2024-12-01T02:24:00Z,25.788502
2024-12-01T03:36:00Z,24.184149
2024-12-01T04:12:00Z,24.670551
2024-12-01T04:48:00Z,0
2024-12-01T05:24:00Z,25.36501
2024-12-01T06:00:00Z,25.814331
2024-12-01T06:36:00Z,25.167023
2024-12-01T07:12:00Z,0
2024-12-01T07:48:00Z,25.146132
2024-12-01T08:24:00Z,25.068512
2024-12-01T09:00:00Z,24.022348
2024-12-01T09:36:00Z,24.214497
2024-12-01T10:12:00Z,25.684324
2024-12-01T10:48:00Z,24.31956
2024-12-01T11:24:00Z,25.257545
2024-12-01T12:00:00Z,24.014503
2024-12-01T12:36:00Z,24.594736
2024-12-01T13:12:00Z,0
2024-12-01T13:48:00Z,24.480211
2024-12-01T14:24:00Z,25.72527
2024-12-01T15:00:00Z,0
2024-12-01T15:36:00Z,25.297495
2024-12-01T16:12:00Z,30.690428
2024-12-01T16:48:00Z,24.62585
2024-12-01T17:24:00Z,30.356451
2024-12-01T18:00:00Z,24.727522
2024-12-01T18:36:00Z,24.774075
2024-12-01T19:12:00Z,25.759375
2024-12-01T19:48:00Z,30.640144
2024-12-01T20:24:00Z,0
2024-12-01T21:00:00Z,24.458027
2024-12-01T22:48:00Z,25.756224
2024-12-01T23:24:00Z,25.003305
2024-12-02T00:00:00Z,25.142128
2024-12-02T00:36:00Z,24.567053
2024-12-02T01:12:00Z,0
2024-12-02T01:48:00Z,24.377678
2024-12-02T02:24:00Z,25.630804
2024-12-02T03:00:00Z,25.06912
2024-12-02T03:36:00Z,30.418451
2024-12-02T04:12:00Z,0
2024-12-02T04:48:00Z,24.968092
2024-12-02T05:24:00Z,30.479382
2024-12-02T06:00:00Z,24.921059
2024-12-02T06:36:00Z,25.87652
2024-12-02T07:12:00Z,25.21708
2024-12-02T07:48:00Z,25.10124
2024-12-02T08:24:00Z,25.59583
2024-12-02T09:00:00Z,30.584042
2024-12-02T09:36:00Z,25.095594
2024-12-02T10:12:00Z,25.30869
2024-12-02T10:48:00Z,24.68636
2024-12-02T11:24:00Z,25.659492
2024-12-02T12:00:00Z,25.034382
2024-12-02T13:12:00Z,25.583258
2024-12-02T13:48:00Z,29.985712
2024-12-02T14:24:00Z,25.33798
2024-12-02T15:00:00Z,0
2024-12-02T15:36:00Z,25.685753
2024-12-02T16:12:00Z,24.818613
2024-12-02T16:48:00Z,0
2024-12-02T17:24:00Z,24.15802
2024-12-02T18:00:00Z,25.262106
2024-12-02T18:36:00Z,30.20758
2024-12-02T19:12:00Z,25.315464
2024-12-02T20:24:00Z,25.827219
2024-12-02T21:00:00Z,24.023413
2024-12-02T21:36:00Z,24.175419
2024-12-02T22:48:00Z,25.803818
2024-12-02T23:24:00Z,25.80182
2024-12-03T00:00:00Z,24.660051
2024-12-03T00:36:00Z,24.0346
2024-12-03T01:12:00Z,25.029888
2024-12-03T01:48:00Z,24.828217
2024-12-03T02:24:00Z,25.222082
2024-12-03T03:00:00Z,24.552935
2024-12-03T03:36:00Z,24.306635
2024-12-03T04:12:00Z,24.523224
2024-12-03T04:48:00Z,24.066805
2024-12-03T05:24:00Z,29.59941
2024-12-03T06:00:00Z,24.218464
2024-12-03T06:36:00Z,24.710644
2024-12-03T07:12:00Z,0
2024-12-03T07:48:00Z,0
2024-12-03T08:24:00Z,25.847763
2024-12-03T09:00:00Z,24.327734
2024-12-03T10:12:00Z,24.972559
2024-12-03T10:48:00Z,25.767576
2024-12-03T12:00:00Z,25.386248
2024-12-03T12:36:00Z,24.374065
2024-12-03T13:12:00Z,0
2024-12-03T13:48:00Z,24.013605
2024-12-03T14:24:00Z,25.791994
2024-12-03T15:00:00Z,29.8067
2024-12-03T15:36:00Z,24.11606
2024-12-03T16:12:00Z,0
2024-12-03T16:48:00Z,25.12265
2024-12-03T17:24:00Z,25.47048
2024-12-03T18:00:00Z,24.068178
2024-12-03T18:36:00Z,0
2024-12-03T19:12:00Z,24.728874
2024-12-03T19:48:00Z,24.568949
2024-12-03T20:24:00Z,0
2024-12-03T21:00:00Z,30.199741
2024-12-03T21:36:00Z,25.777975
2024-12-03T22:48:00Z,25.2906
2024-12-03T23:24:00Z,24.428022
2024-12-04T00:00:00Z,0
2024-12-04T00:36:00Z,24.7427
2024-12-04T01:12:00Z,25.19194
2024-12-04T01:48:00Z,24.595243
2024-12-04T02:24:00Z,30.065128
2024-12-04T03:00:00Z,24.737137
2024-12-04T04:48:00Z,25.578451
2024-12-04T05:24:00Z,0
2024-12-04T06:00:00Z,24.531958
2024-12-04T06:36:00Z,24.061869
2024-12-04T07:48:00Z,25.890606
2024-12-04T08:24:00Z,24.925167
2024-12-04T09:00:00Z,25.347082
2024-12-04T09:36:00Z,24.564835
2024-12-04T10:12:00Z,24.23793
2024-12-04T10:48:00Z,24.742039
2024-12-04T12:00:00Z,24.083366
2024-12-04T12:36:00Z,25.001396
2024-12-04T13:12:00Z,24.197863
2024-12-04T13:48:00Z,25.389929
2024-12-04T14:24:00Z,25.525682
2024-12-04T15:00:00Z,24.3355
2024-12-04T15:36:00Z,24.286575
2024-12-04T16:12:00Z,25.983189
2024-12-04T16:48:00Z,25.227034
2024-12-04T17:24:00Z,25.519167
2024-12-04T18:00:00Z,24.482338
2024-12-04T19:12:00Z,25.292723
2024-12-04T19:48:00Z,24.4509
2024-12-04T20:24:00Z,25.846617
2024-12-04T21:00:00Z,25.861074
2024-12-04T21:36:00Z,24.428286
2024-12-04T22:12:00Z,25.398048
2024-12-04T23:24:00Z,24.455389
2024-12-05T00:00:00Z,24.415756
2024-12-05T00:36:00Z,0
2024-12-05T01:12:00Z,25.225397
2024-12-05T01:48:00Z,24.428278
2024-12-05T02:24:00Z,24.770037
2024-12-05T03:00:00Z,0
2024-12-05T03:36:00Z,24.519825
2024-12-05T04:12:00Z,25.070566
2024-12-05T04:48:00Z,24.639788
2024-12-05T06:00:00Z,24.873768
2024-12-05T06:36:00Z,24.429161
2024-12-05T07:12:00Z,25.490831
2024-12-05T07:48:00Z,25.613464
2024-12-05T08:24:00Z,24.173035
2024-12-05T09:00:00Z,25.96392
2024-12-05T09:36:00Z,25.271988
2024-12-05T10:12:00Z,25.549204
2024-12-05T10:48:00Z,0
2024-12-05T11:24:00Z,24.327427
2024-12-05T12:00:00Z,24.466618
2024-12-05T12:36:00Z,0
2024-12-05T13:12:00Z,24.25501
2024-12-05T13:48:00Z,25.220507
2024-12-05T15:00:00Z,24.449804
2024-12-05T15:36:00Z,25.221788
2024-12-05T16:12:00Z,24.63306
2024-12-05T16:48:00Z,25.718065
2024-12-05T17:24:00Z,24.257177
2024-12-05T18:00:00Z,25.318108
2024-12-05T19:12:00Z,24.650585
2024-12-05T19:48:00Z,25.62958
2024-12-05T20:24:00Z,0
2024-12-05T21:00:00Z,25.008745
2024-12-05T21:36:00Z,24.527643
2024-12-05T22:12:00Z,25.241882
2024-12-05T22:48:00Z,30.37663
2024-12-05T23:24:00Z,25.15418
2024-12-06T00:00:00Z,24.015522
2024-12-06T00:36:00Z,25.781105
2024-12-06T01:12:00Z,24.309149
2024-12-06T02:24:00Z,24.05408
2024-12-06T03:00:00Z,24.50061
2024-12-06T03:36:00Z,0
2024-12-06T04:12:00Z,25.479517
2024-12-06T04:48:00Z,25.685186
2024-12-06T05:24:00Z,0
2024-12-06T06:00:00Z,24.56021
2024-12-06T06:36:00Z,25.70039
2024-12-06T07:12:00Z,25.390419
2024-12-06T08:24:00Z,25.843246
2024-12-06T09:00:00Z,25.025385
2024-12-06T09:36:00Z,25.497313
2024-12-06T10:12:00Z,24.719088
2024-12-06T11:24:00Z,25.797237
2024-12-06T12:00:00Z,25.32824
2024-12-06T12:36:00Z,25.710844
2024-12-06T13:12:00Z,24.308563
2024-12-06T13:48:00Z,25.292463
2024-12-06T14:24:00Z,24.615078
2024-12-06T15:00:00Z,25.860664
2024-12-06T15:36:00Z,24.05573
2024-12-06T16:12:00Z,25.105595
2024-12-06T16:48:00Z,24.151806
2024-12-06T18:00:00Z,25.201624
2024-12-06T18:36:00Z,24.08314
2024-12-06T19:12:00Z,25.199324
2024-12-06T19:48:00Z,25.023691
2024-12-06T21:00:00Z,25.866686
2024-12-06T21:36:00Z,24.747187
2024-12-06T22:12:00Z,24.179733
2024-12-06T23:24:00Z,25.602774
2024-12-07T00:00:00Z,25.012815
2024-12-07T00:36:00Z,0
2024-12-07T01:12:00Z,25.113255
2024-12-07T01:48:00Z,25.863762
2024-12-07T02:24:00Z,25.985895
2024-12-07T03:00:00Z,24.603619
2024-12-07T03:36:00Z,25.722921
2024-12-07T04:48:00Z,25.4827
2024-12-07T05:24:00Z,30.310299
2024-12-07T06:00:00Z,0
2024-12-07T06:36:00Z,24.913805
2024-12-07T07:12:00Z,25.951117
2024-12-07T07:48:00Z,29.44787
2024-12-07T08:24:00Z,24.973118
2024-12-07T09:00:00Z,29.312805
2024-12-07T09:36:00Z,0
2024-12-07T10:12:00Z,25.446457
2024-12-07T10:48:00Z,0
2024-12-07T11:24:00Z,25.096575
2024-12-07T12:00:00Z,0
2024-12-07T12:36:00Z,25.108124
2024-12-07T13:12:00Z,24.848747
2024-12-07T13:48:00Z,25.625975
2024-12-07T14:24:00Z,25.693012
2024-12-07T15:00:00Z,30.60265
2024-12-07T15:36:00Z,24.171482
2024-12-07T16:12:00Z,25.88435
2024-12-07T16:48:00Z,24.15441
2024-12-07T17:24:00Z,25.052235
2024-12-07T18:00:00Z,24.390907
2024-12-07T18:36:00Z,30.847235
2024-12-07T19:12:00Z,25.15864
2024-12-07T19:48:00Z,24.857435
2024-12-07T20:24:00Z,25.381662
2024-12-07T21:00:00Z,29.751495
2024-12-07T21:36:00Z,24.35421
2024-12-07T22:12:00Z,25.297092
2024-12-07T22:48:00Z,24.593819
2024-12-07T23:24:00Z,30.996178
2024-12-08T00:00:00Z,25.17367
2024-12-08T01:12:00Z,24.044436
2024-12-08T01:48:00Z,25.497654
2024-12-08T03:00:00Z,24.451315
2024-12-08T03:36:00Z,30.071495
2024-12-08T04:12:00Z,0
2024-12-08T04:48:00Z,25.02054
2024-12-08T05:24:00Z,24.75364
2024-12-08T06:00:00Z,0
2024-12-08T06:36:00Z,25.166159
2024-12-08T07:12:00Z,25.790504
2024-12-08T07:48:00Z,24.606306
2024-12-08T08:24:00Z,25.359896
2024-12-08T09:00:00Z,24.440544
2024-12-08T09:36:00Z,25.675913
2024-12-08T10:12:00Z,24.61424
2024-12-08T10:48:00Z,24.06649
2024-12-08T11:24:00Z,24.626736
2024-12-08T12:00:00Z,25.876795
2024-12-08T12:36:00Z,24.687157
2024-12-08T13:12:00Z,25.424875
2024-12-08T14:24:00Z,24.943165
2024-12-08T15:00:00Z,25.56104
2024-12-08T15:36:00Z,25.598963
2024-12-08T16:12:00Z,24.160091
2024-12-08T16:48:00Z,24.159233
2024-12-08T17:24:00Z,25.846725
2024-12-08T18:00:00Z,25.037542
2024-12-08T18:36:00Z,29.468035
2024-12-08T19:12:00Z,25.051466
2024-12-08T19:48:00Z,29.141829
2024-12-08T20:24:00Z,25.870907
2024-12-08T21:00:00Z,25.474125
2024-12-08T21:36:00Z,24.036627
2024-12-08T22:12:00Z,0
2024-12-08T22:48:00Z,25.942743
2024-12-08T23:24:00Z,25.057032
2024-12-09T00:00:00Z,30.435661
2024-12-09T00:36:00Z,25.034393
2024-12-09T01:12:00Z,24.99448
2024-12-09T01:48:00Z,25.557404
2024-12-09T02:24:00Z,30.957071
2024-12-09T03:00:00Z,0
2024-12-09T03:36:00Z,25.342108
2024-12-09T04:12:00Z,25.667229
2024-12-09T04:48:00Z,24.483906
2024-12-09T05:24:00Z,24.182192
2024-12-09T06:00:00Z,25.659933
2024-12-09T06:36:00Z,25.518366
2024-12-09T07:12:00Z,0
2024-12-09T07:48:00Z,30.561874
2024-12-09T08:24:00Z,24.181225
2024-12-09T09:00:00Z,0
2024-12-09T09:36:00Z,24.536028
2024-12-09T10:12:00Z,25.918098
2024-12-09T11:24:00Z,25.690184
2024-12-09T12:00:00Z,24.379084
2024-12-09T12:36:00Z,24.181204
2024-12-09T13:48:00Z,25.244116
2024-12-09T14:24:00Z,24.999527
2024-12-09T15:00:00Z,29.20674
2024-12-09T15:36:00Z,24.126476
2024-12-09T16:12:00Z,25.651278
2024-12-09T16:48:00Z,24.674646
2024-12-09T18:00:00Z,25.61752
2024-12-09T18:36:00Z,25.224401
2024-12-09T19:12:00Z,24.32545
2024-12-09T19:48:00Z,24.23077
2024-12-09T20:24:00Z,25.721058
2024-12-09T21:00:00Z,24.01133
2024-12-09T21:36:00Z,25.365349
2024-12-09T22:12:00Z,25.038187
2024-12-09T22:48:00Z,25.472523
2024-12-10T00:00:00Z,25.18069
2024-12-10T00:36:00Z,0
2024-12-10T01:12:00Z,25.646173
2024-12-10T01:48:00Z,0
2024-12-10T02:24:00Z,24.751198
2024-12-10T03:00:00Z,24.4179
2024-12-10T03:36:00Z,25.380297
2024-12-10T04:48:00Z,25.150003
2024-12-10T05:24:00Z,0
2024-12-10T06:00:00Z,24.183691
2024-12-10T06:36:00Z,0
2024-12-10T07:12:00Z,24.994219
2024-12-10T07:48:00Z,24.841331
2024-12-10T08:24:00Z,24.184214
2024-12-10T09:00:00Z,25.505247
2024-12-10T09:36:00Z,24.72938
2024-12-10T10:12:00Z,25.999233
2024-12-10T10:48:00Z,24.845894
2024-12-10T11:24:00Z,24.227392
2024-12-10T12:36:00Z,24.301506
2024-12-10T13:12:00Z,25.177979
2024-12-10T13:48:00Z,0
2024-12-10T14:24:00Z,25.718111
2024-12-10T15:00:00Z,30.957132
2024-12-10T15:36:00Z,24.55784
2024-12-10T16:12:00Z,0
2024-12-10T16:48:00Z,24.280327
2024-12-10T17:24:00Z,24.37714
2024-12-10T18:00:00Z,29.33716
2024-12-10T18:36:00Z,25.291868
2024-12-10T19:12:00Z,25.802757
2024-12-10T19:48:00Z,0
2024-12-10T20:24:00Z,25.253592
2024-12-10T21:00:00Z,24.39479
2024-12-10T21:36:00Z,24.64649
2024-12-10T22:12:00Z,24.153913
2024-12-10T22:48:00Z,25.070269
2024-12-10T23:24:00Z,0
2024-12-11T00:00:00Z,24.094578
2024-12-11T00:36:00Z,24.64719
2024-12-11T01:12:00Z,0
2024-12-11T01:48:00Z,25.17869
2024-12-11T02:24:00Z,24.768398
2024-12-11T03:00:00Z,25.505005
2024-12-11T03:36:00Z,24.052286
2024-12-11T04:12:00Z,25.74703
2024-12-11T04:48:00Z,24.227278
2024-12-11T05:24:00Z,0
2024-12-11T06:00:00Z,30.50585
2024-12-11T06:36:00Z,24.24608
2024-12-11T07:48:00Z,25.294533
2024-12-11T08:24:00Z,24.023054
2024-12-11T09:00:00Z,24.764563
2024-12-11T09:36:00Z,24.398397
2024-12-11T10:12:00Z,0
2024-12-11T10:48:00Z,25.491396
2024-12-11T11:24:00Z,24.987104
2024-12-11T12:00:00Z,29.313196
2024-12-11T12:36:00Z,24.096794
2024-12-11T13:12:00Z,24.657797
2024-12-11T13:48:00Z,24.191929
2024-12-11T14:24:00Z,24.187355
2024-12-11T15:00:00Z,25.466251
2024-12-11T15:36:00Z,24.8302
2024-12-11T16:48:00Z,25.733835
2024-12-11T17:24:00Z,25.179878
2024-12-11T18:00:00Z,25.16551
2024-12-11T18:36:00Z,25.869259
2024-12-11T19:12:00Z,29.542511
2024-12-11T19:48:00Z,25.879736
2024-12-11T20:24:00Z,24.68249
2024-12-11T21:00:00Z,0
2024-12-11T21:36:00Z,24.73721
2024-12-11T22:12:00Z,30.736189
2024-12-11T22:48:00Z,0
2024-12-11T23:24:00Z,29.877327
2024-12-12T00:00:00Z,24.523058
2024-12-12T00:36:00Z,24.02
2024-12-12T01:12:00Z,24.912458
2024-12-12T01:48:00Z,30.79435
2024-12-12T02:24:00Z,24.321348
2024-12-12T03:00:00Z,25.64235
2024-12-12T03:36:00Z,24.144041
2024-12-12T04:12:00Z,25.881678
2024-12-12T04:48:00Z,25.36994
2024-12-12T05:24:00Z,24.18226
2024-12-12T06:00:00Z,24.639257
2024-12-12T06:36:00Z,25.724014
2024-12-12T07:12:00Z,24.977995
2024-12-12T07:48:00Z,24.899244
2024-12-12T08:24:00Z,25.353233
2024-12-12T09:00:00Z,30.472492
2024-12-12T09:36:00Z,0
2024-12-12T10:12:00Z,25.699991
2024-12-12T10:48:00Z,24.995943
2024-12-12T11:24:00Z,25.888823
2024-12-12T12:00:00Z,0
2024-12-12T12:36:00Z,25.287212
2024-12-12T13:12:00Z,29.263006
2024-12-12T13:48:00Z,24.16151
2024-12-12T14:24:00Z,24.287674
2024-12-12T15:36:00Z,25.657942
2024-12-12T16:12:00Z,25.211151
2024-12-12T16:48:00Z,29.95587
2024-12-12T17:24:00Z,0
2024-12-12T18:00:00Z,25.938152
2024-12-12T18:36:00Z,25.874836
2024-12-12T19:12:00Z,24.646395
2024-12-12T19:48:00Z,25.519081
2024-12-12T20:24:00Z,24.399809
2024-12-12T21:00:00Z,25.231037
2024-12-12T22:12:00Z,25.801146
2024-12-12T22:48:00Z,24.003302
2024-12-12T23:24:00Z,25.472095
2024-12-13T00:00:00Z,24.044472
2024-12-13T00:36:00Z,24.56751
2024-12-13T01:12:00Z,25.56867
2024-12-13T01:48:00Z,24.027143
2024-12-13T02:24:00Z,25.580374
2024-12-13T03:00:00Z,24.690811
2024-12-13T03:36:00Z,25.292591
2024-12-13T04:12:00Z,24.276314
2024-12-13T04:48:00Z,0
2024-12-13T05:24:00Z,24.987936
2024-12-13T06:00:00Z,24.9663
2024-12-13T06:36:00Z,29.25977
2024-12-13T07:12:00Z,25.902414
2024-12-13T07:48:00Z,24.239723
2024-12-13T08:24:00Z,25.71081
2024-12-13T09:00:00Z,25.388231
2024-12-13T10:12:00Z,25.765774
2024-12-13T11:24:00Z,24.250591
2024-12-13T12:00:00Z,30.945171
2024-12-13T12:36:00Z,0
2024-12-13T13:12:00Z,24.244827
2024-12-13T13:48:00Z,0
2024-12-13T14:24:00Z,25.968155
2024-12-13T15:00:00Z,25.736414
2024-12-13T15:36:00Z,24.847439
2024-12-13T16:12:00Z,25.996124
2024-12-13T16:48:00Z,25.810421
2024-12-13T17:24:00Z,24.423172
2024-12-13T18:00:00Z,25.383842
2024-12-13T18:36:00Z,24.513632
2024-12-13T19:48:00Z,24.527779
2024-12-13T20:24:00Z,29.965103
2024-12-13T21:00:00Z,24.042439
2024-12-13T22:12:00Z,25.266
2024-12-13T22:48:00Z,0
2024-12-13T23:24:00Z,25.408329
2024-12-14T00:00:00Z,25.241003
2024-12-14T00:36:00Z,25.877703
2024-12-14T01:12:00Z,24.690033
2024-12-14T01:48:00Z,24.79307
2024-12-14T02:24:00Z,30.16424
2024-12-14T03:00:00Z,24.089525
2024-12-14T03:36:00Z,25.19457
2024-12-14T04:12:00Z,24.241976
2024-12-14T04:48:00Z,25.21917
2024-12-14T05:24:00Z,24.296297
2024-12-14T06:00:00Z,24.180296
2024-12-14T07:12:00Z,25.177946
2024-12-14T07:48:00Z,29.408516
2024-12-14T08:24:00Z,25.354578
2024-12-14T09:00:00Z,25.73195
2024-12-14T09:36:00Z,24.25712
2024-12-14T10:12:00Z,24.982645
2024-12-14T10:48:00Z,25.29028
2024-12-14T11:24:00Z,24.84706
2024-12-14T12:00:00Z,25.6872
2024-12-14T13:12:00Z,25.553844
2024-12-14T13:48:00Z,25.716663
2024-12-14T14:24:00Z,30.096584
2024-12-14T15:00:00Z,24.368887
2024-12-14T15:36:00Z,25.375946
2024-12-14T16:12:00Z,24.81397
2024-12-14T16:48:00Z,24.769758
2024-12-14T17:24:00Z,25.979118
2024-12-14T18:00:00Z,25.299849
2024-12-14T18:36:00Z,0
2024-12-14T19:12:00Z,24.834496
2024-12-14T19:48:00Z,25.149021
2024-12-14T20:24:00Z,24.451714
2024-12-14T22:12:00Z,25.387749
2024-12-14T23:24:00Z,24.460249
2024-12-15T00:00:00Z,24.851284
2024-12-15T00:36:00Z,0
2024-12-15T01:12:00Z,25.085379
2024-12-15T01:48:00Z,24.936796
2024-12-15T02:24:00Z,25.727446
2024-12-15T03:00:00Z,25.146122
2024-12-15T04:12:00Z,25.736221
2024-12-15T04:48:00Z,24.126146
2024-12-15T05:24:00Z,25.19973
2024-12-15T06:00:00Z,25.537586
2024-12-15T06:36:00Z,25.425396
2024-12-15T07:48:00Z,24.464144
2024-12-15T08:24:00Z,24.671211
2024-12-15T09:00:00Z,0
2024-12-15T09:36:00Z,25.580803
2024-12-15T10:12:00Z,30.687845
2024-12-15T10:48:00Z,24.29793
2024-12-15T11:24:00Z,24.0196
2024-12-15T12:00:00Z,25.223448
2024-12-15T12:36:00Z,24.22915
2024-12-15T13:12:00Z,25.45574
2024-12-15T13:48:00Z,25.30334
2024-12-15T14:24:00Z,25.758673
2024-12-15T15:00:00Z,25.804453
2024-12-15T15:36:00Z,30.771143
2024-12-15T16:12:00Z,0
2024-12-15T16:48:00Z,25.327414
2024-12-15T17:24:00Z,24.732767
2024-12-15T18:00:00Z,25.269672
2024-12-15T18:36:00Z,29.447233
2024-12-15T19:12:00Z,0
2024-12-15T19:48:00Z,24.63963
2024-12-15T20:24:00Z,0
2024-12-15T21:00:00Z,25.420742
2024-12-15T21:36:00Z,24.236258
2024-12-15T22:12:00Z,30.457205
2024-12-15T22:48:00Z,24.144424
2024-12-15T23:24:00Z,25.019833
2024-12-16T00:00:00Z,24.038954
2024-12-16T00:36:00Z,24.846674
2024-12-16T01:12:00Z,24.762651
2024-12-16T01:48:00Z,0
2024-12-16T02:24:00Z,25.397406
2024-12-16T03:00:00Z,25.551903
2024-12-16T04:12:00Z,25.070324
2024-12-16T04:48:00Z,0
2024-12-16T05:24:00Z,25.390718
2024-12-16T06:00:00Z,24.149742
2024-12-16T07:12:00Z,25.588686
2024-12-16T07:48:00Z,24.121614
2024-12-16T08:24:00Z,24.208622
2024-12-16T09:36:00Z,25.094255
2024-12-16T10:12:00Z,30.66936
2024-12-16T10:48:00Z,25.463678
2024-12-16T11:24:00Z,29.433033
2024-12-16T12:00:00Z,24.780556
2024-12-16T12:36:00Z,24.490063
2024-12-16T13:48:00Z,25.82653
2024-12-16T14:24:00Z,0
2024-12-16T15:00:00Z,25.413511
2024-12-16T15:36:00Z,25.673172
2024-12-16T16:12:00Z,0
2024-12-16T16:48:00Z,25.70457
2024-12-16T17:24:00Z,25.681501
2024-12-16T18:36:00Z,24.364658
2024-12-16T19:12:00Z,25.022142
2024-12-16T19:48:00Z,0
2024-12-16T20:24:00Z,25.870342
2024-12-16T21:00:00Z,24.723265
2024-12-16T21:36:00Z,24.970478
2024-12-16T22:12:00Z,24.299793
2024-12-16T22:48:00Z,25.21345
2024-12-16T23:24:00Z,24.507608
2024-12-17T00:00:00Z,25.975624
2024-12-17T01:12:00Z,25.96154
2024-12-17T01:48:00Z,24.805115
2024-12-17T02:24:00Z,29.811216
2024-12-17T03:00:00Z,25.418455
2024-12-17T03:36:00Z,0
2024-12-17T04:12:00Z,24.028322
2024-12-17T04:48:00Z,0
2024-12-17T05:24:00Z,24.46269
2024-12-17T06:00:00Z,0
2024-12-17T06:36:00Z,25.403984
2024-12-17T07:12:00Z,24.832226
2024-12-17T07:48:00Z,0
2024-12-17T08:24:00Z,25.826935
2024-12-17T09:00:00Z,24.319405
2024-12-17T10:12:00Z,25.785067
2024-12-17T10:48:00Z,24.606638
2024-12-17T11:24:00Z,25.475021
2024-12-17T12:00:00Z,24.438383
2024-12-17T12:36:00Z,25.63676
2024-12-17T13:12:00Z,0
2024-12-17T13:48:00Z,24.003962
2024-12-17T15:00:00Z,24.918205
2024-12-17T15:36:00Z,24.202097
2024-12-17T16:12:00Z,24.153145
2024-12-17T16:48:00Z,25.397062
2024-12-17T18:00:00Z,25.656935
2024-12-17T18:36:00Z,24.02126
2024-12-17T19:12:00Z,25.75257
2024-12-17T19:48:00Z,24.143818
2024-12-17T20:24:00Z,24.728306
2024-12-17T21:00:00Z,0
2024-12-17T21:36:00Z,25.933361
2024-12-17T22:12:00Z,24.726768
2024-12-18T00:00:00Z,25.894754
2024-12-18T00:36:00Z,24.186329
2024-12-18T01:12:00Z,25.252502
2024-12-18T01:48:00Z,0
2024-12-18T02:24:00Z,25.624075
2024-12-18T03:00:00Z,24.313374
2024-12-18T04:48:00Z,25.020483
2024-12-18T05:24:00Z,25.596113
2024-12-18T06:00:00Z,25.024332
2024-12-18T06:36:00Z,0
2024-12-18T07:12:00Z,25.87297
2024-12-18T08:24:00Z,25.359539
2024-12-18T09:00:00Z,24.190506
2024-12-18T09:36:00Z,30.078022
2024-12-18T10:12:00Z,25.03663
2024-12-18T10:48:00Z,25.88069
2024-12-18T11:24:00Z,0
2024-12-18T12:00:00Z,24.327417
2024-12-18T12:36:00Z,25.43233
2024-12-18T13:12:00Z,24.976503
2024-12-18T13:48:00Z,0
2024-12-18T14:24:00Z,24.789433
2024-12-18T15:00:00Z,30.58189
2024-12-18T15:36:00Z,25.590673
2024-12-18T16:12:00Z,24.556887
2024-12-18T16:48:00Z,24.536777
2024-12-18T17:24:00Z,25.567083
2024-12-18T19:12:00Z,24.243889
2024-12-18T20:24:00Z,24.649221
2024-12-18T21:00:00Z,0
2024-12-18T21:36:00Z,24.729494
2024-12-18T22:12:00Z,25.905243
2024-12-18T22:48:00Z,0
2024-12-18T23:24:00Z,24.294792
2024-12-19T00:00:00Z,24.07501
2024-12-19T00:36:00Z,24.711094
2024-12-19T01:12:00Z,30.417664
2024-12-19T01:48:00Z,24.652615
2024-12-19T02:24:00Z,25.40281
2024-12-19T03:36:00Z,24.75809
2024-12-19T04:12:00Z,24.235085
2024-12-19T04:48:00Z,0
2024-12-19T05:24:00Z,25.948446
2024-12-19T06:00:00Z,25.799086
2024-12-19T06:36:00Z,24.2012
2024-12-19T07:12:00Z,25.04817
2024-12-19T07:48:00Z,0
2024-12-19T08:24:00Z,24.577322
2024-12-19T09:00:00Z,29.588953
2024-12-19T09:36:00Z,24.887264
2024-12-19T10:12:00Z,25.635624
2024-12-19T10:48:00Z,24.023472
2024-12-19T11:24:00Z,29.438251
2024-12-19T12:00:00Z,25.989391
2024-12-19T12:36:00Z,24.558172
2024-12-19T13:12:00Z,24.703356
2024-12-19T13:48:00Z,25.751371
2024-12-19T15:00:00Z,24.30841
2024-12-19T15:36:00Z,24.224241
2024-12-19T16:12:00Z,0
2024-12-19T16:48:00Z,29.293407
2024-12-19T17:24:00Z,24.646671
2024-12-19T18:00:00Z,24.892057
2024-12-19T18:36:00Z,24.173594
2024-12-19T19:12:00Z,24.562859
2024-12-19T19:48:00Z,24.077051
2024-12-19T20:24:00Z,24.983595
2024-12-19T21:00:00Z,25.223103
2024-12-19T21:36:00Z,24.888163
2024-12-19T22:12:00Z,29.02706
2024-12-19T22:48:00Z,24.43579
2024-12-19T23:24:00Z,25.63553
2024-12-20T00:00:00Z,25.753262
2024-12-20T00:36:00Z,24.102247
2024-12-20T01:12:00Z,25.775623
2024-12-20T01:48:00Z,25.692387
2024-12-20T03:00:00Z,24.168476
2024-12-20T03:36:00Z,24.522495
2024-12-20T04:12:00Z,25.842915
2024-12-20T05:24:00Z,24.333887
2024-12-20T06:00:00Z,25.01572
2024-12-20T07:12:00Z,24.932991
2024-12-20T07:48:00Z,24.119482
2024-12-20T08:24:00Z,25.45616
2024-12-20T09:00:00Z,24.620335
2024-12-20T09:36:00Z,30.461964
2024-12-20T10:12:00Z,24.729826
2024-12-20T11:24:00Z,25.20292
2024-12-20T12:00:00Z,24.16502
2024-12-20T12:36:00Z,0
2024-12-20T13:12:00Z,24.95649
2024-12-20T13:48:00Z,25.00999
2024-12-20T14:24:00Z,0
2024-12-20T15:00:00Z,24.367634
2024-12-20T15:36:00Z,25.852524
2024-12-20T16:12:00Z,25.379412
2024-12-20T16:48:00Z,30.735733
2024-12-20T17:24:00Z,24.492544
2024-12-20T18:00:00Z,24.625982
2024-12-20T18:36:00Z,24.222681
2024-12-20T19:12:00Z,24.642784
2024-12-20T19:48:00Z,24.207895
2024-12-20T20:24:00Z,25.272255
2024-12-20T21:00:00Z,0
2024-12-20T21:36:00Z,25.01291
2024-12-20T22:12:00Z,0
2024-12-20T22:48:00Z,25.264154
2024-12-20T23:24:00Z,30.042847
2024-12-21T00:00:00Z,24.392275
2024-12-21T00:36:00Z,25.374166
2024-12-21T01:12:00Z,24.668314
2024-12-21T01:48:00Z,24.986038
2024-12-21T02:24:00Z,24.43321
2024-12-21T04:48:00Z,25.031242
2024-12-21T05:24:00Z,30.780005
2024-12-21T06:00:00Z,0
2024-12-21T06:36:00Z,24.257618
2024-12-21T07:12:00Z,24.100002
2024-12-21T07:48:00Z,25.084118
2024-12-21T08:24:00Z,24.699245
2024-12-21T09:00:00Z,25.76292
2024-12-21T09:36:00Z,25.055988
2024-12-21T10:12:00Z,25.84029
2024-12-21T10:48:00Z,30.748821
2024-12-21T11:24:00Z,25.856373
2024-12-21T12:00:00Z,0
2024-12-21T12:36:00Z,24.80697
2024-12-21T13:12:00Z,25.113235
2024-12-21T13:48:00Z,25.851345
2024-12-21T15:00:00Z,25.145826
2024-12-21T15:36:00Z,24.087273
2024-12-21T16:12:00Z,25.622732
2024-12-21T16:48:00Z,24.729448
2024-12-21T17:24:00Z,29.072954
2024-12-21T18:00:00Z,25.78212
2024-12-21T18:36:00Z,24.195078
2024-12-21T19:12:00Z,30.144468
2024-12-21T19:48:00Z,0
2024-12-21T20:24:00Z,24.462639
2024-12-21T21:00:00Z,25.651253
2024-12-21T21:36:00Z,25.47943
2024-12-21T22:12:00Z,24.547447
2024-12-21T22:48:00Z,25.927402
2024-12-21T23:24:00Z,25.621164
2024-12-22T00:00:00Z,0
2024-12-22T00:36:00Z,25.985847
2024-12-22T01:12:00Z,24.669048
2024-12-22T01:48:00Z,24.283724
2024-12-22T02:24:00Z,25.02194
2024-12-22T03:00:00Z,24.219381
2024-12-22T03:36:00Z,24.598713
2024-12-22T04:12:00Z,25.685635
2024-12-22T04:48:00Z,29.548386
2024-12-22T05:24:00Z,25.51682
2024-12-22T06:00:00Z,24.146936
2024-12-22T06:36:00Z,25.742914
2024-12-22T07:12:00Z,24.60866
2024-12-22T09:36:00Z,24.752607
2024-12-22T10:12:00Z,25.895493
2024-12-22T10:48:00Z,25.691256
2024-12-22T11:24:00Z,0
2024-12-22T12:00:00Z,25.868988
2024-12-22T12:36:00Z,30.740515
2024-12-22T13:12:00Z,0
2024-12-22T13:48:00Z,24.41126
2024-12-22T14:24:00Z,24.18952
2024-12-22T15:00:00Z,25.913727
2024-12-22T15:36:00Z,25.218903
2024-12-22T16:12:00Z,25.691614
2024-12-22T17:24:00Z,24.43742
2024-12-22T18:00:00Z,25.132961
2024-12-22T18:36:00Z,25.16273
2024-12-22T19:12:00Z,30.907461
2024-12-22T19:48:00Z,24.065767
2024-12-22T20:24:00Z,24.982244
2024-12-22T22:12:00Z,24.602024
2024-12-22T22:48:00Z,25.911783
2024-12-22T23:24:00Z,25.77955
2024-12-23T00:00:00Z,0
2024-12-23T00:36:00Z,24.525358
2024-12-23T01:12:00Z,30.742422
2024-12-23T01:48:00Z,25.062044
2024-12-23T02:24:00Z,25.99239
2024-12-23T03:00:00Z,25.806229
2024-12-23T03:36:00Z,24.278494
2024-12-23T04:12:00Z,25.517456
2024-12-23T04:48:00Z,24.45111
2024-12-23T05:24:00Z,24.910906
2024-12-23T06:00:00Z,24.624796
2024-12-23T07:48:00Z,25.227343
2024-12-23T08:24:00Z,25.664728
2024-12-23T09:00:00Z,29.63585
2024-12-23T09:36:00Z,24.013382
2024-12-23T10:12:00Z,0
2024-12-23T10:48:00Z,24.474394
2024-12-23T11:24:00Z,29.556753
2024-12-23T12:00:00Z,0
2024-12-23T12:36:00Z,24.324253
2024-12-23T13:12:00Z,24.11802
2024-12-23T13:48:00Z,25.392921
2024-12-23T14:24:00Z,24.336697
2024-12-23T15:00:00Z,25.56091
2024-12-23T15:36:00Z,25.368082
2024-12-23T16:12:00Z,24.68171
2024-12-23T16:48:00Z,25.038382
2024-12-23T17:24:00Z,25.958303
2024-12-23T18:00:00Z,25.989233
2024-12-23T18:36:00Z,0
2024-12-23T19:12:00Z,24.606169
2024-12-23T19:48:00Z,24.37258
2024-12-23T20:24:00Z,25.464746
2024-12-23T21:00:00Z,25.855871
2024-12-23T21:36:00Z,24.478971
2024-12-23T22:12:00Z,25.36058
2024-12-23T22:48:00Z,24.39043
2024-12-23T23:24:00Z,24.702353
2024-12-24T00:00:00Z,25.960312
2024-12-24T00:36:00Z,24.37575
2024-12-24T01:12:00Z,24.783598
2024-12-24T03:00:00Z,24.134111
2024-12-24T03:36:00Z,30.448673
2024-12-24T04:12:00Z,24.190432
2024-12-24T04:48:00Z,25.67601
2024-12-24T05:24:00Z,25.524525
2024-12-24T06:00:00Z,24.592154
2024-12-24T07:12:00Z,24.654366
2024-12-24T07:48:00Z,25.723118
2024-12-24T08:24:00Z,24.74486
2024-12-24T09:00:00Z,24.701696
2024-12-24T09:36:00Z,25.07743
2024-12-24T10:12:00Z,0
2024-12-24T10:48:00Z,24.933395
2024-12-24T11:24:00Z,24.855415
2024-12-24T12:00:00Z,24.13102
2024-12-24T12:36:00Z,0
2024-12-24T13:12:00Z,24.134386
2024-12-24T15:00:00Z,25.990898
2024-12-24T15:36:00Z,25.924374
2024-12-24T16:12:00Z,24.027933
2024-12-24T16:48:00Z,25.205227
2024-12-24T17:24:00Z,24.287428
2024-12-24T18:36:00Z,24.10072
2024-12-24T19:12:00Z,30.091463
2024-12-24T19:48:00Z,25.704012
2024-12-24T20:24:00Z,30.496017
2024-12-24T21:00:00Z,25.621756
2024-12-24T21:36:00Z,29.209143
2024-12-24T22:12:00Z,24.198742
2024-12-24T23:24:00Z,24.613823
2024-12-25T00:00:00Z,25.03523
2024-12-25T00:36:00Z,25.044117
2024-12-25T01:12:00Z,24.450794
2024-12-25T01:48:00Z,25.025255
2024-12-25T02:24:00Z,24.910706
2024-12-25T03:00:00Z,29.294523
2024-12-25T03:36:00Z,0
2024-12-25T04:12:00Z,25.53765
2024-12-25T04:48:00Z,24.109125
2024-12-25T05:24:00Z,25.547638
2024-12-25T06:00:00Z,25.114496
2024-12-25T06:36:00Z,30.31733
2024-12-25T07:12:00Z,0
2024-12-25T07:48:00Z,25.483067
2024-12-25T08:24:00Z,24.750298
2024-12-25T09:00:00Z,0
2024-12-25T09:36:00Z,24.076326
2024-12-25T10:12:00Z,24.921726
2024-12-25T11:24:00Z,24.433784
2024-12-25T12:00:00Z,0
2024-12-25T12:36:00Z,24.648645
2024-12-25T13:12:00Z,24.380621
2024-12-25T13:48:00Z,25.503738
2024-12-25T14:24:00Z,24.376493
2024-12-25T15:00:00Z,24.011545
2024-12-25T15:36:00Z,24.73744
2024-12-25T16:48:00Z,24.027363
2024-12-25T17:24:00Z,24.794668
2024-12-25T18:00:00Z,24.039764
2024-12-25T18:36:00Z,30.53077
2024-12-25T19:12:00Z,24.974995
2024-12-25T20:24:00Z,24.130901
2024-12-25T21:00:00Z,25.595398
2024-12-25T21:36:00Z,24.842903
2024-12-25T22:12:00Z,25.971453
2024-12-25T22:48:00Z,24.079454
2024-12-25T23:24:00Z,24.181656
2024-12-26T00:00:00Z,25.89705
2024-12-26T00:36:00Z,24.472828
2024-12-26T01:12:00Z,25.798843
2024-12-26T01:48:00Z,25.321663
2024-12-26T02:24:00Z,29.633326
2024-12-26T03:00:00Z,25.663103
2024-12-26T03:36:00Z,25.843784
2024-12-26T04:12:00Z,25.518085
2024-12-26T04:48:00Z,24.761616
2024-12-26T05:24:00Z,25.564566
2024-12-26T06:00:00Z,24.634695
2024-12-26T06:36:00Z,24.349977
2024-12-26T07:12:00Z,24.663813
2024-12-26T07:48:00Z,0
2024-12-26T08:24:00Z,25.923914
2024-12-26T09:00:00Z,0
2024-12-26T09:36:00Z,24.456524
2024-12-26T10:12:00Z,0
2024-12-26T10:48:00Z,29.36545
2024-12-26T11:24:00Z,25.501184
2024-12-26T12:00:00Z,25.774904
2024-12-26T12:36:00Z,24.802229
2024-12-26T13:48:00Z,25.039448
2024-12-26T14:24:00Z,25.705141
2024-12-26T15:00:00Z,24.365103
2024-12-26T15:36:00Z,25.047588
2024-12-26T16:12:00Z,24.91836
2024-12-26T16:48:00Z,29.372925
2024-12-26T17:24:00Z,25.245266
2024-12-26T18:00:00Z,25.842743
2024-12-26T18:36:00Z,24.996275
2024-12-26T19:12:00Z,24.71492
2024-12-26T19:48:00Z,25.53178
2024-12-26T20:24:00Z,24.799288
2024-12-26T21:00:00Z,24.594875
2024-12-26T21:36:00Z,24.955448
2024-12-26T22:12:00Z,24.26806
2024-12-26T22:48:00Z,0
2024-12-26T23:24:00Z,0
2024-12-27T00:00:00Z,24.773357
2024-12-27T00:36:00Z,24.635
2024-12-27T01:12:00Z,25.839787
2024-12-27T01:48:00Z,24.636997
2024-12-27T02:24:00Z,24.095623
2024-12-27T03:00:00Z,29.14522
2024-12-27T03:36:00Z,0
2024-12-27T04:12:00Z,24.332129
2024-12-27T04:48:00Z,25.914751
2024-12-27T05:24:00Z,25.777208
2024-12-27T06:00:00Z,0
2024-12-27T06:36:00Z,25.40033
2024-12-27T07:12:00Z,24.865139
2024-12-27T07:48:00Z,25.391886
2024-12-27T09:00:00Z,25.630043
2024-12-27T09:36:00Z,30.902643
2024-12-27T10:12:00Z,0
2024-12-27T10:48:00Z,25.468536
2024-12-27T11:24:00Z,25.67416
2024-12-27T12:00:00Z,24.959543
2024-12-27T12:36:00Z,24.670088
2024-12-27T13:48:00Z,25.94078
2024-12-27T15:00:00Z,24.272705
2024-12-27T15:36:00Z,25.97974
2024-12-27T16:48:00Z,24.56483
2024-12-27T18:00:00Z,25.10275
2024-12-27T18:36:00Z,24.088593
2024-12-27T19:48:00Z,24.241198
2024-12-27T20:24:00Z,25.785534
2024-12-27T21:00:00Z,24.406874
2024-12-27T21:36:00Z,24.655659
2024-12-27T22:12:00Z,25.740667
2024-12-27T22:48:00Z,25.120964
2024-12-27T23:24:00Z,25.996897
2024-12-28T00:00:00Z,0
2024-12-28T00:36:00Z,25.308357
2024-12-28T01:12:00Z,24.895195
2024-12-28T01:48:00Z,0
2024-12-28T02:24:00Z,25.96032
2024-12-28T03:00:00Z,24.77628
2024-12-28T03:36:00Z,24.347797
2024-12-28T04:12:00Z,24.833374
2024-12-28T04:48:00Z,25.940714
2024-12-28T05:24:00Z,25.465284
2024-12-28T06:00:00Z,24.252645
2024-12-28T06:36:00Z,25.775877
2024-12-28T07:12:00Z,24.334108
2024-12-28T07:48:00Z,24.690525
2024-12-28T08:24:00Z,25.95262
2024-12-28T09:36:00Z,25.182499
2024-12-28T10:12:00Z,0
2024-12-28T10:48:00Z,25.060051
2024-12-28T11:24:00Z,24.263765
2024-12-28T12:00:00Z,24.142033
2024-12-28T13:12:00Z,25.949778
2024-12-28T13:48:00Z,30.641432
2024-12-28T14:24:00Z,0
2024-12-28T15:00:00Z,24.530937
2024-12-28T15:36:00Z,25.787601
2024-12-28T16:12:00Z,24.478685
2024-12-28T16:48:00Z,24.134935
2024-12-28T18:00:00Z,25.791668
2024-12-28T18:36:00Z,24.19134
2024-12-28T19:48:00Z,24.131275
2024-12-28T20:24:00Z,25.364374
2024-12-28T21:00:00Z,25.429174
2024-12-28T21:36:00Z,24.031792
2024-12-28T22:12:00Z,25.336899
2024-12-28T22:48:00Z,24.295404
2024-12-28T23:24:00Z,25.986872
2024-12-29T00:00:00Z,24.238726
2024-12-29T00:36:00Z,24.451712
2024-12-29T01:12:00Z,29.944044
2024-12-29T01:48:00Z,24.773811
2024-12-29T02:24:00Z,30.993591
2024-12-29T03:00:00Z,0
2024-12-29T03:36:00Z,25.085846
2024-12-29T04:12:00Z,24.518208
2024-12-29T04:48:00Z,25.481236
2024-12-29T05:24:00Z,24.327753
2024-12-29T06:00:00Z,24.91096
2024-12-29T06:36:00Z,24.788425
2024-12-29T07:12:00Z,25.523273
2024-12-29T07:48:00Z,25.066488
2024-12-29T08:24:00Z,30.06596
2024-12-29T09:00:00Z,0
2024-12-29T09:36:00Z,25.105606
2024-12-29T10:12:00Z,24.249075
2024-12-29T10:48:00Z,25.352028
2024-12-29T11:24:00Z,29.19801
2024-12-29T12:00:00Z,25.195692
2024-12-29T12:36:00Z,25.176176
2024-12-29T13:12:00Z,24.411373
2024-12-29T13:48:00Z,24.68815
2024-12-29T14:24:00Z,30.537495
2024-12-29T15:00:00Z,24.667837
2024-12-29T16:48:00Z,25.020523
2024-12-29T18:00:00Z,24.107704
2024-12-29T18:36:00Z,24.34081
2024-12-29T19:48:00Z,25.908232
2024-12-29T20:24:00Z,24.68459
2024-12-29T21:00:00Z,25.638792
2024-12-29T21:36:00Z,25.592356
2024-12-29T22:12:00Z,24.925972
2024-12-29T22:48:00Z,25.386192
2024-12-29T23:24:00Z,24.231636
2024-12-30T00:00:00Z,25.805153
2024-12-30T00:36:00Z,25.116854
2024-12-30T01:48:00Z,25.079182
2024-12-30T02:24:00Z,24.329742
2024-12-30T03:36:00Z,24.98824
2024-12-30T04:12:00Z,25.808306
2024-12-30T04:48:00Z,24.335314
2024-12-30T06:00:00Z,25.802269
2024-12-30T06:36:00Z,24.712048
2024-12-30T07:12:00Z,24.510109
2024-12-30T07:48:00Z,25.623219
2024-12-30T08:24:00Z,0
2024-12-30T09:00:00Z,25.754889
2024-12-30T09:36:00Z,0
2024-12-30T10:12:00Z,25.726685
2024-12-30T10:48:00Z,24.730556
2024-12-30T11:24:00Z,24.25605
2024-12-30T12:00:00Z,0
2024-12-30T12:36:00Z,25.754887
2024-12-30T13:12:00Z,25.606298
2024-12-30T13:48:00Z,24.681107
2024-12-30T14:24:00Z,25.540243
2024-12-30T15:00:00Z,24.308887
2024-12-30T15:36:00Z,24.62496
2024-12-30T16:12:00Z,25.47748
2024-12-30T16:48:00Z,25.514042
2024-12-30T17:24:00Z,29.736694
2024-12-30T18:00:00Z,0
2024-12-30T18:36:00Z,29.039957
2024-12-30T19:12:00Z,25.601889
2024-12-30T19:48:00Z,24.329819
2024-12-30T20:24:00Z,0
2024-12-30T21:00:00Z,24.411436
2024-12-30T21:36:00Z,24.956593
2024-12-30T22:12:00Z,25.933922
2024-12-30T22:48:00Z,25.510212
2024-12-30T23:24:00Z,24.193556
2024-12-31T00:00:00Z,24.3988
2024-12-31T00:36:00Z,25.592083
2024-12-31T01:12:00Z,30.66007
2024-12-31T01:48:00Z,25.091862
2024-12-31T02:24:00Z,25.733553
2024-12-31T03:00:00Z,30.606167
2024-12-31T03:36:00Z,0
2024-12-31T04:12:00Z,24.42171
2024-12-31T04:48:00Z,25.809866
2024-12-31T05:24:00Z,24.749517
2024-12-31T06:00:00Z,24.25617
2024-12-31T06:36:00Z,24.339872
2024-12-31T07:12:00Z,25.073004
2024-12-31T07:48:00Z,24.344948
2024-12-31T08:24:00Z,25.311872
2024-12-31T09:36:00Z,25.821857
2024-12-31T10:12:00Z,24.719784
2024-12-31T10:48:00Z,24.50204
2024-12-31T11:24:00Z,24.881752
2024-12-31T12:00:00Z,25.97813
2024-12-31T12:36:00Z,29.611914
2024-12-31T13:12:00Z,24.180786
2024-12-31T14:24:00Z,24.785753
2024-12-31T15:00:00Z,25.395168
2024-12-31T16:12:00Z,24.976063
2024-12-31T16:48:00Z,25.545252
2024-12-31T17:24:00Z,25.301514
2024-12-31T18:00:00Z,0
2024-12-31T18:36:00Z,0
2024-12-31T19:12:00Z,30.118723
2024-12-31T19:48:00Z,24.731003
2024-12-31T20:24:00Z,24.527954
2024-12-31T21:00:00Z,25.811363
2024-12-31T21:36:00Z,24.082493
2024-12-31T22:12:00Z,25.20615
2024-12-31T22:48:00Z,24.200607
2024-12-31T23:24:00Z,25.468016
2025-01-01T00:00:00Z,25.102642
2025-01-01T00:36:00Z,25.993784
2025-01-01T01:12:00Z,24.707365
2025-01-01T02:24:00Z,24.841799
2025-01-01T03:00:00Z,24.216858
2025-01-01T03:36:00Z,24.803692
2025-01-01T04:12:00Z,0
2025-01-01T04:48:00Z,25.860945
2025-01-01T05:24:00Z,24.913189
2025-01-01T06:36:00Z,25.138445
2025-01-01T07:48:00Z,25.726961
2025-01-01T09:00:00Z,24.668747
2025-01-01T11:24:00Z,24.660503
2025-01-01T12:00:00Z,25.532835
2025-01-01T12:36:00Z,24.532124
2025-01-01T13:12:00Z,25.169361
2025-01-01T13:48:00Z,24.7355
2025-01-01T14:24:00Z,25.890465
2025-01-01T15:00:00Z,25.303957
2025-01-01T15:36:00Z,24.11402
2025-01-01T16:12:00Z,24.578253
2025-01-01T16:48:00Z,0
2025-01-01T17:24:00Z,24.574104
2025-01-01T18:00:00Z,25.781404
2025-01-01T18:36:00Z,24.800749
2025-01-01T19:12:00Z,25.652752
2025-01-01T19:48:00Z,24.504805
2025-01-01T21:00:00Z,25.625288
2025-01-01T21:36:00Z,24.632618
2025-01-01T22:12:00Z,0
2025-01-01T22:48:00Z,0
2025-01-01T23:24:00Z,24.48759
2025-01-02T00:00:00Z,24.241293
2025-01-02T00:36:00Z,24.591217
2025-01-02T01:12:00Z,24.097355
2025-01-02T01:48:00Z,25.766926
2025-01-02T02:24:00Z,25.948381
2025-01-02T03:00:00Z,0
2025-01-02T03:36:00Z,30.032742
2025-01-02T04:12:00Z,25.650707
2025-01-02T04:48:00Z,24.223898
2025-01-02T05:24:00Z,25.301601
2025-01-02T06:00:00Z,24.755476
2025-01-02T06:36:00Z,29.139078
2025-01-02T07:12:00Z,25.258358
2025-01-02T07:48:00Z,24.07478
2025-01-02T08:24:00Z,25.991714
2025-01-02T09:00:00Z,30.040941
2025-01-02T09:36:00Z,24.327993
2025-01-02T10:48:00Z,24.994452
2025-01-02T11:24:00Z,24.448488
2025-01-02T12:00:00Z,0
2025-01-02T12:36:00Z,25.869902
2025-01-02T13:12:00Z,25.23916
2025-01-02T13:48:00Z,29.075516
2025-01-02T14:24:00Z,24.515776
2025-01-02T15:00:00Z,25.563412
2025-01-02T15:36:00Z,25.907038
2025-01-02T16:12:00Z,24.466137
2025-01-02T17:24:00Z,25.296711
2025-01-02T18:00:00Z,24.459324
2025-01-02T18:36:00Z,25.885328
2025-01-02T19:12:00Z,0
2025-01-02T19:48:00Z,24.772568
2025-01-02T20:24:00Z,0
2025-01-02T21:00:00Z,25.318804
2025-01-02T21:36:00Z,24.900406
2025-01-02T22:12:00Z,25.65618
2025-01-02T22:48:00Z,24.369892
2025-01-02T23:24:00Z,24.600288
2025-01-03T00:00:00Z,24.264524
2025-01-03T00:36:00Z,29.138481
2025-01-03T01:12:00Z,0
2025-01-03T01:48:00Z,24.436174
2025-01-03T02:24:00Z,24.714104
2025-01-03T03:36:00Z,24.21421
2025-01-03T04:12:00Z,25.651796
2025-01-03T04:48:00Z,25.937613
2025-01-03T05:24:00Z,0
2025-01-03T06:00:00Z,24.300926
2025-01-03T06:36:00Z,24.490967
2025-01-03T07:12:00Z,25.961079
2025-01-03T07:48:00Z,24.446291
2025-01-03T08:24:00Z,25.080462
2025-01-03T09:00:00Z,24.775003
2025-01-03T09:36:00Z,0
2025-01-03T10:12:00Z,25.343075
2025-01-03T11:24:00Z,24.386692
2025-01-03T12:00:00Z,25.38307
2025-01-03T12:36:00Z,24.993376
2025-01-03T13:12:00Z,25.349548
2025-01-03T13:48:00Z,24.575064
2025-01-03T14:24:00Z,30.531555
2025-01-03T15:00:00Z,24.507294
2025-01-03T16:12:00Z,25.69526
2025-01-03T16:48:00Z,25.356249
2025-01-03T17:24:00Z,25.775581
2025-01-03T18:00:00Z,24.897446
2025-01-03T18:36:00Z,25.06001
2025-01-03T19:12:00Z,25.868052
2025-01-03T19:48:00Z,25.923992
2025-01-03T20:24:00Z,24.314846
2025-01-03T21:00:00Z,0
2025-01-03T21:36:00Z,24.007275
2025-01-03T22:12:00Z,30.013714
2025-01-03T22:48:00Z,25.205215
2025-01-03T23:24:00Z,24.744768
2025-01-04T00:00:00Z,25.466066
2025-01-04T00:36:00Z,30.012394
2025-01-04T01:12:00Z,24.115309
2025-01-04T01:48:00Z,24.143112
2025-01-04T02:24:00Z,25.623808
2025-01-04T03:00:00Z,24.717146
2025-01-04T03:36:00Z,24.258078
2025-01-04T04:12:00Z,25.51644
2025-01-04T04:48:00Z,25.044271
2025-01-04T05:24:00Z,25.981396
2025-01-04T06:00:00Z,25.114815
2025-01-04T06:36:00Z,0
2025-01-04T07:12:00Z,24.23436
2025-01-04T07:48:00Z,25.494947
2025-01-04T08:24:00Z,25.07959
2025-01-04T09:00:00Z,25.436464
2025-01-04T09:36:00Z,29.426025
2025-01-04T10:12:00Z,25.76482
2025-01-04T10:48:00Z,30.736578
2025-01-04T11:24:00Z,25.296453
2025-01-04T12:36:00Z,25.189129
2025-01-04T13:48:00Z,24.248852
2025-01-04T14:24:00Z,24.275122
2025-01-04T15:00:00Z,25.091015
2025-01-04T15:36:00Z,24.396988
2025-01-04T16:12:00Z,29.977621
2025-01-04T16:48:00Z,24.616222
2025-01-04T17:24:00Z,25.895893
2025-01-04T18:00:00Z,24.460728
2025-01-04T18:36:00Z,24.922926
2025-01-04T19:12:00Z,24.66911
2025-01-04T19:48:00Z,25.365778
2025-01-04T20:24:00Z,24.107527
2025-01-04T21:36:00Z,24.119965
2025-01-04T22:12:00Z,25.305414
2025-01-04T22:48:00Z,0
2025-01-04T23:24:00Z,25.848925
2025-01-05T00:00:00Z,24.831224
2025-01-05T00:36:00Z,25.026073
2025-01-05T01:12:00Z,0
2025-01-05T01:48:00Z,24.933924
2025-01-05T02:24:00Z,30.802246
2025-01-05T03:00:00Z,0
2025-01-05T03:36:00Z,25.265993
2025-01-05T04:12:00Z,24.364592
2025-01-05T04:48:00Z,0
2025-01-05T05:24:00Z,25.230404
2025-01-05T06:00:00Z,25.770617
2025-01-05T06:36:00Z,25.468836
2025-01-05T07:12:00Z,29.749208
2025-01-05T07:48:00Z,24.630775
2025-01-05T08:24:00Z,24.411589
2025-01-05T09:36:00Z,25.791853
2025-01-05T10:12:00Z,24.667751
2025-01-05T10:48:00Z,24.147875
2025-01-05T11:24:00Z,24.277987
2025-01-05T12:00:00Z,30.47953
2025-01-05T12:36:00Z,0
2025-01-05T13:12:00Z,24.491941
2025-01-05T13:48:00Z,25.251871
2025-01-05T14:24:00Z,0
2025-01-05T15:00:00Z,24.17407
2025-01-05T15:36:00Z,25.643808
2025-01-05T16:12:00Z,25.416203
2025-01-05T16:48:00Z,25.884098
2025-01-05T17:24:00Z,0
2025-01-05T18:00:00Z,25.498508
2025-01-05T18:36:00Z,25.550283
2025-01-05T19:12:00Z,24.525497
2025-01-05T19:48:00Z,24.733986
2025-01-05T20:24:00Z,24.197086
2025-01-05T21:00:00Z,25.173935
2025-01-05T21:36:00Z,0
2025-01-05T22:12:00Z,24.179098
2025-01-05T22:48:00Z,24.489927
2025-01-05T23:24:00Z,25.94944
2025-01-06T00:36:00Z,24.127018
2025-01-06T01:12:00Z,25.161676
2025-01-06T01:48:00Z,24.62298
2025-01-06T02:24:00Z,25.716808
2025-01-06T03:00:00Z,29.906258
2025-01-06T03:36:00Z,24.270826
2025-01-06T04:12:00Z,30.206955
2025-01-06T04:48:00Z,24.261536
2025-01-06T05:24:00Z,25.755022
2025-01-06T06:00:00Z,25.475256
2025-01-06T07:12:00Z,24.09959
2025-01-06T07:48:00Z,24.92527
2025-01-06T09:00:00Z,25.71449
2025-01-06T10:12:00Z,24.020998
2025-01-06T10:48:00Z,24.611301
2025-01-06T11:24:00Z,24.586777
2025-01-06T12:00:00Z,25.978828
2025-01-06T13:12:00Z,25.254488
2025-01-06T13:48:00Z,24.060266
2025-01-06T14:24:00Z,24.676945
2025-01-06T15:00:00Z,24.065655
2025-01-06T15:36:00Z,0
2025-01-06T16:12:00Z,24.72899
2025-01-06T16:48:00Z,0
2025-01-06T17:24:00Z,25.482656
2025-01-06T18:36:00Z,25.875517
2025-01-06T19:12:00Z,24.023596
2025-01-06T19:48:00Z,24.844425
2025-01-06T20:24:00Z,25.027992
2025-01-06T21:00:00Z,24.272333
2025-01-06T21:36:00Z,25.261417
2025-01-06T22:12:00Z,25.398447
2025-01-06T22:48:00Z,24.68415
2025-01-06T23:24:00Z,24.636835
2025-01-07T00:00:00Z,0
2025-01-07T00:36:00Z,25.476791
2025-01-07T01:12:00Z,24.945112
2025-01-07T01:48:00Z,25.638807
2025-01-07T02:24:00Z,25.195177
2025-01-07T03:00:00Z,24.33782
2025-01-07T04:12:00Z,25.512325
2025-01-07T05:24:00Z,24.008299
2025-01-07T06:00:00Z,25.35749
2025-01-07T07:12:00Z,24.102509
2025-01-07T07:48:00Z,25.933136
2025-01-07T08:24:00Z,24.962654
2025-01-07T09:00:00Z,24.479738
2025-01-07T09:36:00Z,0
2025-01-07T10:12:00Z,24.700684
2025-01-07T10:48:00Z,0
2025-01-07T11:24:00Z,25.78107
2025-01-07T12:00:00Z,25.81662
2025-01-07T12:36:00Z,30.030367
2025-01-07T13:12:00Z,25.173203
2025-01-07T13:48:00Z,25.693787
2025-01-07T15:00:00Z,24.024277
2025-01-07T15:36:00Z,25.49903
2025-01-07T16:12:00Z,0
2025-01-07T16:48:00Z,25.41407
2025-01-07T17:24:00Z,24.270569
2025-01-07T18:36:00Z,25.729654
2025-01-07T19:12:00Z,25.387484
2025-01-07T19:48:00Z,25.636839
2025-01-07T20:24:00Z,25.11648
2025-01-07T21:00:00Z,25.962095
2025-01-07T21:36:00Z,24.527895
2025-01-07T22:12:00Z,24.575958
2025-01-07T22:48:00Z,0
2025-01-07T23:24:00Z,24.427332
2025-01-08T00:00:00Z,30.748682
2025-01-08T00:36:00Z,24.50212
2025-01-08T01:12:00Z,25.200836
2025-01-08T01:48:00Z,0
2025-01-08T02:24:00Z,24.376024
2025-01-08T03:00:00Z,0
2025-01-08T03:36:00Z,25.009644
2025-01-08T04:48:00Z,24.918535
2025-01-08T06:00:00Z,25.432095
2025-01-08T06:36:00Z,25.335741
2025-01-08T07:12:00Z,0
2025-01-08T07:48:00Z,24.744778
2025-01-08T08:24:00Z,25.27122
2025-01-08T09:00:00Z,0
2025-01-08T09:36:00Z,24.249538
2025-01-08T10:12:00Z,24.336338
2025-01-08T10:48:00Z,25.414444
2025-01-08T11:24:00Z,24.029741
2025-01-08T12:00:00Z,24.973803
2025-01-08T12:36:00Z,24.044262
2025-01-08T13:12:00Z,25.638414
2025-01-08T13:48:00Z,0
2025-01-08T14:24:00Z,29.934057
2025-01-08T15:00:00Z,24.41546
2025-01-08T16:12:00Z,25.381245
2025-01-08T16:48:00Z,24.195463
2025-01-08T17:24:00Z,24.349775
2025-01-08T18:00:00Z,25.525091
2025-01-08T18:36:00Z,0
2025-01-08T19:12:00Z,0
2025-01-08T19:48:00Z,25.425943
2025-01-08T20:24:00Z,25.427715
2025-01-08T21:00:00Z,25.019232
2025-01-08T21:36:00Z,25.741777
2025-01-08T22:48:00Z,24.521084
2025-01-08T23:24:00Z,25.74145
2025-01-09T00:36:00Z,24.890373
2025-01-09T01:12:00Z,25.893696
2025-01-09T01:48:00Z,24.6617
2025-01-09T02:24:00Z,24.271727
2025-01-09T03:00:00Z,25.735931
2025-01-09T03:36:00Z,25.319576
2025-01-09T04:12:00Z,24.324799
2025-01-09T04:48:00Z,25.046879
2025-01-09T05:24:00Z,30.333614
2025-01-09T06:00:00Z,25.031996
2025-01-09T06:36:00Z,24.770067
2025-01-09T07:12:00Z,25.782429
2025-01-09T07:48:00Z,24.568604
2025-01-09T08:24:00Z,25.750359
2025-01-09T09:00:00Z,29.627611
2025-01-09T09:36:00Z,0
2025-01-09T10:12:00Z,25.347733
2025-01-09T11:24:00Z,25.788511
2025-01-09T12:00:00Z,24.279612
2025-01-09T12:36:00Z,24.525808
2025-01-09T13:12:00Z,0
2025-01-09T13:48:00Z,24.103
2025-01-09T14:24:00Z,24.4693
2025-01-09T15:00:00Z,24.382523
2025-01-09T15:36:00Z,25.229303
2025-01-09T16:12:00Z,0
2025-01-09T16:48:00Z,25.395292
2025-01-09T17:24:00Z,24.50799
2025-01-09T18:00:00Z,24.339243
2025-01-09T18:36:00Z,25.265562
2025-01-09T19:48:00Z,24.19677
2025-01-09T21:36:00Z,25.760635
2025-01-09T22:12:00Z,0
2025-01-09T22:48:00Z,0
2025-01-09T23:24:00Z,25.681175
2025-01-10T00:00:00Z,24.979507
2025-01-10T00:36:00Z,25.739618
2025-01-10T01:12:00Z,25.143068
2025-01-10T01:48:00Z,0
2025-01-10T02:24:00Z,24.274721
2025-01-10T03:00:00Z,25.575644
2025-01-10T03:36:00Z,25.132772
2025-01-10T04:12:00Z,25.262619
2025-01-10T04:48:00Z,25.92793
2025-01-10T06:00:00Z,25.544498
2025-01-10T06:36:00Z,25.932585
2025-01-10T07:48:00Z,25.004545
2025-01-10T09:36:00Z,24.052639
2025-01-10T10:12:00Z,24.714823
2025-01-10T10:48:00Z,25.921207
2025-01-10T11:24:00Z,24.78521
2025-01-10T12:00:00Z,24.986254
2025-01-10T12:36:00Z,24.520157
2025-01-10T13:12:00Z,30.069565
2025-01-10T13:48:00Z,25.092758
2025-01-10T14:24:00Z,24.296873
2025-01-10T15:36:00Z,25.54735
2025-01-10T16:12:00Z,24.475698
2025-01-10T16:48:00Z,0
2025-01-10T17:24:00Z,25.929491
2025-01-10T18:00:00Z,25.171947
2025-01-10T18:36:00Z,25.991539
2025-01-10T19:12:00Z,25.856417
2025-01-10T19:48:00Z,30.912985
2025-01-10T20:24:00Z,25.503958
2025-01-10T21:00:00Z,25.8935
2025-01-10T21:36:00Z,24.795132
2025-01-10T22:12:00Z,29.803228
2025-01-10T22:48:00Z,24.668873
2025-01-11T00:36:00Z,24.407814
2025-01-11T01:12:00Z,29.348036
2025-01-11T01:48:00Z,0
2025-01-11T02:24:00Z,24.25801
2025-01-11T03:00:00Z,24.44961
2025-01-11T03:36:00Z,25.575605
2025-01-11T04:12:00Z,30.229885
2025-01-11T04:48:00Z,25.6528
2025-01-11T05:24:00Z,24.485502
2025-01-11T06:36:00Z,24.550463
2025-01-11T07:48:00Z,25.633432
2025-01-11T08:24:00Z,24.058136
2025-01-11T09:36:00Z,24.694681
2025-01-11T10:12:00Z,0
2025-01-11T10:48:00Z,25.36052
2025-01-11T11:24:00Z,0
2025-01-11T12:00:00Z,25.479795
2025-01-11T12:36:00Z,24.184141
2025-01-11T13:12:00Z,24.331745
2025-01-11T13:48:00Z,24.887144
2025-01-11T14:24:00Z,0
2025-01-11T15:00:00Z,24.885166
2025-01-11T15:36:00Z,25.45751
2025-01-11T16:12:00Z,0
2025-01-11T16:48:00Z,25.802181
2025-01-11T17:24:00Z,25.604832
2025-01-11T18:00:00Z,24.635046
2025-01-11T18:36:00Z,25.52651
2025-01-11T19:12:00Z,24.943638
2025-01-11T19:48:00Z,25.650068
2025-01-11T20:24:00Z,24.374039
2025-01-11T21:00:00Z,25.505985
2025-01-11T21:36:00Z,24.737247
2025-01-11T22:12:00Z,25.667332
2025-01-11T23:24:00Z,24.308313
2025-01-12T00:00:00Z,24.647842
2025-01-12T00:36:00Z,24.452213
2025-01-12T01:12:00Z,29.634382
2025-01-12T01:48:00Z,25.58397
2025-01-12T02:24:00Z,24.594267
2025-01-12T03:36:00Z,24.359398
2025-01-12T04:12:00Z,25.169928
2025-01-12T05:24:00Z,25.611622
2025-01-12T06:00:00Z,25.326939
2025-01-12T06:36:00Z,25.653875
2025-01-12T07:12:00Z,24.127722
2025-01-12T07:48:00Z,25.946629
2025-01-12T08:24:00Z,25.978052
2025-01-12T09:00:00Z,24.106022
2025-01-12T09:36:00Z,25.128544
2025-01-12T10:12:00Z,0
2025-01-12T10:48:00Z,25.312096
2025-01-12T12:00:00Z,25.131102
2025-01-12T12:36:00Z,24.626497
2025-01-12T13:12:00Z,25.71547
2025-01-12T13:48:00Z,24.612188
2025-01-12T14:24:00Z,25.839228
2025-01-12T15:00:00Z,29.329918
2025-01-12T15:36:00Z,24.24034
2025-01-12T16:12:00Z,24.04842
2025-01-12T16:48:00Z,24.875235
2025-01-12T17:24:00Z,24.463018
2025-01-12T18:00:00Z,25.486467
2025-01-12T18:36:00Z,30.232512
2025-01-12T19:12:00Z,25.977411
2025-01-12T19:48:00Z,30.43024
2025-01-12T20:24:00Z,25.997019
2025-01-12T21:00:00Z,25.725353
2025-01-12T21:36:00Z,25.008303
2025-01-12T22:12:00Z,25.385302
2025-01-12T22:48:00Z,29.179077
2025-01-12T23:24:00Z,0
2025-01-13T00:00:00Z,24.392927
2025-01-13T00:36:00Z,25.722622
2025-01-13T01:12:00Z,24.33013
2025-01-13T01:48:00Z,24.640795
2025-01-13T02:24:00Z,25.894608
2025-01-13T03:00:00Z,24.501656
2025-01-13T03:36:00Z,25.609688
2025-01-13T04:12:00Z,24.718027
2025-01-13T04:48:00Z,29.366291
2025-01-13T05:24:00Z,24.657885
2025-01-13T06:00:00Z,24.165657
2025-01-13T06:36:00Z,25.573683
2025-01-13T07:48:00Z,25.712507
2025-01-13T08:24:00Z,24.175665
2025-01-13T09:00:00Z,24.040096
2025-01-13T09:36:00Z,25.029827
2025-01-13T10:12:00Z,25.011475
2025-01-13T10:48:00Z,25.495764
2025-01-13T11:24:00Z,25.189762
2025-01-13T12:00:00Z,25.611425
2025-01-13T12:36:00Z,24.92613
2025-01-13T13:12:00Z,25.53742
2025-01-13T13:48:00Z,24.745659
2025-01-13T14:24:00Z,25.459017
2025-01-13T15:00:00Z,24.987759
2025-01-13T15:36:00Z,25.56472
2025-01-13T16:12:00Z,25.268042
2025-01-13T18:00:00Z,25.976252
2025-01-13T18:36:00Z,24.292448
2025-01-13T19:12:00Z,25.417822
2025-01-13T19:48:00Z,24.980465
2025-01-13T20:24:00Z,25.404766
2025-01-13T21:00:00Z,24.41319
2025-01-13T21:36:00Z,25.780884
2025-01-13T22:12:00Z,25.383018
2025-01-13T22:48:00Z,0
2025-01-13T23:24:00Z,24.841347
2025-01-14T00:00:00Z,24.348978
2025-01-14T00:36:00Z,30.878723
2025-01-14T01:12:00Z,0
2025-01-14T01:48:00Z,24.55828
2025-01-14T02:24:00Z,25.329288
2025-01-14T03:00:00Z,25.370876
2025-01-14T03:36:00Z,24.813688
2025-01-14T04:48:00Z,25.957039
2025-01-14T05:24:00Z,24.459871
2025-01-14T06:00:00Z,24.085651
2025-01-14T06:36:00Z,24.317188
2025-01-14T07:12:00Z,0
2025-01-14T07:48:00Z,24.775578
2025-01-14T08:24:00Z,29.368214
2025-01-14T09:00:00Z,0
2025-01-14T09:36:00Z,25.580587
2025-01-14T10:48:00Z,25.545565
2025-01-14T11:24:00Z,25.206888
2025-01-14T12:00:00Z,30.71208
2025-01-14T12:36:00Z,0
2025-01-14T13:12:00Z,25.029314
2025-01-14T14:24:00Z,24.934717
2025-01-14T15:00:00Z,24.128258
2025-01-14T15:36:00Z,25.403452
2025-01-14T16:12:00Z,24.65705
2025-01-14T16:48:00Z,0
2025-01-14T17:24:00Z,24.673603
2025-01-14T18:00:00Z,25.66534
2025-01-14T18:36:00Z,24.049408
2025-01-14T19:12:00Z,0
2025-01-14T19:48:00Z,30.146116
2025-01-14T20:24:00Z,24.494642
2025-01-14T21:00:00Z,24.179096
2025-01-14T21:36:00Z,25.47969
2025-01-14T22:12:00Z,0
2025-01-14T22:48:00Z,24.796385
2025-01-14T23:24:00Z,0
2025-01-15T00:00:00Z,24.055891
2025-01-15T01:12:00Z,24.197346
2025-01-15T01:48:00Z,30.30533
2025-01-15T02:24:00Z,25.87773
2025-01-15T03:00:00Z,24.37131
2025-01-15T03:36:00Z,25.990097
2025-01-15T04:12:00Z,24.53366
2025-01-15T06:36:00Z,25.066511
2025-01-15T07:48:00Z,24.316647
2025-01-15T08:24:00Z,25.086695
2025-01-15T09:00:00Z,24.003101
2025-01-15T09:36:00Z,25.580633
2025-01-15T10:12:00Z,24.840086
2025-01-15T10:48:00Z,24.526949
2025-01-15T11:24:00Z,25.861305
2025-01-15T12:00:00Z,24.479828
2025-01-15T13:12:00Z,25.164894
2025-01-15T13:48:00Z,25.812204
2025-01-15T15:00:00Z,24.772562
2025-01-15T15:36:00Z,29.59299
2025-01-15T16:12:00Z,0
2025-01-15T16:48:00Z,25.280853
2025-01-15T17:24:00Z,0
2025-01-15T18:00:00Z,0
2025-01-15T18:36:00Z,25.854351
2025-01-15T19:12:00Z,0
2025-01-15T19:48:00Z,24.812222
2025-01-15T20:24:00Z,0
2025-01-15T21:00:00Z,29.467422
2025-01-15T21:36:00Z,25.932064
2025-01-15T22:12:00Z,24.85796
2025-01-15T23:24:00Z,24.157238
2025-01-16T00:00:00Z,25.110981
2025-01-16T01:48:00Z,25.897474
2025-01-16T02:24:00Z,25.66049
2025-01-16T03:00:00Z,24.056755
2025-01-16T03:36:00Z,24.948181
2025-01-16T04:48:00Z,24.46273
2025-01-16T05:24:00Z,25.347942
2025-01-16T06:00:00Z,24.533941
2025-01-16T06:36:00Z,25.830765
2025-01-16T07:12:00Z,24.095955
2025-01-16T07:48:00Z,25.088634
2025-01-16T08:24:00Z,24.462069
2025-01-16T10:12:00Z,25.449314
2025-01-16T10:48:00Z,25.329773
2025-01-16T11:24:00Z,24.31564
2025-01-16T12:00:00Z,30.926035
2025-01-16T12:36:00Z,0
2025-01-16T13:12:00Z,24.07784
2025-01-16T13:48:00Z,24.431664
2025-01-16T14:24:00Z,25.860212
2025-01-16T15:00:00Z,0
2025-01-16T15:36:00Z,25.475191
2025-01-16T16:12:00Z,24.863205
2025-01-16T16:48:00Z,25.833035
2025-01-16T17:24:00Z,24.572771
2025-01-16T19:12:00Z,25.516918
2025-01-16T19:48:00Z,25.12202
2025-01-16T20:24:00Z,25.21088
2025-01-16T21:00:00Z,24.798626
2025-01-16T21:36:00Z,25.384972
2025-01-16T22:12:00Z,24.86257
2025-01-16T23:24:00Z,24.576618
2025-01-17T00:36:00Z,25.559269
2025-01-17T01:12:00Z,25.365614
2025-01-17T01:48:00Z,25.88303
2025-01-17T02:24:00Z,25.925346
2025-01-17T03:00:00Z,0
2025-01-17T03:36:00Z,0
2025-01-17T04:12:00Z,30.363665
2025-01-17T04:48:00Z,24.415619
2025-01-17T05:24:00Z,25.760014
2025-01-17T06:00:00Z,24.168247
2025-01-17T07:12:00Z,25.124918
2025-01-17T09:00:00Z,25.537424
2025-01-17T09:36:00Z,24.2051
2025-01-17T10:12:00Z,25.783495
2025-01-17T10:48:00Z,24.855064
2025-01-17T11:24:00Z,30.671328
2025-01-17T12:00:00Z,24.781866
2025-01-17T12:36:00Z,0
2025-01-17T13:12:00Z,30.970856
2025-01-17T13:48:00Z,0
2025-01-17T14:24:00Z,25.068235
2025-01-17T15:00:00Z,25.911865
2025-01-17T15:36:00Z,24.017286
2025-01-17T16:12:00Z,25.533865
2025-01-17T16:48:00Z,24.796633
2025-01-17T17:24:00Z,25.716873
2025-01-17T18:36:00Z,24.565025
2025-01-17T19:12:00Z,24.966976
2025-01-17T19:48:00Z,24.504423
2025-01-17T20:24:00Z,24.698452
2025-01-17T21:00:00Z,25.452095
2025-01-17T21:36:00Z,25.768394
2025-01-17T22:12:00Z,29.227938
2025-01-17T22:48:00Z,25.31233
2025-01-17T23:24:00Z,24.312502
2025-01-18T01:12:00Z,24.128918
2025-01-18T01:48:00Z,25.946945
2025-01-18T03:00:00Z,24.394007
2025-01-18T03:36:00Z,24.496561
2025-01-18T04:12:00Z,25.387205
2025-01-18T04:48:00Z,25.398592
2025-01-18T05:24:00Z,24.262293
2025-01-18T06:00:00Z,29.571806
2025-01-18T06:36:00Z,0
2025-01-18T07:12:00Z,25.376276
2025-01-18T07:48:00Z,24.07569
2025-01-18T08:24:00Z,0
2025-01-18T09:00:00Z,29.413725
2025-01-18T09:36:00Z,24.149494
2025-01-18T10:48:00Z,25.979164
2025-01-18T11:24:00Z,25.969524
2025-01-18T12:00:00Z,24.544634
2025-01-18T12:36:00Z,0
2025-01-18T13:12:00Z,24.00207
2025-01-18T13:48:00Z,25.979183
2025-01-18T15:00:00Z,25.04042
2025-01-18T15:36:00Z,25.189384
2025-01-18T16:12:00Z,24.435692
2025-01-18T16:48:00Z,24.97079
2025-01-18T17:24:00Z,24.13609
2025-01-18T18:00:00Z,25.082958
2025-01-18T19:12:00Z,25.022243
2025-01-18T19:48:00Z,24.483824
2025-01-18T20:24:00Z,25.000473
2025-01-18T21:00:00Z,24.181786
2025-01-18T21:36:00Z,24.044552
2025-01-18T22:12:00Z,24.876764
2025-01-18T22:48:00Z,29.305971
2025-01-18T23:24:00Z,0
2025-01-19T00:00:00Z,25.643633
2025-01-19T00:36:00Z,24.070995
2025-01-19T01:12:00Z,25.828438
2025-01-19T01:48:00Z,24.234043
2025-01-19T02:24:00Z,25.499958
2025-01-19T03:00:00Z,24.267918
2025-01-19T03:36:00Z,24.98818
2025-01-19T04:12:00Z,25.24921
2025-01-19T04:48:00Z,24.39168
2025-01-19T05:24:00Z,24.082207
2025-01-19T06:00:00Z,25.530834
2025-01-19T06:36:00Z,24.158861
2025-01-19T07:12:00Z,0
2025-01-19T07:48:00Z,24.244125
2025-01-19T08:24:00Z,24.494324
2025-01-19T09:00:00Z,29.036978
2025-01-19T09:36:00Z,25.195068
2025-01-19T10:12:00Z,24.37251
2025-01-19T10:48:00Z,25.941364
2025-01-19T11:24:00Z,24.834166
2025-01-19T12:00:00Z,24.174004
2025-01-19T12:36:00Z,25.293905
2025-01-19T13:12:00Z,24.164204
2025-01-19T13:48:00Z,25.931713
2025-01-19T14:24:00Z,25.266348
2025-01-19T15:00:00Z,30.480877
2025-01-19T15:36:00Z,0
2025-01-19T16:12:00Z,24.050068
2025-01-19T16:48:00Z,25.711689
2025-01-19T17:24:00Z,24.625927
2025-01-19T19:12:00Z,25.56951
2025-01-19T19:48:00Z,30.271149
2025-01-19T20:24:00Z,24.338976
2025-01-19T21:00:00Z,25.450848
2025-01-19T21:36:00Z,24.354448
2025-01-19T22:12:00Z,29.984816
2025-01-19T22:48:00Z,25.216225
2025-01-19T23:24:00Z,25.82663
2025-01-20T00:36:00Z,25.752935
2025-01-20T01:12:00Z,24.537018
2025-01-20T01:48:00Z,25.334038
2025-01-20T02:24:00Z,29.753836
2025-01-20T03:00:00Z,25.238712
2025-01-20T03:36:00Z,25.69378
2025-01-20T04:12:00Z,0
2025-01-20T04:48:00Z,24.473677
2025-01-20T05:24:00Z,24.936499
2025-01-20T06:00:00Z,29.365728
2025-01-20T06:36:00Z,25.203712
2025-01-20T07:12:00Z,24.66717
2025-01-20T07:48:00Z,25.202488
2025-01-20T08:24:00Z,25.010372
2025-01-20T09:00:00Z,24.315037
2025-01-20T10:12:00Z,24.75617
2025-01-20T10:48:00Z,30.905983
2025-01-20T11:24:00Z,25.333626
2025-01-20T12:00:00Z,24.430275
2025-01-20T12:36:00Z,24.177896
2025-01-20T13:48:00Z,25.450977
2025-01-20T14:24:00Z,24.937984
2025-01-20T15:00:00Z,25.601278
2025-01-20T15:36:00Z,24.156847
2025-01-20T16:48:00Z,25.678629
2025-01-20T17:24:00Z,25.299057
2025-01-20T18:00:00Z,24.315054
2025-01-20T18:36:00Z,25.279272
2025-01-20T19:12:00Z,24.009815
2025-01-20T19:48:00Z,24.031643
2025-01-20T21:00:00Z,24.822226
2025-01-20T21:36:00Z,25.819391
2025-01-20T22:12:00Z,24.069326
2025-01-20T22:48:00Z,0
2025-01-20T23:24:00Z,25.130823
2025-01-21T00:00:00Z,25.734795
2025-01-21T00:36:00Z,30.363243
2025-01-21T01:12:00Z,0
2025-01-21T01:48:00Z,25.51121
2025-01-21T03:00:00Z,25.974442
2025-01-21T03:36:00Z,24.324003
2025-01-21T04:12:00Z,24.25154
2025-01-21T04:48:00Z,29.670431
2025-01-21T05:24:00Z,0
2025-01-21T06:00:00Z,24.947088
2025-01-21T07:12:00Z,24.427309
2025-01-21T07:48:00Z,25.892792
2025-01-21T08:24:00Z,24.24137
2025-01-21T09:00:00Z,24.91216
2025-01-21T09:36:00Z,24.450214
2025-01-21T10:12:00Z,25.930412
2025-01-21T10:48:00Z,24.587912
2025-01-21T11:24:00Z,25.85456
2025-01-21T12:00:00Z,24.192612
2025-01-21T12:36:00Z,25.92294
2025-01-21T13:12:00Z,24.784761
2025-01-21T13:48:00Z,25.901152
2025-01-21T14:24:00Z,30.035883
2025-01-21T15:00:00Z,25.118715
2025-01-21T15:36:00Z,25.39919
2025-01-21T16:12:00Z,25.19026
2025-01-21T16:48:00Z,24.560698
2025-01-21T17:24:00Z,24.593826
2025-01-21T18:00:00Z,30.984348
2025-01-21T18:36:00Z,24.803596
2025-01-21T19:48:00Z,25.725733
2025-01-21T20:24:00Z,25.930325
2025-01-21T21:36:00Z,25.651564
2025-01-21T22:12:00Z,25.724686
2025-01-21T22:48:00Z,24.710434
2025-01-21T23:24:00Z,25.744997
2025-01-22T00:00:00Z,24.688599
2025-01-22T00:36:00Z,0
2025-01-22T01:12:00Z,24.788298
2025-01-22T01:48:00Z,25.837826
2025-01-22T02:24:00Z,24.109867
2025-01-22T03:00:00Z,25.237368
2025-01-22T04:12:00Z,24.011293
2025-01-22T04:48:00Z,24.451572
2025-01-22T05:24:00Z,0
2025-01-22T06:00:00Z,24.749647
2025-01-22T07:12:00Z,25.919003
2025-01-22T08:24:00Z,24.692749
2025-01-22T09:00:00Z,24.253206
2025-01-22T09:36:00Z,24.530815
2025-01-22T10:12:00Z,29.994595
2025-01-22T10:48:00Z,0
2025-01-22T11:24:00Z,24.291515
2025-01-22T12:00:00Z,25.683445
2025-01-22T12:36:00Z,0
2025-01-22T13:12:00Z,24.25147
2025-01-22T13:48:00Z,25.660185
2025-01-22T14:24:00Z,25.638449
2025-01-22T15:00:00Z,24.077406
2025-01-22T15:36:00Z,25.821793
2025-01-22T16:12:00Z,24.98325
2025-01-22T17:24:00Z,24.089499
2025-01-22T18:36:00Z,25.017263
2025-01-22T19:12:00Z,30.05619
2025-01-22T19:48:00Z,25.311016
2025-01-22T20:24:00Z,24.655151
2025-01-22T21:00:00Z,25.141232
2025-01-22T21:36:00Z,29.801388
2025-01-22T22:12:00Z,0
2025-01-22T22:48:00Z,0
2025-01-22T23:24:00Z,24.66688
2025-01-23T00:00:00Z,24.359755
2025-01-23T00:36:00Z,24.933315
2025-01-23T01:12:00Z,24.939848
2025-01-23T01:48:00Z,24.440205
2025-01-23T02:24:00Z,0
2025-01-23T03:00:00Z,24.280807
2025-01-23T03:36:00Z,24.622871
2025-01-23T04:48:00Z,24.155643
2025-01-23T05:24:00Z,24.234295
2025-01-23T06:00:00Z,25.810265
2025-01-23T06:36:00Z,24.137915
2025-01-23T07:12:00Z,25.415411
2025-01-23T07:48:00Z,24.883251
2025-01-23T08:24:00Z,25.62364
2025-01-23T09:00:00Z,29.274174
2025-01-23T09:36:00Z,0
2025-01-23T10:12:00Z,25.724962
2025-01-23T10:48:00Z,25.207438
2025-01-23T11:24:00Z,25.977598
2025-01-23T12:00:00Z,24.726023
2025-01-23T12:36:00Z,25.368582
2025-01-23T13:48:00Z,24.634281
2025-01-23T14:24:00Z,25.228107
2025-01-23T15:00:00Z,24.125238
2025-01-23T15:36:00Z,25.696959
2025-01-23T17:24:00Z,25.55341
2025-01-23T18:00:00Z,24.450645
2025-01-23T18:36:00Z,25.495565
2025-01-23T19:12:00Z,0
2025-01-23T19:48:00Z,24.732729
2025-01-23T20:24:00Z,0
2025-01-23T21:00:00Z,30.894444
2025-01-23T21:36:00Z,0
2025-01-23T22:12:00Z,29.461555
2025-01-23T22:48:00Z,25.94024
2025-01-23T23:24:00Z,24.897497
2025-01-24T00:00:00Z,25.925587
2025-01-24T00:36:00Z,24.487738
2025-01-24T01:48:00Z,25.554714
2025-01-24T02:24:00Z,24.23631
2025-01-24T03:00:00Z,0
2025-01-24T03:36:00Z,25.872133
2025-01-24T04:12:00Z,25.243328
2025-01-24T04:48:00Z,24.034475
2025-01-24T05:24:00Z,24.175707
2025-01-24T06:00:00Z,29.696224
2025-01-24T06:36:00Z,25.233652
2025-01-24T07:12:00Z,24.649673
2025-01-24T07:48:00Z,25.310448
2025-01-24T08:24:00Z,25.262548
2025-01-24T09:00:00Z,24.293718
2025-01-24T10:12:00Z,25.410704
2025-01-24T11:24:00Z,25.360447
2025-01-24T12:00:00Z,24.262886
2025-01-24T12:36:00Z,25.751987
2025-01-24T13:12:00Z,24.684088
2025-01-24T13:48:00Z,24.486551
2025-01-24T14:24:00Z,25.65788
2025-01-24T15:00:00Z,25.971718
2025-01-24T16:48:00Z,25.343262
2025-01-24T17:24:00Z,24.499144
2025-01-24T18:00:00Z,24.955057
2025-01-24T18:36:00Z,24.265366
2025-01-24T19:12:00Z,0
2025-01-24T19:48:00Z,24.378847
2025-01-24T20:24:00Z,0
2025-01-24T21:00:00Z,24.598455
2025-01-24T22:12:00Z,25.47218
2025-01-24T22:48:00Z,25.100365
2025-01-24T23:24:00Z,25.96949
2025-01-25T00:00:00Z,30.897665
2025-01-25T00:36:00Z,0
2025-01-25T01:12:00Z,24.458727
2025-01-25T01:48:00Z,24.800198
2025-01-25T02:24:00Z,24.338512
2025-01-25T03:36:00Z,24.774014
2025-01-25T04:12:00Z,24.64794
2025-01-25T04:48:00Z,25.659008
2025-01-25T05:24:00Z,30.167952
2025-01-25T06:00:00Z,0
2025-01-25T06:36:00Z,25.570732
2025-01-25T07:12:00Z,24.78517
2025-01-25T07:48:00Z,25.35557
2025-01-25T08:24:00Z,0
2025-01-25T09:00:00Z,25.052412
2025-01-25T10:48:00Z,25.84521
2025-01-25T11:24:00Z,24.155922
2025-01-25T12:00:00Z,25.623608
2025-01-25T12:36:00Z,25.702139
2025-01-25T13:12:00Z,25.270884
2025-01-25T13:48:00Z,25.823053
2025-01-25T14:24:00Z,24.694633
2025-01-25T15:00:00Z,25.258362
2025-01-25T15:36:00Z,0
2025-01-25T16:12:00Z,25.794052
2025-01-25T16:48:00Z,24.559332
2025-01-25T17:24:00Z,29.107222
2025-01-25T18:00:00Z,25.730093
2025-01-25T18:36:00Z,25.705925
2025-01-25T19:12:00Z,24.421726
2025-01-25T19:48:00Z,25.370892
2025-01-25T20:24:00Z,29.808548
2025-01-25T21:00:00Z,25.833796
2025-01-25T21:36:00Z,25.04556
2025-01-25T22:12:00Z,25.353634
2025-01-25T23:24:00Z,24.214458
2025-01-26T00:00:00Z,25.641342
2025-01-26T01:12:00Z,25.119585
2025-01-26T02:24:00Z,25.884113
2025-01-26T03:00:00Z,25.630577
2025-01-26T03:36:00Z,25.879496
2025-01-26T04:12:00Z,24.884655
2025-01-26T04:48:00Z,25.261177
2025-01-26T05:24:00Z,24.089035
2025-01-26T06:00:00Z,25.531458
2025-01-26T06:36:00Z,25.149008
2025-01-26T07:12:00Z,29.506756
2025-01-26T07:48:00Z,25.16705
2025-01-26T08:24:00Z,30.022638
2025-01-26T09:00:00Z,24.819323
2025-01-26T09:36:00Z,24.691353
2025-01-26T11:24:00Z,25.62554
2025-01-26T12:00:00Z,24.508024
2025-01-26T12:36:00Z,25.939377
2025-01-26T13:12:00Z,24.195786
2025-01-26T13:48:00Z,24.58284
2025-01-26T14:24:00Z,24.057014
2025-01-26T15:00:00Z,24.149982
2025-01-26T15:36:00Z,25.911098
2025-01-26T16:12:00Z,24.541723
2025-01-26T16:48:00Z,25.210012
2025-01-26T17:24:00Z,24.03218
2025-01-26T18:00:00Z,24.824528
2025-01-26T18:36:00Z,24.354376
2025-01-26T19:12:00Z,0
2025-01-26T19:48:00Z,24.318497
2025-01-26T20:24:00Z,25.943718
2025-01-26T21:36:00Z,25.576355
2025-01-26T22:12:00Z,0
2025-01-26T22:48:00Z,24.017994
2025-01-26T23:24:00Z,24.415178
2025-01-27T00:36:00Z,24.596529
2025-01-27T01:12:00Z,24.21466
2025-01-27T01:48:00Z,25.901302
2025-01-27T02:24:00Z,24.520071
2025-01-27T03:00:00Z,25.569778
2025-01-27T04:12:00Z,24.68884
2025-01-27T04:48:00Z,25.548618
2025-01-27T05:24:00Z,24.733294
2025-01-27T06:00:00Z,25.153538
2025-01-27T06:36:00Z,24.775015
2025-01-27T07:12:00Z,25.29847
2025-01-27T08:24:00Z,24.929174
2025-01-27T09:00:00Z,25.493034
2025-01-27T09:36:00Z,25.162
2025-01-27T10:12:00Z,24.085773
2025-01-27T10:48:00Z,0
2025-01-27T11:24:00Z,25.306896
2025-01-27T12:00:00Z,25.955086
2025-01-27T12:36:00Z,30.82569
2025-01-27T13:12:00Z,0
2025-01-27T13:48:00Z,24.147736
2025-01-27T14:24:00Z,24.220839
2025-01-27T15:00:00Z,25.528368
2025-01-27T15:36:00Z,25.884079
2025-01-27T16:12:00Z,24.806097
2025-01-27T16:48:00Z,24.528
2025-01-27T17:24:00Z,0
2025-01-27T18:00:00Z,25.447536
2025-01-27T18:36:00Z,0
2025-01-27T19:12:00Z,25.752422
2025-01-27T19:48:00Z,30.77329
2025-01-27T20:24:00Z,24.38024
2025-01-27T21:00:00Z,24.085575
2025-01-27T21:36:00Z,24.720812
2025-01-27T22:12:00Z,24.156977
2025-01-27T22:48:00Z,24.077879
2025-01-27T23:24:00Z,25.8972
2025-01-28T00:00:00Z,25.5916
2025-01-28T00:36:00Z,25.74445
2025-01-28T01:12:00Z,24.762234
2025-01-28T01:48:00Z,25.95779
2025-01-28T02:24:00Z,25.19399
2025-01-28T03:36:00Z,25.648262
2025-01-28T04:12:00Z,29.958893
2025-01-28T04:48:00Z,25.953299
2025-01-28T06:00:00Z,25.758318
2025-01-28T06:36:00Z,24.540777
2025-01-28T07:12:00Z,25.9456
2025-01-28T07:48:00Z,25.899534
2025-01-28T08:24:00Z,0
2025-01-28T09:00:00Z,25.621918
2025-01-28T09:36:00Z,25.129204
2025-01-28T10:12:00Z,25.79908
2025-01-28T10:48:00Z,0
2025-01-28T11:24:00Z,25.241657
2025-01-28T12:00:00Z,25.223862
2025-01-28T12:36:00Z,25.665663
2025-01-28T13:12:00Z,24.484152
2025-01-28T13:48:00Z,0
2025-01-28T14:24:00Z,25.232836
2025-01-28T15:00:00Z,24.43796
2025-01-28T15:36:00Z,24.799398
2025-01-28T16:12:00Z,25.897516
2025-01-28T16:48:00Z,24.227522
2025-01-28T17:24:00Z,25.909224
2025-01-28T18:00:00Z,24.844078
2025-01-28T18:36:00Z,25.117928
2025-01-28T19:12:00Z,24.088749
2025-01-28T19:48:00Z,25.258556
2025-01-28T20:24:00Z,25.924803
2025-01-28T21:00:00Z,25.507114
2025-01-28T21:36:00Z,24.274035
2025-01-28T22:12:00Z,29.048174
2025-01-28T22:48:00Z,25.83056
2025-01-28T23:24:00Z,24.054314
2025-01-29T00:00:00Z,24.381079
2025-01-29T00:36:00Z,25.27588
2025-01-29T01:48:00Z,24.853119
2025-01-29T04:12:00Z,25.587402
2025-01-29T04:48:00Z,30.110533
2025-01-29T05:24:00Z,0
2025-01-29T06:00:00Z,25.226429
2025-01-29T06:36:00Z,25.825144
2025-01-29T07:12:00Z,24.46354
2025-01-29T08:24:00Z,25.363148
2025-01-29T09:00:00Z,24.689894
2025-01-29T10:12:00Z,25.356947
2025-01-29T10:48:00Z,30.559435
2025-01-29T11:24:00Z,24.815428
2025-01-29T12:00:00Z,24.04583
2025-01-29T12:36:00Z,25.398941
2025-01-29T13:12:00Z,24.487577
2025-01-29T13:48:00Z,25.418777
2025-01-29T14:24:00Z,25.920174
2025-01-29T15:00:00Z,25.088478
2025-01-29T15:36:00Z,25.61454
2025-01-29T16:12:00Z,24.099545
2025-01-29T16:48:00Z,30.590588
2025-01-29T17:24:00Z,0
2025-01-29T18:00:00Z,0
2025-01-29T18:36:00Z,25.49739
2025-01-29T19:12:00Z,25.663597
2025-01-29T19:48:00Z,24.639338
2025-01-29T20:24:00Z,0
2025-01-29T21:00:00Z,25.378698
2025-01-29T21:36:00Z,25.884699
2025-01-29T22:12:00Z,25.070864
2025-01-29T22:48:00Z,25.147072
2025-01-29T23:24:00Z,29.889597
2025-01-30T00:00:00Z,0
2025-01-30T00:36:00Z,25.510513
2025-01-30T01:12:00Z,25.846308
2025-01-30T02:24:00Z,24.33581
2025-01-30T03:00:00Z,24.137793
2025-01-30T04:12:00Z,25.71628
2025-01-30T05:24:00Z,24.249514
2025-01-30T06:00:00Z,24.036728
2025-01-30T06:36:00Z,25.224443
2025-01-30T07:12:00Z,0
2025-01-30T07:48:00Z,25.998604
2025-01-30T08:24:00Z,24.219942
2025-01-30T09:00:00Z,25.329672
2025-01-30T09:36:00Z,25.464607
2025-01-30T10:12:00Z,0
2025-01-30T10:48:00Z,24.892656
2025-01-30T11:24:00Z,25.26089
2025-01-30T12:00:00Z,24.587893
2025-01-30T12:36:00Z,25.550695
2025-01-30T13:12:00Z,25.427382
2025-01-30T13:48:00Z,24.393772
2025-01-30T14:24:00Z,25.761475
2025-01-30T15:00:00Z,25.542093
2025-01-30T15:36:00Z,0
2025-01-30T16:12:00Z,25.208769
2025-01-30T16:48:00Z,25.519808
2025-01-30T17:24:00Z,24.64496
2025-01-30T18:00:00Z,24.871895
2025-01-30T18:36:00Z,24.401926
2025-01-30T19:12:00Z,0
2025-01-30T19:48:00Z,24.548704
2025-01-30T20:24:00Z,24.25001
2025-01-30T21:00:00Z,25.07882
2025-01-30T21:36:00Z,24.345121
2025-01-30T22:12:00Z,25.452175
2025-01-30T22:48:00Z,25.207823
2025-01-30T23:24:00Z,25.476236
2025-01-31T00:36:00Z,24.214773
2025-01-31T01:12:00Z,24.681877
2025-01-31T03:00:00Z,24.616953
2025-01-31T03:36:00Z,0
2025-01-31T04:12:00Z,24.657455
2025-01-31T04:48:00Z,25.80219
2025-01-31T05:24:00Z,24.609945
2025-01-31T06:00:00Z,25.803509
2025-01-31T07:48:00Z,25.19813
2025-01-31T08:24:00Z,24.188522
2025-01-31T09:36:00Z,24.848255
2025-01-31T10:12:00Z,24.097078
2025-01-31T10:48:00Z,25.96843
2025-01-31T11:24:00Z,29.127546
2025-01-31T12:00:00Z,0
2025-01-31T12:36:00Z,25.994356
2025-01-31T13:12:00Z,24.034538
2025-01-31T13:48:00Z,25.509987
2025-01-31T14:24:00Z,24.334002
2025-01-31T15:00:00Z,24.988098
2025-01-31T15:36:00Z,30.673414
2025-01-31T16:12:00Z,24.27135
2025-01-31T16:48:00Z,30.940748
2025-01-31T17:24:00Z,24.820446
2025-01-31T18:00:00Z,25.43684
2025-01-31T18:36:00Z,24.807186
2025-01-31T19:48:00Z,25.146488
2025-01-31T20:24:00Z,24.05148
2025-01-31T21:00:00Z,24.869112
2025-01-31T21:36:00Z,24.331184
2025-01-31T22:12:00Z,25.338417
2025-01-31T22:48:00Z,24.400791
2025-01-31T23:24:00Z,25.699677
2025-02-01T00:00:00Z,24.714216
2025-02-01T01:12:00Z,25.903822
2025-02-01T01:48:00Z,25.05124
2025-02-01T02:24:00Z,29.570133
2025-02-01T03:00:00Z,0
2025-02-01T03:36:00Z,24.281239
2025-02-01T04:12:00Z,25.195433
2025-02-01T06:00:00Z,25.776348
2025-02-01T06:36:00Z,30.608965
2025-02-01T07:12:00Z,0
2025-02-01T07:48:00Z,30.766079
2025-02-01T08:24:00Z,25.43134
2025-02-01T09:00:00Z,24.19617
2025-02-01T09:36:00Z,25.567022
2025-02-01T10:12:00Z,0
2025-02-01T10:48:00Z,25.11813
2025-02-01T11:24:00Z,30.938192
2025-02-01T12:00:00Z,25.262608
2025-02-01T12:36:00Z,25.987835
2025-02-01T13:12:00Z,29.47921
2025-02-01T13:48:00Z,24.451601
2025-02-01T14:24:00Z,24.287155
2025-02-01T15:00:00Z,24.952316
2025-02-01T16:12:00Z,24.210455
2025-02-01T16:48:00Z,25.047056
2025-02-01T17:24:00Z,24.456207
2025-02-01T18:36:00Z,25.637367
2025-02-01T19:12:00Z,30.00966
2025-02-01T19:48:00Z,24.361494
2025-02-01T20:24:00Z,24.937225
2025-02-01T21:00:00Z,24.02892
2025-02-01T21:36:00Z,25.943222
2025-02-01T22:12:00Z,25.903852
2025-02-01T22:48:00Z,25.276407
2025-02-01T23:24:00Z,29.109665
2025-02-02T00:00:00Z,25.31109
2025-02-02T00:36:00Z,25.46184
2025-02-02T01:12:00Z,24.31895
2025-02-02T01:48:00Z,24.184
2025-02-02T02:24:00Z,25.833351
2025-02-02T03:00:00Z,24.455309
2025-02-02T03:36:00Z,25.599325
2025-02-02T04:12:00Z,24.059689
2025-02-02T04:48:00Z,25.769012
2025-02-02T05:24:00Z,24.543652
2025-02-02T06:00:00Z,24.94295
2025-02-02T06:36:00Z,24.202417
2025-02-02T07:12:00Z,25.120802
2025-02-02T08:24:00Z,24.596487
2025-02-02T09:00:00Z,25.12546
2025-02-02T09:36:00Z,24.34233
2025-02-02T10:12:00Z,25.483658
2025-02-02T10:48:00Z,25.479807
2025-02-02T11:24:00Z,0
2025-02-02T12:00:00Z,24.823614
2025-02-02T13:12:00Z,24.365854
2025-02-02T13:48:00Z,24.000076
2025-02-02T14:24:00Z,25.771873
2025-02-02T15:00:00Z,25.982265
2025-02-02T15:36:00Z,30.298525
2025-02-02T16:12:00Z,24.456963
2025-02-02T16:48:00Z,25.03078
2025-02-02T17:24:00Z,25.026423
2025-02-02T18:00:00Z,25.81784
2025-02-02T18:36:00Z,24.854649
2025-02-02T19:12:00Z,0
2025-02-02T19:48:00Z,24.278284
2025-02-02T20:24:00Z,25.763905
2025-02-02T21:00:00Z,25.785566
2025-02-02T21:36:00Z,25.13269
2025-02-02T22:12:00Z,24.919579
2025-02-02T22:48:00Z,25.966412
2025-02-02T23:24:00Z,24.068136
2025-02-03T00:00:00Z,25.611555
2025-02-03T00:36:00Z,25.67176
2025-02-03T01:12:00Z,29.842182
2025-02-03T01:48:00Z,0
2025-02-03T02:24:00Z,25.80533
2025-02-03T03:00:00Z,24.585852
2025-02-03T03:36:00Z,25.844687
2025-02-03T04:12:00Z,29.229616
2025-02-03T04:48:00Z,24.477726
2025-02-03T05:24:00Z,24.867136
2025-02-03T06:00:00Z,24.390524
2025-02-03T06:36:00Z,25.821732
2025-02-03T07:12:00Z,25.623568
2025-02-03T07:48:00Z,24.049635
2025-02-03T08:24:00Z,25.90203
2025-02-03T09:00:00Z,0
2025-02-03T09:36:00Z,0
2025-02-03T10:12:00Z,25.716703
2025-02-03T10:48:00Z,24.96503
2025-02-03T12:00:00Z,25.209404
2025-02-03T12:36:00Z,0
2025-02-03T13:12:00Z,25.652472
2025-02-03T13:48:00Z,25.820484
2025-02-03T14:24:00Z,25.287533
2025-02-03T15:00:00Z,25.620968
2025-02-03T15:36:00Z,0
2025-02-03T16:12:00Z,24.159986
2025-02-03T16:48:00Z,25.588829
2025-02-03T17:24:00Z,30.923077
2025-02-03T18:00:00Z,24.404297
2025-02-03T18:36:00Z,24.898706
2025-02-03T19:12:00Z,24.632742
2025-02-03T19:48:00Z,0
2025-02-03T20:24:00Z,24.128506
2025-02-03T21:00:00Z,25.004913
2025-02-03T21:36:00Z,24.354616
2025-02-03T22:12:00Z,25.886093
2025-02-03T22:48:00Z,24.343203
2025-02-03T23:24:00Z,25.641768
2025-02-04T00:00:00Z,24.71711
2025-02-04T00:36:00Z,0
2025-02-04T01:12:00Z,25.297386
2025-02-04T01:48:00Z,25.161083
2025-02-04T02:24:00Z,24.195726
2025-02-04T03:00:00Z,25.87993
2025-02-04T03:36:00Z,24.95461
2025-02-04T04:12:00Z,24.987041
2025-02-04T04:48:00Z,25.760618
2025-02-04T05:24:00Z,24.776953
2025-02-04T06:00:00Z,25.012505
2025-02-04T07:12:00Z,24.724035
2025-02-04T07:48:00Z,25.90734
2025-02-04T08:24:00Z,25.357021
2025-02-04T09:00:00Z,24.119875
2025-02-04T09:36:00Z,25.215961
2025-02-04T10:12:00Z,29.376461
2025-02-04T10:48:00Z,25.224957
2025-02-04T11:24:00Z,25.02893
2025-02-04T12:00:00Z,24.051365
2025-02-04T12:36:00Z,25.576443
2025-02-04T13:12:00Z,24.054132
2025-02-04T14:24:00Z,25.806623
2025-02-04T15:00:00Z,25.095924
2025-02-04T15:36:00Z,25.298023
2025-02-04T16:12:00Z,25.078276
2025-02-04T16:48:00Z,25.865097
2025-02-04T17:24:00Z,24.367527
2025-02-04T18:00:00Z,25.25501
2025-02-04T19:48:00Z,25.139502
2025-02-04T20:24:00Z,24.37318
2025-02-04T21:00:00Z,25.935324
2025-02-04T21:36:00Z,25.016253
2025-02-04T22:12:00Z,25.603262
2025-02-04T22:48:00Z,25.059067
2025-02-05T00:00:00Z,25.561047
2025-02-05T00:36:00Z,24.746527
2025-02-05T01:12:00Z,24.588247
2025-02-05T01:48:00Z,25.652218
2025-02-05T02:24:00Z,25.370512
2025-02-05T03:00:00Z,24.39409
2025-02-05T03:36:00Z,24.134909
2025-02-05T04:12:00Z,24.669373
2025-02-05T04:48:00Z,0
2025-02-05T05:24:00Z,25.259161
2025-02-05T06:00:00Z,25.003017
2025-02-05T07:12:00Z,25.637775
2025-02-05T07:48:00Z,24.286665
2025-02-05T08:24:00Z,24.384466
2025-02-05T09:00:00Z,25.009136
2025-02-05T09:36:00Z,24.001297
2025-02-05T11:24:00Z,24.311504
2025-02-05T12:00:00Z,24.828407
2025-02-05T13:48:00Z,24.572674
2025-02-05T14:24:00Z,0
2025-02-05T15:00:00Z,24.595163
2025-02-05T15:36:00Z,24.013391
2025-02-05T16:48:00Z,24.513689
2025-02-05T18:00:00Z,24.068268
2025-02-05T18:36:00Z,0
2025-02-05T19:12:00Z,30.22286
2025-02-05T19:48:00Z,0
2025-02-05T20:24:00Z,24.810635
2025-02-05T21:00:00Z,25.214218
2025-02-05T21:36:00Z,24.597528
2025-02-05T22:12:00Z,25.640104
2025-02-06T00:36:00Z,25.16184
2025-02-06T01:12:00Z,25.325861
2025-02-06T01:48:00Z,24.476904
2025-02-06T02:24:00Z,24.574944
2025-02-06T03:00:00Z,25.700476
2025-02-06T04:12:00Z,25.746027
2025-02-06T04:48:00Z,24.266327
2025-02-06T05:24:00Z,0
2025-02-06T06:00:00Z,25.148438
2025-02-06T07:12:00Z,25.847303
2025-02-06T07:48:00Z,25.443707
2025-02-06T08:24:00Z,0
2025-02-06T09:00:00Z,24.934063
2025-02-06T09:36:00Z,24.811771
2025-02-06T10:12:00Z,0
2025-02-06T10:48:00Z,24.718397
2025-02-06T11:24:00Z,25.406404
2025-02-06T12:00:00Z,30.63406
2025-02-06T12:36:00Z,25.143501
2025-02-06T13:12:00Z,24.661465
2025-02-06T13:48:00Z,25.849611
2025-02-06T14:24:00Z,25.810852
2025-02-06T15:00:00Z,24.785845
2025-02-06T15:36:00Z,25.073883
2025-02-06T16:12:00Z,24.1467
2025-02-06T16:48:00Z,25.412971
2025-02-06T17:24:00Z,24.973104
2025-02-06T18:00:00Z,25.863197
2025-02-06T18:36:00Z,0
2025-02-06T19:12:00Z,24.877312
2025-02-06T19:48:00Z,25.506277
2025-02-06T20:24:00Z,25.326042
2025-02-06T21:00:00Z,24.418064
2025-02-06T22:48:00Z,24.159834
2025-02-06T23:24:00Z,25.451796
2025-02-07T00:00:00Z,24.250229
2025-02-07T00:36:00Z,25.386461
2025-02-07T01:12:00Z,24.460894
2025-02-07T01:48:00Z,25.996016
2025-02-07T02:24:00Z,25.29273
2025-02-07T03:00:00Z,25.495144
2025-02-07T03:36:00Z,0
2025-02-07T04:12:00Z,24.49619
2025-02-07T04:48:00Z,25.732145
2025-02-07T05:24:00Z,25.617483
2025-02-07T06:00:00Z,0
2025-02-07T06:36:00Z,24.550156
2025-02-07T07:12:00Z,25.771233
2025-02-07T07:48:00Z,24.733292
2025-02-07T08:24:00Z,0
2025-02-07T09:00:00Z,0
2025-02-07T09:36:00Z,24.883957
2025-02-07T10:12:00Z,24.467804
2025-02-07T10:48:00Z,25.647167
2025-02-07T11:24:00Z,24.327887
2025-02-07T12:00:00Z,24.152693
2025-02-07T12:36:00Z,25.915272
2025-02-07T13:48:00Z,24.697136
2025-02-07T14:24:00Z,0
2025-02-07T15:00:00Z,29.533699
2025-02-07T15:36:00Z,24.375422
2025-02-07T16:48:00Z,25.858627
2025-02-07T17:24:00Z,25.33178
2025-02-07T18:00:00Z,30.22303
2025-02-07T18:36:00Z,24.576286
2025-02-07T19:12:00Z,25.559372
2025-02-07T19:48:00Z,30.673214
2025-02-07T20:24:00Z,0
2025-02-07T21:00:00Z,0
2025-02-07T21:36:00Z,24.263567
2025-02-07T22:12:00Z,25.726336
2025-02-07T22:48:00Z,25.205101
2025-02-07T23:24:00Z,25.616291
2025-02-08T00:00:00Z,24.665674
2025-02-08T00:36:00Z,24.767248
2025-02-08T01:12:00Z,24.414324
2025-02-08T01:48:00Z,25.509182
2025-02-08T02:24:00Z,25.61153
2025-02-08T03:00:00Z,0
2025-02-08T03:36:00Z,25.446215
2025-02-08T04:12:00Z,25.364864
2025-02-08T04:48:00Z,25.991552
2025-02-08T06:00:00Z,24.112219
2025-02-08T06:36:00Z,25.93881
2025-02-08T07:12:00Z,25.781792
2025-02-08T07:48:00Z,30.523895
2025-02-08T08:24:00Z,24.467012
2025-02-08T09:36:00Z,24.782654
2025-02-08T10:12:00Z,0
2025-02-08T10:48:00Z,25.697008
2025-02-08T11:24:00Z,0
2025-02-08T12:00:00Z,25.67538
2025-02-08T12:36:00Z,24.029575
2025-02-08T13:48:00Z,25.457947
2025-02-08T14:24:00Z,24.51134
2025-02-08T15:00:00Z,25.909737
2025-02-08T15:36:00Z,25.755238
2025-02-08T16:12:00Z,24.345633
2025-02-08T16:48:00Z,24.995197
2025-02-08T17:24:00Z,24.227095
2025-02-08T18:00:00Z,25.023779
2025-02-08T18:36:00Z,0
2025-02-08T19:12:00Z,25.949678
2025-02-08T19:48:00Z,25.412659
2025-02-08T21:00:00Z,25.181961
2025-02-08T21:36:00Z,25.584839
2025-02-08T22:12:00Z,25.385927
2025-02-08T22:48:00Z,24.4709
2025-02-09T00:00:00Z,25.799063
2025-02-09T00:36:00Z,25.99732
2025-02-09T01:48:00Z,24.065779
2025-02-09T02:24:00Z,25.22205
2025-02-09T03:00:00Z,25.92965
2025-02-09T04:12:00Z,25.178919
2025-02-09T04:48:00Z,24.195057
2025-02-09T05:24:00Z,0
2025-02-09T06:00:00Z,25.33991
2025-02-09T06:36:00Z,25.741415
2025-02-09T07:12:00Z,25.657995
2025-02-09T07:48:00Z,24.770287
2025-02-09T08:24:00Z,24.82557
2025-02-09T09:00:00Z,24.082176
2025-02-09T09:36:00Z,24.448782
2025-02-09T10:12:00Z,29.699923
2025-02-09T10:48:00Z,24.38562
2025-02-09T12:00:00Z,25.575695
2025-02-09T12:36:00Z,24.47594
2025-02-09T13:12:00Z,25.897232
2025-02-09T13:48:00Z,24.041187
2025-02-09T14:24:00Z,25.543037
2025-02-09T15:00:00Z,0
2025-02-09T15:36:00Z,24.340677
2025-02-09T16:12:00Z,25.782984
2025-02-09T16:48:00Z,24.819721
2025-02-09T17:24:00Z,24.768005
2025-02-09T18:36:00Z,25.34879
2025-02-09T19:12:00Z,0
2025-02-09T19:48:00Z,24.920395
2025-02-09T21:00:00Z,24.708046
2025-02-09T21:36:00Z,29.406649
2025-02-09T22:12:00Z,24.38439
2025-02-09T22:48:00Z,25.672167
2025-02-10T00:36:00Z,24.975582
2025-02-10T01:12:00Z,0
2025-02-10T01:48:00Z,25.234766
2025-02-10T02:24:00Z,25.0438
2025-02-10T03:00:00Z,24.03619
2025-02-10T03:36:00Z,25.919601
2025-02-10T04:12:00Z,25.001354
2025-02-10T04:48:00Z,25.703024
2025-02-10T05:24:00Z,25.535355
2025-02-10T06:00:00Z,24.006388
2025-02-10T06:36:00Z,25.351854
2025-02-10T07:12:00Z,25.984583
2025-02-10T07:48:00Z,25.608356
2025-02-10T08:24:00Z,0
2025-02-10T09:00:00Z,25.33415
2025-02-10T09:36:00Z,0
2025-02-10T10:12:00Z,24.113739
2025-02-10T10:48:00Z,24.823755
2025-02-10T11:24:00Z,30.40465
2025-02-10T12:00:00Z,25.310112
2025-02-10T12:36:00Z,25.56761
2025-02-10T13:48:00Z,24.01548
2025-02-10T14:24:00Z,25.529737
2025-02-10T15:00:00Z,29.42718
2025-02-10T15:36:00Z,24.951887
2025-02-10T16:12:00Z,25.899889
2025-02-10T16:48:00Z,30.767378
2025-02-10T17:24:00Z,25.892773
2025-02-10T18:00:00Z,24.696518
2025-02-10T18:36:00Z,25.57318
2025-02-10T19:12:00Z,25.331787
2025-02-10T19:48:00Z,25.5692
2025-02-10T20:24:00Z,25.057629
2025-02-10T21:00:00Z,25.891893
2025-02-10T21:36:00Z,0
2025-02-10T22:12:00Z,25.635225
2025-02-10T22:48:00Z,29.55659
2025-02-10T23:24:00Z,25.39997
2025-02-11T00:00:00Z,25.549337
2025-02-11T00:36:00Z,24.158783
2025-02-11T01:12:00Z,25.179314
2025-02-11T01:48:00Z,24.937248
2025-02-11T02:24:00Z,29.396395
2025-02-11T03:00:00Z,0
2025-02-11T03:36:00Z,24.608263
2025-02-11T04:12:00Z,25.85197
2025-02-11T05:24:00Z,25.263659
2025-02-11T06:36:00Z,25.585512
2025-02-11T08:24:00Z,24.165804
2025-02-11T09:36:00Z,25.138367
2025-02-11T10:12:00Z,24.447983
2025-02-11T10:48:00Z,25.789022
2025-02-11T11:24:00Z,24.654816
2025-02-11T12:00:00Z,25.138762
2025-02-11T12:36:00Z,24.809816
2025-02-11T13:48:00Z,25.797562
2025-02-11T14:24:00Z,25.82904
2025-02-11T16:12:00Z,24.534023
2025-02-11T16:48:00Z,25.874743
2025-02-11T17:24:00Z,0
2025-02-11T18:00:00Z,24.174515
2025-02-11T18:36:00Z,25.71217
2025-02-11T19:12:00Z,24.322044
2025-02-11T19:48:00Z,24.046686
2025-02-11T20:24:00Z,24.691452
2025-02-11T21:00:00Z,24.195103
2025-02-11T21:36:00Z,29.349993
2025-02-11T22:12:00Z,24.118628
2025-02-11T22:48:00Z,24.261503
2025-02-12T00:00:00Z,25.924908
2025-02-12T00:36:00Z,24.15088
2025-02-12T01:12:00Z,24.073534
2025-02-12T02:24:00Z,24.98592
2025-02-12T03:00:00Z,25.975578
2025-02-12T03:36:00Z,25.466778
2025-02-12T04:48:00Z,25.781038
2025-02-12T05:24:00Z,25.626923
2025-02-12T06:00:00Z,24.631166
2025-02-12T06:36:00Z,24.122303
2025-02-12T07:12:00Z,25.639387
2025-02-12T08:24:00Z,24.543001
2025-02-12T09:36:00Z,24.09851
2025-02-12T10:12:00Z,24.526423
2025-02-12T10:48:00Z,25.363436
2025-02-12T11:24:00Z,25.261938
2025-02-12T12:00:00Z,24.07736
2025-02-12T13:12:00Z,25.646008
2025-02-12T13:48:00Z,0
2025-02-12T14:24:00Z,24.801062
2025-02-12T15:00:00Z,24.046612
2025-02-12T15:36:00Z,24.059683
2025-02-12T16:12:00Z,25.440855
2025-02-12T16:48:00Z,25.845028
2025-02-12T18:00:00Z,24.513401
2025-02-12T18:36:00Z,25.421227
2025-02-12T19:12:00Z,25.368282
2025-02-12T19:48:00Z,25.743095
2025-02-12T20:24:00Z,24.195374
2025-02-12T21:36:00Z,25.77003
2025-02-12T22:12:00Z,24.188847
2025-02-12T22:48:00Z,25.724262
2025-02-12T23:24:00Z,25.849642
2025-02-13T00:00:00Z,25.30652
2025-02-13T00:36:00Z,30.553093
2025-02-13T01:12:00Z,0
2025-02-13T01:48:00Z,25.99888
2025-02-13T02:24:00Z,24.511013
2025-02-13T03:00:00Z,25.641535
2025-02-13T03:36:00Z,24.451092
2025-02-13T04:12:00Z,24.08807
2025-02-13T05:24:00Z,24.459997
2025-02-13T06:00:00Z,25.834892
2025-02-13T06:36:00Z,24.127493
2025-02-13T07:12:00Z,24.792269
2025-02-13T07:48:00Z,25.971388
2025-02-13T08:24:00Z,24.806625
2025-02-13T09:00:00Z,24.399624
2025-02-13T09:36:00Z,30.594704
2025-02-13T10:12:00Z,25.018217
2025-02-13T10:48:00Z,25.55498
2025-02-13T11:24:00Z,24.349545
2025-02-13T12:00:00Z,25.640293
2025-02-13T12:36:00Z,24.27792
2025-02-13T13:12:00Z,25.39507
2025-02-13T13:48:00Z,24.03773
2025-02-13T14:24:00Z,25.814617
2025-02-13T15:00:00Z,24.416697
2025-02-13T15:36:00Z,25.629768
2025-02-13T16:12:00Z,0
2025-02-13T16:48:00Z,29.027163
2025-02-13T17:24:00Z,25.311369
2025-02-13T18:00:00Z,24.396976
2025-02-13T18:36:00Z,25.812628
2025-02-13T19:12:00Z,25.212635
2025-02-13T19:48:00Z,24.157408
2025-02-13T20:24:00Z,24.242126
2025-02-13T21:00:00Z,25.832026
2025-02-13T21:36:00Z,30.780972
2025-02-13T22:12:00Z,24.513887
2025-02-13T22:48:00Z,25.368233
2025-02-14T00:00:00Z,24.832644
2025-02-14T00:36:00Z,25.545185
2025-02-14T01:12:00Z,0
2025-02-14T01:48:00Z,25.93657
2025-02-14T02:24:00Z,25.20048
2025-02-14T03:00:00Z,25.889854
2025-02-14T04:12:00Z,24.528788
2025-02-14T04:48:00Z,30.371141
2025-02-14T05:24:00Z,25.619303
2025-02-14T06:00:00Z,24.126417
2025-02-14T06:36:00Z,25.053751
2025-02-14T07:48:00Z,25.411324
2025-02-14T08:24:00Z,24.950546
2025-02-14T09:00:00Z,0
2025-02-14T09:36:00Z,24.257904
2025-02-14T10:12:00Z,30.60738
2025-02-14T10:48:00Z,25.038725
2025-02-14T11:24:00Z,24.05156
2025-02-14T12:00:00Z,24.607159
2025-02-14T12:36:00Z,24.656372
2025-02-14T13:12:00Z,30.650614
2025-02-14T13:48:00Z,24.161737
2025-02-14T15:36:00Z,25.938751
2025-02-14T16:12:00Z,24.347265
2025-02-14T16:48:00Z,24.449562
2025-02-14T17:24:00Z,25.629702
2025-02-14T18:00:00Z,25.13861
2025-02-14T18:36:00Z,25.159811
2025-02-14T19:12:00Z,24.219027
2025-02-14T19:48:00Z,25.658142
2025-02-14T20:24:00Z,24.053425
2025-02-14T21:00:00Z,25.160053
2025-02-14T21:36:00Z,24.703815
2025-02-14T22:12:00Z,25.286266
2025-02-14T23:24:00Z,24.917072
2025-02-15T00:00:00Z,0
2025-02-15T00:36:00Z,24.412306
2025-02-15T01:12:00Z,24.405762
2025-02-15T01:48:00Z,25.400364
2025-02-15T02:24:00Z,24.062675
2025-02-15T03:00:00Z,24.050575
2025-02-15T03:36:00Z,0
2025-02-15T04:12:00Z,25.24181
2025-02-15T04:48:00Z,0
2025-02-15T05:24:00Z,24.465607
2025-02-15T06:36:00Z,25.135483
2025-02-15T07:12:00Z,24.034492
2025-02-15T07:48:00Z,25.895348
2025-02-15T08:24:00Z,25.907145
2025-02-15T09:00:00Z,24.880245
2025-02-15T09:36:00Z,24.489925
2025-02-15T10:48:00Z,25.754122
2025-02-15T11:24:00Z,24.384281
2025-02-15T12:00:00Z,25.625082
2025-02-15T12:36:00Z,25.009073
2025-02-15T13:12:00Z,25.176405
2025-02-15T13:48:00Z,25.931566
2025-02-15T14:24:00Z,25.967878
2025-02-15T15:00:00Z,0
2025-02-15T15:36:00Z,25.770706
2025-02-15T16:12:00Z,24.054947
2025-02-15T17:24:00Z,24.650774
2025-02-15T18:00:00Z,29.346945
2025-02-15T18:36:00Z,25.856127
2025-02-15T19:48:00Z,24.173447
2025-02-15T20:24:00Z,25.218117
2025-02-15T21:00:00Z,25.322252
2025-02-15T22:12:00Z,24.364784
2025-02-15T22:48:00Z,24.413136
2025-02-15T23:24:00Z,24.921741
2025-02-16T00:36:00Z,24.091772
2025-02-16T01:12:00Z,24.26444
2025-02-16T01:48:00Z,25.946432
2025-02-16T02:24:00Z,0
2025-02-16T03:00:00Z,24.750757
2025-02-16T04:12:00Z,25.958534
2025-02-16T04:48:00Z,25.0162
2025-02-16T05:24:00Z,29.610117
2025-02-16T06:00:00Z,25.03979
2025-02-16T06:36:00Z,30.07867
2025-02-16T07:12:00Z,25.383049
2025-02-16T08:24:00Z,24.371714
2025-02-16T09:00:00Z,24.003822
2025-02-16T09:36:00Z,24.993975
2025-02-16T10:12:00Z,25.443176
2025-02-16T10:48:00Z,24.986984
2025-02-16T11:24:00Z,25.165247
2025-02-16T12:00:00Z,0
2025-02-16T12:36:00Z,25.93122
2025-02-16T13:12:00Z,24.027624
2025-02-16T13:48:00Z,25.76721
2025-02-16T14:24:00Z,25.85238
2025-02-16T15:00:00Z,25.033562
2025-02-16T16:12:00Z,24.322521
2025-02-16T16:48:00Z,24.580587
2025-02-16T17:24:00Z,25.529415
2025-02-16T18:00:00Z,24.189417
2025-02-16T19:12:00Z,25.757217
2025-02-16T19:48:00Z,25.181278
2025-02-16T21:00:00Z,25.875502
2025-02-16T21:36:00Z,25.890621
2025-02-16T22:12:00Z,24.345125
2025-02-16T22:48:00Z,24.409016
2025-02-16T23:24:00Z,25.186306
2025-02-17T00:00:00Z,24.840132
2025-02-17T00:36:00Z,25.63246
2025-02-17T01:12:00Z,25.276815
2025-02-17T01:48:00Z,24.000736
2025-02-17T03:00:00Z,25.278677
2025-02-17T04:48:00Z,25.377123
2025-02-17T05:24:00Z,24.521893
2025-02-17T06:00:00Z,25.884687
2025-02-17T06:36:00Z,24.141697
2025-02-17T07:12:00Z,24.745586
2025-02-17T07:48:00Z,24.424265
2025-02-17T09:00:00Z,25.706543
2025-02-17T09:36:00Z,24.450232
2025-02-17T10:12:00Z,30.336548
2025-02-17T10:48:00Z,24.69342
2025-02-17T11:24:00Z,25.01644
2025-02-17T12:00:00Z,25.98422
2025-02-17T12:36:00Z,25.245298
2025-02-17T13:48:00Z,24.736639
2025-02-17T14:24:00Z,25.442287
2025-02-17T15:00:00Z,24.472483
2025-02-17T15:36:00Z,25.278624
2025-02-17T16:48:00Z,25.023642
2025-02-17T18:00:00Z,25.541548
2025-02-17T18:36:00Z,30.32564
2025-02-17T19:12:00Z,0
2025-02-17T19:48:00Z,24.876383
2025-02-17T21:00:00Z,24.48105
2025-02-17T21:36:00Z,24.885578
2025-02-17T22:12:00Z,25.750772
2025-02-17T22:48:00Z,24.497934
2025-02-17T23:24:00Z,24.88806
2025-02-18T00:00:00Z,24.8111
2025-02-18T00:36:00Z,24.239603
2025-02-18T01:12:00Z,24.783258
2025-02-18T01:48:00Z,24.763462
2025-02-18T02:24:00Z,0
2025-02-18T03:00:00Z,25.470814
2025-02-18T04:12:00Z,24.432028
2025-02-18T05:24:00Z,24.515442
2025-02-18T06:00:00Z,0
2025-02-18T06:36:00Z,24.744873
2025-02-18T07:12:00Z,25.386003
2025-02-18T09:00:00Z,24.879263
2025-02-18T09:36:00Z,25.526
2025-02-18T10:12:00Z,24.59418
2025-02-18T10:48:00Z,25.57259
2025-02-18T12:00:00Z,25.604898
2025-02-18T12:36:00Z,25.298468
2025-02-18T13:48:00Z,25.767527
2025-02-18T14:24:00Z,29.946804
2025-02-18T15:00:00Z,24.090897
2025-02-18T16:12:00Z,24.952023
2025-02-18T16:48:00Z,25.876959
2025-02-18T17:24:00Z,25.10347
2025-02-18T18:00:00Z,24.95556
2025-02-18T18:36:00Z,25.623932
2025-02-18T19:12:00Z,0
2025-02-18T19:48:00Z,24.246092
2025-02-18T20:24:00Z,24.281094
2025-02-18T21:00:00Z,25.194975
2025-02-18T22:12:00Z,24.556479
2025-02-18T22:48:00Z,25.899511
2025-02-18T23:24:00Z,25.641022
2025-02-19T00:00:00Z,29.325172
2025-02-19T00:36:00Z,24.589
2025-02-19T01:12:00Z,25.998367
2025-02-19T01:48:00Z,24.880262
2025-02-19T02:24:00Z,24.377377
2025-02-19T03:00:00Z,29.305737
2025-02-19T03:36:00Z,0
2025-02-19T04:12:00Z,25.005049
2025-02-19T04:48:00Z,24.327023
2025-02-19T05:24:00Z,25.44685
2025-02-19T06:00:00Z,25.777018
2025-02-19T06:36:00Z,24.296066
2025-02-19T07:12:00Z,24.788393
2025-02-19T07:48:00Z,0
2025-02-19T08:24:00Z,24.61912
2025-02-19T09:00:00Z,24.805717
2025-02-19T09:36:00Z,24.33599
2025-02-19T10:12:00Z,0
2025-02-19T10:48:00Z,30.318419
2025-02-19T11:24:00Z,0
2025-02-19T12:00:00Z,25.15527
2025-02-19T12:36:00Z,25.734947
2025-02-19T13:12:00Z,24.307047
2025-02-19T13:48:00Z,24.396885
2025-02-19T14:24:00Z,25.425573
2025-02-19T15:00:00Z,24.266249
2025-02-19T15:36:00Z,25.123322
2025-02-19T17:24:00Z,25.57147
2025-02-19T18:00:00Z,24.491163
2025-02-19T19:12:00Z,24.97277
2025-02-19T19:48:00Z,25.783833
2025-02-19T20:24:00Z,25.832119
2025-02-19T21:00:00Z,24.412163
2025-02-19T21:36:00Z,24.458073
2025-02-19T22:12:00Z,29.622047
2025-02-19T22:48:00Z,25.851767
2025-02-19T23:24:00Z,24.414356
2025-02-20T00:36:00Z,25.419176
2025-02-20T01:48:00Z,24.74215
2025-02-20T02:24:00Z,25.809662
2025-02-20T03:00:00Z,25.512047
2025-02-20T03:36:00Z,24.461912
2025-02-20T04:12:00Z,0
2025-02-20T04:48:00Z,24.335865
2025-02-20T05:24:00Z,25.55704
2025-02-20T06:00:00Z,25.241798
2025-02-20T06:36:00Z,0
2025-02-20T07:12:00Z,24.349804
2025-02-20T07:48:00Z,0
2025-02-20T08:24:00Z,25.396948
2025-02-20T09:00:00Z,24.354563
2025-02-20T09:36:00Z,25.93252
2025-02-20T10:12:00Z,29.828516
2025-02-20T10:48:00Z,0
2025-02-20T11:24:00Z,24.936655
2025-02-20T12:00:00Z,24.313608
2025-02-20T12:36:00Z,25.193954
2025-02-20T13:12:00Z,24.796251
2025-02-20T13:48:00Z,25.852842
2025-02-20T14:24:00Z,24.91763
2025-02-20T15:00:00Z,24.746595
2025-02-20T15:36:00Z,25.237057
2025-02-20T16:12:00Z,24.114252
2025-02-20T16:48:00Z,25.22331
2025-02-20T17:24:00Z,25.596409
2025-02-20T18:00:00Z,24.54271
2025-02-20T19:12:00Z,25.863834
2025-02-20T20:24:00Z,24.168722
2025-02-20T21:00:00Z,25.571398
2025-02-20T21:36:00Z,24.86859
2025-02-20T22:48:00Z,24.577044
2025-02-21T00:00:00Z,24.850742
2025-02-21T00:36:00Z,25.720493
2025-02-21T01:12:00Z,24.24113
2025-02-21T01:48:00Z,0
2025-02-21T02:24:00Z,24.456762
2025-02-21T03:00:00Z,24.579643
2025-02-21T03:36:00Z,24.262737
2025-02-21T04:48:00Z,25.051973
2025-02-21T05:24:00Z,24.355556
2025-02-21T06:00:00Z,25.35825
2025-02-21T06:36:00Z,25.468216
2025-02-21T07:12:00Z,24.816969
2025-02-21T07:48:00Z,24.726397
2025-02-21T08:24:00Z,25.97449
2025-02-21T09:00:00Z,24.327473
2025-02-21T09:36:00Z,25.640461
2025-02-21T10:12:00Z,0
2025-02-21T10:48:00Z,24.333668
2025-02-21T11:24:00Z,25.956343
2025-02-21T12:00:00Z,0
2025-02-21T12:36:00Z,25.109016
2025-02-21T13:12:00Z,24.756327
2025-02-21T13:48:00Z,0
2025-02-21T14:24:00Z,25.694357
2025-02-21T15:00:00Z,24.211742
2025-02-21T15:36:00Z,25.35667
2025-02-21T16:12:00Z,0
2025-02-21T16:48:00Z,29.273195
2025-02-21T17:24:00Z,24.242908
2025-02-21T18:36:00Z,24.007042
2025-02-21T19:12:00Z,25.231928
2025-02-21T19:48:00Z,25.815107
2025-02-21T20:24:00Z,24.670023
2025-02-21T21:36:00Z,25.94944
2025-02-21T22:12:00Z,24.173462
2025-02-21T22:48:00Z,25.952778
2025-02-21T23:24:00Z,0
2025-02-22T00:00:00Z,24.724695
2025-02-22T00:36:00Z,0
2025-02-22T01:12:00Z,24.829094
2025-02-22T01:48:00Z,24.845613
2025-02-22T02:24:00Z,25.545023
2025-02-22T03:00:00Z,0
2025-02-22T03:36:00Z,25.277987
2025-02-22T04:12:00Z,25.560898
2025-02-22T05:24:00Z,24.373188
2025-02-22T06:00:00Z,25.927568
2025-02-22T06:36:00Z,24.888443
2025-02-22T07:12:00Z,29.493603
2025-02-22T07:48:00Z,25.924866
2025-02-22T08:24:00Z,25.139076
2025-02-22T10:12:00Z,25.885012
2025-02-22T10:48:00Z,24.302616
2025-02-22T12:00:00Z,25.28273
2025-02-22T12:36:00Z,24.309269
2025-02-22T13:12:00Z,0
2025-02-22T13:48:00Z,0
2025-02-22T14:24:00Z,24.391893
2025-02-22T16:12:00Z,25.132336
2025-02-22T16:48:00Z,25.968313
2025-02-22T17:24:00Z,0
2025-02-22T18:00:00Z,24.940372
2025-02-22T19:12:00Z,24.785904
2025-02-22T19:48:00Z,0
2025-02-22T20:24:00Z,24.698336
2025-02-22T21:00:00Z,25.592333
2025-02-22T21:36:00Z,25.409727
2025-02-22T22:12:00Z,24.252485
2025-02-22T22:48:00Z,24.71517
2025-02-22T23:24:00Z,0
2025-02-23T00:00:00Z,25.444263
2025-02-23T00:36:00Z,0
2025-02-23T01:12:00Z,25.146633
2025-02-23T01:48:00Z,24.304844
2025-02-23T02:24:00Z,24.304304
2025-02-23T03:36:00Z,25.905632
2025-02-23T04:12:00Z,30.58161
2025-02-23T04:48:00Z,25.80035
2025-02-23T05:24:00Z,25.19296
2025-02-23T07:48:00Z,25.609327
2025-02-23T08:24:00Z,24.835413
2025-02-23T09:00:00Z,24.875053
2025-02-23T09:36:00Z,25.986378
2025-02-23T10:48:00Z,25.477139
2025-02-23T12:00:00Z,24.271399
2025-02-23T12:36:00Z,0
2025-02-23T13:12:00Z,29.8586
2025-02-23T13:48:00Z,24.71047
2025-02-23T15:00:00Z,24.893715
2025-02-23T15:36:00Z,24.594584
2025-02-23T16:12:00Z,25.035122
2025-02-23T17:24:00Z,24.32446
2025-02-23T18:00:00Z,25.904177
2025-02-23T19:12:00Z,25.467829
2025-02-23T19:48:00Z,29.035744
2025-02-23T20:24:00Z,0
2025-02-23T21:00:00Z,25.925842
2025-02-23T21:36:00Z,24.26357
2025-02-23T23:24:00Z,24.124128
2025-02-24T00:36:00Z,25.734678
2025-02-24T01:48:00Z,24.652964
2025-02-24T02:24:00Z,25.34067
2025-02-24T03:00:00Z,0
2025-02-24T03:36:00Z,25.849188
2025-02-24T04:12:00Z,24.014685
2025-02-24T04:48:00Z,25.22667
2025-02-24T06:00:00Z,25.51672
2025-02-24T06:36:00Z,24.244015
2025-02-24T07:12:00Z,0
2025-02-24T07:48:00Z,24.02693
2025-02-24T08:24:00Z,24.467999
2025-02-24T09:00:00Z,0
2025-02-24T09:36:00Z,25.019674
2025-02-24T10:12:00Z,0
2025-02-24T10:48:00Z,25.025768
2025-02-24T11:24:00Z,25.365337
2025-02-24T12:00:00Z,25.1878
2025-02-24T12:36:00Z,25.944689
2025-02-24T13:12:00Z,24.238003
2025-02-24T13:48:00Z,25.251137
2025-02-24T14:24:00Z,0
2025-02-24T15:00:00Z,24.856462
2025-02-24T15:36:00Z,0
2025-02-24T16:12:00Z,0
2025-02-24T16:48:00Z,25.023092
2025-02-24T17:24:00Z,24.174435
2025-02-24T18:00:00Z,24.826635
2025-02-24T19:48:00Z,24.334724
2025-02-24T20:24:00Z,24.078617
2025-02-24T21:00:00Z,24.563755
2025-02-24T21:36:00Z,24.605091
2025-02-24T22:12:00Z,25.299334
2025-02-24T22:48:00Z,25.288605
2025-02-24T23:24:00Z,25.817663
2025-02-25T00:36:00Z,25.58901
2025-02-25T01:12:00Z,0
2025-02-25T01:48:00Z,24.613997
2025-02-25T03:00:00Z,25.13193
2025-02-25T03:36:00Z,29.541748
2025-02-25T04:12:00Z,24.608334
2025-02-25T04:48:00Z,25.465054
2025-02-25T05:24:00Z,0
2025-02-25T06:00:00Z,24.478657
2025-02-25T06:36:00Z,25.01317
2025-02-25T07:12:00Z,24.247704
2025-02-25T07:48:00Z,0
2025-02-25T08:24:00Z,24.88802
2025-02-25T09:00:00Z,24.285734
2025-02-25T09:36:00Z,29.9158
2025-02-25T10:12:00Z,0
2025-02-25T10:48:00Z,25.822088
2025-02-25T11:24:00Z,0
2025-02-25T12:00:00Z,30.95873
2025-02-25T12:36:00Z,0
2025-02-25T13:12:00Z,24.462515
2025-02-25T13:48:00Z,25.237516
2025-02-25T14:24:00Z,24.16933
2025-02-25T15:00:00Z,24.514236
2025-02-25T15:36:00Z,25.663763
2025-02-25T16:12:00Z,24.727642
2025-02-25T16:48:00Z,24.939116
2025-02-25T17:24:00Z,24.034325
2025-02-25T18:00:00Z,24.318817
2025-02-25T18:36:00Z,25.535053
2025-02-25T19:12:00Z,24.93642
2025-02-25T19:48:00Z,0
2025-02-25T20:24:00Z,24.15519
2025-02-25T21:00:00Z,24.68781
2025-02-25T21:36:00Z,25.646368
2025-02-25T22:12:00Z,24.42954
2025-02-25T22:48:00Z,24.319756
2025-02-25T23:24:00Z,24.915575
2025-02-26T00:00:00Z,30.341806
2025-02-26T00:36:00Z,0
2025-02-26T01:12:00Z,30.986002
2025-02-26T01:48:00Z,25.496834
2025-02-26T02:24:00Z,25.700708
2025-02-26T03:36:00Z,25.275597
2025-02-26T04:12:00Z,25.937994
2025-02-26T04:48:00Z,29.439157
2025-02-26T05:24:00Z,25.461246
2025-02-26T06:00:00Z,25.670074
2025-02-26T06:36:00Z,24.562897
2025-02-26T07:12:00Z,24.763454
2025-02-26T08:24:00Z,25.987856
2025-02-26T09:00:00Z,25.669683
2025-02-26T10:12:00Z,24.339125
2025-02-26T10:48:00Z,0
2025-02-26T11:24:00Z,24.376663
2025-02-26T12:36:00Z,24.027
2025-02-26T13:12:00Z,25.613342
2025-02-26T13:48:00Z,30.215061
2025-02-26T14:24:00Z,0
2025-02-26T15:00:00Z,0
2025-02-26T15:36:00Z,24.69493
2025-02-26T16:12:00Z,30.575613
2025-02-26T16:48:00Z,25.9174
2025-02-26T17:24:00Z,24.531889
2025-02-26T18:36:00Z,25.786034
2025-02-26T19:12:00Z,25.147661
2025-02-26T19:48:00Z,25.10135
2025-02-26T20:24:00Z,24.332262
2025-02-26T21:00:00Z,25.51278
2025-02-26T21:36:00Z,25.95446
2025-02-26T22:48:00Z,24.484684
2025-02-26T23:24:00Z,24.736958
2025-02-27T00:00:00Z,29.20337
2025-02-27T00:36:00Z,0
2025-02-27T01:12:00Z,25.028082
2025-02-27T01:48:00Z,25.374653
2025-02-27T02:24:00Z,0
2025-02-27T03:00:00Z,24.620758
2025-02-27T04:12:00Z,24.135836
2025-02-27T04:48:00Z,24.306112
2025-02-27T05:24:00Z,25.227713
2025-02-27T06:00:00Z,24.957895
2025-02-27T06:36:00Z,25.500002
2025-02-27T07:12:00Z,25.022282
2025-02-27T07:48:00Z,25.031431
2025-02-27T08:24:00Z,24.182316
2025-02-27T09:00:00Z,25.028088
2025-02-27T09:36:00Z,24.167114
2025-02-27T10:12:00Z,24.900373
2025-02-27T11:24:00Z,25.215332
2025-02-27T12:00:00Z,24.58048
2025-02-27T12:36:00Z,25.542324
2025-02-27T13:48:00Z,24.37138
2025-02-27T14:24:00Z,29.036882
2025-02-27T15:00:00Z,24.856874
2025-02-27T15:36:00Z,24.281313
2025-02-27T16:12:00Z,25.946829
2025-02-27T17:24:00Z,24.376097
2025-02-27T18:00:00Z,24.807985
2025-02-27T18:36:00Z,29.81113
2025-02-27T19:12:00Z,0
2025-02-27T19:48:00Z,25.00979
2025-02-27T20:24:00Z,24.556059
2025-02-27T21:00:00Z,25.934597
2025-02-27T21:36:00Z,25.497635
2025-02-27T22:12:00Z,24.382313
2025-02-27T22:48:00Z,25.699337
2025-02-28T00:00:00Z,24.91998
2025-02-28T00:36:00Z,0
2025-02-28T01:12:00Z,24.267532
2025-02-28T01:48:00Z,25.891912
2025-02-28T02:24:00Z,0
2025-02-28T03:00:00Z,24.870306
2025-02-28T03:36:00Z,25.641138
2025-02-28T04:12:00Z,25.508924
2025-02-28T04:48:00Z,29.81703
2025-02-28T05:24:00Z,0
2025-02-28T06:00:00Z,24.406237
2025-02-28T06:36:00Z,24.280066
2025-02-28T07:12:00Z,25.84527
2025-02-28T07:48:00Z,0
2025-02-28T08:24:00Z,24.31126
2025-02-28T09:00:00Z,25.701193
2025-02-28T09:36:00Z,25.79902
2025-02-28T10:12:00Z,24.919294
2025-02-28T10:48:00Z,29.750687
2025-02-28T11:24:00Z,0
2025-02-28T12:00:00Z,24.677181
2025-02-28T12:36:00Z,24.70997
2025-02-28T13:12:00Z,25.678087
2025-02-28T13:48:00Z,25.262875
2025-02-28T14:24:00Z,0
2025-02-28T15:00:00Z,25.650305
2025-02-28T15:36:00Z,24.190422
2025-02-28T16:12:00Z,25.484388
2025-02-28T16:48:00Z,25.345984
2025-02-28T17:24:00Z,24.754951
2025-02-28T18:00:00Z,25.199299
2025-02-28T18:36:00Z,24.231222
2025-02-28T19:12:00Z,0
2025-02-28T19:48:00Z,25.625956
2025-02-28T20:24:00Z,25.55704
2025-02-28T21:00:00Z,24.777193
2025-02-28T21:36:00Z,24.895185
2025-02-28T22:12:00Z,25.758835
2025-02-28T22:48:00Z,25.593391
2025-02-28T23:24:00Z,24.661966
2025-03-01T00:00:00Z,25.584442
2025-03-01T01:12:00Z,24.95566
2025-03-01T01:48:00Z,25.925577
2025-03-01T02:24:00Z,24.363697
2025-03-01T03:00:00Z,25.585848
2025-03-01T03:36:00Z,25.73375
2025-03-01T04:12:00Z,25.19277
2025-03-01T04:48:00Z,24.08547
2025-03-01T05:24:00Z,24.32872
2025-03-01T06:00:00Z,25.390656
2025-03-01T06:36:00Z,29.234747
2025-03-01T07:12:00Z,25.991598
2025-03-01T07:48:00Z,25.34019
2025-03-01T08:24:00Z,0
2025-03-01T09:00:00Z,24.914457
2025-03-01T09:36:00Z,25.831564
2025-03-01T10:12:00Z,25.72431
2025-03-01T10:48:00Z,24.011389
2025-03-01T11:24:00Z,25.942425
2025-03-01T12:00:00Z,24.556032
2025-03-01T12:36:00Z,0
2025-03-01T13:12:00Z,25.234667
2025-03-01T15:00:00Z,25.77997
2025-03-01T15:36:00Z,24.090256
2025-03-01T16:48:00Z,24.054386
2025-03-01T17:24:00Z,24.849407
2025-03-01T18:00:00Z,0
2025-03-01T18:36:00Z,25.558006
2025-03-01T19:12:00Z,25.402782
2025-03-01T19:48:00Z,24.51689
2025-03-01T20:24:00Z,25.58325
2025-03-01T21:36:00Z,25.88951
2025-03-01T22:12:00Z,24.611736
2025-03-01T22:48:00Z,25.262533
2025-03-01T23:24:00Z,24.752197
2025-03-02T00:00:00Z,0
2025-03-02T00:36:00Z,25.06898
2025-03-02T01:12:00Z,25.631063
2025-03-02T01:48:00Z,25.585127
2025-03-02T02:24:00Z,0
2025-03-02T03:00:00Z,25.24865
2025-03-02T03:36:00Z,24.123676
2025-03-02T04:12:00Z,25.830439
2025-03-02T04:48:00Z,24.692768
2025-03-02T06:36:00Z,24.065699
2025-03-02T07:12:00Z,25.149942
2025-03-02T08:24:00Z,24.195229
2025-03-02T09:00:00Z,0
2025-03-02T09:36:00Z,24.335588
2025-03-02T10:12:00Z,29.75898
2025-03-02T10:48:00Z,0
2025-03-02T11:24:00Z,30.948807
2025-03-02T12:00:00Z,0
2025-03-02T12:36:00Z,25.220732
2025-03-02T13:12:00Z,24.398273
2025-03-02T13:48:00Z,24.202456
2025-03-02T14:24:00Z,25.664625
2025-03-02T15:00:00Z,24.979197
2025-03-02T15:36:00Z,0
2025-03-02T16:12:00Z,24.782585
2025-03-02T16:48:00Z,25.567822
2025-03-02T17:24:00Z,25.508993
2025-03-02T18:00:00Z,24.081951
2025-03-02T18:36:00Z,25.834682
2025-03-02T19:12:00Z,24.055212
2025-03-02T19:48:00Z,25.138365
2025-03-02T21:00:00Z,24.246405
2025-03-02T21:36:00Z,24.057259
2025-03-02T22:12:00Z,24.938013
2025-03-02T22:48:00Z,24.30176
2025-03-02T23:24:00Z,25.82651
2025-03-03T00:00:00Z,29.080471
2025-03-03T00:36:00Z,24.135782
2025-03-03T01:48:00Z,25.565046
2025-03-03T02:24:00Z,24.295162
2025-03-03T03:00:00Z,24.57177
2025-03-03T03:36:00Z,24.139883
2025-03-03T04:12:00Z,24.702782
2025-03-03T04:48:00Z,30.977633
2025-03-03T05:24:00Z,0
2025-03-03T06:00:00Z,25.770878
2025-03-03T06:36:00Z,24.582197
2025-03-03T07:12:00Z,29.042421
2025-03-03T07:48:00Z,24.543228
2025-03-03T08:24:00Z,24.607304
2025-03-03T09:00:00Z,0
2025-03-03T09:36:00Z,25.450737
2025-03-03T10:12:00Z,24.475069
2025-03-03T10:48:00Z,24.536688
2025-03-03T11:24:00Z,25.295214
2025-03-03T12:00:00Z,24.093973
2025-03-03T13:12:00Z,24.819328
2025-03-03T13:48:00Z,29.292223
2025-03-03T14:24:00Z,25.939398
2025-03-03T15:00:00Z,24.333519
2025-03-03T15:36:00Z,0
2025-03-03T16:12:00Z,25.646646
2025-03-03T16:48:00Z,24.166704
2025-03-03T17:24:00Z,25.303217
2025-03-03T18:00:00Z,25.51246
2025-03-03T18:36:00Z,24.247469
2025-03-03T19:12:00Z,25.70808
2025-03-03T20:24:00Z,24.396229
2025-03-03T21:00:00Z,25.507614
2025-03-03T21:36:00Z,29.395243
2025-03-03T22:12:00Z,24.628576
2025-03-03T22:48:00Z,29.765549
2025-03-03T23:24:00Z,25.695541
2025-03-04T00:00:00Z,25.049755
2025-03-04T00:36:00Z,25.456015
2025-03-04T01:12:00Z,24.516535
2025-03-04T01:48:00Z,25.496584
2025-03-04T02:24:00Z,24.044966
2025-03-04T03:36:00Z,24.521246
2025-03-04T04:12:00Z,0
2025-03-04T04:48:00Z,24.789795
2025-03-04T05:24:00Z,24.154892
2025-03-04T06:00:00Z,25.388468
2025-03-04T06:36:00Z,25.467379
2025-03-04T07:12:00Z,24.553244
2025-03-04T08:24:00Z,25.499254
2025-03-04T10:12:00Z,25.217285
2025-03-04T10:48:00Z,24.334995
2025-03-04T11:24:00Z,25.712248
2025-03-04T12:00:00Z,24.576002
2025-03-04T12:36:00Z,24.02194
2025-03-04T13:12:00Z,30.357872
2025-03-04T13:48:00Z,24.004425
2025-03-04T14:24:00Z,24.493284
2025-03-04T15:00:00Z,24.087194
2025-03-04T15:36:00Z,24.810764
2025-03-04T16:48:00Z,25.107105
2025-03-04T17:24:00Z,24.086353
2025-03-04T18:00:00Z,30.819012
2025-03-04T18:36:00Z,24.819645
2025-03-04T19:48:00Z,25.401978
2025-03-04T20:24:00Z,24.913248
2025-03-04T21:36:00Z,25.196405
2025-03-04T22:12:00Z,25.191118
2025-03-04T22:48:00Z,25.908497
2025-03-04T23:24:00Z,24.482803
2025-03-05T00:00:00Z,24.667696
2025-03-05T00:36:00Z,25.552631
2025-03-05T01:48:00Z,25.18001
2025-03-05T02:24:00Z,0
2025-03-05T03:00:00Z,25.166656
2025-03-05T03:36:00Z,0
2025-03-05T04:12:00Z,25.408966
2025-03-05T05:24:00Z,25.873962
2025-03-05T06:00:00Z,24.05264
2025-03-05T06:36:00Z,0
2025-03-05T07:12:00Z,24.586582
2025-03-05T08:24:00Z,25.957016
2025-03-05T09:00:00Z,25.177502
2025-03-05T09:36:00Z,0
2025-03-05T10:12:00Z,24.356638
2025-03-05T11:24:00Z,25.899574
2025-03-05T12:00:00Z,0
2025-03-05T12:36:00Z,24.530182
2025-03-05T13:12:00Z,0
2025-03-05T13:48:00Z,25.362835
2025-03-05T14:24:00Z,24.00568
2025-03-05T15:00:00Z,24.9387
2025-03-05T15:36:00Z,25.146128
2025-03-05T16:12:00Z,24.156145
2025-03-05T16:48:00Z,25.621178
2025-03-05T17:24:00Z,25.75994
2025-03-05T18:36:00Z,25.214024
2025-03-05T19:12:00Z,24.069056
2025-03-05T19:48:00Z,25.0877
2025-03-05T20:24:00Z,24.56075
2025-03-05T21:36:00Z,24.84735
2025-03-05T22:12:00Z,24.360195
2025-03-05T22:48:00Z,29.262331
2025-03-05T23:24:00Z,0
2025-03-06T00:00:00Z,24.99125
2025-03-06T00:36:00Z,0
2025-03-06T01:12:00Z,24.215092
2025-03-06T01:48:00Z,24.18043
2025-03-06T02:24:00Z,24.630219
2025-03-06T03:00:00Z,25.897972
2025-03-06T03:36:00Z,24.117031
2025-03-06T04:12:00Z,24.774956
2025-03-06T04:48:00Z,24.961996
2025-03-06T05:24:00Z,25.79978
2025-03-06T06:00:00Z,24.05308
2025-03-06T06:36:00Z,29.360657
2025-03-06T07:12:00Z,25.842447
2025-03-06T07:48:00Z,25.774525
2025-03-06T08:24:00Z,24.6827
2025-03-06T09:00:00Z,25.295912
2025-03-06T09:36:00Z,24.07597
2025-03-06T10:12:00Z,24.305862
2025-03-06T10:48:00Z,25.206934
2025-03-06T11:24:00Z,24.844677
2025-03-06T12:00:00Z,24.055346
2025-03-06T12:36:00Z,29.595093
2025-03-06T13:12:00Z,25.763256
2025-03-06T13:48:00Z,25.766895
2025-03-06T14:24:00Z,0
2025-03-06T15:00:00Z,24.281439
2025-03-06T15:36:00Z,25.365368
2025-03-06T16:12:00Z,25.226051
2025-03-06T16:48:00Z,25.655354
2025-03-06T17:24:00Z,24.166399
2025-03-06T18:00:00Z,24.865822
