Timestamp,Value
2024-10-01T17:24:00Z,25.351173
2024-10-01T18:00:00Z,25.12547
2024-10-01T18:36:00Z,24.418825
2024-10-01T19:48:00Z,25.182117
2024-10-01T20:24:00Z,24.672075
2024-10-01T22:12:00Z,25.089203
2024-10-02T00:00:00Z,24.451345
2024-10-02T01:12:00Z,24.87308
2024-10-02T01:48:00Z,29.385817
2024-10-02T02:24:00Z,24.923796
2024-10-02T03:36:00Z,24.013048
2024-10-02T04:12:00Z,25.187582
2024-10-02T05:24:00Z,25.566742
2024-10-02T06:00:00Z,24.068798
2024-10-02T06:36:00Z,25.960419
2024-10-02T07:12:00Z,30.416842
2024-10-02T07:48:00Z,24.067278
2024-10-02T08:24:00Z,29.607073
2024-10-02T09:00:00Z,24.860031
2024-10-02T10:48:00Z,24.226093
2024-10-02T11:24:00Z,24.462278
2024-10-02T12:36:00Z,25.856438
2024-10-02T13:12:00Z,24.788095
2024-10-02T13:48:00Z,25.120304
2024-10-02T14:24:00Z,25.971094
2024-10-02T16:12:00Z,24.15724
2024-10-02T16:48:00Z,25.024244
2024-10-02T19:48:00Z,25.122112
2024-10-02T21:00:00Z,24.591358
2024-10-02T21:36:00Z,0
2024-10-02T23:24:00Z,24.750635
2024-10-03T00:00:00Z,24.105711
2024-10-03T01:12:00Z,25.420372
2024-10-03T02:24:00Z,25.006279
2024-10-03T03:00:00Z,25.812458
2024-10-03T03:36:00Z,24.412073
2024-10-03T05:24:00Z,24.721998
2024-10-03T06:00:00Z,24.05865
2024-10-03T06:36:00Z,25.166945
2024-10-03T07:48:00Z,25.963633
2024-10-03T08:24:00Z,25.681036
2024-10-03T09:00:00Z,24.782784
2024-10-03T09:36:00Z,24.559546
2024-10-03T11:24:00Z,25.744356
2024-10-03T12:00:00Z,24.259478
2024-10-03T12:36:00Z,0
2024-10-03T13:48:00Z,25.359232
2024-10-03T15:00:00Z,24.150679
2024-10-03T15:36:00Z,24.045107
2024-10-03T18:00:00Z,25.115044
2024-10-03T18:36:00Z,24.394238
2024-10-03T19:12:00Z,25.802872
2024-10-03T20:24:00Z,30.234842
2024-10-03T21:00:00Z,25.47965
2024-10-03T21:36:00Z,30.571243
2024-10-03T22:12:00Z,24.147394
2024-10-03T23:24:00Z,24.763578
2024-10-04T00:00:00Z,29.773869
2024-10-04T00:36:00Z,25.026102
2024-10-04T01:48:00Z,25.415552
2024-10-04T02:24:00Z,24.140066
2024-10-04T04:12:00Z,25.53778
2024-10-04T04:48:00Z,25.068323
2024-10-04T05:24:00Z,25.916513
2024-10-04T06:00:00Z,24.564575
2024-10-04T07:12:00Z,25.702145
2024-10-04T07:48:00Z,24.145967
2024-10-04T08:24:00Z,24.083342
2024-10-04T09:00:00Z,25.897831
2024-10-04T09:36:00Z,24.389652
2024-10-04T10:12:00Z,29.797592
2024-10-04T10:48:00Z,25.822632
2024-10-04T11:24:00Z,24.759804
2024-10-04T12:00:00Z,25.434378
2024-10-04T13:12:00Z,24.596712
2024-10-04T14:24:00Z,25.098156
2024-10-04T15:36:00Z,24.008755
2024-10-04T17:24:00Z,25.48363
2024-10-04T18:00:00Z,30.674364
2024-10-04T18:36:00Z,25.080563
2024-10-04T20:24:00Z,24.505844
2024-10-04T21:00:00Z,25.386164
2024-10-04T21:36:00Z,24.513674
2024-10-04T22:12:00Z,25.493568
2024-10-04T22:48:00Z,25.101845
2024-10-04T23:24:00Z,25.875586
2024-10-05T00:00:00Z,24.131838
2024-10-05T00:36:00Z,24.741121
2024-10-05T01:12:00Z,30.863111
2024-10-05T01:48:00Z,0
2024-10-05T02:24:00Z,25.156591
2024-10-05T03:00:00Z,25.664602
2024-10-05T03:36:00Z,0
2024-10-05T04:12:00Z,24.360683
2024-10-05T04:48:00Z,24.664816
2024-10-05T05:24:00Z,29.374006
2024-10-05T06:00:00Z,24.64504
2024-10-05T06:36:00Z,25.7812
2024-10-05T07:12:00Z,24.751627
2024-10-05T07:48:00Z,24.302511
2024-10-05T08:24:00Z,24.554005
2024-10-05T09:00:00Z,30.88241
2024-10-05T09:36:00Z,0
2024-10-05T10:12:00Z,24.386114
2024-10-05T10:48:00Z,25.48161
2024-10-05T12:00:00Z,30.994202
2024-10-05T12:36:00Z,0
2024-10-05T13:12:00Z,24.73023
2024-10-05T15:00:00Z,25.621288
2024-10-05T15:36:00Z,24.005161
2024-10-05T16:48:00Z,25.62497
2024-10-05T18:36:00Z,24.469929
2024-10-05T20:24:00Z,25.055313
2024-10-05T21:00:00Z,25.561914
2024-10-05T21:36:00Z,30.032383
2024-10-05T22:12:00Z,24.677635
2024-10-05T23:24:00Z,25.81686
2024-10-06T00:00:00Z,24.6515
2024-10-06T01:48:00Z,24.732725
2024-10-06T03:36:00Z,24.09757
2024-10-06T04:12:00Z,0
2024-10-06T04:48:00Z,24.059374
2024-10-06T05:24:00Z,24.97278
2024-10-06T06:00:00Z,24.48641
2024-10-06T07:48:00Z,25.168016
2024-10-06T08:24:00Z,0
2024-10-06T09:36:00Z,25.59863
2024-10-06T10:12:00Z,24.606806
2024-10-06T10:48:00Z,25.061926
2024-10-06T11:24:00Z,24.030874
2024-10-06T12:00:00Z,24.388342
2024-10-06T12:36:00Z,0
2024-10-06T13:12:00Z,29.750767
2024-10-06T13:48:00Z,25.529406
2024-10-06T15:00:00Z,25.313108
2024-10-06T17:24:00Z,25.868332
2024-10-06T18:00:00Z,0
2024-10-06T19:12:00Z,25.042892
2024-10-06T19:48:00Z,25.973198
2024-10-06T21:00:00Z,29.99327
2024-10-06T21:36:00Z,0
2024-10-06T22:48:00Z,24.864902
2024-10-06T23:24:00Z,0
2024-10-07T00:00:00Z,29.814812
2024-10-07T00:36:00Z,24.717766
2024-10-07T01:48:00Z,25.023325
2024-10-07T03:00:00Z,24.198912
2024-10-07T03:36:00Z,0
2024-10-07T04:12:00Z,24.925043
2024-10-07T05:24:00Z,24.714664
2024-10-07T07:12:00Z,25.89719
2024-10-07T07:48:00Z,25.71357
2024-10-07T09:00:00Z,24.028177
2024-10-07T09:36:00Z,25.756351
2024-10-07T10:12:00Z,24.839167
2024-10-07T10:48:00Z,25.128426
2024-10-07T12:36:00Z,29.428455
2024-10-07T13:12:00Z,25.846964
2024-10-07T14:24:00Z,25.273603
2024-10-07T15:00:00Z,25.400215
2024-10-07T16:12:00Z,24.017904
2024-10-07T16:48:00Z,0
2024-10-07T17:24:00Z,24.647621
2024-10-07T18:00:00Z,0
2024-10-07T19:12:00Z,24.74534
2024-10-07T19:48:00Z,0
2024-10-07T21:00:00Z,24.118526
2024-10-07T21:36:00Z,25.552227
2024-10-07T22:12:00Z,25.190594
2024-10-08T00:36:00Z,25.241343
2024-10-08T01:12:00Z,24.034927
2024-10-08T02:24:00Z,24.09249
2024-10-08T03:36:00Z,25.024647
2024-10-08T04:12:00Z,24.256165
2024-10-08T05:24:00Z,24.195503
2024-10-08T06:00:00Z,0
2024-10-08T06:36:00Z,30.082659
2024-10-08T07:12:00Z,24.490503
2024-10-08T07:48:00Z,24.24346
2024-10-08T09:36:00Z,24.969496
2024-10-08T10:12:00Z,24.435087
2024-10-08T10:48:00Z,0
2024-10-08T12:00:00Z,24.045023
2024-10-08T13:12:00Z,25.46852
2024-10-08T13:48:00Z,29.319525
2024-10-08T14:24:00Z,25.174803
2024-10-08T15:36:00Z,24.138252
2024-10-08T16:12:00Z,24.95286
2024-10-08T18:00:00Z,25.089203
2024-10-08T18:36:00Z,24.544344
2024-10-08T19:12:00Z,25.393814
2024-10-08T19:48:00Z,24.581285
2024-10-08T20:24:00Z,24.371712
2024-10-08T21:00:00Z,25.617191
2024-10-08T21:36:00Z,0
2024-10-08T22:12:00Z,25.729733
2024-10-08T22:48:00Z,24.869663
2024-10-09T00:36:00Z,24.47234
2024-10-09T01:12:00Z,25.99057
2024-10-09T01:48:00Z,24.361393
2024-10-09T02:24:00Z,25.300823
2024-10-09T04:12:00Z,24.269594
2024-10-09T04:48:00Z,25.569393
2024-10-09T05:24:00Z,24.577574
2024-10-09T06:00:00Z,0
2024-10-09T07:12:00Z,25.711622
2024-10-09T08:24:00Z,25.633623
2024-10-09T09:36:00Z,24.558697
2024-10-09T10:12:00Z,25.255798
2024-10-09T10:48:00Z,0
2024-10-09T11:24:00Z,25.70265
2024-10-09T12:00:00Z,30.285788
2024-10-09T12:36:00Z,25.027472
2024-10-09T14:24:00Z,24.208101
2024-10-09T15:36:00Z,24.57287
2024-10-09T16:12:00Z,25.678394
2024-10-09T16:48:00Z,25.54395
2024-10-09T17:24:00Z,24.128632
2024-10-09T19:12:00Z,30.883326
2024-10-09T19:48:00Z,0
2024-10-09T20:24:00Z,29.851063
2024-10-09T21:00:00Z,25.740213
2024-10-09T22:48:00Z,25.084597
2024-10-10T00:00:00Z,25.87846
2024-10-10T00:36:00Z,25.237894
2024-10-10T01:48:00Z,25.145702
2024-10-10T02:24:00Z,25.61909
2024-10-10T03:36:00Z,25.17226
2024-10-10T04:12:00Z,24.345318
2024-10-10T04:48:00Z,25.195625
2024-10-10T05:24:00Z,25.62418
2024-10-10T06:00:00Z,24.68406
2024-10-10T06:36:00Z,24.865355
2024-10-10T07:12:00Z,24.434725
2024-10-10T07:48:00Z,25.049576
2024-10-10T08:24:00Z,0
2024-10-10T09:36:00Z,25.890217
2024-10-10T10:12:00Z,24.7129
2024-10-10T10:48:00Z,24.609865
2024-10-10T11:24:00Z,25.480433
2024-10-10T12:00:00Z,25.703304
2024-10-10T12:36:00Z,29.39213
2024-10-10T13:12:00Z,25.270674
2024-10-10T15:00:00Z,25.447334
2024-10-10T16:12:00Z,24.340836
2024-10-10T17:24:00Z,30.901226
2024-10-10T18:00:00Z,24.705935
2024-10-10T20:24:00Z,30.516613
2024-10-10T21:00:00Z,25.510578
2024-10-10T21:36:00Z,25.284145
2024-10-10T22:12:00Z,24.611742
2024-10-10T22:48:00Z,25.583794
2024-10-10T23:24:00Z,25.098965
2024-10-11T00:00:00Z,25.255486
2024-10-11T01:12:00Z,24.864885
2024-10-11T02:24:00Z,25.463562
2024-10-11T03:00:00Z,30.382414
2024-10-11T03:36:00Z,25.045137
2024-10-11T04:48:00Z,25.638378
2024-10-11T06:36:00Z,25.884542
2024-10-11T07:12:00Z,24.722261
2024-10-11T07:48:00Z,0
2024-10-11T08:24:00Z,24.954111
2024-10-11T09:00:00Z,25.806267
2024-10-11T10:12:00Z,24.053053
2024-10-11T11:24:00Z,25.901731
2024-10-11T12:36:00Z,25.62725
2024-10-11T13:48:00Z,0
2024-10-11T14:24:00Z,24.096104
2024-10-11T15:00:00Z,24.785755
2024-10-11T16:12:00Z,24.7413
2024-10-11T16:48:00Z,25.900274
2024-10-11T17:24:00Z,25.139778
2024-10-11T18:00:00Z,25.535349
2024-10-11T21:36:00Z,25.585434
2024-10-11T22:12:00Z,0
2024-10-11T22:48:00Z,25.610243
2024-10-11T23:24:00Z,0
2024-10-12T00:36:00Z,25.789717
2024-10-12T01:12:00Z,30.304424
2024-10-12T01:48:00Z,0
2024-10-12T02:24:00Z,25.311752
2024-10-12T03:00:00Z,24.001457
2024-10-12T04:48:00Z,30.540087
2024-10-12T05:24:00Z,24.222002
2024-10-12T06:00:00Z,25.787613
2024-10-12T06:36:00Z,24.802944
2024-10-12T09:36:00Z,24.44706
2024-10-12T10:48:00Z,24.870949
2024-10-12T11:24:00Z,25.694145
2024-10-12T15:00:00Z,24.345188
2024-10-12T18:00:00Z,25.267797
2024-10-12T18:36:00Z,29.679634
2024-10-12T19:12:00Z,0
2024-10-12T20:24:00Z,24.854288
2024-10-12T21:00:00Z,25.206793
2024-10-12T22:48:00Z,24.541023
2024-10-12T23:24:00Z,0
2024-10-13T00:00:00Z,24.938375
2024-10-13T00:36:00Z,0
2024-10-13T01:12:00Z,25.0372
2024-10-13T01:48:00Z,24.089508
2024-10-13T02:24:00Z,25.70405
2024-10-13T03:00:00Z,25.723286
2024-10-13T05:24:00Z,24.0054
2024-10-13T06:00:00Z,30.818584
2024-10-13T06:36:00Z,0
2024-10-13T07:48:00Z,24.592903
2024-10-13T08:24:00Z,24.038057
2024-10-13T09:36:00Z,25.045805
2024-10-13T10:48:00Z,25.246548
2024-10-13T11:24:00Z,24.145496
2024-10-13T12:36:00Z,25.47712
2024-10-13T14:24:00Z,25.657686
2024-10-13T15:36:00Z,24.396854
2024-10-13T16:12:00Z,24.365862
2024-10-13T17:24:00Z,25.419188
2024-10-13T19:12:00Z,24.020638
2024-10-13T19:48:00Z,25.87044
2024-10-13T20:24:00Z,24.667027
2024-10-13T21:00:00Z,24.12418
2024-10-13T21:36:00Z,24.87882
2024-10-13T22:12:00Z,24.113016
2024-10-13T22:48:00Z,25.991396
2024-10-13T23:24:00Z,24.84296
2024-10-14T00:00:00Z,25.558554
2024-10-14T00:36:00Z,24.246164
2024-10-14T02:24:00Z,25.572197
2024-10-14T04:48:00Z,25.45272
2024-10-14T05:24:00Z,24.688707
2024-10-14T06:36:00Z,24.620256
2024-10-14T07:12:00Z,25.499743
2024-10-14T07:48:00Z,0
2024-10-14T08:24:00Z,24.942102
2024-10-14T09:36:00Z,25.656227
2024-10-14T10:48:00Z,24.117432
2024-10-14T11:24:00Z,24.734621
2024-10-14T12:00:00Z,24.07691
2024-10-14T12:36:00Z,30.729351
2024-10-14T13:12:00Z,0
2024-10-14T13:48:00Z,24.496702
2024-10-14T14:24:00Z,24.188581
2024-10-14T15:00:00Z,30.849665
2024-10-14T15:36:00Z,0
2024-10-14T16:12:00Z,29.624327
2024-10-14T16:48:00Z,24.910398
2024-10-14T19:48:00Z,24.564009
2024-10-14T20:24:00Z,0
2024-10-14T21:00:00Z,25.347256
2024-10-14T21:36:00Z,24.199078
2024-10-14T22:12:00Z,25.70796
2024-10-14T22:48:00Z,0
2024-10-14T23:24:00Z,24.615936
2024-10-15T00:00:00Z,25.84547
2024-10-15T01:12:00Z,24.720924
2024-10-15T01:48:00Z,25.449085
2024-10-15T02:24:00Z,29.279434
2024-10-15T03:00:00Z,25.542456
2024-10-15T03:36:00Z,24.725574
2024-10-15T04:12:00Z,25.69757
2024-10-15T05:24:00Z,25.181278
2024-10-15T06:00:00Z,25.83842
2024-10-15T06:36:00Z,25.635216
2024-10-15T07:12:00Z,0
2024-10-15T07:48:00Z,25.10966
2024-10-15T08:24:00Z,24.56946
2024-10-15T09:00:00Z,25.194628
2024-10-15T09:36:00Z,24.119549
2024-10-15T10:12:00Z,0
2024-10-15T10:48:00Z,24.266718
2024-10-15T11:24:00Z,25.368723
2024-10-15T12:00:00Z,24.408504
2024-10-15T12:36:00Z,25.420795
2024-10-15T13:12:00Z,24.122961
2024-10-15T13:48:00Z,25.211456
2024-10-15T14:24:00Z,25.635836
2024-10-15T15:00:00Z,24.51917
2024-10-15T15:36:00Z,25.74107
2024-10-15T17:24:00Z,24.14376
2024-10-15T18:00:00Z,24.042542
2024-10-15T18:36:00Z,0
2024-10-15T22:12:00Z,25.036411
2024-10-15T22:48:00Z,0
2024-10-16T00:00:00Z,25.11057
2024-10-16T00:36:00Z,30.769312
2024-10-16T01:12:00Z,25.69142
2024-10-16T03:00:00Z,24.259853
2024-10-16T03:36:00Z,30.282862
2024-10-16T04:12:00Z,0
2024-10-16T05:24:00Z,24.470892
2024-10-16T06:00:00Z,0
2024-10-16T06:36:00Z,24.217505
2024-10-16T07:12:00Z,24.88694
2024-10-16T07:48:00Z,29.842262
2024-10-16T08:24:00Z,0
2024-10-16T09:00:00Z,29.683987
2024-10-16T09:36:00Z,0
2024-10-16T12:36:00Z,24.557312
2024-10-16T13:12:00Z,25.254072
2024-10-16T13:48:00Z,24.259256
2024-10-16T15:00:00Z,24.21452
2024-10-16T16:48:00Z,25.556473
2024-10-16T17:24:00Z,25.51735
2024-10-16T18:36:00Z,0
2024-10-16T19:12:00Z,24.858103
2024-10-16T19:48:00Z,24.426584
2024-10-16T21:00:00Z,24.588985
2024-10-16T21:36:00Z,25.585958
2024-10-16T22:12:00Z,30.982336
2024-10-16T22:48:00Z,0
2024-10-16T23:24:00Z,25.436104
2024-10-17T00:00:00Z,0
2024-10-17T00:36:00Z,25.8448
2024-10-17T01:12:00Z,25.942297
2024-10-17T01:48:00Z,24.64355
2024-10-17T03:00:00Z,24.226862
2024-10-17T03:36:00Z,25.706215
2024-10-17T04:48:00Z,24.296734
2024-10-17T05:24:00Z,30.53973
2024-10-17T06:00:00Z,0
2024-10-17T09:00:00Z,25.922873
2024-10-17T09:36:00Z,24.546238
2024-10-17T10:48:00Z,24.186914
2024-10-17T11:24:00Z,25.274147
2024-10-17T13:12:00Z,0
2024-10-17T13:48:00Z,29.856237
2024-10-17T14:24:00Z,25.276375
2024-10-17T15:00:00Z,25.813663
2024-10-17T15:36:00Z,24.508348
2024-10-17T16:48:00Z,25.096403
2024-10-17T17:24:00Z,24.323904
2024-10-17T18:00:00Z,25.00318
2024-10-17T19:12:00Z,24.079523
2024-10-17T20:24:00Z,0
2024-10-17T21:00:00Z,30.451206
2024-10-17T21:36:00Z,0
2024-10-17T22:12:00Z,24.56469
2024-10-17T22:48:00Z,24.820395
2024-10-17T23:24:00Z,25.613771
2024-10-18T00:00:00Z,25.481771
2024-10-18T00:36:00Z,24.734072
2024-10-18T01:12:00Z,29.87754
2024-10-18T01:48:00Z,25.503422
2024-10-18T03:00:00Z,24.384426
2024-10-18T04:12:00Z,25.757378
2024-10-18T06:36:00Z,24.90659
2024-10-18T07:12:00Z,25.570019
2024-10-18T09:00:00Z,0
2024-10-18T10:12:00Z,24.231302
2024-10-18T10:48:00Z,24.967924
2024-10-18T12:00:00Z,24.494968
2024-10-18T12:36:00Z,0
2024-10-18T13:12:00Z,24.64464
2024-10-18T15:00:00Z,0
2024-10-18T15:36:00Z,24.642626
2024-10-18T17:24:00Z,25.43637
2024-10-18T18:36:00Z,24.687668
2024-10-18T19:12:00Z,25.18566
2024-10-18T21:00:00Z,25.672651
2024-10-18T22:12:00Z,30.971458
2024-10-18T22:48:00Z,25.241077
2024-10-18T23:24:00Z,24.70949
2024-10-19T00:00:00Z,25.02733
2024-10-19T01:12:00Z,24.474787
2024-10-19T01:48:00Z,25.88214
2024-10-19T02:24:00Z,25.517834
2024-10-19T03:00:00Z,0
2024-10-19T03:36:00Z,25.123737
2024-10-19T04:12:00Z,24.241621
2024-10-19T05:24:00Z,30.022043
2024-10-19T06:00:00Z,25.14582
2024-10-19T06:36:00Z,24.588474
2024-10-19T07:12:00Z,25.62081
2024-10-19T07:48:00Z,24.295444
2024-10-19T09:00:00Z,25.490215
2024-10-19T10:12:00Z,25.118383
2024-10-19T10:48:00Z,24.443218
2024-10-19T11:24:00Z,0
2024-10-19T13:48:00Z,25.403564
2024-10-19T14:24:00Z,25.2836
2024-10-19T16:12:00Z,30.12465
2024-10-19T16:48:00Z,25.50061
2024-10-19T17:24:00Z,25.16443
2024-10-19T18:00:00Z,24.129726
2024-10-19T18:36:00Z,24.714462
2024-10-19T19:12:00Z,24.208733
2024-10-19T19:48:00Z,25.671904
2024-10-19T21:00:00Z,30.186823
2024-10-19T21:36:00Z,24.205862
2024-10-19T22:48:00Z,30.458126
2024-10-19T23:24:00Z,25.408728
2024-10-20T01:48:00Z,24.375914
2024-10-20T02:24:00Z,25.877937
2024-10-20T03:00:00Z,25.340103
2024-10-20T04:48:00Z,24.95802
2024-10-20T05:24:00Z,25.64521
2024-10-20T07:12:00Z,25.160944
2024-10-20T09:00:00Z,24.400673
2024-10-20T09:36:00Z,25.374361
2024-10-20T10:48:00Z,24.753216
2024-10-20T11:24:00Z,25.597599
2024-10-20T13:12:00Z,25.818218
2024-10-20T15:36:00Z,25.001781
2024-10-20T16:48:00Z,25.24183
2024-10-20T17:24:00Z,24.433397
2024-10-20T19:12:00Z,24.81295
2024-10-20T19:48:00Z,25.236895
2024-10-20T20:24:00Z,25.22292
2024-10-20T21:00:00Z,24.051254
2024-10-20T21:36:00Z,0
2024-10-20T22:12:00Z,24.590181
2024-10-20T22:48:00Z,25.826786
2024-10-21T00:00:00Z,24.316221
2024-10-21T01:48:00Z,24.072645
2024-10-21T02:24:00Z,24.549276
2024-10-21T03:00:00Z,24.281174
2024-10-21T03:36:00Z,29.269793
2024-10-21T04:12:00Z,25.435692
2024-10-21T07:12:00Z,25.339512
2024-10-21T07:48:00Z,24.356077
2024-10-21T08:24:00Z,25.943586
2024-10-21T09:00:00Z,25.13392
2024-10-21T10:12:00Z,25.716776
2024-10-21T10:48:00Z,24.896986
2024-10-21T12:36:00Z,24.924622
2024-10-21T14:24:00Z,25.57269
2024-10-21T16:12:00Z,25.370155
2024-10-21T17:24:00Z,25.837666
2024-10-21T18:00:00Z,29.885288
2024-10-21T18:36:00Z,0
2024-10-21T19:12:00Z,24.66309
2024-10-21T21:36:00Z,25.480759
2024-10-21T22:12:00Z,24.220543
2024-10-21T22:48:00Z,0
2024-10-22T00:36:00Z,24.070295
2024-10-22T01:12:00Z,24.021778
2024-10-22T01:48:00Z,25.93574
2024-10-22T03:36:00Z,24.019236
2024-10-22T04:12:00Z,30.461405
2024-10-22T04:48:00Z,0
2024-10-22T05:24:00Z,24.272545
2024-10-22T06:00:00Z,25.006477
2024-10-22T07:12:00Z,24.137722
2024-10-22T09:00:00Z,25.728493
2024-10-22T09:36:00Z,0
2024-10-22T10:12:00Z,24.82918
2024-10-22T10:48:00Z,25.216831
2024-10-22T11:24:00Z,29.469717
2024-10-22T12:00:00Z,0
2024-10-22T14:24:00Z,25.496233
2024-10-22T15:36:00Z,25.966608
2024-10-22T16:12:00Z,24.325087
2024-10-22T17:24:00Z,25.193426
2024-10-22T18:36:00Z,25.38543
2024-10-22T19:12:00Z,24.612741
2024-10-22T21:00:00Z,24.69962
2024-10-22T22:12:00Z,25.183311
2024-10-22T22:48:00Z,0
2024-10-22T23:24:00Z,24.418423
2024-10-23T00:00:00Z,25.548405
2024-10-23T01:12:00Z,25.357975
2024-10-23T01:48:00Z,25.919619
2024-10-23T02:24:00Z,24.295265
2024-10-23T03:00:00Z,25.325773
2024-10-23T04:48:00Z,25.92883
2024-10-23T05:24:00Z,30.69248
2024-10-23T06:00:00Z,25.702124
2024-10-23T07:12:00Z,24.36941
2024-10-23T09:00:00Z,25.906664
2024-10-23T10:48:00Z,24.483168
2024-10-23T12:00:00Z,24.700747
2024-10-23T13:12:00Z,24.384823
2024-10-23T15:36:00Z,24.201984
2024-10-23T19:12:00Z,25.764328
2024-10-23T19:48:00Z,24.015442
2024-10-23T20:24:00Z,25.20931
2024-10-23T21:36:00Z,24.933002
2024-10-23T23:24:00Z,25.827314
2024-10-24T00:00:00Z,24.77636
2024-10-24T00:36:00Z,0
2024-10-24T01:12:00Z,24.61168
2024-10-24T01:48:00Z,25.618248
2024-10-24T02:24:00Z,24.922653
2024-10-24T03:36:00Z,25.078375
2024-10-24T05:24:00Z,30.31504
2024-10-24T06:00:00Z,25.483154
2024-10-24T06:36:00Z,24.146803
2024-10-24T07:12:00Z,25.909958
2024-10-24T07:48:00Z,0
2024-10-24T08:24:00Z,25.254086
2024-10-24T09:00:00Z,0
2024-10-24T10:12:00Z,24.537638
2024-10-24T11:24:00Z,25.448433
2024-10-24T12:36:00Z,24.358086
2024-10-24T14:24:00Z,25.958282
2024-10-24T15:00:00Z,25.29739
2024-10-24T15:36:00Z,29.03209
2024-10-24T16:12:00Z,25.766552
2024-10-24T18:36:00Z,24.988897
2024-10-24T19:12:00Z,25.759256
2024-10-24T19:48:00Z,25.205498
2024-10-24T20:24:00Z,24.02495
2024-10-24T22:48:00Z,25.09842
2024-10-25T00:00:00Z,24.870396
2024-10-25T00:36:00Z,24.358057
2024-10-25T01:48:00Z,24.571926
2024-10-25T03:36:00Z,25.991539
2024-10-25T04:12:00Z,25.889803
2024-10-25T04:48:00Z,24.401894
2024-10-25T05:24:00Z,29.004032
2024-10-25T06:00:00Z,0
2024-10-25T06:36:00Z,25.946062
2024-10-25T07:12:00Z,25.001743
2024-10-25T08:24:00Z,29.414097
2024-10-25T09:00:00Z,24.175829
2024-10-25T09:36:00Z,25.52311
2024-10-25T10:12:00Z,29.069214
2024-10-25T10:48:00Z,25.124014
2024-10-25T11:24:00Z,25.821596
2024-10-25T12:00:00Z,24.147276
2024-10-25T12:36:00Z,30.05113
2024-10-25T13:12:00Z,24.187197
2024-10-25T15:00:00Z,25.450636
2024-10-25T15:36:00Z,0
2024-10-25T16:12:00Z,30.197186
2024-10-25T16:48:00Z,24.472095
2024-10-25T18:00:00Z,24.612633
2024-10-25T19:48:00Z,25.375187
2024-10-25T20:24:00Z,25.052732
2024-10-25T21:00:00Z,0
2024-10-25T21:36:00Z,24.096678
2024-10-25T22:12:00Z,24.456297
2024-10-25T22:48:00Z,24.182228
2024-10-25T23:24:00Z,24.904758
2024-10-26T00:36:00Z,29.502712
2024-10-26T01:12:00Z,24.867525
2024-10-26T01:48:00Z,24.068207
2024-10-26T03:36:00Z,24.9529
2024-10-26T04:12:00Z,25.994143
2024-10-26T05:24:00Z,29.043709
2024-10-26T06:00:00Z,24.18805
2024-10-26T07:12:00Z,24.032007
2024-10-26T07:48:00Z,25.878489
2024-10-26T08:24:00Z,24.850801
2024-10-26T10:12:00Z,24.956972
2024-10-26T10:48:00Z,25.40638
2024-10-26T11:24:00Z,30.643381
2024-10-26T12:00:00Z,24.729414
2024-10-26T13:12:00Z,29.403889
2024-10-26T13:48:00Z,24.358013
2024-10-26T14:24:00Z,30.05859
2024-10-26T15:00:00Z,24.552847
2024-10-26T16:12:00Z,24.665327
2024-10-26T16:48:00Z,25.280937
2024-10-26T19:12:00Z,24.831879
2024-10-26T20:24:00Z,25.299845
2024-10-26T21:00:00Z,25.999163
2024-10-26T21:36:00Z,24.498575
2024-10-26T22:12:00Z,25.034403
2024-10-27T00:36:00Z,24.873833
2024-10-27T01:12:00Z,30.533419
2024-10-27T01:48:00Z,0
2024-10-27T02:24:00Z,25.652987
2024-10-27T03:00:00Z,0
2024-10-27T03:36:00Z,24.247944
2024-10-27T04:48:00Z,25.651873
2024-10-27T07:48:00Z,25.543552
2024-10-27T08:24:00Z,24.575785
2024-10-27T09:36:00Z,24.174652
2024-10-27T10:12:00Z,0
2024-10-27T10:48:00Z,30.762243
2024-10-27T11:24:00Z,25.502865
2024-10-27T12:00:00Z,30.983019
2024-10-27T12:36:00Z,0
2024-10-27T13:48:00Z,24.392864
2024-10-27T14:24:00Z,25.225477
2024-10-27T15:00:00Z,0
2024-10-27T15:36:00Z,25.169321
2024-10-27T17:24:00Z,24.808636
2024-10-27T18:00:00Z,25.910574
2024-10-27T18:36:00Z,25.827059
2024-10-27T19:12:00Z,0
2024-10-27T20:24:00Z,24.398874
2024-10-27T21:00:00Z,25.80215
2024-10-27T22:12:00Z,24.424826
2024-10-27T22:48:00Z,25.523401
2024-10-27T23:24:00Z,24.416842
2024-10-28T00:00:00Z,24.27727
2024-10-28T00:36:00Z,0
2024-10-28T01:12:00Z,24.300398
2024-10-28T02:24:00Z,25.731272
2024-10-28T03:36:00Z,25.201904
2024-10-28T04:12:00Z,25.859776
2024-10-28T05:24:00Z,24.338867
2024-10-28T06:00:00Z,24.014427
2024-10-28T06:36:00Z,24.676416
2024-10-28T08:24:00Z,29.53799
2024-10-28T09:00:00Z,0
2024-10-28T10:12:00Z,25.131731
2024-10-28T10:48:00Z,25.93516
2024-10-28T11:24:00Z,25.087414
2024-10-28T12:00:00Z,0
2024-10-28T13:12:00Z,24.038525
2024-10-28T15:00:00Z,24.89974
2024-10-28T17:24:00Z,24.043684
2024-10-28T18:36:00Z,30.193281
2024-10-28T19:12:00Z,25.25711
2024-10-28T19:48:00Z,25.931318
2024-10-28T21:00:00Z,25.053825
2024-10-28T21:36:00Z,25.29525
2024-10-28T22:12:00Z,24.372284
2024-10-28T23:24:00Z,24.46207
2024-10-29T00:00:00Z,25.430597
2024-10-29T00:36:00Z,25.935156
2024-10-29T01:12:00Z,29.58538
2024-10-29T01:48:00Z,24.199017
2024-10-29T02:24:00Z,24.001001
2024-10-29T03:00:00Z,30.914051
2024-10-29T03:36:00Z,24.253195
2024-10-29T04:48:00Z,25.424194
2024-10-29T05:24:00Z,24.693815
2024-10-29T08:24:00Z,25.325264
2024-10-29T09:00:00Z,25.73306
2024-10-29T09:36:00Z,0
2024-10-29T10:12:00Z,24.35959
2024-10-29T11:24:00Z,25.640682
2024-10-29T12:00:00Z,25.667053
2024-10-29T13:12:00Z,0
2024-10-29T13:48:00Z,25.945137
2024-10-29T14:24:00Z,25.795118
2024-10-29T15:00:00Z,24.305494
2024-10-29T15:36:00Z,24.645124
2024-10-29T16:12:00Z,25.654882
2024-10-29T16:48:00Z,25.441286
2024-10-29T17:24:00Z,24.162859
2024-10-29T19:12:00Z,25.600363
2024-10-29T19:48:00Z,25.492186
2024-10-29T20:24:00Z,24.506533
2024-10-29T21:00:00Z,25.203648
2024-10-29T21:36:00Z,24.796383
2024-10-29T22:12:00Z,30.800875
2024-10-29T22:48:00Z,0
2024-10-30T00:00:00Z,29.55682
2024-10-30T00:36:00Z,0
2024-10-30T01:48:00Z,24.239164
2024-10-30T02:24:00Z,25.767414
2024-10-30T03:36:00Z,24.387383
2024-10-30T04:12:00Z,25.472092
2024-10-30T06:00:00Z,24.67377
2024-10-30T07:12:00Z,25.581684
2024-10-30T07:48:00Z,25.097172
2024-10-30T09:36:00Z,24.582922
2024-10-30T10:12:00Z,25.809519
2024-10-30T12:36:00Z,24.062906
2024-10-30T13:12:00Z,25.118206
2024-10-30T15:00:00Z,24.182222
2024-10-30T15:36:00Z,25.611975
2024-10-30T17:24:00Z,24.688599
2024-10-30T18:00:00Z,0
2024-10-30T18:36:00Z,25.262901
2024-10-30T19:48:00Z,24.847176
2024-10-30T20:24:00Z,25.88406
2024-10-30T21:36:00Z,25.191975
2024-10-30T22:48:00Z,0
2024-10-30T23:24:00Z,25.537182
2024-10-31T00:00:00Z,25.96529
2024-10-31T00:36:00Z,30.261824
2024-10-31T01:12:00Z,0
2024-10-31T02:24:00Z,24.1563
2024-10-31T03:36:00Z,24.992651
2024-10-31T06:36:00Z,25.764902
2024-10-31T07:12:00Z,24.530596
2024-10-31T07:48:00Z,25.939085
2024-10-31T08:24:00Z,0
2024-10-31T09:00:00Z,25.615402
2024-10-31T09:36:00Z,30.558455
2024-10-31T10:12:00Z,0
2024-10-31T10:48:00Z,25.055021
2024-10-31T11:24:00Z,24.87093
2024-10-31T12:00:00Z,30.51635
2024-10-31T12:36:00Z,0
2024-10-31T13:48:00Z,25.287373
2024-10-31T14:24:00Z,24.03443
2024-10-31T15:36:00Z,24.81692
2024-10-31T17:24:00Z,24.730743
2024-10-31T18:00:00Z,25.60539
2024-10-31T18:36:00Z,24.749975
2024-10-31T19:12:00Z,25.90258
2024-10-31T20:24:00Z,24.729734
2024-10-31T21:00:00Z,0
2024-10-31T21:36:00Z,25.598099
2024-10-31T22:48:00Z,25.675594
2024-11-01T00:00:00Z,24.770996
2024-11-01T00:36:00Z,25.279142
2024-11-01T01:12:00Z,25.04277
2024-11-01T01:48:00Z,24.133736
2024-11-01T02:24:00Z,25.713676
2024-11-01T03:36:00Z,24.789074
2024-11-01T04:12:00Z,25.7941
2024-11-01T05:24:00Z,25.622671
2024-11-01T06:00:00Z,25.198431
2024-11-01T06:36:00Z,0
2024-11-01T07:12:00Z,25.026749
2024-11-01T07:48:00Z,25.611778
2024-11-01T08:24:00Z,24.955397
2024-11-01T09:36:00Z,29.039194
2024-11-01T10:12:00Z,25.941975
2024-11-01T10:48:00Z,25.322052
2024-11-01T11:24:00Z,0
2024-11-01T12:00:00Z,24.116642
2024-11-01T12:36:00Z,25.187387
2024-11-01T13:12:00Z,24.126701
2024-11-01T13:48:00Z,24.550354
2024-11-01T14:24:00Z,25.658468
2024-11-01T17:24:00Z,25.247492
2024-11-01T18:00:00Z,29.75828
2024-11-01T18:36:00Z,0
2024-11-01T19:12:00Z,25.015568
2024-11-01T19:48:00Z,0
2024-11-01T20:24:00Z,25.864412
2024-11-01T21:00:00Z,24.531517
2024-11-01T21:36:00Z,25.35844
2024-11-01T22:12:00Z,25.117367
2024-11-01T22:48:00Z,25.97217
2024-11-02T00:00:00Z,25.042799
2024-11-02T00:36:00Z,24.37264
2024-11-02T01:48:00Z,25.033108
2024-11-02T02:24:00Z,30.503353
2024-11-02T03:00:00Z,24.280231
2024-11-02T03:36:00Z,30.705473
2024-11-02T04:12:00Z,0
2024-11-02T05:24:00Z,25.359238
2024-11-02T06:00:00Z,0
2024-11-02T06:36:00Z,30.972757
2024-11-02T07:12:00Z,0
2024-11-02T09:00:00Z,30.169004
2024-11-02T09:36:00Z,25.046463
2024-11-02T10:12:00Z,29.046213
2024-11-02T10:48:00Z,24.61239
2024-11-02T11:24:00Z,30.79628
2024-11-02T12:00:00Z,25.5377
2024-11-02T13:12:00Z,24.61759
2024-11-02T15:00:00Z,25.625656
2024-11-02T15:36:00Z,25.267399
2024-11-02T16:12:00Z,24.00376
2024-11-02T18:00:00Z,24.414656
2024-11-02T18:36:00Z,25.492722
2024-11-02T19:12:00Z,25.71716
2024-11-02T19:48:00Z,30.887886
2024-11-02T20:24:00Z,24.534994
2024-11-02T21:00:00Z,25.996336
2024-11-02T21:36:00Z,24.326427
2024-11-02T22:12:00Z,24.420715
2024-11-02T22:48:00Z,25.707073
2024-11-02T23:24:00Z,29.74253
2024-11-03T00:00:00Z,0
2024-11-03T00:36:00Z,24.667015
2024-11-03T01:48:00Z,24.97108
2024-11-03T02:24:00Z,24.552286
2024-11-03T03:00:00Z,25.739367
2024-11-03T03:36:00Z,25.929604
2024-11-03T04:48:00Z,25.263601
2024-11-03T05:24:00Z,25.614702
2024-11-03T07:12:00Z,25.428667
2024-11-03T07:48:00Z,24.526625
2024-11-03T08:24:00Z,25.030249
2024-11-03T09:00:00Z,24.153069
2024-11-03T09:36:00Z,24.937584
2024-11-03T10:12:00Z,24.190388
2024-11-03T11:24:00Z,25.566965
2024-11-03T12:00:00Z,0
2024-11-03T12:36:00Z,25.088076
2024-11-03T14:24:00Z,25.51681
2024-11-03T15:00:00Z,30.248865
2024-11-03T15:36:00Z,25.664356
2024-11-03T16:12:00Z,24.49902
2024-11-03T18:00:00Z,25.491095
2024-11-03T18:36:00Z,30.72337
2024-11-03T19:12:00Z,25.359118
2024-11-03T21:36:00Z,24.561558
2024-11-03T22:12:00Z,0
2024-11-03T22:48:00Z,24.395414
2024-11-03T23:24:00Z,25.939943
2024-11-04T00:00:00Z,0
2024-11-04T01:12:00Z,24.46641
2024-11-04T01:48:00Z,25.803167
2024-11-04T02:24:00Z,24.938765
2024-11-04T03:00:00Z,24.504038
2024-11-04T03:36:00Z,24.947245
2024-11-04T04:12:00Z,24.329866
2024-11-04T04:48:00Z,25.57329
2024-11-04T05:24:00Z,25.524803
2024-11-04T07:12:00Z,24.239727
2024-11-04T07:48:00Z,25.704992
2024-11-04T09:36:00Z,24.136776
2024-11-04T10:12:00Z,24.40827
2024-11-04T10:48:00Z,30.238651
2024-11-04T11:24:00Z,0
2024-11-04T14:24:00Z,24.383333
2024-11-04T15:00:00Z,24.149073
2024-11-04T16:12:00Z,24.409784
2024-11-04T16:48:00Z,0
2024-11-04T17:24:00Z,0
2024-11-04T18:36:00Z,24.584644
2024-11-04T19:12:00Z,24.193092
2024-11-04T19:48:00Z,24.825756
2024-11-04T20:24:00Z,0
2024-11-04T21:00:00Z,24.661486
2024-11-04T21:36:00Z,25.86495
2024-11-04T22:12:00Z,25.435452
2024-11-04T22:48:00Z,0
2024-11-04T23:24:00Z,30.781824
2024-11-05T00:00:00Z,25.900665
2024-11-05T01:48:00Z,25.836382
2024-11-05T02:24:00Z,24.133642
2024-11-05T03:00:00Z,25.203865
2024-11-05T03:36:00Z,25.840075
2024-11-05T04:12:00Z,24.423494
2024-11-05T05:24:00Z,30.930193
2024-11-05T06:00:00Z,25.324226
2024-11-05T07:12:00Z,24.465364
2024-11-05T07:48:00Z,24.448626
2024-11-05T09:00:00Z,25.085209
2024-11-05T09:36:00Z,0
2024-11-05T10:12:00Z,24.583897
2024-11-05T10:48:00Z,0
2024-11-05T11:24:00Z,24.73347
2024-11-05T12:00:00Z,24.922787
2024-11-05T13:12:00Z,24.620394
2024-11-05T14:24:00Z,29.097717
2024-11-05T15:00:00Z,24.706272
2024-11-05T15:36:00Z,29.596533
2024-11-05T16:12:00Z,0
2024-11-05T16:48:00Z,29.55726
2024-11-05T17:24:00Z,0
2024-11-05T18:00:00Z,24.790497
2024-11-05T18:36:00Z,24.710306
2024-11-05T19:48:00Z,25.225723
2024-11-05T21:36:00Z,29.391352
2024-11-05T22:12:00Z,0
2024-11-05T22:48:00Z,24.679396
2024-11-05T23:24:00Z,24.306736
2024-11-06T00:36:00Z,25.978964
2024-11-06T01:12:00Z,25.097082
2024-11-06T01:48:00Z,25.604174
2024-11-06T02:24:00Z,24.310513
2024-11-06T03:00:00Z,24.716635
2024-11-06T03:36:00Z,0
2024-11-06T04:12:00Z,25.05576
2024-11-06T04:48:00Z,24.201427
2024-11-06T06:36:00Z,25.1698
2024-11-06T07:12:00Z,24.250376
2024-11-06T07:48:00Z,0
2024-11-06T08:24:00Z,24.116833
2024-11-06T09:00:00Z,0
2024-11-06T10:12:00Z,24.301144
2024-11-06T10:48:00Z,0
2024-11-06T11:24:00Z,24.732162
2024-11-06T13:48:00Z,24.784409
2024-11-06T14:24:00Z,25.95009
2024-11-06T15:00:00Z,0
2024-11-06T15:36:00Z,25.793692
2024-11-06T16:12:00Z,25.984028
2024-11-06T16:48:00Z,25.723341
2024-11-06T17:24:00Z,25.050901
2024-11-06T18:36:00Z,24.947584
2024-11-06T19:12:00Z,0
2024-11-06T19:48:00Z,25.688217
2024-11-06T20:24:00Z,0
2024-11-06T21:00:00Z,24.700542
2024-11-07T00:36:00Z,24.094599
2024-11-07T01:12:00Z,30.869637
2024-11-07T01:48:00Z,25.548275
2024-11-07T02:24:00Z,29.480236
2024-11-07T03:00:00Z,0
2024-11-07T03:36:00Z,24.876802
2024-11-07T04:12:00Z,24.117743
2024-11-07T04:48:00Z,24.736975
2024-11-07T06:00:00Z,25.268162
2024-11-07T06:36:00Z,24.450462
2024-11-07T07:12:00Z,25.181099
2024-11-07T07:48:00Z,24.220306
2024-11-07T08:24:00Z,24.14898
2024-11-07T09:36:00Z,24.62135
2024-11-07T10:12:00Z,24.250214
2024-11-07T10:48:00Z,25.994286
2024-11-07T13:48:00Z,24.767792
2024-11-07T15:00:00Z,24.802492
2024-11-07T15:36:00Z,25.839401
2024-11-07T16:12:00Z,0
2024-11-07T17:24:00Z,24.603039
2024-11-07T18:00:00Z,24.115192
2024-11-07T18:36:00Z,25.82788
2024-11-07T19:12:00Z,24.035002
2024-11-07T19:48:00Z,0
2024-11-07T20:24:00Z,24.82501
2024-11-07T21:00:00Z,24.1628
2024-11-07T22:48:00Z,25.048992
2024-11-07T23:24:00Z,24.150463
2024-11-08T00:36:00Z,25.778961
2024-11-08T01:12:00Z,25.506287
2024-11-08T03:36:00Z,25.499067
2024-11-08T06:00:00Z,24.008343
2024-11-08T07:12:00Z,24.683908
2024-11-08T07:48:00Z,25.7539
2024-11-08T09:36:00Z,24.890774
2024-11-08T10:12:00Z,30.8044
2024-11-08T10:48:00Z,24.509394
2024-11-08T11:24:00Z,0
2024-11-08T12:00:00Z,29.452576
2024-11-08T12:36:00Z,24.096321
2024-11-08T13:12:00Z,24.313974
2024-11-08T13:48:00Z,0
2024-11-08T14:24:00Z,0
2024-11-08T15:36:00Z,24.033842
2024-11-08T16:48:00Z,24.985586
2024-11-08T17:24:00Z,24.368292
2024-11-08T18:36:00Z,24.045202
2024-11-08T19:48:00Z,25.156273
2024-11-08T20:24:00Z,0
2024-11-08T21:00:00Z,25.386902
2024-11-08T21:36:00Z,25.879864
2024-11-08T22:12:00Z,25.625776
2024-11-08T22:48:00Z,25.926893
2024-11-08T23:24:00Z,0
2024-11-09T00:00:00Z,24.580997
2024-11-09T00:36:00Z,25.27327
2024-11-09T03:00:00Z,24.735968
2024-11-09T03:36:00Z,29.436834
2024-11-09T04:12:00Z,0
2024-11-09T04:48:00Z,25.077585
2024-11-09T06:00:00Z,25.370567
2024-11-09T06:36:00Z,0
2024-11-09T07:12:00Z,24.574049
2024-11-09T07:48:00Z,24.97901
2024-11-09T08:24:00Z,24.021467
2024-11-09T09:00:00Z,25.322584
2024-11-09T10:12:00Z,29.197554
2024-11-09T10:48:00Z,0
2024-11-09T11:24:00Z,25.24906
2024-11-09T12:36:00Z,30.136194
2024-11-09T13:12:00Z,25.818613
2024-11-09T14:24:00Z,25.31514
2024-11-09T16:12:00Z,25.872501
2024-11-09T16:48:00Z,0
2024-11-09T17:24:00Z,30.269503
2024-11-09T18:00:00Z,0
2024-11-09T18:36:00Z,25.803358
2024-11-09T19:12:00Z,24.933426
2024-11-09T20:24:00Z,24.519773
2024-11-09T21:00:00Z,25.64871
2024-11-09T22:12:00Z,24.05617
2024-11-09T23:24:00Z,0
2024-11-10T00:00:00Z,24.66739
2024-11-10T01:12:00Z,24.777985
2024-11-10T02:24:00Z,25.966406
2024-11-10T03:36:00Z,25.68892
2024-11-10T04:12:00Z,29.44787
2024-11-10T04:48:00Z,25.405802
2024-11-10T05:24:00Z,25.76424
2024-11-10T06:00:00Z,24.13163
2024-11-10T08:24:00Z,25.486908
2024-11-10T09:00:00Z,30.244585
2024-11-10T09:36:00Z,0
2024-11-10T10:12:00Z,24.418827
2024-11-10T11:24:00Z,25.984959
2024-11-10T12:00:00Z,25.337849
2024-11-10T12:36:00Z,25.929766
2024-11-10T13:12:00Z,25.44452
2024-11-10T13:48:00Z,0
2024-11-10T14:24:00Z,24.290089
2024-11-10T15:00:00Z,24.607634
2024-11-10T15:36:00Z,25.825954
2024-11-10T16:12:00Z,25.315607
2024-11-10T16:48:00Z,0
2024-11-10T17:24:00Z,25.85649
2024-11-10T18:00:00Z,25.957777
2024-11-10T18:36:00Z,24.915789
2024-11-10T19:48:00Z,25.088085
2024-11-10T20:24:00Z,24.437004
2024-11-10T21:00:00Z,24.273167
2024-11-10T21:36:00Z,25.292028
2024-11-10T22:12:00Z,24.065578
2024-11-10T22:48:00Z,25.918745
2024-11-10T23:24:00Z,0
2024-11-11T02:24:00Z,25.395311
2024-11-11T03:36:00Z,24.447258
2024-11-11T04:12:00Z,25.934717
2024-11-11T04:48:00Z,24.655407
2024-11-11T06:00:00Z,25.68599
2024-11-11T06:36:00Z,24.085297
2024-11-11T07:12:00Z,24.85021
2024-11-11T07:48:00Z,25.16934
2024-11-11T09:00:00Z,24.419289
2024-11-11T09:36:00Z,25.09968
2024-11-11T11:24:00Z,24.844524
2024-11-11T12:00:00Z,0
2024-11-11T12:36:00Z,24.447466
2024-11-11T13:12:00Z,0
2024-11-11T13:48:00Z,25.865328
2024-11-11T14:24:00Z,0
2024-11-11T16:12:00Z,25.195322
2024-11-11T16:48:00Z,24.58631
2024-11-11T17:24:00Z,25.275677
2024-11-11T18:00:00Z,24.719347
2024-11-11T18:36:00Z,25.141594
2024-11-11T19:48:00Z,30.154747
2024-11-11T20:24:00Z,24.776402
2024-11-11T21:00:00Z,25.916273
2024-11-11T21:36:00Z,24.103819
2024-11-11T22:12:00Z,24.907848
2024-11-11T22:48:00Z,24.301434
2024-11-12T01:12:00Z,0
2024-11-12T01:48:00Z,24.040575
2024-11-12T02:24:00Z,25.809908
2024-11-12T04:48:00Z,24.992874
2024-11-12T05:24:00Z,29.072397
2024-11-12T06:00:00Z,0
2024-11-12T06:36:00Z,24.652596
2024-11-12T07:48:00Z,25.609129
2024-11-12T08:24:00Z,25.107288
2024-11-12T09:36:00Z,25.500015
2024-11-12T10:12:00Z,25.134398
2024-11-12T10:48:00Z,29.470655
2024-11-12T11:24:00Z,0
2024-11-12T12:00:00Z,29.68929
2024-11-12T12:36:00Z,25.490877
2024-11-12T13:12:00Z,25.672457
2024-11-12T13:48:00Z,30.030123
2024-11-12T14:24:00Z,0
2024-11-12T15:00:00Z,24.147749
2024-11-12T15:36:00Z,25.605871
2024-11-12T16:12:00Z,25.33694
2024-11-12T16:48:00Z,25.992168
2024-11-12T17:24:00Z,24.469355
2024-11-12T18:00:00Z,25.623758
2024-11-12T18:36:00Z,25.237455
2024-11-12T19:12:00Z,24.330818
2024-11-12T19:48:00Z,25.605335
2024-11-12T21:00:00Z,24.775648
2024-11-12T21:36:00Z,25.610983
2024-11-12T22:12:00Z,25.77175
2024-11-12T22:48:00Z,0
2024-11-12T23:24:00Z,25.390118
2024-11-13T01:12:00Z,24.17802
2024-11-13T01:48:00Z,24.226908
2024-11-13T03:00:00Z,25.184875
2024-11-13T03:36:00Z,0
2024-11-13T06:00:00Z,24.86425
2024-11-13T06:36:00Z,25.671288
2024-11-13T07:12:00Z,24.69712
2024-11-13T08:24:00Z,25.555346
2024-11-13T09:00:00Z,24.85448
2024-11-13T09:36:00Z,25.644615
2024-11-13T10:48:00Z,29.641888
2024-11-13T11:24:00Z,24.6873
2024-11-13T12:00:00Z,24.918217
2024-11-13T12:36:00Z,25.727535
2024-11-13T13:12:00Z,24.08816
2024-11-13T13:48:00Z,0
2024-11-13T14:24:00Z,25.251871
2024-11-13T15:00:00Z,0
2024-11-13T15:36:00Z,24.153467
2024-11-13T16:12:00Z,0
2024-11-13T16:48:00Z,25.849573
2024-11-13T17:24:00Z,24.113962
2024-11-13T18:00:00Z,24.521416
2024-11-13T18:36:00Z,0
2024-11-13T19:12:00Z,25.536282
2024-11-13T19:48:00Z,25.805317
2024-11-13T21:00:00Z,30.875921
2024-11-13T21:36:00Z,0
2024-11-13T22:12:00Z,25.16541
2024-11-13T22:48:00Z,24.967422
2024-11-13T23:24:00Z,25.20728
2024-11-14T00:00:00Z,0
2024-11-14T00:36:00Z,0
2024-11-14T01:12:00Z,29.757065
2024-11-14T01:48:00Z,24.600704
2024-11-14T02:24:00Z,25.09308
2024-11-14T04:12:00Z,24.387203
2024-11-14T06:00:00Z,30.312012
2024-11-14T06:36:00Z,0
2024-11-14T07:12:00Z,25.130884
2024-11-14T10:12:00Z,25.55582
2024-11-14T10:48:00Z,29.26575
2024-11-14T11:24:00Z,24.898066
2024-11-14T12:36:00Z,24.891186
2024-11-14T13:48:00Z,25.412912
2024-11-14T14:24:00Z,24.885916
2024-11-14T15:00:00Z,0
2024-11-14T15:36:00Z,29.184736
2024-11-14T16:12:00Z,25.766846
2024-11-14T16:48:00Z,29.635937
2024-11-14T17:24:00Z,24.121452
2024-11-14T18:36:00Z,25.82179
2024-11-14T19:12:00Z,25.733307
2024-11-14T19:48:00Z,0
2024-11-14T21:00:00Z,24.1168
2024-11-14T21:36:00Z,24.379936
2024-11-14T22:12:00Z,25.21287
2024-11-14T22:48:00Z,24.13719
2024-11-15T00:00:00Z,25.763891
2024-11-15T00:36:00Z,0
2024-11-15T01:12:00Z,29.764463
2024-11-15T01:48:00Z,25.025354
2024-11-15T03:36:00Z,25.752129
2024-11-15T04:48:00Z,24.908583
2024-11-15T05:24:00Z,24.047665
2024-11-15T06:36:00Z,24.976212
2024-11-15T07:12:00Z,24.299389
2024-11-15T09:00:00Z,25.176476
2024-11-15T10:48:00Z,29.162998
2024-11-15T11:24:00Z,24.1233
2024-11-15T15:00:00Z,25.631487
2024-11-15T15:36:00Z,30.893295
2024-11-15T16:12:00Z,0
2024-11-15T17:24:00Z,24.324007
2024-11-15T18:36:00Z,24.41218
2024-11-15T19:12:00Z,29.705156
2024-11-15T19:48:00Z,25.17329
2024-11-15T21:00:00Z,24.197985
2024-11-15T21:36:00Z,25.85588
2024-11-15T22:12:00Z,24.5924
2024-11-15T22:48:00Z,24.612963
2024-11-15T23:24:00Z,0
2024-11-16T00:36:00Z,24.344217
2024-11-16T01:48:00Z,25.996183
2024-11-16T03:36:00Z,24.636707
2024-11-16T04:12:00Z,24.676388
2024-11-16T04:48:00Z,25.320612
2024-11-16T05:24:00Z,24.49149
2024-11-16T06:36:00Z,24.170837
2024-11-16T07:12:00Z,25.015287
2024-11-16T09:36:00Z,25.320791
2024-11-16T10:12:00Z,0
2024-11-16T10:48:00Z,25.16011
2024-11-16T12:00:00Z,25.799994
2024-11-16T12:36:00Z,24.582474
2024-11-16T13:12:00Z,24.040672
2024-11-16T15:00:00Z,24.70871
2024-11-16T18:00:00Z,24.706873
2024-11-16T18:36:00Z,24.122894
2024-11-16T20:24:00Z,24.007275
2024-11-16T22:12:00Z,24.43877
2024-11-16T23:24:00Z,24.03036
2024-11-17T00:36:00Z,25.020342
2024-11-17T01:48:00Z,24.463778
2024-11-17T02:24:00Z,25.956182
2024-11-17T03:00:00Z,29.549051
2024-11-17T03:36:00Z,24.321936
2024-11-17T04:12:00Z,25.987019
2024-11-17T04:48:00Z,24.092535
2024-11-17T05:24:00Z,25.471867
2024-11-17T06:36:00Z,24.304092
2024-11-17T07:48:00Z,24.586472
2024-11-17T08:24:00Z,24.04695
2024-11-17T12:00:00Z,25.227564
2024-11-17T13:12:00Z,24.244959
2024-11-17T14:24:00Z,24.189865
2024-11-17T15:00:00Z,0
2024-11-17T15:36:00Z,30.400547
2024-11-17T16:12:00Z,24.118734
2024-11-17T16:48:00Z,24.015793
2024-11-17T17:24:00Z,0
2024-11-17T18:00:00Z,24.190357
2024-11-17T18:36:00Z,25.664352
2024-11-17T19:12:00Z,24.405027
2024-11-17T19:48:00Z,24.87252
2024-11-17T20:24:00Z,24.080965
2024-11-17T21:00:00Z,29.233574
2024-11-17T21:36:00Z,0
2024-11-17T22:48:00Z,30.632778
2024-11-17T23:24:00Z,0
2024-11-18T00:00:00Z,25.45066
2024-11-18T00:36:00Z,25.20201
2024-11-18T01:12:00Z,25.69823
2024-11-18T01:48:00Z,24.362108
2024-11-18T04:48:00Z,24.688538
2024-11-18T05:24:00Z,25.42001
2024-11-18T06:00:00Z,24.212519
2024-11-18T07:48:00Z,24.825476
2024-11-18T08:24:00Z,24.337187
2024-11-18T09:36:00Z,25.559448
2024-11-18T13:12:00Z,25.246216
2024-11-18T14:24:00Z,25.934828
2024-11-18T15:00:00Z,0
2024-11-18T16:12:00Z,25.541061
2024-11-18T16:48:00Z,25.536032
2024-11-18T17:24:00Z,24.648165
2024-11-18T18:00:00Z,25.073961
2024-11-18T18:36:00Z,24.25556
2024-11-18T19:12:00Z,29.661127
2024-11-18T19:48:00Z,25.734007
2024-11-18T21:00:00Z,24.895372
2024-11-18T21:36:00Z,30.04623
2024-11-18T22:12:00Z,25.988853
2024-11-18T22:48:00Z,25.0827
2024-11-19T00:00:00Z,0
2024-11-19T00:36:00Z,24.305222
2024-11-19T01:12:00Z,24.637259
2024-11-19T01:48:00Z,0
2024-11-19T03:00:00Z,24.68112
2024-11-19T03:36:00Z,25.438803
2024-11-19T04:12:00Z,25.377855
2024-11-19T04:48:00Z,24.821047
2024-11-19T06:36:00Z,25.152506
2024-11-19T07:12:00Z,29.771845
2024-11-19T07:48:00Z,0
2024-11-19T09:00:00Z,24.659584
2024-11-19T09:36:00Z,25.531338
2024-11-19T10:12:00Z,24.452059
2024-11-19T10:48:00Z,0
2024-11-19T11:24:00Z,24.978231
2024-11-19T12:36:00Z,25.446651
2024-11-19T13:12:00Z,29.202791
2024-11-19T13:48:00Z,0
2024-11-19T15:00:00Z,25.098148
2024-11-19T15:36:00Z,0
2024-11-19T18:00:00Z,25.047564
2024-11-19T18:36:00Z,25.638939
2024-11-19T19:12:00Z,0
2024-11-19T19:48:00Z,29.230238
2024-11-19T20:24:00Z,25.981827
2024-11-19T21:36:00Z,25.320831
2024-11-19T22:12:00Z,24.43778
2024-11-20T00:00:00Z,24.811646
2024-11-20T01:12:00Z,25.506039
2024-11-20T02:24:00Z,25.534658
2024-11-20T03:36:00Z,30.424772
2024-11-20T04:12:00Z,0
2024-11-20T05:24:00Z,24.706537
2024-11-20T06:36:00Z,30.93091
2024-11-20T07:12:00Z,24.192907
2024-11-20T07:48:00Z,25.057835
2024-11-20T08:24:00Z,24.217962
2024-11-20T10:12:00Z,24.642738
2024-11-20T11:24:00Z,24.23034
2024-11-20T13:48:00Z,25.25482
2024-11-20T14:24:00Z,24.52461
2024-11-20T15:00:00Z,24.592535
2024-11-20T15:36:00Z,25.568624
2024-11-20T16:12:00Z,25.93172
2024-11-20T16:48:00Z,24.082111
2024-11-20T18:00:00Z,24.030401
2024-11-20T19:48:00Z,24.667437
2024-11-20T20:24:00Z,29.552347
2024-11-20T21:00:00Z,24.523548
2024-11-20T22:12:00Z,0
2024-11-20T22:48:00Z,25.34816
2024-11-20T23:24:00Z,25.515213
2024-11-21T00:36:00Z,24.854414
2024-11-21T01:12:00Z,29.693506
2024-11-21T01:48:00Z,24.51685
2024-11-21T04:12:00Z,30.212545
2024-11-21T04:48:00Z,25.303999
2024-11-21T05:24:00Z,30.153172
2024-11-21T06:00:00Z,0
2024-11-21T06:36:00Z,29.420832
2024-11-21T07:12:00Z,25.521307
2024-11-21T08:24:00Z,25.690687
2024-11-21T09:36:00Z,24.51824
2024-11-21T10:48:00Z,24.161741
2024-11-21T11:24:00Z,0
2024-11-21T12:00:00Z,25.116848
2024-11-21T12:36:00Z,29.479774
2024-11-21T13:12:00Z,24.165575
2024-11-21T13:48:00Z,24.673256
2024-11-21T15:36:00Z,25.227697
2024-11-21T16:12:00Z,25.494862
2024-11-21T16:48:00Z,30.513552
2024-11-21T17:24:00Z,25.215792
2024-11-21T18:00:00Z,25.363438
2024-11-21T18:36:00Z,0
2024-11-21T19:48:00Z,25.548433
2024-11-21T20:24:00Z,0
2024-11-21T21:00:00Z,25.680466
2024-11-21T22:12:00Z,24.640316
2024-11-22T02:24:00Z,24.139301
2024-11-22T04:48:00Z,25.702707
2024-11-22T05:24:00Z,0
2024-11-22T06:00:00Z,24.574707
2024-11-22T07:48:00Z,24.668154
2024-11-22T08:24:00Z,0
2024-11-22T09:36:00Z,25.078072
2024-11-22T10:12:00Z,24.731232
2024-11-22T10:48:00Z,25.873152
2024-11-22T11:24:00Z,25.0582
2024-11-22T13:12:00Z,25.787886
2024-11-22T13:48:00Z,0
2024-11-22T14:24:00Z,25.976389
2024-11-22T15:00:00Z,0
2024-11-22T16:48:00Z,25.411356
2024-11-22T20:24:00Z,24.144932
2024-11-22T22:48:00Z,24.10137
2024-11-22T23:24:00Z,24.366865
2024-11-23T00:00:00Z,0
2024-11-23T02:24:00Z,25.917982
2024-11-23T03:36:00Z,25.271923
2024-11-23T04:12:00Z,25.605312
2024-11-23T04:48:00Z,24.61429
2024-11-23T05:24:00Z,24.935717
2024-11-23T06:00:00Z,25.770645
2024-11-23T06:36:00Z,25.958736
2024-11-23T07:48:00Z,24.525797
2024-11-23T08:24:00Z,25.608576
2024-11-23T10:12:00Z,25.865538
2024-11-23T11:24:00Z,25.665924
2024-11-23T12:00:00Z,25.752575
2024-11-23T12:36:00Z,24.314835
2024-11-23T13:12:00Z,25.691835
2024-11-23T13:48:00Z,25.044329
2024-11-23T15:00:00Z,25.772264
2024-11-23T16:12:00Z,25.294785
2024-11-23T18:00:00Z,24.292627
2024-11-23T18:36:00Z,24.296215
2024-11-23T19:12:00Z,25.9723
2024-11-23T20:24:00Z,24.747757
2024-11-23T21:00:00Z,0
2024-11-23T23:24:00Z,25.468422
2024-11-24T00:00:00Z,29.284903
2024-11-24T00:36:00Z,25.128426
2024-11-24T01:48:00Z,24.520567
2024-11-24T03:36:00Z,25.151993
2024-11-24T05:24:00Z,24.386251
2024-11-24T06:00:00Z,30.57972
2024-11-24T06:36:00Z,25.907976
2024-11-24T09:00:00Z,24.471725
2024-11-24T09:36:00Z,0
2024-11-24T10:12:00Z,25.280647
2024-11-24T11:24:00Z,25.219028
2024-11-24T12:00:00Z,0
2024-11-24T12:36:00Z,24.171036
2024-11-24T13:48:00Z,24.697887
2024-11-24T15:00:00Z,25.898651
2024-11-24T15:36:00Z,25.236038
2024-11-24T18:36:00Z,25.031153
2024-11-24T19:48:00Z,24.11374
2024-11-24T20:24:00Z,29.907969
2024-11-24T21:00:00Z,25.735767
2024-11-24T21:36:00Z,24.856628
2024-11-24T22:12:00Z,25.448261
2024-11-24T23:24:00Z,25.964966
2024-11-25T00:36:00Z,29.452618
2024-11-25T01:12:00Z,0
2024-11-25T03:00:00Z,24.800144
2024-11-25T05:24:00Z,24.234564
2024-11-25T06:00:00Z,24.841192
2024-11-25T06:36:00Z,24.717962
2024-11-25T09:00:00Z,25.519896
2024-11-25T10:12:00Z,24.734842
2024-11-25T12:00:00Z,29.846909
2024-11-25T12:36:00Z,24.349754
2024-11-25T13:12:00Z,24.666307
2024-11-25T13:48:00Z,25.566633
2024-11-25T14:24:00Z,24.475073
2024-11-25T15:36:00Z,25.163126
2024-11-25T16:48:00Z,25.07292
2024-11-25T17:24:00Z,24.443714
2024-11-25T18:36:00Z,25.82056
2024-11-25T19:12:00Z,29.16794
2024-11-25T19:48:00Z,0
2024-11-25T20:24:00Z,24.720228
2024-11-25T21:00:00Z,24.181059
2024-11-25T22:12:00Z,24.823658
2024-11-25T22:48:00Z,25.729734
2024-11-25T23:24:00Z,25.388687
2024-11-26T00:00:00Z,25.773607
2024-11-26T00:36:00Z,24.39564
2024-11-26T01:12:00Z,29.56714
2024-11-26T01:48:00Z,24.507568
2024-11-26T03:00:00Z,24.080566
2024-11-26T06:00:00Z,29.438206
2024-11-26T06:36:00Z,24.853994
2024-11-26T07:48:00Z,25.747017
2024-11-26T08:24:00Z,25.588264
2024-11-26T09:00:00Z,25.86684
2024-11-26T10:12:00Z,24.678995
2024-11-26T10:48:00Z,29.157883
2024-11-26T11:24:00Z,0
2024-11-26T12:36:00Z,25.569454
2024-11-26T13:12:00Z,24.405294
2024-11-26T15:00:00Z,24.374557
2024-11-26T15:36:00Z,0
2024-11-26T16:12:00Z,25.61599
2024-11-26T16:48:00Z,24.63668
2024-11-26T18:36:00Z,24.18109
2024-11-26T19:12:00Z,25.724373
2024-11-26T20:24:00Z,25.659231
2024-11-26T21:00:00Z,25.308575
2024-11-26T21:36:00Z,25.444109
2024-11-26T22:12:00Z,24.866377
2024-11-26T22:48:00Z,0
2024-11-27T01:12:00Z,25.366077
2024-11-27T02:24:00Z,24.307413
2024-11-27T03:00:00Z,29.541895
2024-11-27T03:36:00Z,25.494768
2024-11-27T04:12:00Z,25.584599
2024-11-27T06:00:00Z,24.243582
2024-11-27T09:00:00Z,30.605927
2024-11-27T09:36:00Z,24.89728
2024-11-27T11:24:00Z,24.957907
2024-11-27T15:00:00Z,24.904654
2024-11-27T15:36:00Z,25.478498
2024-11-27T16:12:00Z,24.562635
2024-11-27T16:48:00Z,24.434572
2024-11-27T17:24:00Z,24.890919
2024-11-27T18:00:00Z,24.360601
2024-11-27T18:36:00Z,24.585741
2024-11-27T19:12:00Z,0
2024-11-27T19:48:00Z,25.218855
2024-11-27T20:24:00Z,25.334187
2024-11-27T21:00:00Z,24.790293
2024-11-27T21:36:00Z,29.475338
2024-11-27T22:12:00Z,0
2024-11-27T22:48:00Z,25.00842
2024-11-27T23:24:00Z,0
2024-11-28T00:00:00Z,24.64083
2024-11-28T00:36:00Z,25.067646
2024-11-28T01:12:00Z,24.857765
2024-11-28T01:48:00Z,25.540009
2024-11-28T02:24:00Z,24.335745
2024-11-28T03:00:00Z,29.28971
2024-11-28T03:36:00Z,25.104658
2024-11-28T04:12:00Z,24.973892
2024-11-28T04:48:00Z,25.764833
2024-11-28T05:24:00Z,24.273804
2024-11-28T06:00:00Z,24.040495
2024-11-28T06:36:00Z,30.884949
2024-11-28T07:12:00Z,25.463984
2024-11-28T07:48:00Z,24.99499
2024-11-28T08:24:00Z,24.054771
2024-11-28T09:00:00Z,25.138857
2024-11-28T09:36:00Z,25.66026
2024-11-28T10:12:00Z,24.858824
2024-11-28T10:48:00Z,24.942242
2024-11-28T11:24:00Z,25.829004
2024-11-28T12:00:00Z,25.787413
2024-11-28T12:36:00Z,25.285088
2024-11-28T13:12:00Z,0
2024-11-28T13:48:00Z,25.368328
2024-11-28T14:24:00Z,24.350677
2024-11-28T15:00:00Z,24.038713
2024-11-28T15:36:00Z,25.628492
2024-11-28T16:12:00Z,24.700808
2024-11-28T17:24:00Z,25.224133
2024-11-28T18:00:00Z,24.411089
2024-11-28T18:36:00Z,25.301365
2024-11-28T19:12:00Z,25.420282
2024-11-28T19:48:00Z,24.340618
2024-11-28T20:24:00Z,24.896141
2024-11-28T21:00:00Z,25.870844
2024-11-28T21:36:00Z,24.907814
2024-11-28T22:12:00Z,30.217627
2024-11-28T22:48:00Z,25.670725
2024-11-28T23:24:00Z,24.004147
2024-11-29T00:00:00Z,24.931868
2024-11-29T00:36:00Z,24.164913
2024-11-29T01:12:00Z,24.09716
2024-11-29T01:48:00Z,25.306463
2024-11-29T02:24:00Z,30.44585
2024-11-29T03:00:00Z,0
2024-11-29T03:36:00Z,29.961876
2024-11-29T04:12:00Z,0
2024-11-29T04:48:00Z,25.115484
2024-11-29T06:00:00Z,24.351828
2024-11-29T06:36:00Z,24.461931
2024-11-29T07:12:00Z,25.99412
2024-11-29T07:48:00Z,24.503672
2024-11-29T08:24:00Z,25.347725
2024-11-29T09:00:00Z,24.589827
2024-11-29T09:36:00Z,0
2024-11-29T10:12:00Z,0
2024-11-29T10:48:00Z,29.172905
2024-11-29T11:24:00Z,25.726873
2024-11-29T12:00:00Z,25.57305
2024-11-29T12:36:00Z,24.77823
2024-11-29T13:12:00Z,24.905098
2024-11-29T13:48:00Z,25.532953
2024-11-29T14:24:00Z,24.489862
2024-11-29T15:00:00Z,24.138971
2024-11-29T16:12:00Z,24.548712
2024-11-29T17:24:00Z,24.246859
2024-11-29T18:00:00Z,24.968283
2024-11-29T18:36:00Z,24.157728
2024-11-29T19:12:00Z,25.678991
2024-11-29T19:48:00Z,24.297134
2024-11-29T20:24:00Z,25.820425
2024-11-29T21:00:00Z,25.943068
2024-11-29T21:36:00Z,24.034164
2024-11-29T22:12:00Z,0
2024-11-29T22:48:00Z,24.257494
2024-11-29T23:24:00Z,25.611422
2024-11-30T01:12:00Z,24.625635
2024-11-30T01:48:00Z,30.429491
2024-11-30T02:24:00Z,24.44308
2024-11-30T03:36:00Z,25.62234
2024-11-30T04:12:00Z,0
2024-11-30T04:48:00Z,25.696016
2024-11-30T05:24:00Z,25.979946
2024-11-30T06:00:00Z,25.645844
2024-11-30T06:36:00Z,24.164703
2024-11-30T07:12:00Z,24.90273
2024-11-30T07:48:00Z,0
2024-11-30T08:24:00Z,24.527876
2024-11-30T09:00:00Z,25.897003
2024-11-30T09:36:00Z,25.612688
2024-11-30T10:12:00Z,24.258883
2024-11-30T10:48:00Z,0
2024-11-30T11:24:00Z,24.830906
2024-11-30T12:00:00Z,25.950487
2024-11-30T13:12:00Z,25.629784
2024-11-30T13:48:00Z,24.061705
2024-11-30T14:24:00Z,25.561604
2024-11-30T15:00:00Z,25.534836
2024-11-30T15:36:00Z,25.020227
2024-11-30T18:00:00Z,25.63055
2024-11-30T18:36:00Z,24.203854
2024-11-30T19:12:00Z,24.85359
2024-11-30T19:48:00Z,24.916372
2024-11-30T20:24:00Z,24.084826
2024-11-30T21:00:00Z,25.37641
2024-11-30T21:36:00Z,29.486961
2024-11-30T22:12:00Z,0
2024-11-30T22:48:00Z,25.84119
2024-11-30T23:24:00Z,24.722155
2024-12-01T00:00:00Z,25.801281
2024-12-01T00:36:00Z,0
2024-12-01T01:12:00Z,24.560104
2024-12-01T01:48:00Z,25.45057
2024-12-01T02:24:00Z,24.246231
2024-12-01T03:00:00Z,25.215528
2024-12-01T03:36:00Z,30.7104
2024-12-01T04:12:00Z,24.534494
2024-12-01T04:48:00Z,25.489607
2024-12-01T05:24:00Z,29.637142
2024-12-01T06:00:00Z,25.88693
2024-12-01T07:12:00Z,25.35715
2024-12-01T07:48:00Z,24.361076
2024-12-01T08:24:00Z,24.471052
2024-12-01T09:00:00Z,25.572134
2024-12-01T09:36:00Z,24.98977
2024-12-01T10:12:00Z,25.460512
2024-12-01T10:48:00Z,24.89894
2024-12-01T11:24:00Z,25.943966
2024-12-01T12:00:00Z,0
2024-12-01T12:36:00Z,25.97214
2024-12-01T13:12:00Z,25.873123
2024-12-01T13:48:00Z,0
2024-12-01T14:24:00Z,25.371866
2024-12-01T15:00:00Z,24.91392
2024-12-01T15:36:00Z,25.702755
2024-12-01T16:12:00Z,0
2024-12-01T16:48:00Z,25.691336
2024-12-01T17:24:00Z,24.382496
2024-12-01T18:00:00Z,25.3028
2024-12-01T18:36:00Z,25.381674
2024-12-01T19:12:00Z,24.154812
2024-12-01T19:48:00Z,25.282532
2024-12-01T20:24:00Z,25.719122
2024-12-01T21:00:00Z,25.61442
2024-12-01T21:36:00Z,0
2024-12-01T22:12:00Z,29.63164
2024-12-01T22:48:00Z,24.36306
2024-12-02T00:36:00Z,24.463396
2024-12-02T01:12:00Z,25.615185
2024-12-02T01:48:00Z,24.233097
2024-12-02T02:24:00Z,24.242964
2024-12-02T03:00:00Z,25.265863
2024-12-02T04:12:00Z,25.650894
2024-12-02T04:48:00Z,24.254032
2024-12-02T05:24:00Z,25.248009
2024-12-02T06:00:00Z,25.043499
2024-12-02T06:36:00Z,24.291779
2024-12-02T07:48:00Z,25.111382
2024-12-02T08:24:00Z,29.713999
2024-12-02T09:00:00Z,0
2024-12-02T09:36:00Z,25.792131
2024-12-02T10:12:00Z,0
2024-12-02T10:48:00Z,24.677172
2024-12-02T11:24:00Z,25.589903
2024-12-02T12:00:00Z,24.430971
2024-12-02T12:36:00Z,24.09162
2024-12-02T13:12:00Z,25.917522
2024-12-02T13:48:00Z,24.624718
2024-12-02T14:24:00Z,25.277117
2024-12-02T15:00:00Z,24.124317
2024-12-02T15:36:00Z,25.939547
2024-12-02T16:12:00Z,24.125427
2024-12-02T16:48:00Z,24.888054
2024-12-02T17:24:00Z,24.982534
2024-12-02T18:36:00Z,24.501806
2024-12-02T19:12:00Z,25.169975
2024-12-02T19:48:00Z,25.047388
2024-12-02T21:00:00Z,25.89358
2024-12-02T22:12:00Z,24.240957
2024-12-02T22:48:00Z,25.270836
2024-12-03T00:36:00Z,24.212679
2024-12-03T01:12:00Z,25.762953
2024-12-03T01:48:00Z,24.224781
2024-12-03T02:24:00Z,24.045458
2024-12-03T03:00:00Z,25.891825
2024-12-03T03:36:00Z,25.720987
2024-12-03T04:12:00Z,24.534227
2024-12-03T04:48:00Z,25.560076
2024-12-03T05:24:00Z,25.49846
2024-12-03T06:00:00Z,30.380516
2024-12-03T06:36:00Z,24.332455
2024-12-03T07:12:00Z,24.466587
2024-12-03T07:48:00Z,24.045645
2024-12-03T08:24:00Z,25.509916
2024-12-03T09:36:00Z,25.236872
2024-12-03T10:12:00Z,24.271833
2024-12-03T10:48:00Z,25.45549
2024-12-03T12:00:00Z,25.566635
2024-12-03T12:36:00Z,24.640162
2024-12-03T13:12:00Z,25.20899
2024-12-03T13:48:00Z,24.257019
2024-12-03T14:24:00Z,25.206488
2024-12-03T15:36:00Z,24.865257
2024-12-03T16:12:00Z,0
2024-12-03T16:48:00Z,24.303879
2024-12-03T17:24:00Z,24.121561
2024-12-03T18:00:00Z,25.60615
2024-12-03T18:36:00Z,0
2024-12-03T19:12:00Z,24.628572
2024-12-03T19:48:00Z,25.300241
2024-12-03T20:24:00Z,24.814482
2024-12-03T21:00:00Z,25.262114
2024-12-03T22:12:00Z,24.856411
2024-12-03T22:48:00Z,24.0515
2024-12-04T00:00:00Z,25.657513
2024-12-04T00:36:00Z,25.667664
2024-12-04T01:12:00Z,24.431278
2024-12-04T01:48:00Z,25.28786
2024-12-04T02:24:00Z,24.865242
2024-12-04T04:12:00Z,25.078981
2024-12-04T04:48:00Z,24.880322
2024-12-04T05:24:00Z,25.556108
2024-12-04T07:12:00Z,24.01186
2024-12-04T07:48:00Z,25.195286
2024-12-04T08:24:00Z,25.787237
2024-12-04T10:12:00Z,25.85707
2024-12-04T10:48:00Z,24.912004
2024-12-04T11:24:00Z,25.84364
2024-12-04T12:00:00Z,29.655561
2024-12-04T12:36:00Z,0
2024-12-04T13:12:00Z,24.209265
2024-12-04T14:24:00Z,25.367645
2024-12-04T15:00:00Z,25.26493
2024-12-04T15:36:00Z,25.883656
2024-12-04T16:48:00Z,25.665531
2024-12-04T17:24:00Z,24.550632
2024-12-04T18:00:00Z,24.476564
2024-12-04T18:36:00Z,24.952381
2024-12-04T19:48:00Z,24.690895
2024-12-04T20:24:00Z,25.830505
2024-12-04T21:00:00Z,25.500177
2024-12-04T21:36:00Z,25.645655
2024-12-04T22:12:00Z,24.24798
2024-12-04T23:24:00Z,24.864422
2024-12-05T00:00:00Z,24.011452
2024-12-05T00:36:00Z,24.089529
2024-12-05T01:12:00Z,25.172766
2024-12-05T01:48:00Z,25.742813
2024-12-05T02:24:00Z,29.562618
2024-12-05T03:00:00Z,25.957144
2024-12-05T04:12:00Z,25.291729
2024-12-05T04:48:00Z,0
2024-12-05T05:24:00Z,0
2024-12-05T06:00:00Z,25.039331
2024-12-05T06:36:00Z,30.277445
2024-12-05T07:12:00Z,24.155867
2024-12-05T07:48:00Z,24.324959
2024-12-05T08:24:00Z,25.025782
2024-12-05T09:00:00Z,30.007654
2024-12-05T09:36:00Z,24.543385
2024-12-05T10:12:00Z,0
2024-12-05T10:48:00Z,30.200493
2024-12-05T11:24:00Z,0
2024-12-05T12:00:00Z,0
2024-12-05T12:36:00Z,25.433632
2024-12-05T13:12:00Z,24.358986
2024-12-05T13:48:00Z,0
2024-12-05T14:24:00Z,25.201025
2024-12-05T15:00:00Z,0
2024-12-05T15:36:00Z,24.9768
2024-12-05T16:12:00Z,24.696217
2024-12-05T16:48:00Z,0
2024-12-05T17:24:00Z,24.351486
2024-12-05T18:00:00Z,24.064768
2024-12-05T18:36:00Z,25.178766
2024-12-05T19:48:00Z,25.470736
2024-12-05T20:24:00Z,24.11707
2024-12-05T21:00:00Z,25.181923
2024-12-05T21:36:00Z,24.7433
2024-12-05T22:12:00Z,25.649025
2024-12-05T22:48:00Z,24.723396
2024-12-05T23:24:00Z,25.745434
2024-12-06T00:36:00Z,24.979254
2024-12-06T01:12:00Z,30.756325
2024-12-06T01:48:00Z,24.48127
2024-12-06T02:24:00Z,25.434805
2024-12-06T03:00:00Z,24.09538
2024-12-06T04:12:00Z,24.853926
2024-12-06T04:48:00Z,0
2024-12-06T05:24:00Z,24.7947
2024-12-06T06:36:00Z,24.062777
2024-12-06T07:12:00Z,25.505455
2024-12-06T07:48:00Z,24.347012
2024-12-06T08:24:00Z,24.894238
2024-12-06T09:00:00Z,24.44749
2024-12-06T09:36:00Z,0
2024-12-06T10:12:00Z,24.035185
2024-12-06T10:48:00Z,24.61772
2024-12-06T11:24:00Z,30.571634
2024-12-06T12:00:00Z,0
2024-12-06T12:36:00Z,24.049568
2024-12-06T13:12:00Z,24.324858
2024-12-06T13:48:00Z,25.509422
2024-12-06T14:24:00Z,25.082054
2024-12-06T15:00:00Z,25.860502
2024-12-06T16:12:00Z,24.426687
2024-12-06T16:48:00Z,25.983208
2024-12-06T17:24:00Z,25.808502
2024-12-06T18:36:00Z,24.13975
2024-12-06T19:12:00Z,24.622282
2024-12-06T19:48:00Z,24.23874
2024-12-06T21:00:00Z,24.536856
2024-12-06T21:36:00Z,0
2024-12-06T22:12:00Z,24.527496
2024-12-06T22:48:00Z,25.000032
2024-12-06T23:24:00Z,24.772444
2024-12-07T00:36:00Z,25.970537
2024-12-07T01:12:00Z,24.952038
2024-12-07T01:48:00Z,24.760605
2024-12-07T02:24:00Z,25.097466
2024-12-07T03:00:00Z,24.783733
2024-12-07T03:36:00Z,25.36202
2024-12-07T04:12:00Z,24.621088
2024-12-07T04:48:00Z,25.000544
2024-12-07T05:24:00Z,29.159523
2024-12-07T06:00:00Z,24.429451
2024-12-07T06:36:00Z,25.6193
2024-12-07T07:12:00Z,24.93367
2024-12-07T07:48:00Z,25.488026
2024-12-07T08:24:00Z,25.400795
2024-12-07T09:00:00Z,24.37185
2024-12-07T09:36:00Z,25.744944
2024-12-07T10:12:00Z,25.507391
2024-12-07T10:48:00Z,24.415789
2024-12-07T11:24:00Z,25.328447
2024-12-07T12:00:00Z,25.040182
2024-12-07T12:36:00Z,0
2024-12-07T13:12:00Z,25.24172
2024-12-07T14:24:00Z,24.073408
2024-12-07T15:00:00Z,25.743044
2024-12-07T15:36:00Z,24.361773
2024-12-07T16:12:00Z,25.34625
2024-12-07T16:48:00Z,24.600084
2024-12-07T17:24:00Z,25.706587
2024-12-07T18:00:00Z,25.16862
2024-12-07T18:36:00Z,25.76919
2024-12-07T19:12:00Z,25.356354
2024-12-07T19:48:00Z,0
2024-12-07T20:24:00Z,24.137596
2024-12-07T21:36:00Z,24.725443
2024-12-07T22:12:00Z,25.842693
2024-12-07T22:48:00Z,24.533827
2024-12-07T23:24:00Z,25.396692
2024-12-08T00:00:00Z,24.160706
2024-12-08T00:36:00Z,0
2024-12-08T01:12:00Z,0
2024-12-08T01:48:00Z,25.542528
2024-12-08T03:00:00Z,24.502855
2024-12-08T03:36:00Z,25.383917
2024-12-08T04:12:00Z,25.73211
2024-12-08T04:48:00Z,24.88409
2024-12-08T06:36:00Z,24.042444
2024-12-08T07:12:00Z,24.719538
2024-12-08T08:24:00Z,24.991556
2024-12-08T09:00:00Z,25.67276
2024-12-08T09:36:00Z,24.19625
2024-12-08T10:12:00Z,25.359566
2024-12-08T10:48:00Z,25.498339
2024-12-08T11:24:00Z,24.856224
2024-12-08T12:00:00Z,25.541271
2024-12-08T12:36:00Z,24.18939
2024-12-08T13:12:00Z,0
2024-12-08T13:48:00Z,24.105522
2024-12-08T14:24:00Z,24.91132
2024-12-08T15:00:00Z,24.418516
2024-12-08T15:36:00Z,25.940245
2024-12-08T16:12:00Z,25.8726
2024-12-08T16:48:00Z,24.718313
2024-12-08T17:24:00Z,0
2024-12-08T18:00:00Z,30.655472
2024-12-08T18:36:00Z,24.27881
2024-12-08T19:12:00Z,24.182024
2024-12-08T19:48:00Z,25.362324
2024-12-08T20:24:00Z,24.555704
2024-12-08T21:00:00Z,25.516888
2024-12-08T21:36:00Z,24.191298
2024-12-08T22:12:00Z,25.27837
2024-12-08T22:48:00Z,25.744162
2024-12-09T00:36:00Z,25.527052
2024-12-09T01:12:00Z,24.57545
2024-12-09T01:48:00Z,30.331734
2024-12-09T02:24:00Z,25.630728
2024-12-09T03:00:00Z,24.014505
2024-12-09T04:12:00Z,24.12883
2024-12-09T04:48:00Z,25.94579
2024-12-09T05:24:00Z,25.634699
2024-12-09T06:00:00Z,0
2024-12-09T06:36:00Z,24.010427
2024-12-09T07:12:00Z,24.518602
2024-12-09T07:48:00Z,25.50716
2024-12-09T08:24:00Z,24.861633
2024-12-09T09:00:00Z,25.053856
2024-12-09T09:36:00Z,24.127964
2024-12-09T10:12:00Z,24.047054
2024-12-09T11:24:00Z,24.950039
2024-12-09T12:00:00Z,25.102575
2024-12-09T13:12:00Z,24.117174
2024-12-09T13:48:00Z,25.197706
2024-12-09T14:24:00Z,0
2024-12-09T15:36:00Z,0
2024-12-09T16:12:00Z,24.40617
2024-12-09T16:48:00Z,25.06855
2024-12-09T17:24:00Z,24.724836
2024-12-09T18:00:00Z,25.10028
2024-12-09T18:36:00Z,25.985754
2024-12-09T19:12:00Z,25.32483
2024-12-09T19:48:00Z,30.244308
2024-12-09T20:24:00Z,25.22139
2024-12-09T21:00:00Z,24.645264
2024-12-09T21:36:00Z,25.474728
2024-12-09T22:12:00Z,25.63479
2024-12-09T22:48:00Z,24.627577
2024-12-09T23:24:00Z,24.789938
2024-12-10T00:00:00Z,25.370136
2024-12-10T00:36:00Z,24.49511
2024-12-10T01:12:00Z,24.39554
2024-12-10T01:48:00Z,25.295897
2024-12-10T03:00:00Z,25.060053
2024-12-10T03:36:00Z,24.613247
2024-12-10T04:12:00Z,25.342821
2024-12-10T04:48:00Z,24.056374
2024-12-10T05:24:00Z,25.410198
2024-12-10T06:00:00Z,24.576939
2024-12-10T06:36:00Z,0
2024-12-10T07:12:00Z,24.516697
2024-12-10T07:48:00Z,24.04706
2024-12-10T08:24:00Z,25.657358
2024-12-10T09:00:00Z,0
2024-12-10T09:36:00Z,24.823477
2024-12-10T10:12:00Z,0
2024-12-10T10:48:00Z,24.95381
2024-12-10T11:24:00Z,25.384892
2024-12-10T12:00:00Z,0
2024-12-10T12:36:00Z,24.393206
2024-12-10T13:12:00Z,25.354017
2024-12-10T14:24:00Z,24.763365
2024-12-10T16:48:00Z,24.792093
2024-12-10T17:24:00Z,25.067255
2024-12-10T18:00:00Z,24.344494
2024-12-10T18:36:00Z,24.599932
2024-12-10T19:12:00Z,0
2024-12-10T19:48:00Z,25.760324
2024-12-10T20:24:00Z,25.105707
2024-12-10T21:00:00Z,25.75878
2024-12-10T21:36:00Z,24.699636
2024-12-10T22:12:00Z,25.791748
2024-12-10T22:48:00Z,25.577967
2024-12-10T23:24:00Z,24.595175
2024-12-11T00:00:00Z,29.243511
2024-12-11T00:36:00Z,24.707533
2024-12-11T01:12:00Z,24.09762
2024-12-11T01:48:00Z,25.390757
2024-12-11T02:24:00Z,24.232683
2024-12-11T03:00:00Z,24.275545
2024-12-11T03:36:00Z,25.86663
2024-12-11T04:12:00Z,24.424723
2024-12-11T04:48:00Z,24.041252
2024-12-11T05:24:00Z,24.168667
2024-12-11T06:00:00Z,25.958912
2024-12-11T06:36:00Z,25.345032
2024-12-11T07:12:00Z,25.73609
2024-12-11T08:24:00Z,25.597677
2024-12-11T09:00:00Z,24.360579
2024-12-11T09:36:00Z,24.053247
2024-12-11T10:12:00Z,25.363674
2024-12-11T10:48:00Z,24.581161
2024-12-11T11:24:00Z,25.62785
2024-12-11T12:00:00Z,30.729368
2024-12-11T12:36:00Z,25.904755
2024-12-11T13:12:00Z,24.042355
2024-12-11T13:48:00Z,25.316084
2024-12-11T14:24:00Z,25.046232
2024-12-11T15:00:00Z,30.850456
2024-12-11T15:36:00Z,24.15981
2024-12-11T16:12:00Z,24.210037
2024-12-11T16:48:00Z,25.240402
2024-12-11T17:24:00Z,0
2024-12-11T18:00:00Z,24.819138
2024-12-11T18:36:00Z,25.537483
2024-12-11T19:12:00Z,30.601217
2024-12-11T19:48:00Z,0
2024-12-11T20:24:00Z,25.807001
2024-12-11T21:00:00Z,0
2024-12-11T21:36:00Z,25.428478
2024-12-11T22:12:00Z,25.889822
2024-12-11T22:48:00Z,24.819801
2024-12-11T23:24:00Z,0
2024-12-12T00:00:00Z,24.495642
2024-12-12T00:36:00Z,24.310654
2024-12-12T01:12:00Z,24.883345
2024-12-12T04:12:00Z,24.774784
2024-12-12T04:48:00Z,0
2024-12-12T05:24:00Z,24.297995
2024-12-12T06:00:00Z,25.196781
2024-12-12T06:36:00Z,24.260975
2024-12-12T08:24:00Z,24.539705
2024-12-12T09:00:00Z,25.694654
2024-12-12T09:36:00Z,25.379755
2024-12-12T10:12:00Z,25.489347
2024-12-12T10:48:00Z,24.907114
2024-12-12T11:24:00Z,24.772556
2024-12-12T12:00:00Z,25.265356
2024-12-12T12:36:00Z,29.723946
2024-12-12T13:12:00Z,24.04857
2024-12-12T13:48:00Z,24.297062
2024-12-12T14:24:00Z,25.73418
2024-12-12T15:00:00Z,25.18516
2024-12-12T15:36:00Z,25.207415
2024-12-12T16:12:00Z,24.581245
2024-12-12T16:48:00Z,24.462807
2024-12-12T17:24:00Z,25.532955
2024-12-12T18:00:00Z,24.751032
2024-12-12T19:12:00Z,24.31921
2024-12-12T19:48:00Z,0
2024-12-12T20:24:00Z,24.918257
2024-12-12T21:36:00Z,25.072521
2024-12-12T22:48:00Z,24.779598
2024-12-12T23:24:00Z,24.936304
2024-12-13T00:00:00Z,24.334648
2024-12-13T00:36:00Z,24.827227
2024-12-13T01:12:00Z,25.842804
2024-12-13T03:00:00Z,24.570877
2024-12-13T04:48:00Z,24.616152
2024-12-13T05:24:00Z,25.236979
2024-12-13T06:00:00Z,24.666435
2024-12-13T06:36:00Z,29.928463
2024-12-13T07:12:00Z,25.146921
2024-12-13T07:48:00Z,24.297876
2024-12-13T09:00:00Z,25.002369
2024-12-13T09:36:00Z,24.65621
2024-12-13T10:12:00Z,25.558855
2024-12-13T12:00:00Z,25.437595
2024-12-13T12:36:00Z,24.319153
2024-12-13T13:12:00Z,24.968779
2024-12-13T13:48:00Z,0
2024-12-13T14:24:00Z,25.57082
2024-12-13T15:00:00Z,25.945152
2024-12-13T15:36:00Z,0
2024-12-13T16:12:00Z,24.7154
2024-12-13T16:48:00Z,24.413874
2024-12-13T17:24:00Z,25.041481
2024-12-13T18:36:00Z,24.90759
2024-12-13T19:12:00Z,25.950214
2024-12-13T19:48:00Z,24.839329
2024-12-13T21:00:00Z,24.1221
2024-12-13T21:36:00Z,25.31418
2024-12-13T22:12:00Z,25.296398
2024-12-13T22:48:00Z,25.83602
2024-12-13T23:24:00Z,25.596579
2024-12-14T00:00:00Z,24.65043
2024-12-14T01:12:00Z,24.732323
2024-12-14T01:48:00Z,30.48391
2024-12-14T02:24:00Z,0
2024-12-14T03:00:00Z,25.806278
2024-12-14T03:36:00Z,0
2024-12-14T04:12:00Z,24.864979
2024-12-14T04:48:00Z,25.70927
2024-12-14T06:00:00Z,25.845028
2024-12-14T06:36:00Z,24.913977
2024-12-14T07:12:00Z,25.951523
2024-12-14T07:48:00Z,25.480328
2024-12-14T08:24:00Z,25.665028
2024-12-14T09:00:00Z,29.632872
2024-12-14T09:36:00Z,24.07763
2024-12-14T10:12:00Z,24.647255
2024-12-14T10:48:00Z,0
2024-12-14T11:24:00Z,24.055595
2024-12-14T12:00:00Z,24.395409
2024-12-14T12:36:00Z,25.281763
2024-12-14T13:12:00Z,24.031988
2024-12-14T13:48:00Z,24.307716
2024-12-14T14:24:00Z,25.684258
2024-12-14T15:00:00Z,25.65891
2024-12-14T15:36:00Z,24.084158
2024-12-14T16:12:00Z,25.507166
2024-12-14T16:48:00Z,25.105017
2024-12-14T17:24:00Z,25.271606
2024-12-14T18:36:00Z,24.616823
2024-12-14T19:48:00Z,25.301369
2024-12-14T20:24:00Z,24.11249
2024-12-14T21:00:00Z,25.59439
2024-12-14T21:36:00Z,29.560726
2024-12-14T22:12:00Z,24.751453
2024-12-14T22:48:00Z,0
2024-12-14T23:24:00Z,24.603691
2024-12-15T00:00:00Z,24.277277
2024-12-15T00:36:00Z,0
2024-12-15T01:12:00Z,25.597834
2024-12-15T01:48:00Z,24.583912
2024-12-15T02:24:00Z,25.54317
2024-12-15T03:00:00Z,25.176186
2024-12-15T03:36:00Z,24.332848
2024-12-15T04:12:00Z,25.288929
2024-12-15T04:48:00Z,24.126656
2024-12-15T06:00:00Z,25.16874
2024-12-15T06:36:00Z,0
2024-12-15T07:12:00Z,25.16046
2024-12-15T07:48:00Z,30.624043
2024-12-15T08:24:00Z,24.897884
2024-12-15T09:00:00Z,25.88719
2024-12-15T09:36:00Z,24.237558
2024-12-15T10:12:00Z,25.16871
2024-12-15T10:48:00Z,24.030058
2024-12-15T11:24:00Z,24.06978
2024-12-15T12:00:00Z,25.798721
2024-12-15T12:36:00Z,24.169958
2024-12-15T15:36:00Z,25.14842
2024-12-15T16:12:00Z,24.651058
2024-12-15T16:48:00Z,29.766537
2024-12-15T17:24:00Z,24.135628
2024-12-15T18:00:00Z,25.30338
2024-12-15T18:36:00Z,30.336603
2024-12-15T19:12:00Z,0
2024-12-15T19:48:00Z,24.284285
2024-12-15T20:24:00Z,24.813515
2024-12-15T21:00:00Z,25.869087
2024-12-15T22:12:00Z,25.349926
2024-12-15T22:48:00Z,0
2024-12-15T23:24:00Z,30.842495
2024-12-16T00:00:00Z,0
2024-12-16T00:36:00Z,25.291193
2024-12-16T01:12:00Z,29.665894
2024-12-16T01:48:00Z,0
2024-12-16T02:24:00Z,25.911686
2024-12-16T03:00:00Z,25.965425
2024-12-16T03:36:00Z,24.532974
2024-12-16T04:12:00Z,25.134504
2024-12-16T04:48:00Z,24.079172
2024-12-16T06:36:00Z,24.584848
2024-12-16T07:12:00Z,30.930346
2024-12-16T07:48:00Z,25.626822
2024-12-16T08:24:00Z,25.417927
2024-12-16T09:00:00Z,24.162859
2024-12-16T09:36:00Z,24.402042
2024-12-16T10:12:00Z,25.630133
2024-12-16T10:48:00Z,24.696596
2024-12-16T11:24:00Z,25.844765
2024-12-16T12:00:00Z,24.034107
2024-12-16T12:36:00Z,25.125086
2024-12-16T13:12:00Z,25.679846
2024-12-16T13:48:00Z,24.30354
2024-12-16T14:24:00Z,24.21929
2024-12-16T15:00:00Z,25.413116
2024-12-16T15:36:00Z,24.347702
2024-12-16T16:12:00Z,25.423388
2024-12-16T16:48:00Z,25.602371
2024-12-16T17:24:00Z,24.122894
2024-12-16T18:36:00Z,24.079275
2024-12-16T19:12:00Z,25.52985
2024-12-16T19:48:00Z,30.162645
2024-12-16T20:24:00Z,25.343876
2024-12-16T21:00:00Z,25.536318
2024-12-16T21:36:00Z,24.106367
2024-12-16T22:12:00Z,25.032873
2024-12-16T23:24:00Z,25.83304
2024-12-17T00:00:00Z,24.480381
2024-12-17T00:36:00Z,24.447699
2024-12-17T01:12:00Z,29.603619
2024-12-17T01:48:00Z,24.863335
2024-12-17T02:24:00Z,25.37983
2024-12-17T03:36:00Z,25.020727
2024-12-17T04:12:00Z,25.841562
2024-12-17T04:48:00Z,24.631433
2024-12-17T05:24:00Z,25.29095
2024-12-17T06:00:00Z,25.021366
2024-12-17T06:36:00Z,25.680866
2024-12-17T07:12:00Z,24.499641
2024-12-17T07:48:00Z,25.900362
2024-12-17T08:24:00Z,24.416265
2024-12-17T09:00:00Z,24.840874
2024-12-17T09:36:00Z,25.816484
2024-12-17T10:12:00Z,24.978245
2024-12-17T11:24:00Z,25.376617
2024-12-17T12:00:00Z,24.522493
2024-12-17T12:36:00Z,25.897942
2024-12-17T13:12:00Z,25.776546
2024-12-17T14:24:00Z,24.178944
2024-12-17T15:36:00Z,24.730375
2024-12-17T16:12:00Z,24.646402
2024-12-17T16:48:00Z,29.326614
2024-12-17T17:24:00Z,24.949074
2024-12-17T18:00:00Z,0
2024-12-17T18:36:00Z,25.993528
2024-12-17T19:12:00Z,24.456842
2024-12-17T19:48:00Z,29.636724
2024-12-17T20:24:00Z,0
2024-12-17T21:00:00Z,25.948383
2024-12-17T21:36:00Z,25.611609
2024-12-17T22:12:00Z,24.48258
2024-12-17T22:48:00Z,24.38444
2024-12-17T23:24:00Z,25.654234
2024-12-18T00:00:00Z,30.616093
2024-12-18T00:36:00Z,25.085173
2024-12-18T01:12:00Z,30.822357
2024-12-18T01:48:00Z,25.694044
2024-12-18T02:24:00Z,25.858746
2024-12-18T03:36:00Z,24.24992
2024-12-18T04:12:00Z,24.23853
2024-12-18T05:24:00Z,25.625565
2024-12-18T06:00:00Z,25.082323
2024-12-18T06:36:00Z,25.80026
2024-12-18T07:12:00Z,25.991735
2024-12-18T08:24:00Z,24.737202
2024-12-18T09:00:00Z,25.869068
2024-12-18T09:36:00Z,25.257433
2024-12-18T10:12:00Z,25.888857
2024-12-18T10:48:00Z,24.529638
2024-12-18T11:24:00Z,24.504307
2024-12-18T12:00:00Z,25.472502
2024-12-18T12:36:00Z,25.784807
2024-12-18T13:48:00Z,25.429182
2024-12-18T14:24:00Z,25.68221
2024-12-18T15:00:00Z,25.314901
2024-12-18T15:36:00Z,0
2024-12-18T16:12:00Z,25.74886
2024-12-18T16:48:00Z,25.615011
2024-12-18T17:24:00Z,24.732359
2024-12-18T19:12:00Z,24.913698
2024-12-18T19:48:00Z,25.284185
2024-12-18T20:24:00Z,25.138596
2024-12-18T21:00:00Z,0
2024-12-18T21:36:00Z,24.300383
2024-12-18T23:24:00Z,24.741251
2024-12-19T00:00:00Z,24.475248
2024-12-19T00:36:00Z,30.98243
2024-12-19T01:12:00Z,24.250013
2024-12-19T01:48:00Z,24.943989
2024-12-19T02:24:00Z,24.200417
2024-12-19T03:00:00Z,24.095211
2024-12-19T03:36:00Z,0
2024-12-19T04:12:00Z,29.599335
2024-12-19T04:48:00Z,24.972704
2024-12-19T05:24:00Z,25.556261
2024-12-19T06:00:00Z,25.362871
2024-12-19T06:36:00Z,24.079172
2024-12-19T07:12:00Z,25.361322
2024-12-19T08:24:00Z,24.428604
2024-12-19T09:00:00Z,0
2024-12-19T09:36:00Z,25.37483
2024-12-19T10:12:00Z,24.428242
2024-12-19T10:48:00Z,25.789322
2024-12-19T11:24:00Z,24.11286
2024-12-19T12:00:00Z,24.655123
2024-12-19T12:36:00Z,25.688562
2024-12-19T13:12:00Z,24.729658
2024-12-19T13:48:00Z,25.647713
2024-12-19T14:24:00Z,24.049839
2024-12-19T15:00:00Z,25.045414
2024-12-19T15:36:00Z,25.288368
2024-12-19T16:12:00Z,25.946138
2024-12-19T16:48:00Z,24.453176
2024-12-19T17:24:00Z,24.414244
2024-12-19T18:00:00Z,25.133888
2024-12-19T18:36:00Z,30.378414
2024-12-19T19:12:00Z,25.860764
2024-12-19T19:48:00Z,24.820908
2024-12-19T20:24:00Z,24.763483
2024-12-19T21:00:00Z,25.370514
2024-12-19T21:36:00Z,24.760628
2024-12-19T22:12:00Z,24.874937
2024-12-19T22:48:00Z,29.982164
2024-12-19T23:24:00Z,0
2024-12-20T00:00:00Z,24.812067
2024-12-20T00:36:00Z,24.01532
2024-12-20T01:12:00Z,24.90009
2024-12-20T01:48:00Z,24.045794
2024-12-20T02:24:00Z,24.525919
2024-12-20T03:00:00Z,24.173447
2024-12-20T04:12:00Z,25.650623
2024-12-20T04:48:00Z,25.863564
2024-12-20T06:00:00Z,24.085442
2024-12-20T06:36:00Z,24.571873
2024-12-20T07:12:00Z,24.345503
2024-12-20T07:48:00Z,25.544615
2024-12-20T08:24:00Z,0
2024-12-20T09:00:00Z,25.603315
2024-12-20T09:36:00Z,24.754642
2024-12-20T10:12:00Z,25.185839
2024-12-20T11:24:00Z,24.694855
2024-12-20T12:00:00Z,24.068323
2024-12-20T12:36:00Z,29.090542
2024-12-20T13:12:00Z,0
2024-12-20T13:48:00Z,25.073153
2024-12-20T14:24:00Z,0
2024-12-20T15:00:00Z,25.064056
2024-12-20T15:36:00Z,25.453867
2024-12-20T16:12:00Z,24.067877
2024-12-20T16:48:00Z,24.88835
2024-12-20T17:24:00Z,24.870094
2024-12-20T18:00:00Z,25.704695
2024-12-20T18:36:00Z,0
2024-12-20T19:12:00Z,29.599102
2024-12-20T19:48:00Z,0
2024-12-20T20:24:00Z,24.429052
2024-12-20T21:00:00Z,25.962193
2024-12-20T21:36:00Z,25.154575
2024-12-20T22:12:00Z,25.616243
2024-12-20T22:48:00Z,0
2024-12-20T23:24:00Z,25.378082
2024-12-21T00:36:00Z,25.432383
2024-12-21T01:12:00Z,25.982838
2024-12-21T01:48:00Z,25.653988
2024-12-21T02:24:00Z,0
2024-12-21T03:00:00Z,24.995125
2024-12-21T03:36:00Z,25.497679
2024-12-21T04:12:00Z,24.510597
2024-12-21T05:24:00Z,24.442373
2024-12-21T06:00:00Z,25.423414
2024-12-21T06:36:00Z,30.406843
2024-12-21T07:12:00Z,0
2024-12-21T07:48:00Z,25.194885
2024-12-21T08:24:00Z,25.030159
2024-12-21T09:00:00Z,25.464191
2024-12-21T09:36:00Z,24.567387
2024-12-21T10:12:00Z,24.178669
2024-12-21T10:48:00Z,0
2024-12-21T11:24:00Z,24.037886
2024-12-21T12:00:00Z,24.580948
2024-12-21T12:36:00Z,24.571564
2024-12-21T13:12:00Z,25.217989
2024-12-21T13:48:00Z,24.189615
2024-12-21T14:24:00Z,0
2024-12-21T15:00:00Z,25.939554
2024-12-21T15:36:00Z,24.066986
2024-12-21T16:12:00Z,25.482485
2024-12-21T16:48:00Z,25.466408
2024-12-21T17:24:00Z,24.974117
2024-12-21T18:00:00Z,25.290545
2024-12-21T18:36:00Z,24.731157
2024-12-21T19:12:00Z,0
2024-12-21T19:48:00Z,24.192987
2024-12-21T21:36:00Z,25.487577
2024-12-21T22:12:00Z,24.330793
2024-12-21T22:48:00Z,25.513588
2024-12-21T23:24:00Z,25.617561
2024-12-22T00:00:00Z,24.598732
2024-12-22T00:36:00Z,25.180845
2024-12-22T01:12:00Z,30.51043
2024-12-22T01:48:00Z,25.707178
2024-12-22T02:24:00Z,25.864307
2024-12-22T03:00:00Z,24.961332
2024-12-22T03:36:00Z,25.503876
2024-12-22T04:12:00Z,24.384201
2024-12-22T04:48:00Z,25.654526
2024-12-22T05:24:00Z,25.269886
2024-12-22T06:00:00Z,25.669899
2024-12-22T06:36:00Z,25.644455
2024-12-22T07:12:00Z,24.600826
2024-12-22T07:48:00Z,25.614973
2024-12-22T08:24:00Z,25.893032
2024-12-22T09:00:00Z,0
2024-12-22T09:36:00Z,24.11111
2024-12-22T10:12:00Z,0
2024-12-22T10:48:00Z,24.49236
2024-12-22T11:24:00Z,25.516644
2024-12-22T12:00:00Z,24.14768
2024-12-22T13:12:00Z,24.265436
2024-12-22T13:48:00Z,24.531204
2024-12-22T14:24:00Z,25.76359
2024-12-22T15:00:00Z,25.294363
2024-12-22T15:36:00Z,24.326591
2024-12-22T16:12:00Z,24.024353
2024-12-22T16:48:00Z,30.270264
2024-12-22T17:24:00Z,24.281685
2024-12-22T18:00:00Z,25.523655
2024-12-22T18:36:00Z,24.965002
2024-12-22T19:48:00Z,25.6845
2024-12-22T20:24:00Z,25.198778
2024-12-22T21:00:00Z,25.937256
2024-12-22T21:36:00Z,25.701107
2024-12-22T22:12:00Z,24.523085
2024-12-22T22:48:00Z,25.341396
2024-12-22T23:24:00Z,0
2024-12-23T00:00:00Z,25.449953
2024-12-23T00:36:00Z,24.018553
2024-12-23T01:12:00Z,25.84504
2024-12-23T01:48:00Z,25.16209
2024-12-23T02:24:00Z,25.6577
2024-12-23T03:00:00Z,0
2024-12-23T03:36:00Z,25.156939
2024-12-23T04:48:00Z,24.254812
2024-12-23T06:00:00Z,25.494692
2024-12-23T06:36:00Z,24.277227
2024-12-23T07:12:00Z,0
2024-12-23T07:48:00Z,24.725637
2024-12-23T08:24:00Z,24.55123
2024-12-23T09:00:00Z,24.873755
2024-12-23T09:36:00Z,0
2024-12-23T10:12:00Z,25.282366
2024-12-23T10:48:00Z,24.237469
2024-12-23T12:00:00Z,24.733047
2024-12-23T12:36:00Z,24.570896
2024-12-23T13:12:00Z,25.874746
2024-12-23T13:48:00Z,24.747044
2024-12-23T14:24:00Z,24.222773
2024-12-23T15:00:00Z,25.501581
2024-12-23T15:36:00Z,0
2024-12-23T16:12:00Z,24.131796
2024-12-23T16:48:00Z,24.70355
2024-12-23T17:24:00Z,25.733543
2024-12-23T18:00:00Z,24.744585
2024-12-23T18:36:00Z,24.25057
2024-12-23T19:12:00Z,25.830156
2024-12-23T21:36:00Z,25.656912
2024-12-23T22:12:00Z,30.225603
2024-12-23T22:48:00Z,24.61591
2024-12-23T23:24:00Z,24.643118
2024-12-24T00:00:00Z,25.82356
2024-12-24T00:36:00Z,24.813171
2024-12-24T01:12:00Z,25.705084
2024-12-24T01:48:00Z,24.476688
2024-12-24T02:24:00Z,24.936827
2024-12-24T03:00:00Z,24.073551
2024-12-24T03:36:00Z,24.93065
2024-12-24T04:12:00Z,24.17739
2024-12-24T04:48:00Z,25.022228
2024-12-24T05:24:00Z,24.144882
2024-12-24T06:00:00Z,25.369436
2024-12-24T06:36:00Z,24.097794
2024-12-24T07:12:00Z,25.895214
2024-12-24T07:48:00Z,30.698944
2024-12-24T08:24:00Z,24.48357
2024-12-24T09:00:00Z,24.283745
2024-12-24T09:36:00Z,25.773365
2024-12-24T10:12:00Z,25.310492
2024-12-24T10:48:00Z,29.281796
2024-12-24T11:24:00Z,0
2024-12-24T12:00:00Z,25.160652
2024-12-24T13:12:00Z,24.486298
2024-12-24T13:48:00Z,25.173004
2024-12-24T14:24:00Z,25.390265
2024-12-24T15:00:00Z,24.415903
2024-12-24T15:36:00Z,24.278242
2024-12-24T16:12:00Z,25.58116
2024-12-24T16:48:00Z,24.702438
2024-12-24T17:24:00Z,24.662237
2024-12-24T18:00:00Z,0
2024-12-24T18:36:00Z,25.68941
2024-12-24T19:12:00Z,24.964258
2024-12-24T19:48:00Z,25.91596
2024-12-24T21:00:00Z,25.118626
2024-12-24T21:36:00Z,0
2024-12-24T22:12:00Z,25.269495
2024-12-24T22:48:00Z,25.990818
2024-12-24T23:24:00Z,0
2024-12-25T00:00:00Z,29.857695
2024-12-25T00:36:00Z,24.71837
2024-12-25T01:12:00Z,25.084703
2024-12-25T01:48:00Z,24.367933
2024-12-25T02:24:00Z,24.771938
2024-12-25T03:00:00Z,24.319426
2024-12-25T04:12:00Z,25.294603
2024-12-25T04:48:00Z,24.263144
2024-12-25T05:24:00Z,25.872494
2024-12-25T06:00:00Z,0
2024-12-25T06:36:00Z,24.74333
2024-12-25T07:12:00Z,30.59731
2024-12-25T07:48:00Z,25.111475
2024-12-25T08:24:00Z,24.111633
2024-12-25T09:00:00Z,24.847235
2024-12-25T09:36:00Z,24.752514
2024-12-25T10:12:00Z,25.477192
2024-12-25T10:48:00Z,0
2024-12-25T11:24:00Z,24.601292
2024-12-25T12:36:00Z,24.611328
2024-12-25T13:12:00Z,25.85827
2024-12-25T13:48:00Z,24.849556
2024-12-25T15:00:00Z,25.774317
2024-12-25T15:36:00Z,24.55318
2024-12-25T16:12:00Z,29.422646
2024-12-25T16:48:00Z,25.833965
2024-12-25T17:24:00Z,24.817919
2024-12-25T18:36:00Z,24.892725
2024-12-25T19:12:00Z,25.229132
2024-12-25T19:48:00Z,24.902927
2024-12-25T20:24:00Z,25.554237
2024-12-25T21:36:00Z,24.713387
2024-12-25T22:48:00Z,24.504126
2024-12-25T23:24:00Z,25.88825
2024-12-26T01:12:00Z,24.866314
2024-12-26T01:48:00Z,24.857082
2024-12-26T02:24:00Z,24.379118
2024-12-26T03:00:00Z,24.756306
2024-12-26T03:36:00Z,24.176456
2024-12-26T04:48:00Z,25.770199
2024-12-26T05:24:00Z,24.102118
2024-12-26T06:00:00Z,24.515676
2024-12-26T06:36:00Z,30.474888
2024-12-26T07:12:00Z,0
2024-12-26T07:48:00Z,24.76918
2024-12-26T08:24:00Z,24.75881
2024-12-26T09:00:00Z,24.20267
2024-12-26T09:36:00Z,25.953905
2024-12-26T10:12:00Z,24.684671
2024-12-26T10:48:00Z,24.971792
2024-12-26T11:24:00Z,24.849195
2024-12-26T12:00:00Z,0
2024-12-26T12:36:00Z,24.437109
2024-12-26T13:12:00Z,25.98294
2024-12-26T13:48:00Z,25.863787
2024-12-26T14:24:00Z,24.387255
2024-12-26T15:00:00Z,24.059462
2024-12-26T15:36:00Z,24.724497
2024-12-26T16:12:00Z,0
2024-12-26T16:48:00Z,25.201061
2024-12-26T17:24:00Z,24.873451
2024-12-26T19:12:00Z,25.336216
2024-12-26T19:48:00Z,25.419016
2024-12-26T21:00:00Z,24.053974
2024-12-26T21:36:00Z,29.135519
2024-12-26T22:12:00Z,25.945784
2024-12-26T23:24:00Z,24.826586
2024-12-27T00:00:00Z,0
2024-12-27T00:36:00Z,25.543428
2024-12-27T01:12:00Z,24.444525
2024-12-27T01:48:00Z,24.774199
2024-12-27T02:24:00Z,0
2024-12-27T03:00:00Z,24.76211
2024-12-27T03:36:00Z,25.821985
2024-12-27T04:48:00Z,24.679087
2024-12-27T06:00:00Z,25.855383
2024-12-27T06:36:00Z,24.687902
2024-12-27T07:12:00Z,29.26298
2024-12-27T07:48:00Z,24.751873
2024-12-27T09:00:00Z,24.485218
2024-12-27T09:36:00Z,25.354801
2024-12-27T10:48:00Z,25.87678
2024-12-27T11:24:00Z,24.699556
2024-12-27T12:00:00Z,24.620153
2024-12-27T12:36:00Z,25.141382
2024-12-27T13:12:00Z,24.048206
2024-12-27T13:48:00Z,29.970469
2024-12-27T14:24:00Z,25.40242
2024-12-27T15:00:00Z,24.708193
2024-12-27T15:36:00Z,24.757202
2024-12-27T16:12:00Z,24.320562
2024-12-27T16:48:00Z,25.486958
2024-12-27T17:24:00Z,25.605831
2024-12-27T18:00:00Z,24.61875
2024-12-27T18:36:00Z,25.008509
2024-12-27T19:12:00Z,0
2024-12-27T19:48:00Z,25.414404
2024-12-27T20:24:00Z,25.65286
2024-12-27T21:00:00Z,25.103546
2024-12-27T21:36:00Z,24.98742
2024-12-27T22:12:00Z,25.92523
2024-12-27T22:48:00Z,24.844341
2024-12-27T23:24:00Z,0
2024-12-28T00:00:00Z,24.906168
2024-12-28T00:36:00Z,24.137625
2024-12-28T01:48:00Z,25.56594
2024-12-28T02:24:00Z,24.22267
2024-12-28T03:00:00Z,24.598892
2024-12-28T03:36:00Z,24.492348
2024-12-28T04:12:00Z,0
2024-12-28T04:48:00Z,24.82414
2024-12-28T05:24:00Z,25.994112
2024-12-28T06:00:00Z,24.636505
2024-12-28T06:36:00Z,24.84925
2024-12-28T07:12:00Z,25.725727
2024-12-28T07:48:00Z,24.163261
2024-12-28T08:24:00Z,25.296665
2024-12-28T09:00:00Z,25.54313
2024-12-28T09:36:00Z,29.415855
2024-12-28T10:12:00Z,0
2024-12-28T10:48:00Z,29.990643
2024-12-28T11:24:00Z,0
2024-12-28T12:00:00Z,24.984432
2024-12-28T12:36:00Z,25.022839
2024-12-28T13:12:00Z,0
2024-12-28T13:48:00Z,24.69578
2024-12-28T14:24:00Z,24.38967
2024-12-28T15:00:00Z,25.750086
2024-12-28T15:36:00Z,25.56394
2024-12-28T16:12:00Z,24.125347
2024-12-28T16:48:00Z,25.5485
2024-12-28T18:00:00Z,25.503113
2024-12-28T18:36:00Z,24.356138
2024-12-28T19:12:00Z,24.797201
2024-12-28T19:48:00Z,24.332111
2024-12-28T20:24:00Z,24.514128
2024-12-28T21:00:00Z,0
2024-12-28T21:36:00Z,25.242117
2024-12-28T22:12:00Z,25.926619
2024-12-28T22:48:00Z,0
2024-12-28T23:24:00Z,25.683798
2024-12-29T00:00:00Z,24.466272
2024-12-29T00:36:00Z,0
2024-12-29T01:12:00Z,24.332531
2024-12-29T01:48:00Z,25.03076
2024-12-29T02:24:00Z,0
2024-12-29T03:00:00Z,25.102663
2024-12-29T03:36:00Z,25.273907
2024-12-29T04:12:00Z,24.70344
2024-12-29T04:48:00Z,25.509016
2024-12-29T05:24:00Z,25.358728
2024-12-29T06:00:00Z,24.77424
2024-12-29T06:36:00Z,0
2024-12-29T07:12:00Z,24.21691
2024-12-29T07:48:00Z,24.91823
2024-12-29T08:24:00Z,0
2024-12-29T09:00:00Z,25.059168
2024-12-29T09:36:00Z,24.606821
2024-12-29T10:12:00Z,25.96723
2024-12-29T10:48:00Z,24.878588
2024-12-29T11:24:00Z,25.944202
2024-12-29T12:00:00Z,25.712986
2024-12-29T12:36:00Z,24.087852
2024-12-29T13:12:00Z,24.378462
2024-12-29T13:48:00Z,29.832039
2024-12-29T14:24:00Z,24.856009
2024-12-29T15:00:00Z,24.264177
2024-12-29T15:36:00Z,24.391026
2024-12-29T16:12:00Z,24.09486
2024-12-29T16:48:00Z,25.359097
2024-12-29T17:24:00Z,25.59671
2024-12-29T18:00:00Z,0
2024-12-29T18:36:00Z,24.511736
2024-12-29T19:12:00Z,24.054352
2024-12-29T19:48:00Z,25.928217
2024-12-29T20:24:00Z,25.602537
2024-12-29T21:00:00Z,24.16452
2024-12-29T21:36:00Z,24.437277
2024-12-29T22:12:00Z,25.724382
2024-12-29T23:24:00Z,24.56977
2024-12-30T00:00:00Z,29.399931
2024-12-30T00:36:00Z,25.043154
2024-12-30T01:12:00Z,24.674091
2024-12-30T01:48:00Z,0
2024-12-30T02:24:00Z,24.63676
2024-12-30T03:00:00Z,24.90347
2024-12-30T03:36:00Z,25.722555
2024-12-30T04:12:00Z,24.816164
2024-12-30T04:48:00Z,0
2024-12-30T05:24:00Z,30.199316
2024-12-30T06:00:00Z,0
2024-12-30T06:36:00Z,24.628181
2024-12-30T07:12:00Z,25.660643
2024-12-30T07:48:00Z,24.594936
2024-12-30T08:24:00Z,25.046608
2024-12-30T09:00:00Z,24.15899
2024-12-30T09:36:00Z,25.907064
2024-12-30T10:12:00Z,25.105646
2024-12-30T11:24:00Z,24.241375
2024-12-30T12:00:00Z,24.849627
2024-12-30T12:36:00Z,24.091545
2024-12-30T13:48:00Z,24.25168
2024-12-30T14:24:00Z,0
2024-12-30T15:00:00Z,25.4563
2024-12-30T15:36:00Z,24.046839
2024-12-30T16:12:00Z,24.09391
2024-12-30T16:48:00Z,25.202253
2024-12-30T17:24:00Z,0
2024-12-30T18:00:00Z,25.658567
2024-12-30T18:36:00Z,25.312971
2024-12-30T19:12:00Z,25.889341
2024-12-30T19:48:00Z,24.930666
2024-12-30T20:24:00Z,24.64457
2024-12-30T21:00:00Z,25.5884
2024-12-30T21:36:00Z,24.116196
2024-12-30T22:12:00Z,25.657377
2024-12-30T22:48:00Z,0
2024-12-30T23:24:00Z,25.803675
2024-12-31T00:00:00Z,25.689283
2024-12-31T00:36:00Z,0
2024-12-31T01:12:00Z,25.249287
2024-12-31T01:48:00Z,25.34025
2024-12-31T02:24:00Z,30.833675
2024-12-31T03:00:00Z,24.044853
2024-12-31T03:36:00Z,24.169777
2024-12-31T04:12:00Z,24.968645
2024-12-31T05:24:00Z,25.363306
2024-12-31T06:00:00Z,24.213099
2024-12-31T06:36:00Z,24.823208
2024-12-31T07:12:00Z,24.27142
2024-12-31T07:48:00Z,25.872602
2024-12-31T08:24:00Z,30.26507
2024-12-31T09:00:00Z,25.649078
2024-12-31T09:36:00Z,24.62352
2024-12-31T10:12:00Z,24.463026
2024-12-31T10:48:00Z,25.832802
2024-12-31T11:24:00Z,0
2024-12-31T12:00:00Z,24.193819
2024-12-31T12:36:00Z,25.81097
2024-12-31T13:12:00Z,24.580233
2024-12-31T14:24:00Z,24.378523
2024-12-31T15:36:00Z,25.1539
2024-12-31T16:12:00Z,25.856136
2024-12-31T16:48:00Z,24.763762
2024-12-31T17:24:00Z,25.877872
2024-12-31T18:36:00Z,24.435114
2024-12-31T19:12:00Z,24.212479
2024-12-31T19:48:00Z,24.762348
2024-12-31T20:24:00Z,24.369219
2024-12-31T21:00:00Z,24.401976
2024-12-31T21:36:00Z,30.576763
2024-12-31T22:12:00Z,25.538927
2024-12-31T23:24:00Z,24.118572
2025-01-01T00:00:00Z,24.127274
2025-01-01T00:36:00Z,24.68116
2025-01-01T02:24:00Z,24.073494
2025-01-01T03:00:00Z,25.214046
2025-01-01T03:36:00Z,24.07272
2025-01-01T04:12:00Z,25.753935
2025-01-01T04:48:00Z,24.165962
2025-01-01T05:24:00Z,25.985237
2025-01-01T06:00:00Z,24.982803
2025-01-01T06:36:00Z,30.701488
2025-01-01T07:12:00Z,0
2025-01-01T07:48:00Z,24.598822
2025-01-01T08:24:00Z,25.895922
2025-01-01T09:00:00Z,24.135193
2025-01-01T09:36:00Z,25.572023
2025-01-01T10:12:00Z,24.012066
2025-01-01T10:48:00Z,25.345568
2025-01-01T11:24:00Z,0
2025-01-01T12:00:00Z,24.658619
2025-01-01T12:36:00Z,25.69424
2025-01-01T13:12:00Z,25.701675
2025-01-01T13:48:00Z,0
2025-01-01T14:24:00Z,24.55176
2025-01-01T15:00:00Z,25.025694
2025-01-01T15:36:00Z,24.689445
2025-01-01T16:12:00Z,25.949173
2025-01-01T16:48:00Z,24.388388
2025-01-01T17:24:00Z,24.610657
2025-01-01T18:00:00Z,24.030632
2025-01-01T18:36:00Z,24.296099
2025-01-01T19:12:00Z,25.45906
2025-01-01T19:48:00Z,25.529785
2025-01-01T20:24:00Z,0
2025-01-01T21:00:00Z,25.001352
2025-01-01T21:36:00Z,25.86107
2025-01-01T22:48:00Z,24.447767
2025-01-01T23:24:00Z,25.305357
2025-01-02T00:00:00Z,25.70353
2025-01-02T00:36:00Z,24.502094
2025-01-02T01:12:00Z,24.868624
2025-01-02T01:48:00Z,0
2025-01-02T02:24:00Z,25.694899
2025-01-02T03:00:00Z,0
2025-01-02T03:36:00Z,24.506418
2025-01-02T04:48:00Z,24.89014
2025-01-02T05:24:00Z,24.16028
2025-01-02T06:00:00Z,24.363422
2025-01-02T06:36:00Z,30.56706
2025-01-02T07:12:00Z,25.513798
2025-01-02T07:48:00Z,24.993113
2025-01-02T08:24:00Z,25.83085
2025-01-02T09:00:00Z,25.557646
2025-01-02T09:36:00Z,0
2025-01-02T10:12:00Z,0
2025-01-02T10:48:00Z,25.295658
2025-01-02T11:24:00Z,24.740498
2025-01-02T12:00:00Z,25.18795
2025-01-02T12:36:00Z,24.538715
2025-01-02T13:12:00Z,25.641468
2025-01-02T13:48:00Z,0
2025-01-02T14:24:00Z,0
2025-01-02T15:00:00Z,24.218044
2025-01-02T15:36:00Z,0
2025-01-02T16:12:00Z,25.16932
2025-01-02T16:48:00Z,25.712646
2025-01-02T17:24:00Z,25.325232
2025-01-02T18:36:00Z,25.861208
2025-01-02T19:12:00Z,25.745573
2025-01-02T19:48:00Z,24.1401
2025-01-02T20:24:00Z,25.125412
2025-01-02T21:36:00Z,24.33034
2025-01-02T22:12:00Z,29.87234
2025-01-02T22:48:00Z,24.257814
2025-01-02T23:24:00Z,25.389816
2025-01-03T00:00:00Z,25.405298
2025-01-03T00:36:00Z,24.490952
2025-01-03T01:12:00Z,29.826185
2025-01-03T01:48:00Z,25.552485
2025-01-03T02:24:00Z,24.146965
2025-01-03T03:00:00Z,25.65356
2025-01-03T03:36:00Z,0
2025-01-03T04:12:00Z,25.375414
2025-01-03T04:48:00Z,24.016182
2025-01-03T05:24:00Z,25.755949
2025-01-03T06:00:00Z,25.1141
2025-01-03T06:36:00Z,25.090517
2025-01-03T07:12:00Z,0
2025-01-03T07:48:00Z,24.727837
2025-01-03T08:24:00Z,25.922493
2025-01-03T09:36:00Z,25.618212
2025-01-03T10:12:00Z,24.451075
2025-01-03T10:48:00Z,24.06586
2025-01-03T11:24:00Z,25.220385
2025-01-03T12:00:00Z,24.322065
2025-01-03T13:12:00Z,25.547617
2025-01-03T13:48:00Z,24.175865
2025-01-03T14:24:00Z,25.376495
2025-01-03T15:00:00Z,24.738272
2025-01-03T15:36:00Z,24.576235
2025-01-03T16:12:00Z,25.38396
2025-01-03T16:48:00Z,25.67745
2025-01-03T17:24:00Z,24.893522
2025-01-03T18:00:00Z,30.472548
2025-01-03T18:36:00Z,24.272772
2025-01-03T19:12:00Z,24.37932
2025-01-03T19:48:00Z,25.16202
2025-01-03T20:24:00Z,24.032255
2025-01-03T21:00:00Z,29.90634
2025-01-03T21:36:00Z,0
2025-01-03T22:12:00Z,25.36798
2025-01-03T22:48:00Z,24.446505
2025-01-03T23:24:00Z,25.696611
2025-01-04T00:00:00Z,0
2025-01-04T00:36:00Z,25.07136
2025-01-04T01:12:00Z,25.596642
2025-01-04T01:48:00Z,25.408676
2025-01-04T02:24:00Z,0
2025-01-04T03:00:00Z,25.929987
2025-01-04T03:36:00Z,25.638165
2025-01-04T04:12:00Z,24.69074
2025-01-04T04:48:00Z,25.764997
2025-01-04T05:24:00Z,24.063347
2025-01-04T06:00:00Z,25.754488
2025-01-04T06:36:00Z,24.665062
2025-01-04T07:48:00Z,25.708881
2025-01-04T08:24:00Z,29.402431
2025-01-04T09:00:00Z,0
2025-01-04T09:36:00Z,25.911602
2025-01-04T10:12:00Z,25.668358
2025-01-04T10:48:00Z,24.808683
2025-01-04T11:24:00Z,24.40189
2025-01-04T12:00:00Z,24.47229
2025-01-04T12:36:00Z,25.718204
2025-01-04T13:12:00Z,25.894936
2025-01-04T13:48:00Z,24.232664
2025-01-04T14:24:00Z,25.754921
2025-01-04T15:36:00Z,24.771685
2025-01-04T16:12:00Z,25.392296
2025-01-04T17:24:00Z,24.214075
2025-01-04T18:00:00Z,0
2025-01-04T18:36:00Z,25.947023
2025-01-04T19:12:00Z,24.927591
2025-01-04T19:48:00Z,24.650969
2025-01-04T20:24:00Z,25.467758
2025-01-04T21:00:00Z,25.367199
2025-01-04T21:36:00Z,24.500141
2025-01-04T22:12:00Z,25.73877
2025-01-04T22:48:00Z,25.881113
2025-01-04T23:24:00Z,24.051003
2025-01-05T00:00:00Z,25.013788
2025-01-05T00:36:00Z,24.113264
2025-01-05T01:12:00Z,24.893349
2025-01-05T01:48:00Z,24.285513
2025-01-05T02:24:00Z,25.213867
2025-01-05T03:00:00Z,24.064377
2025-01-05T03:36:00Z,25.744202
2025-01-05T04:12:00Z,24.601418
2025-01-05T05:24:00Z,25.486643
2025-01-05T06:00:00Z,24.096859
2025-01-05T07:12:00Z,25.704342
2025-01-05T07:48:00Z,25.031801
2025-01-05T08:24:00Z,25.759148
2025-01-05T09:00:00Z,30.806501
2025-01-05T09:36:00Z,0
2025-01-05T10:12:00Z,24.807375
2025-01-05T10:48:00Z,24.16716
2025-01-05T11:24:00Z,25.200996
2025-01-05T12:00:00Z,25.396078
2025-01-05T13:12:00Z,24.097815
2025-01-05T13:48:00Z,24.59984
2025-01-05T14:24:00Z,24.126957
2025-01-05T15:00:00Z,25.219177
2025-01-05T15:36:00Z,25.789795
2025-01-05T16:12:00Z,24.963842
2025-01-05T16:48:00Z,30.329668
2025-01-05T17:24:00Z,24.970222
2025-01-05T18:00:00Z,24.443604
2025-01-05T18:36:00Z,24.771769
2025-01-05T19:12:00Z,24.06271
2025-01-05T19:48:00Z,25.826065
2025-01-05T20:24:00Z,25.225538
2025-01-05T21:00:00Z,24.091497
2025-01-05T21:36:00Z,25.945826
2025-01-05T22:48:00Z,25.074493
2025-01-05T23:24:00Z,24.17223
2025-01-06T00:00:00Z,25.283493
2025-01-06T00:36:00Z,29.823774
2025-01-06T01:12:00Z,0
2025-01-06T01:48:00Z,24.637419
2025-01-06T02:24:00Z,24.119493
2025-01-06T04:12:00Z,24.13841
2025-01-06T04:48:00Z,25.990152
2025-01-06T05:24:00Z,24.129522
2025-01-06T06:00:00Z,25.898586
2025-01-06T06:36:00Z,0
2025-01-06T07:12:00Z,24.76279
2025-01-06T07:48:00Z,30.930298
2025-01-06T08:24:00Z,24.68114
2025-01-06T09:36:00Z,24.920057
2025-01-06T10:12:00Z,25.724812
2025-01-06T10:48:00Z,25.871881
2025-01-06T11:24:00Z,25.30108
2025-01-06T12:00:00Z,25.999737
2025-01-06T12:36:00Z,24.291183
2025-01-06T13:12:00Z,24.777601
2025-01-06T13:48:00Z,25.724962
2025-01-06T14:24:00Z,25.682032
2025-01-06T15:00:00Z,24.029438
2025-01-06T15:36:00Z,25.988064
2025-01-06T16:12:00Z,30.64142
2025-01-06T16:48:00Z,0
2025-01-06T17:24:00Z,25.578617
2025-01-06T19:48:00Z,24.95714
2025-01-06T20:24:00Z,25.528847
2025-01-06T21:00:00Z,24.906881
2025-01-06T21:36:00Z,0
2025-01-06T22:12:00Z,24.334822
2025-01-06T22:48:00Z,24.621689
2025-01-06T23:24:00Z,25.686361
2025-01-07T00:00:00Z,29.220146
2025-01-07T00:36:00Z,0
2025-01-07T01:12:00Z,25.814594
2025-01-07T01:48:00Z,24.73739
2025-01-07T02:24:00Z,25.93764
2025-01-07T03:00:00Z,29.69909
2025-01-07T03:36:00Z,24.02911
2025-01-07T04:12:00Z,25.162962
2025-01-07T06:00:00Z,24.751417
2025-01-07T06:36:00Z,25.11193
2025-01-07T08:24:00Z,25.277172
2025-01-07T09:00:00Z,24.762262
2025-01-07T09:36:00Z,25.743895
2025-01-07T10:12:00Z,29.737648
2025-01-07T10:48:00Z,25.741068
2025-01-07T11:24:00Z,25.900736
2025-01-07T12:00:00Z,24.347012
2025-01-07T12:36:00Z,25.147491
2025-01-07T13:12:00Z,0
2025-01-07T13:48:00Z,24.640234
2025-01-07T14:24:00Z,24.249374
2025-01-07T15:00:00Z,25.151772
2025-01-07T15:36:00Z,24.202742
2025-01-07T16:12:00Z,25.816593
2025-01-07T16:48:00Z,24.905556
2025-01-07T17:24:00Z,25.587212
2025-01-07T18:00:00Z,24.070105
2025-01-07T18:36:00Z,24.863825
2025-01-07T19:48:00Z,25.249283
2025-01-07T20:24:00Z,0
2025-01-07T21:00:00Z,24.612844
2025-01-07T21:36:00Z,0
2025-01-07T22:12:00Z,25.636152
2025-01-07T22:48:00Z,24.229244
2025-01-07T23:24:00Z,24.202793
2025-01-08T00:00:00Z,0
2025-01-08T00:36:00Z,29.010292
2025-01-08T01:12:00Z,25.733849
2025-01-08T01:48:00Z,24.065556
2025-01-08T02:24:00Z,24.771523
2025-01-08T03:00:00Z,0
2025-01-08T03:36:00Z,24.324772
2025-01-08T04:12:00Z,25.392004
2025-01-08T05:24:00Z,24.326271
2025-01-08T06:00:00Z,30.812973
2025-01-08T06:36:00Z,25.360884
2025-01-08T07:12:00Z,0
2025-01-08T07:48:00Z,25.204315
2025-01-08T08:24:00Z,0
2025-01-08T09:00:00Z,25.800528
2025-01-08T09:36:00Z,25.765797
2025-01-08T10:12:00Z,24.264208
2025-01-08T10:48:00Z,30.82365
2025-01-08T11:24:00Z,25.857645
2025-01-08T12:00:00Z,25.209675
2025-01-08T12:36:00Z,25.009537
2025-01-08T13:48:00Z,25.704426
2025-01-08T14:24:00Z,24.574636
2025-01-08T15:00:00Z,24.990038
2025-01-08T15:36:00Z,24.170214
2025-01-08T16:12:00Z,24.303959
2025-01-08T16:48:00Z,25.53698
2025-01-08T17:24:00Z,24.054317
2025-01-08T18:00:00Z,29.887241
2025-01-08T18:36:00Z,25.129236
2025-01-08T19:12:00Z,25.812916
2025-01-08T19:48:00Z,25.61799
2025-01-08T20:24:00Z,24.95979
2025-01-08T21:00:00Z,25.659262
2025-01-08T22:48:00Z,24.977694
2025-01-08T23:24:00Z,24.039059
2025-01-09T00:00:00Z,25.550417
2025-01-09T00:36:00Z,25.840034
2025-01-09T01:12:00Z,24.71355
2025-01-09T01:48:00Z,24.307632
2025-01-09T02:24:00Z,0
2025-01-09T03:00:00Z,24.216885
2025-01-09T03:36:00Z,24.037949
2025-01-09T04:48:00Z,25.08343
2025-01-09T05:24:00Z,25.423786
2025-01-09T06:00:00Z,24.611675
2025-01-09T06:36:00Z,25.20281
2025-01-09T07:12:00Z,24.441238
2025-01-09T07:48:00Z,25.274069
2025-01-09T08:24:00Z,25.705315
2025-01-09T09:00:00Z,24.53048
2025-01-09T09:36:00Z,25.30045
2025-01-09T10:12:00Z,0
2025-01-09T10:48:00Z,24.877007
2025-01-09T11:24:00Z,24.472416
2025-01-09T12:00:00Z,25.749424
2025-01-09T12:36:00Z,24.127455
2025-01-09T13:48:00Z,25.900509
2025-01-09T14:24:00Z,30.46241
2025-01-09T15:00:00Z,25.348318
2025-01-09T15:36:00Z,24.03944
2025-01-09T16:12:00Z,24.836369
2025-01-09T16:48:00Z,24.309746
2025-01-09T17:24:00Z,29.955845
2025-01-09T18:00:00Z,25.494719
2025-01-09T18:36:00Z,25.985186
2025-01-09T19:12:00Z,25.629295
2025-01-09T19:48:00Z,29.663162
2025-01-09T20:24:00Z,25.001028
2025-01-09T21:00:00Z,24.75993
2025-01-09T21:36:00Z,29.318434
2025-01-09T22:12:00Z,24.055931
2025-01-09T22:48:00Z,25.564772
2025-01-09T23:24:00Z,24.723137
2025-01-10T00:00:00Z,24.610628
2025-01-10T00:36:00Z,24.012024
2025-01-10T01:12:00Z,24.528933
2025-01-10T01:48:00Z,25.590565
2025-01-10T03:00:00Z,25.408424
2025-01-10T03:36:00Z,24.080626
2025-01-10T04:48:00Z,24.82028
2025-01-10T06:00:00Z,24.09902
2025-01-10T06:36:00Z,24.646097
2025-01-10T07:12:00Z,24.16387
2025-01-10T07:48:00Z,0
2025-01-10T08:24:00Z,0
2025-01-10T09:00:00Z,25.506811
2025-01-10T10:12:00Z,25.694433
2025-01-10T10:48:00Z,25.002771
2025-01-10T11:24:00Z,25.5647
2025-01-10T12:00:00Z,24.637762
2025-01-10T12:36:00Z,24.70834
2025-01-10T13:12:00Z,25.827148
2025-01-10T13:48:00Z,25.33069
2025-01-10T14:24:00Z,25.404022
2025-01-10T15:00:00Z,24.062994
2025-01-10T15:36:00Z,30.604004
2025-01-10T16:12:00Z,25.885323
2025-01-10T16:48:00Z,24.346548
2025-01-10T17:24:00Z,25.181091
2025-01-10T18:00:00Z,24.364124
2025-01-10T18:36:00Z,30.389456
2025-01-10T19:12:00Z,25.437313
2025-01-10T19:48:00Z,24.060062
2025-01-10T20:24:00Z,24.396727
2025-01-10T21:00:00Z,29.78885
2025-01-10T21:36:00Z,0
2025-01-10T22:12:00Z,24.98658
2025-01-10T22:48:00Z,0
2025-01-10T23:24:00Z,25.525408
2025-01-11T00:00:00Z,25.825548
2025-01-11T00:36:00Z,24.560465
2025-01-11T01:12:00Z,24.419521
2025-01-11T01:48:00Z,24.717426
2025-01-11T02:24:00Z,29.19189
2025-01-11T03:00:00Z,25.649992
2025-01-11T03:36:00Z,24.680523
2025-01-11T04:48:00Z,24.725601
2025-01-11T05:24:00Z,25.543215
2025-01-11T06:00:00Z,0
2025-01-11T06:36:00Z,30.798714
2025-01-11T07:12:00Z,0
2025-01-11T07:48:00Z,24.321169
2025-01-11T08:24:00Z,24.727867
2025-01-11T09:00:00Z,24.351435
2025-01-11T09:36:00Z,24.511185
2025-01-11T10:12:00Z,24.151968
2025-01-11T11:24:00Z,25.17474
2025-01-11T12:00:00Z,24.408512
2025-01-11T12:36:00Z,24.661882
2025-01-11T13:12:00Z,25.61301
2025-01-11T13:48:00Z,24.207666
2025-01-11T14:24:00Z,24.691446
2025-01-11T15:00:00Z,25.674536
2025-01-11T15:36:00Z,25.941944
2025-01-11T16:12:00Z,24.054937
2025-01-11T17:24:00Z,24.845701
2025-01-11T18:00:00Z,25.808865
2025-01-11T18:36:00Z,25.523796
2025-01-11T19:12:00Z,0
2025-01-11T19:48:00Z,24.674606
2025-01-11T20:24:00Z,24.056757
2025-01-11T21:00:00Z,25.558865
2025-01-11T21:36:00Z,29.496578
2025-01-11T22:12:00Z,24.268433
2025-01-11T22:48:00Z,25.125132
2025-01-11T23:24:00Z,24.450857
2025-01-12T00:00:00Z,24.435902
2025-01-12T00:36:00Z,25.587439
2025-01-12T01:12:00Z,24.382317
2025-01-12T01:48:00Z,25.45621
2025-01-12T02:24:00Z,25.751059
2025-01-12T03:00:00Z,29.48891
2025-01-12T03:36:00Z,0
2025-01-12T04:12:00Z,25.60383
2025-01-12T04:48:00Z,25.332
2025-01-12T06:36:00Z,25.78203
2025-01-12T07:12:00Z,25.558153
2025-01-12T07:48:00Z,24.533768
2025-01-12T08:24:00Z,24.310465
2025-01-12T09:00:00Z,25.998213
2025-01-12T10:48:00Z,24.453524
2025-01-12T11:24:00Z,0
2025-01-12T12:00:00Z,25.742205
2025-01-12T12:36:00Z,30.9799
2025-01-12T13:12:00Z,25.547794
2025-01-12T13:48:00Z,25.788393
2025-01-12T14:24:00Z,25.31066
2025-01-12T15:00:00Z,24.090775
2025-01-12T15:36:00Z,25.766308
2025-01-12T16:12:00Z,24.626728
2025-01-12T16:48:00Z,25.353424
2025-01-12T17:24:00Z,24.151697
2025-01-12T18:00:00Z,25.84489
2025-01-12T18:36:00Z,24.27226
2025-01-12T19:12:00Z,30.223866
2025-01-12T19:48:00Z,0
2025-01-12T20:24:00Z,25.98198
2025-01-12T21:00:00Z,25.175987
2025-01-12T21:36:00Z,25.922443
2025-01-12T22:12:00Z,25.098242
2025-01-12T23:24:00Z,24.668488
2025-01-13T00:00:00Z,30.317223
2025-01-13T00:36:00Z,24.813822
2025-01-13T01:12:00Z,29.609955
2025-01-13T01:48:00Z,24.293043
2025-01-13T02:24:00Z,29.37634
2025-01-13T03:00:00Z,25.419872
2025-01-13T03:36:00Z,25.402025
2025-01-13T04:12:00Z,0
2025-01-13T04:48:00Z,24.524487
2025-01-13T06:00:00Z,25.045296
2025-01-13T07:12:00Z,24.087904
2025-01-13T08:24:00Z,25.225952
2025-01-13T09:36:00Z,25.57992
2025-01-13T10:12:00Z,30.54744
2025-01-13T10:48:00Z,25.170868
2025-01-13T12:36:00Z,24.58246
2025-01-13T13:12:00Z,0
2025-01-13T13:48:00Z,25.313005
2025-01-13T14:24:00Z,25.484285
2025-01-13T15:00:00Z,24.498878
2025-01-13T16:12:00Z,24.38502
2025-01-13T16:48:00Z,24.835695
2025-01-13T17:24:00Z,30.386616
2025-01-13T18:00:00Z,24.403173
2025-01-13T18:36:00Z,24.657555
2025-01-13T19:12:00Z,29.010258
2025-01-13T19:48:00Z,25.841885
2025-01-13T20:24:00Z,25.433115
2025-01-13T21:00:00Z,25.938414
2025-01-13T21:36:00Z,25.56053
2025-01-13T22:12:00Z,30.52104
2025-01-13T22:48:00Z,0
2025-01-13T23:24:00Z,24.675007
2025-01-14T00:36:00Z,24.236773
2025-01-14T01:12:00Z,24.390394
2025-01-14T01:48:00Z,24.961395
2025-01-14T02:24:00Z,0
2025-01-14T03:00:00Z,25.966377
2025-01-14T03:36:00Z,25.00269
2025-01-14T04:12:00Z,24.534983
2025-01-14T04:48:00Z,30.247997
2025-01-14T05:24:00Z,0
2025-01-14T06:00:00Z,0
2025-01-14T06:36:00Z,25.17013
2025-01-14T07:12:00Z,29.879543
2025-01-14T07:48:00Z,0
2025-01-14T08:24:00Z,25.905663
2025-01-14T09:00:00Z,25.388731
2025-01-14T09:36:00Z,24.143976
2025-01-14T10:48:00Z,24.042719
2025-01-14T12:00:00Z,25.679737
2025-01-14T12:36:00Z,25.369911
2025-01-14T13:48:00Z,25.809013
2025-01-14T14:24:00Z,25.606558
2025-01-14T15:00:00Z,24.118692
2025-01-14T15:36:00Z,24.854254
2025-01-14T16:12:00Z,24.703629
2025-01-14T16:48:00Z,24.006777
2025-01-14T17:24:00Z,25.842466
2025-01-14T18:00:00Z,25.771173
2025-01-14T18:36:00Z,24.016363
2025-01-14T20:24:00Z,25.050318
2025-01-14T21:00:00Z,0
2025-01-14T21:36:00Z,25.677217
2025-01-14T22:12:00Z,24.976137
2025-01-14T22:48:00Z,25.27102
2025-01-14T23:24:00Z,29.057846
2025-01-15T00:00:00Z,0
2025-01-15T00:36:00Z,24.028885
2025-01-15T01:12:00Z,0
2025-01-15T01:48:00Z,25.971638
2025-01-15T02:24:00Z,24.579695
2025-01-15T03:00:00Z,25.7991
2025-01-15T04:12:00Z,25.142237
2025-01-15T04:48:00Z,30.38717
2025-01-15T05:24:00Z,25.512478
2025-01-15T06:00:00Z,25.970165
2025-01-15T06:36:00Z,25.552755
2025-01-15T07:12:00Z,29.270378
2025-01-15T07:48:00Z,0
2025-01-15T08:24:00Z,24.009888
2025-01-15T09:00:00Z,25.876005
2025-01-15T09:36:00Z,25.492012
2025-01-15T10:12:00Z,0
2025-01-15T10:48:00Z,24.413876
2025-01-15T11:24:00Z,24.635868
2025-01-15T12:00:00Z,24.380718
2025-01-15T12:36:00Z,24.848648
2025-01-15T13:48:00Z,24.362661
2025-01-15T14:24:00Z,25.761076
2025-01-15T15:00:00Z,0
2025-01-15T15:36:00Z,25.400764
2025-01-15T16:12:00Z,25.984703
2025-01-15T16:48:00Z,24.51325
2025-01-15T17:24:00Z,25.955254
2025-01-15T18:00:00Z,25.060743
2025-01-15T19:48:00Z,25.302515
2025-01-15T20:24:00Z,25.702082
2025-01-15T21:00:00Z,25.11128
2025-01-15T21:36:00Z,25.554554
2025-01-15T22:12:00Z,25.086018
2025-01-15T22:48:00Z,29.587967
2025-01-15T23:24:00Z,25.234594
2025-01-16T00:00:00Z,25.54244
2025-01-16T00:36:00Z,24.556007
2025-01-16T01:12:00Z,25.330305
2025-01-16T03:00:00Z,25.055805
2025-01-16T03:36:00Z,25.83576
2025-01-16T04:12:00Z,25.20951
2025-01-16T04:48:00Z,25.76159
2025-01-16T06:00:00Z,24.07278
2025-01-16T06:36:00Z,29.17436
2025-01-16T07:12:00Z,24.412285
2025-01-16T07:48:00Z,24.72287
2025-01-16T08:24:00Z,25.503695
2025-01-16T09:00:00Z,25.0484
2025-01-16T09:36:00Z,30.107697
2025-01-16T10:12:00Z,0
2025-01-16T10:48:00Z,29.536959
2025-01-16T11:24:00Z,24.593872
2025-01-16T12:00:00Z,24.13549
2025-01-16T12:36:00Z,24.156513
2025-01-16T13:48:00Z,25.83631
2025-01-16T14:24:00Z,0
2025-01-16T15:00:00Z,25.164782
2025-01-16T16:12:00Z,25.97252
2025-01-16T16:48:00Z,0
2025-01-16T17:24:00Z,24.675869
2025-01-16T19:48:00Z,24.134157
2025-01-16T20:24:00Z,25.603157
2025-01-16T21:00:00Z,24.611666
2025-01-16T21:36:00Z,0
2025-01-16T22:12:00Z,24.847912
2025-01-16T22:48:00Z,25.321323
2025-01-17T00:00:00Z,24.878931
2025-01-17T00:36:00Z,24.109379
2025-01-17T01:12:00Z,25.198431
2025-01-17T01:48:00Z,25.572828
2025-01-17T02:24:00Z,24.818298
2025-01-17T03:00:00Z,25.266747
2025-01-17T03:36:00Z,24.225897
2025-01-17T04:12:00Z,25.76024
2025-01-17T04:48:00Z,25.908978
2025-01-17T05:24:00Z,24.09656
2025-01-17T06:00:00Z,30.415653
2025-01-17T06:36:00Z,0
2025-01-17T07:12:00Z,30.833801
2025-01-17T07:48:00Z,25.823774
2025-01-17T09:00:00Z,25.98454
2025-01-17T09:36:00Z,29.855722
2025-01-17T10:12:00Z,24.7046
2025-01-17T11:24:00Z,24.712133
2025-01-17T12:00:00Z,24.180883
2025-01-17T12:36:00Z,25.42679
2025-01-17T13:12:00Z,24.100977
2025-01-17T13:48:00Z,0
2025-01-17T14:24:00Z,25.115543
2025-01-17T15:00:00Z,25.71082
2025-01-17T15:36:00Z,25.856853
2025-01-17T16:12:00Z,24.394943
2025-01-17T16:48:00Z,24.406858
2025-01-17T17:24:00Z,24.829746
2025-01-17T18:00:00Z,24.294287
2025-01-17T19:12:00Z,25.375546
2025-01-17T19:48:00Z,0
2025-01-17T20:24:00Z,24.622402
2025-01-17T21:00:00Z,24.350729
2025-01-17T21:36:00Z,25.972498
2025-01-18T00:00:00Z,24.995289
2025-01-18T00:36:00Z,0
2025-01-18T01:12:00Z,24.298536
2025-01-18T02:24:00Z,25.525846
2025-01-18T03:00:00Z,0
2025-01-18T03:36:00Z,25.112265
2025-01-18T04:12:00Z,25.984747
2025-01-18T04:48:00Z,24.067839
2025-01-18T05:24:00Z,24.980507
2025-01-18T06:36:00Z,25.409485
2025-01-18T07:12:00Z,24.658329
2025-01-18T07:48:00Z,0
2025-01-18T08:24:00Z,25.343157
2025-01-18T10:12:00Z,25.19637
2025-01-18T11:24:00Z,24.315756
2025-01-18T12:00:00Z,24.898699
2025-01-18T12:36:00Z,24.341711
2025-01-18T13:48:00Z,24.792654
2025-01-18T14:24:00Z,24.324816
2025-01-18T15:00:00Z,24.904621
2025-01-18T15:36:00Z,24.138794
2025-01-18T16:12:00Z,24.68585
2025-01-18T16:48:00Z,0
2025-01-18T17:24:00Z,24.357872
2025-01-18T18:00:00Z,24.317839
2025-01-18T18:36:00Z,25.321142
2025-01-18T19:12:00Z,24.261702
2025-01-18T19:48:00Z,24.96143
2025-01-18T20:24:00Z,0
2025-01-18T21:00:00Z,30.179893
2025-01-18T21:36:00Z,24.169888
2025-01-18T22:12:00Z,30.296663
2025-01-18T22:48:00Z,25.440222
2025-01-18T23:24:00Z,25.599287
2025-01-19T00:36:00Z,24.773483
2025-01-19T01:12:00Z,25.192001
2025-01-19T01:48:00Z,24.230677
2025-01-19T03:00:00Z,25.580448
2025-01-19T03:36:00Z,29.957167
2025-01-19T04:12:00Z,0
2025-01-19T04:48:00Z,24.726477
2025-01-19T06:36:00Z,25.56661
2025-01-19T07:12:00Z,0
2025-01-19T07:48:00Z,24.131166
2025-01-19T08:24:00Z,25.87905
2025-01-19T09:00:00Z,25.399166
2025-01-19T10:12:00Z,25.74657
2025-01-19T10:48:00Z,24.71064
2025-01-19T12:00:00Z,25.804905
2025-01-19T12:36:00Z,24.164684
2025-01-19T13:12:00Z,0
2025-01-19T13:48:00Z,25.993813
2025-01-19T14:24:00Z,30.080965
2025-01-19T15:00:00Z,24.763395
2025-01-19T16:12:00Z,25.044054
2025-01-19T16:48:00Z,0
2025-01-19T17:24:00Z,24.96772
2025-01-19T18:36:00Z,24.472485
2025-01-19T19:12:00Z,0
2025-01-19T19:48:00Z,25.237045
2025-01-19T20:24:00Z,29.488188
2025-01-19T21:00:00Z,0
2025-01-19T21:36:00Z,25.797619
2025-01-19T22:48:00Z,24.92368
2025-01-20T00:36:00Z,25.259914
2025-01-20T01:12:00Z,0
2025-01-20T01:48:00Z,24.662798
2025-01-20T02:24:00Z,25.062656
2025-01-20T03:00:00Z,24.528929
2025-01-20T03:36:00Z,25.983936
2025-01-20T04:12:00Z,25.178007
2025-01-20T04:48:00Z,25.108416
2025-01-20T05:24:00Z,25.869308
2025-01-20T06:36:00Z,24.5403
2025-01-20T07:12:00Z,25.773077
2025-01-20T08:24:00Z,24.804012
2025-01-20T09:36:00Z,25.67908
2025-01-20T10:12:00Z,25.323624
2025-01-20T10:48:00Z,0
2025-01-20T11:24:00Z,24.977943
2025-01-20T12:00:00Z,25.590214
2025-01-20T12:36:00Z,24.788797
2025-01-20T13:48:00Z,25.72228
2025-01-20T14:24:00Z,24.155493
2025-01-20T15:00:00Z,25.150063
2025-01-20T15:36:00Z,24.462677
2025-01-20T16:12:00Z,25.369736
2025-01-20T16:48:00Z,25.683233
2025-01-20T17:24:00Z,29.60448
2025-01-20T18:00:00Z,25.932367
2025-01-20T18:36:00Z,24.803762
2025-01-20T19:12:00Z,25.262001
2025-01-20T20:24:00Z,24.86904
2025-01-20T21:36:00Z,25.902115
2025-01-20T22:12:00Z,30.772757
2025-01-20T22:48:00Z,0
2025-01-20T23:24:00Z,25.497684
2025-01-21T00:00:00Z,25.768663
2025-01-21T00:36:00Z,29.037603
2025-01-21T01:12:00Z,25.217602
2025-01-21T01:48:00Z,25.008093
2025-01-21T02:24:00Z,29.250687
2025-01-21T03:00:00Z,0
2025-01-21T03:36:00Z,24.643373
2025-01-21T04:48:00Z,25.5641
2025-01-21T05:24:00Z,25.442926
2025-01-21T06:00:00Z,24.785938
2025-01-21T06:36:00Z,0
2025-01-21T07:12:00Z,24.194212
2025-01-21T07:48:00Z,24.612232
2025-01-21T08:24:00Z,25.86765
2025-01-21T09:00:00Z,29.526026
2025-01-21T09:36:00Z,25.703367
2025-01-21T10:12:00Z,25.932669
2025-01-21T10:48:00Z,24.394705
2025-01-21T11:24:00Z,25.25712
2025-01-21T12:36:00Z,24.567766
2025-01-21T13:48:00Z,25.794106
2025-01-21T15:00:00Z,24.772102
2025-01-21T15:36:00Z,25.402288
2025-01-21T16:12:00Z,24.892256
2025-01-21T16:48:00Z,25.702784
2025-01-21T17:24:00Z,24.350548
2025-01-21T18:36:00Z,25.8792
2025-01-21T19:12:00Z,25.790773
2025-01-21T19:48:00Z,24.092344
2025-01-21T21:00:00Z,25.56033
2025-01-21T21:36:00Z,24.364117
2025-01-21T22:12:00Z,25.75164
2025-01-21T22:48:00Z,24.787323
2025-01-21T23:24:00Z,24.919456
2025-01-22T00:00:00Z,25.74003
2025-01-22T01:12:00Z,25.063448
2025-01-22T01:48:00Z,25.685585
2025-01-22T02:24:00Z,24.085617
2025-01-22T03:00:00Z,24.991123
2025-01-22T03:36:00Z,24.77253
2025-01-22T04:12:00Z,25.51134
2025-01-22T04:48:00Z,25.14536
2025-01-22T05:24:00Z,25.272514
2025-01-22T06:00:00Z,0
2025-01-22T06:36:00Z,25.880682
2025-01-22T07:48:00Z,25.111118
2025-01-22T08:24:00Z,25.341953
2025-01-22T09:00:00Z,30.46111
2025-01-22T09:36:00Z,24.708149
2025-01-22T10:12:00Z,25.511257
2025-01-22T11:24:00Z,25.780527
2025-01-22T12:00:00Z,24.940392
2025-01-22T12:36:00Z,29.594011
2025-01-22T13:12:00Z,25.408937
2025-01-22T13:48:00Z,24.038727
2025-01-22T14:24:00Z,25.525454
2025-01-22T15:00:00Z,24.822832
2025-01-22T16:12:00Z,25.667488
2025-01-22T16:48:00Z,24.693459
2025-01-22T17:24:00Z,25.946829
2025-01-22T18:00:00Z,25.74609
2025-01-22T18:36:00Z,0
2025-01-22T19:12:00Z,24.821983
2025-01-22T19:48:00Z,24.600422
2025-01-22T20:24:00Z,25.979
2025-01-22T21:00:00Z,25.944368
2025-01-22T21:36:00Z,24.468832
2025-01-22T22:12:00Z,25.37347
2025-01-22T22:48:00Z,24.127302
2025-01-23T00:36:00Z,24.368711
2025-01-23T01:12:00Z,25.45993
2025-01-23T01:48:00Z,25.692167
2025-01-23T02:24:00Z,25.497482
2025-01-23T03:00:00Z,0
2025-01-23T03:36:00Z,25.07477
2025-01-23T04:12:00Z,30.454908
2025-01-23T04:48:00Z,0
2025-01-23T05:24:00Z,25.73775
2025-01-23T06:00:00Z,24.746105
2025-01-23T06:36:00Z,29.037098
2025-01-23T07:12:00Z,24.045448
2025-01-23T08:24:00Z,25.87173
2025-01-23T09:00:00Z,25.346334
2025-01-23T09:36:00Z,24.283234
2025-01-23T10:12:00Z,25.919863
2025-01-23T10:48:00Z,25.047564
2025-01-23T11:24:00Z,25.8302
2025-01-23T12:00:00Z,25.861378
2025-01-23T12:36:00Z,24.036844
2025-01-23T13:12:00Z,24.475159
2025-01-23T13:48:00Z,24.062176
2025-01-23T14:24:00Z,25.789967
2025-01-23T15:00:00Z,25.676022
2025-01-23T15:36:00Z,24.416506
2025-01-23T16:12:00Z,24.806807
2025-01-23T16:48:00Z,0
2025-01-23T17:24:00Z,24.971512
2025-01-23T18:00:00Z,25.9406
2025-01-23T18:36:00Z,24.07754
2025-01-23T19:48:00Z,25.299484
2025-01-23T20:24:00Z,29.680979
2025-01-23T21:00:00Z,25.751678
2025-01-23T21:36:00Z,25.370771
2025-01-23T22:12:00Z,0
2025-01-23T22:48:00Z,24.54923
2025-01-23T23:24:00Z,25.498842
2025-01-24T00:00:00Z,24.915073
2025-01-24T00:36:00Z,25.204151
2025-01-24T01:12:00Z,30.656166
2025-01-24T01:48:00Z,24.826979
2025-01-24T02:24:00Z,25.495779
2025-01-24T03:36:00Z,24.623163
2025-01-24T04:12:00Z,25.490059
2025-01-24T05:24:00Z,25.95062
2025-01-24T06:00:00Z,0
2025-01-24T06:36:00Z,25.18239
2025-01-24T07:12:00Z,0
2025-01-24T07:48:00Z,25.112396
2025-01-24T08:24:00Z,24.470871
2025-01-24T09:00:00Z,29.876554
2025-01-24T09:36:00Z,24.686785
2025-01-24T10:12:00Z,24.017313
2025-01-24T10:48:00Z,25.764341
2025-01-24T11:24:00Z,25.064877
2025-01-24T12:00:00Z,24.881773
2025-01-24T12:36:00Z,25.906494
2025-01-24T13:12:00Z,25.73676
2025-01-24T13:48:00Z,24.961212
2025-01-24T14:24:00Z,24.740795
2025-01-24T15:00:00Z,25.421413
2025-01-24T15:36:00Z,24.38199
2025-01-24T16:12:00Z,25.497356
2025-01-24T16:48:00Z,24.787725
2025-01-24T17:24:00Z,30.386152
2025-01-24T18:00:00Z,24.740835
2025-01-24T18:36:00Z,25.911884
2025-01-24T19:12:00Z,25.591208
2025-01-24T20:24:00Z,24.339031
2025-01-24T21:00:00Z,24.013939
2025-01-24T21:36:00Z,25.98134
2025-01-24T22:12:00Z,24.564314
2025-01-24T23:24:00Z,24.273603
2025-01-25T00:00:00Z,25.820152
2025-01-25T00:36:00Z,24.385231
2025-01-25T01:12:00Z,25.105694
2025-01-25T01:48:00Z,25.381216
2025-01-25T02:24:00Z,0
2025-01-25T03:00:00Z,24.848711
2025-01-25T03:36:00Z,0
2025-01-25T04:12:00Z,25.699738
2025-01-25T05:24:00Z,25.873285
2025-01-25T06:00:00Z,25.143906
2025-01-25T06:36:00Z,25.517153
2025-01-25T07:12:00Z,0
2025-01-25T07:48:00Z,24.684444
2025-01-25T08:24:00Z,24.03697
2025-01-25T09:00:00Z,25.71615
2025-01-25T09:36:00Z,25.834087
2025-01-25T10:48:00Z,25.55857
2025-01-25T11:24:00Z,24.339613
2025-01-25T12:00:00Z,0
2025-01-25T12:36:00Z,25.211432
2025-01-25T13:12:00Z,25.175259
2025-01-25T13:48:00Z,29.304874
2025-01-25T14:24:00Z,24.254318
2025-01-25T15:00:00Z,24.138716
2025-01-25T15:36:00Z,24.698313
2025-01-25T16:12:00Z,24.087303
2025-01-25T16:48:00Z,25.935472
2025-01-25T17:24:00Z,0
2025-01-25T18:00:00Z,30.293167
2025-01-25T18:36:00Z,0
2025-01-25T19:12:00Z,24.74303
2025-01-25T19:48:00Z,0
2025-01-25T20:24:00Z,24.829227
2025-01-25T21:00:00Z,25.774122
2025-01-25T21:36:00Z,25.914316
2025-01-25T22:48:00Z,24.87479
2025-01-25T23:24:00Z,25.0264
2025-01-26T00:00:00Z,25.934385
2025-01-26T00:36:00Z,24.139486
2025-01-26T01:12:00Z,25.399965
2025-01-26T01:48:00Z,29.200018
2025-01-26T02:24:00Z,24.939543
2025-01-26T03:00:00Z,30.988363
2025-01-26T03:36:00Z,0
2025-01-26T04:12:00Z,24.327948
2025-01-26T04:48:00Z,24.62842
2025-01-26T05:24:00Z,24.10718
2025-01-26T06:00:00Z,30.850706
2025-01-26T06:36:00Z,24.336477
2025-01-26T07:12:00Z,25.74741
2025-01-26T07:48:00Z,25.894867
2025-01-26T08:24:00Z,24.938568
2025-01-26T09:00:00Z,24.531496
2025-01-26T09:36:00Z,25.665543
2025-01-26T10:12:00Z,24.700052
2025-01-26T10:48:00Z,25.333063
2025-01-26T11:24:00Z,24.361092
2025-01-26T12:36:00Z,25.030119
2025-01-26T13:12:00Z,24.24475
2025-01-26T13:48:00Z,25.742565
2025-01-26T14:24:00Z,25.936268
2025-01-26T15:36:00Z,24.053541
2025-01-26T16:12:00Z,25.609756
2025-01-26T16:48:00Z,0
2025-01-26T17:24:00Z,30.916662
2025-01-26T18:00:00Z,24.616173
2025-01-26T18:36:00Z,25.615345
2025-01-26T19:48:00Z,25.785645
2025-01-26T20:24:00Z,24.833305
2025-01-26T21:00:00Z,24.290293
2025-01-26T21:36:00Z,24.257742
2025-01-26T22:12:00Z,24.959106
2025-01-26T22:48:00Z,25.160276
2025-01-26T23:24:00Z,24.326288
2025-01-27T00:00:00Z,25.783333
2025-01-27T00:36:00Z,24.510382
2025-01-27T01:12:00Z,25.4199
2025-01-27T01:48:00Z,24.835878
2025-01-27T03:00:00Z,25.473713
2025-01-27T03:36:00Z,24.391851
2025-01-27T04:12:00Z,0
2025-01-27T04:48:00Z,25.867157
2025-01-27T05:24:00Z,24.756893
2025-01-27T06:00:00Z,24.082344
2025-01-27T07:12:00Z,24.118176
2025-01-27T07:48:00Z,24.956068
2025-01-27T08:24:00Z,24.22464
2025-01-27T09:00:00Z,24.493874
2025-01-27T09:36:00Z,29.605793
2025-01-27T10:12:00Z,25.361223
2025-01-27T10:48:00Z,24.090685
2025-01-27T11:24:00Z,25.31837
2025-01-27T12:00:00Z,25.732164
2025-01-27T12:36:00Z,24.394463
2025-01-27T13:12:00Z,24.98604
2025-01-27T14:24:00Z,25.206041
2025-01-27T15:00:00Z,0
2025-01-27T15:36:00Z,25.791178
2025-01-27T16:12:00Z,25.835659
2025-01-27T16:48:00Z,24.330212
2025-01-27T17:24:00Z,29.963337
2025-01-27T18:00:00Z,25.733099
2025-01-27T18:36:00Z,24.10548
2025-01-27T19:12:00Z,25.333607
2025-01-27T19:48:00Z,25.549522
2025-01-27T20:24:00Z,24.262789
2025-01-27T21:00:00Z,0
2025-01-27T21:36:00Z,24.560362
2025-01-27T22:12:00Z,25.511461
2025-01-27T22:48:00Z,25.618034
2025-01-27T23:24:00Z,24.051058
2025-01-28T00:00:00Z,25.763773
2025-01-28T00:36:00Z,24.802877
2025-01-28T01:12:00Z,0
2025-01-28T01:48:00Z,25.436699
2025-01-28T02:24:00Z,0
2025-01-28T03:00:00Z,25.72518
2025-01-28T03:36:00Z,24.423021
2025-01-28T04:12:00Z,25.510136
2025-01-28T04:48:00Z,30.053207
2025-01-28T05:24:00Z,0
2025-01-28T06:00:00Z,30.578077
2025-01-28T06:36:00Z,0
2025-01-28T07:12:00Z,25.914383
2025-01-28T07:48:00Z,25.039167
2025-01-28T08:24:00Z,25.718714
2025-01-28T09:00:00Z,30.038446
2025-01-28T09:36:00Z,0
2025-01-28T10:12:00Z,25.604324
2025-01-28T10:48:00Z,25.068546
2025-01-28T11:24:00Z,25.738722
2025-01-28T12:00:00Z,24.631752
2025-01-28T12:36:00Z,0
2025-01-28T13:12:00Z,30.485254
2025-01-28T13:48:00Z,25.148556
2025-01-28T14:24:00Z,24.466936
2025-01-28T16:48:00Z,25.71506
2025-01-28T17:24:00Z,25.63929
2025-01-28T18:00:00Z,30.905857
2025-01-28T18:36:00Z,24.460634
2025-01-28T19:12:00Z,24.677988
2025-01-28T19:48:00Z,25.723608
2025-01-28T20:24:00Z,29.941261
2025-01-28T21:00:00Z,0
2025-01-28T21:36:00Z,25.428928
2025-01-28T22:12:00Z,25.854218
2025-01-28T22:48:00Z,24.711567
2025-01-28T23:24:00Z,25.344818
2025-01-29T00:00:00Z,25.359068
2025-01-29T00:36:00Z,30.278395
2025-01-29T01:12:00Z,0
2025-01-29T01:48:00Z,29.839092
2025-01-29T02:24:00Z,24.198683
2025-01-29T03:00:00Z,25.376877
2025-01-29T03:36:00Z,25.820684
2025-01-29T04:12:00Z,24.414543
2025-01-29T04:48:00Z,24.809769
2025-01-29T05:24:00Z,24.190504
2025-01-29T06:00:00Z,0
2025-01-29T06:36:00Z,0
2025-01-29T07:12:00Z,24.553915
2025-01-29T07:48:00Z,25.507471
2025-01-29T09:00:00Z,25.59393
2025-01-29T10:12:00Z,24.25603
2025-01-29T10:48:00Z,24.473452
2025-01-29T11:24:00Z,25.459633
2025-01-29T12:00:00Z,24.09655
2025-01-29T12:36:00Z,30.90035
2025-01-29T13:12:00Z,25.781372
2025-01-29T15:00:00Z,24.865974
2025-01-29T15:36:00Z,30.3445
2025-01-29T16:12:00Z,0
2025-01-29T16:48:00Z,24.096865
2025-01-29T17:24:00Z,25.181593
2025-01-29T19:48:00Z,25.06788
2025-01-29T20:24:00Z,25.626865
2025-01-29T21:36:00Z,24.217247
2025-01-29T22:12:00Z,25.954798
2025-01-29T22:48:00Z,24.87617
2025-01-29T23:24:00Z,25.625761
2025-01-30T00:00:00Z,0
2025-01-30T00:36:00Z,25.733255
2025-01-30T01:12:00Z,0
2025-01-30T01:48:00Z,25.478792
2025-01-30T02:24:00Z,25.291628
2025-01-30T03:00:00Z,24.176987
2025-01-30T03:36:00Z,25.971258
2025-01-30T04:48:00Z,24.34135
2025-01-30T05:24:00Z,24.207668
2025-01-30T06:00:00Z,25.726572
2025-01-30T06:36:00Z,24.153538
2025-01-30T07:12:00Z,0
2025-01-30T07:48:00Z,25.38207
2025-01-30T08:24:00Z,30.505848
2025-01-30T09:00:00Z,0
2025-01-30T09:36:00Z,24.740538
2025-01-30T10:12:00Z,25.703287
2025-01-30T11:24:00Z,24.861221
2025-01-30T12:00:00Z,0
2025-01-30T12:36:00Z,25.708347
2025-01-30T13:12:00Z,30.989689
2025-01-30T13:48:00Z,25.227404
2025-01-30T14:24:00Z,24.190014
2025-01-30T15:00:00Z,24.35294
2025-01-30T15:36:00Z,24.041506
2025-01-30T16:48:00Z,25.9193
2025-01-30T17:24:00Z,0
2025-01-30T18:00:00Z,25.522171
2025-01-30T19:12:00Z,25.945305
2025-01-30T19:48:00Z,24.431934
2025-01-30T20:24:00Z,25.299006
2025-01-30T21:00:00Z,24.718838
2025-01-30T21:36:00Z,25.787586
2025-01-30T22:12:00Z,25.56723
2025-01-30T22:48:00Z,25.819836
2025-01-30T23:24:00Z,25.08714
2025-01-31T00:00:00Z,0
2025-01-31T00:36:00Z,25.15652
2025-01-31T01:12:00Z,25.888601
2025-01-31T01:48:00Z,24.985977
2025-01-31T02:24:00Z,24.8321
2025-01-31T03:00:00Z,24.048935
2025-01-31T03:36:00Z,24.574844
2025-01-31T04:12:00Z,29.115013
2025-01-31T04:48:00Z,0
2025-01-31T05:24:00Z,24.462353
2025-01-31T06:00:00Z,25.030697
2025-01-31T06:36:00Z,24.388147
2025-01-31T07:12:00Z,25.326134
2025-01-31T07:48:00Z,25.647322
2025-01-31T08:24:00Z,24.045568
2025-01-31T09:00:00Z,25.529682
2025-01-31T09:36:00Z,29.609589
2025-01-31T10:12:00Z,0
2025-01-31T10:48:00Z,24.972141
2025-01-31T11:24:00Z,25.870201
2025-01-31T12:00:00Z,25.869835
2025-01-31T12:36:00Z,24.336323
2025-01-31T13:48:00Z,25.207336
2025-01-31T14:24:00Z,0
2025-01-31T15:00:00Z,25.509495
2025-01-31T15:36:00Z,24.628212
2025-01-31T16:48:00Z,24.551622
2025-01-31T17:24:00Z,25.62512
2025-01-31T18:00:00Z,24.245079
2025-01-31T18:36:00Z,25.985413
2025-01-31T19:48:00Z,25.338867
2025-01-31T20:24:00Z,0
2025-01-31T21:00:00Z,25.61474
2025-01-31T21:36:00Z,24.825613
2025-01-31T22:12:00Z,25.645699
2025-01-31T23:24:00Z,25.341702
2025-02-01T00:00:00Z,24.917637
2025-02-01T00:36:00Z,25.627995
2025-02-01T01:12:00Z,25.154434
2025-02-01T01:48:00Z,25.58912
2025-02-01T02:24:00Z,24.531015
2025-02-01T03:00:00Z,24.212164
2025-02-01T03:36:00Z,25.389074
2025-02-01T04:12:00Z,25.544283
2025-02-01T06:00:00Z,24.044008
2025-02-01T06:36:00Z,25.768309
2025-02-01T07:12:00Z,24.01859
2025-02-01T07:48:00Z,30.196688
2025-02-01T08:24:00Z,0
2025-02-01T09:00:00Z,24.475431
2025-02-01T09:36:00Z,25.239998
2025-02-01T10:12:00Z,0
2025-02-01T10:48:00Z,0
2025-02-01T11:24:00Z,24.30587
2025-02-01T12:00:00Z,24.092144
2025-02-01T12:36:00Z,0
2025-02-01T13:12:00Z,24.901348
2025-02-01T13:48:00Z,25.839651
2025-02-01T15:00:00Z,25.522617
2025-02-01T15:36:00Z,25.705057
2025-02-01T16:48:00Z,24.397821
2025-02-01T17:24:00Z,25.6576
2025-02-01T18:00:00Z,25.707623
2025-02-01T18:36:00Z,24.591496
2025-02-01T19:12:00Z,24.2326
2025-02-01T19:48:00Z,25.585363
2025-02-01T20:24:00Z,25.043217
2025-02-01T21:00:00Z,25.427084
2025-02-01T21:36:00Z,24.501019
2025-02-01T22:12:00Z,25.820787
2025-02-01T22:48:00Z,0
2025-02-01T23:24:00Z,25.564144
2025-02-02T00:00:00Z,25.591696
2025-02-02T00:36:00Z,24.370737
2025-02-02T01:12:00Z,24.649181
2025-02-02T01:48:00Z,25.378725
2025-02-02T02:24:00Z,24.70959
2025-02-02T03:00:00Z,25.754358
2025-02-02T03:36:00Z,0
2025-02-02T04:12:00Z,25.19585
2025-02-02T04:48:00Z,0
2025-02-02T05:24:00Z,25.253902
2025-02-02T06:00:00Z,0
2025-02-02T06:36:00Z,25.848513
2025-02-02T07:12:00Z,24.071321
2025-02-02T08:24:00Z,24.357925
2025-02-02T09:00:00Z,24.51719
2025-02-02T09:36:00Z,25.414402
2025-02-02T10:12:00Z,24.50765
2025-02-02T10:48:00Z,0
2025-02-02T11:24:00Z,24.713614
2025-02-02T12:00:00Z,0
2025-02-02T12:36:00Z,30.684492
2025-02-02T13:12:00Z,24.85627
2025-02-02T13:48:00Z,24.083422
2025-02-02T14:24:00Z,25.649994
2025-02-02T15:00:00Z,24.833317
2025-02-02T15:36:00Z,0
2025-02-02T16:12:00Z,30.125969
2025-02-02T16:48:00Z,0
2025-02-02T17:24:00Z,30.902948
2025-02-02T18:00:00Z,0
2025-02-02T18:36:00Z,24.582352
2025-02-02T19:12:00Z,24.80482
2025-02-02T19:48:00Z,24.028934
2025-02-02T21:00:00Z,24.504978
2025-02-02T21:36:00Z,25.386492
2025-02-02T22:12:00Z,0
2025-02-02T22:48:00Z,30.4713
2025-02-02T23:24:00Z,24.785727
2025-02-03T00:00:00Z,25.25364
2025-02-03T00:36:00Z,0
2025-02-03T01:12:00Z,24.819714
2025-02-03T02:24:00Z,25.437786
2025-02-03T03:00:00Z,24.24305
2025-02-03T04:12:00Z,24.429523
2025-02-03T04:48:00Z,25.620535
2025-02-03T05:24:00Z,24.21041
2025-02-03T06:00:00Z,29.488039
2025-02-03T06:36:00Z,0
2025-02-03T07:12:00Z,0
2025-02-03T07:48:00Z,24.1009
2025-02-03T08:24:00Z,24.036398
2025-02-03T09:00:00Z,24.55606
2025-02-03T09:36:00Z,24.002476
2025-02-03T10:12:00Z,24.81367
2025-02-03T10:48:00Z,29.539791
2025-02-03T11:24:00Z,24.76035
2025-02-03T12:36:00Z,24.788736
2025-02-03T13:12:00Z,25.614843
2025-02-03T14:24:00Z,25.189024
2025-02-03T15:00:00Z,0
2025-02-03T15:36:00Z,24.643354
2025-02-03T16:12:00Z,25.971899
2025-02-03T16:48:00Z,24.143377
2025-02-03T17:24:00Z,25.01092
2025-02-03T18:00:00Z,25.322573
2025-02-03T18:36:00Z,25.167814
2025-02-03T19:12:00Z,24.528303
2025-02-03T19:48:00Z,24.616535
2025-02-03T20:24:00Z,24.11379
2025-02-03T21:00:00Z,25.680828
2025-02-03T21:36:00Z,24.186934
2025-02-03T22:48:00Z,24.093897
2025-02-03T23:24:00Z,30.820059
2025-02-04T00:00:00Z,24.646475
2025-02-04T00:36:00Z,25.282684
2025-02-04T01:12:00Z,24.319208
2025-02-04T01:48:00Z,24.933802
2025-02-04T02:24:00Z,25.042055
2025-02-04T03:00:00Z,0
2025-02-04T03:36:00Z,25.105812
2025-02-04T04:12:00Z,25.979076
2025-02-04T04:48:00Z,24.4907
2025-02-04T05:24:00Z,25.342913
2025-02-04T06:00:00Z,25.259079
2025-02-04T06:36:00Z,25.764544
2025-02-04T07:12:00Z,24.753193
2025-02-04T07:48:00Z,25.377653
2025-02-04T08:24:00Z,25.290443
2025-02-04T09:00:00Z,24.360037
2025-02-04T09:36:00Z,25.246855
2025-02-04T10:12:00Z,24.864471
2025-02-04T10:48:00Z,25.90533
2025-02-04T11:24:00Z,24.27194
2025-02-04T12:00:00Z,25.632563
2025-02-04T13:48:00Z,25.72609
2025-02-04T14:24:00Z,24.676374
2025-02-04T15:00:00Z,24.977535
2025-02-04T15:36:00Z,25.98824
2025-02-04T16:48:00Z,25.359165
2025-02-04T17:24:00Z,25.516016
2025-02-04T18:00:00Z,30.440548
2025-02-04T18:36:00Z,25.955889
2025-02-04T19:12:00Z,24.954046
2025-02-04T19:48:00Z,25.718872
2025-02-04T20:24:00Z,25.123198
2025-02-04T21:00:00Z,24.0754
2025-02-04T21:36:00Z,25.905113
2025-02-04T22:12:00Z,25.408978
2025-02-04T22:48:00Z,24.1823
2025-02-05T00:00:00Z,24.773249
2025-02-05T00:36:00Z,0
2025-02-05T01:12:00Z,24.224428
2025-02-05T01:48:00Z,24.415136
2025-02-05T02:24:00Z,24.149052
2025-02-05T03:00:00Z,24.401354
2025-02-05T03:36:00Z,24.009771
2025-02-05T04:12:00Z,25.956161
2025-02-05T04:48:00Z,24.450005
2025-02-05T05:24:00Z,0
2025-02-05T06:00:00Z,29.288822
2025-02-05T06:36:00Z,0
2025-02-05T07:12:00Z,24.429419
2025-02-05T07:48:00Z,25.62892
2025-02-05T08:24:00Z,0
2025-02-05T09:00:00Z,24.328651
2025-02-05T09:36:00Z,25.229958
2025-02-05T10:12:00Z,24.994345
2025-02-05T10:48:00Z,30.15494
2025-02-05T11:24:00Z,25.273584
2025-02-05T12:00:00Z,24.549994
2025-02-05T12:36:00Z,0
2025-02-05T13:12:00Z,24.169628
2025-02-05T13:48:00Z,25.725868
2025-02-05T14:24:00Z,25.579765
2025-02-05T15:00:00Z,24.085283
2025-02-05T15:36:00Z,25.263762
2025-02-05T16:12:00Z,25.048592
2025-02-05T16:48:00Z,25.972532
2025-02-05T17:24:00Z,24.99197
2025-02-05T18:36:00Z,24.182264
2025-02-05T19:48:00Z,25.814245
2025-02-05T20:24:00Z,24.434696
2025-02-05T21:00:00Z,24.836432
2025-02-05T21:36:00Z,30.271791
2025-02-05T22:12:00Z,25.908094
2025-02-06T00:00:00Z,25.329288
2025-02-06T00:36:00Z,25.899895
2025-02-06T01:12:00Z,25.58011
2025-02-06T01:48:00Z,24.14872
2025-02-06T02:24:00Z,0
2025-02-06T03:00:00Z,25.015732
2025-02-06T03:36:00Z,24.367922
2025-02-06T04:12:00Z,25.683279
2025-02-06T04:48:00Z,24.976738
2025-02-06T05:24:00Z,25.930874
2025-02-06T06:00:00Z,25.910568
2025-02-06T06:36:00Z,24.6199
2025-02-06T07:48:00Z,25.41958
2025-02-06T09:00:00Z,25.517527
2025-02-06T10:12:00Z,25.261568
2025-02-06T10:48:00Z,24.65403
2025-02-06T11:24:00Z,25.828053
2025-02-06T12:00:00Z,24.468468
2025-02-06T12:36:00Z,25.887032
2025-02-06T13:12:00Z,24.400948
2025-02-06T13:48:00Z,24.511892
2025-02-06T14:24:00Z,29.38161
2025-02-06T15:00:00Z,25.746674
2025-02-06T16:12:00Z,25.863794
2025-02-06T17:24:00Z,24.68717
2025-02-06T18:00:00Z,25.826702
2025-02-06T18:36:00Z,30.487076
2025-02-06T19:12:00Z,0
2025-02-06T19:48:00Z,24.173029
2025-02-06T20:24:00Z,0
2025-02-06T21:00:00Z,25.83873
2025-02-06T21:36:00Z,30.398151
2025-02-06T22:12:00Z,24.843784
2025-02-06T22:48:00Z,24.178316
2025-02-06T23:24:00Z,24.335714
2025-02-07T00:00:00Z,24.969255
2025-02-07T00:36:00Z,0
2025-02-07T01:12:00Z,24.82878
2025-02-07T01:48:00Z,24.132177
2025-02-07T02:24:00Z,25.569023
2025-02-07T03:00:00Z,24.583464
2025-02-07T03:36:00Z,24.944931
2025-02-07T04:12:00Z,24.83449
2025-02-07T04:48:00Z,25.345575
2025-02-07T05:24:00Z,24.303093
2025-02-07T06:00:00Z,25.799774
2025-02-07T06:36:00Z,24.874912
2025-02-07T08:24:00Z,25.871588
2025-02-07T09:00:00Z,24.315073
2025-02-07T10:12:00Z,25.428024
2025-02-07T10:48:00Z,24.808296
2025-02-07T11:24:00Z,0
2025-02-07T12:00:00Z,0
2025-02-07T12:36:00Z,25.974728
2025-02-07T13:12:00Z,25.838083
2025-02-07T13:48:00Z,0
2025-02-07T14:24:00Z,25.700895
2025-02-07T15:00:00Z,30.357857
2025-02-07T15:36:00Z,24.718481
2025-02-07T16:12:00Z,24.579231
2025-02-07T16:48:00Z,25.045008
2025-02-07T17:24:00Z,0
2025-02-07T18:00:00Z,24.519932
2025-02-07T18:36:00Z,25.600328
2025-02-07T19:12:00Z,24.25688
2025-02-07T19:48:00Z,24.222527
2025-02-07T20:24:00Z,25.360603
2025-02-07T21:36:00Z,24.279957
2025-02-07T22:48:00Z,25.61527
2025-02-07T23:24:00Z,24.688911
2025-02-08T00:00:00Z,0
2025-02-08T00:36:00Z,24.525982
2025-02-08T01:12:00Z,24.136143
2025-02-08T01:48:00Z,0
2025-02-08T02:24:00Z,25.580944
2025-02-08T03:36:00Z,24.204885
2025-02-08T04:12:00Z,24.541359
2025-02-08T04:48:00Z,29.25304
2025-02-08T05:24:00Z,24.33509
2025-02-08T06:00:00Z,24.570322
2025-02-08T07:12:00Z,24.036507
2025-02-08T07:48:00Z,24.506748
2025-02-08T08:24:00Z,25.496113
2025-02-08T09:00:00Z,24.062939
2025-02-08T09:36:00Z,25.139698
2025-02-08T10:12:00Z,24.444233
2025-02-08T11:24:00Z,25.211884
2025-02-08T12:00:00Z,25.165329
2025-02-08T12:36:00Z,24.303495
2025-02-08T13:12:00Z,25.732977
2025-02-08T13:48:00Z,24.997372
2025-02-08T14:24:00Z,24.9489
2025-02-08T15:00:00Z,24.339336
2025-02-08T15:36:00Z,25.672316
2025-02-08T16:12:00Z,24.231678
2025-02-08T16:48:00Z,25.3839
2025-02-08T18:00:00Z,25.697306
2025-02-08T18:36:00Z,24.913633
2025-02-08T19:12:00Z,25.569834
2025-02-08T19:48:00Z,0
2025-02-08T20:24:00Z,25.85293
2025-02-08T21:00:00Z,25.88071
2025-02-08T21:36:00Z,0
2025-02-08T22:12:00Z,25.135523
2025-02-08T22:48:00Z,24.482159
2025-02-09T00:36:00Z,24.821047
2025-02-09T01:12:00Z,24.17947
2025-02-09T01:48:00Z,0
2025-02-09T02:24:00Z,24.602247
2025-02-09T03:00:00Z,29.925266
2025-02-09T03:36:00Z,24.72436
2025-02-09T04:12:00Z,25.25612
2025-02-09T04:48:00Z,24.27546
2025-02-09T07:48:00Z,24.879951
2025-02-09T08:24:00Z,24.396042
2025-02-09T09:00:00Z,30.351948
2025-02-09T09:36:00Z,24.567825
2025-02-09T10:48:00Z,24.540731
2025-02-09T11:24:00Z,0
2025-02-09T12:00:00Z,24.004856
2025-02-09T13:12:00Z,24.4623
2025-02-09T13:48:00Z,25.097979
2025-02-09T14:24:00Z,24.052479
2025-02-09T15:00:00Z,25.009563
2025-02-09T15:36:00Z,25.137627
2025-02-09T16:12:00Z,0
2025-02-09T16:48:00Z,24.515503
2025-02-09T17:24:00Z,25.906713
2025-02-09T18:00:00Z,24.718771
2025-02-09T18:36:00Z,24.940706
2025-02-09T19:12:00Z,24.258783
2025-02-09T20:24:00Z,24.852097
2025-02-09T21:00:00Z,25.568583
2025-02-09T21:36:00Z,25.027262
2025-02-09T22:12:00Z,25.132313
2025-02-09T22:48:00Z,0
2025-02-09T23:24:00Z,25.827337
2025-02-10T00:00:00Z,29.4949
2025-02-10T00:36:00Z,25.62811
2025-02-10T01:48:00Z,25.185234
2025-02-10T02:24:00Z,25.64707
2025-02-10T03:00:00Z,30.00855
2025-02-10T03:36:00Z,0
2025-02-10T04:12:00Z,24.680069
2025-02-10T04:48:00Z,24.362059
2025-02-10T05:24:00Z,30.359653
2025-02-10T06:00:00Z,25.76828
2025-02-10T06:36:00Z,30.992527
2025-02-10T07:12:00Z,0
2025-02-10T07:48:00Z,25.85405
2025-02-10T08:24:00Z,25.336784
2025-02-10T09:00:00Z,24.283316
2025-02-10T10:12:00Z,25.240664
2025-02-10T10:48:00Z,24.46146
2025-02-10T11:24:00Z,24.66528
2025-02-10T12:00:00Z,25.343954
2025-02-10T12:36:00Z,24.080856
2025-02-10T13:12:00Z,25.161411
2025-02-10T13:48:00Z,24.90454
2025-02-10T14:24:00Z,24.00288
2025-02-10T15:00:00Z,24.412434
2025-02-10T16:12:00Z,24.2141
2025-02-10T16:48:00Z,25.890902
2025-02-10T17:24:00Z,24.025875
2025-02-10T18:00:00Z,25.945982
2025-02-10T18:36:00Z,24.537577
2025-02-10T19:12:00Z,25.606615
2025-02-10T19:48:00Z,25.39094
2025-02-10T20:24:00Z,0
2025-02-10T21:00:00Z,25.383284
2025-02-10T22:48:00Z,25.70128
2025-02-10T23:24:00Z,25.039164
2025-02-11T00:00:00Z,25.900776
2025-02-11T00:36:00Z,24.695013
2025-02-11T01:12:00Z,29.925451
2025-02-11T01:48:00Z,24.570158
2025-02-11T02:24:00Z,24.70958
2025-02-11T03:00:00Z,30.845179
2025-02-11T03:36:00Z,0
2025-02-11T04:12:00Z,25.883846
2025-02-11T04:48:00Z,24.144382
2025-02-11T05:24:00Z,25.08435
2025-02-11T06:36:00Z,25.273876
2025-02-11T07:12:00Z,29.180462
2025-02-11T07:48:00Z,24.930824
2025-02-11T09:36:00Z,24.715672
2025-02-11T10:12:00Z,25.464174
2025-02-11T10:48:00Z,25.210058
2025-02-11T11:24:00Z,24.394882
2025-02-11T12:00:00Z,25.60594
2025-02-11T13:12:00Z,25.22607
2025-02-11T13:48:00Z,25.651152
2025-02-11T14:24:00Z,25.288088
2025-02-11T15:00:00Z,0
2025-02-11T15:36:00Z,24.41542
2025-02-11T16:48:00Z,25.691603
2025-02-11T17:24:00Z,24.140564
2025-02-11T18:00:00Z,24.160204
2025-02-11T18:36:00Z,24.619452
2025-02-11T19:12:00Z,30.294767
2025-02-11T19:48:00Z,25.304657
2025-02-11T20:24:00Z,24.128323
2025-02-11T21:00:00Z,30.36182
2025-02-11T21:36:00Z,25.667307
2025-02-11T22:12:00Z,24.875845
2025-02-11T22:48:00Z,24.534235
2025-02-11T23:24:00Z,24.793766
2025-02-12T00:00:00Z,24.350744
2025-02-12T00:36:00Z,25.035755
2025-02-12T01:12:00Z,30.709267
2025-02-12T01:48:00Z,0
2025-02-12T02:24:00Z,24.656086
2025-02-12T03:00:00Z,24.12016
2025-02-12T03:36:00Z,25.493109
2025-02-12T04:12:00Z,0
2025-02-12T04:48:00Z,25.061745
2025-02-12T05:24:00Z,24.49165
2025-02-12T06:36:00Z,25.772545
2025-02-12T08:24:00Z,24.915413
2025-02-12T09:00:00Z,25.77109
2025-02-12T09:36:00Z,25.095814
2025-02-12T10:12:00Z,25.529682
2025-02-12T10:48:00Z,0
2025-02-12T11:24:00Z,25.967295
2025-02-12T12:00:00Z,24.004168
2025-02-12T12:36:00Z,25.913404
2025-02-12T13:48:00Z,24.275482
2025-02-12T15:00:00Z,24.717602
2025-02-12T15:36:00Z,0
2025-02-12T16:12:00Z,25.892263
2025-02-12T16:48:00Z,24.238226
2025-02-12T17:24:00Z,30.488066
2025-02-12T18:00:00Z,24.290361
2025-02-12T18:36:00Z,25.288506
2025-02-12T19:12:00Z,24.88506
2025-02-12T19:48:00Z,25.89425
2025-02-12T20:24:00Z,24.855122
2025-02-12T21:00:00Z,0
2025-02-12T21:36:00Z,24.774214
2025-02-12T22:12:00Z,0
2025-02-12T22:48:00Z,24.111824
2025-02-12T23:24:00Z,25.404255
2025-02-13T00:00:00Z,25.17196
2025-02-13T00:36:00Z,30.041746
2025-02-13T01:12:00Z,24.828001
2025-02-13T01:48:00Z,24.230247
2025-02-13T03:36:00Z,25.107855
2025-02-13T04:12:00Z,24.13456
2025-02-13T04:48:00Z,24.003517
2025-02-13T05:24:00Z,24.414614
2025-02-13T06:00:00Z,25.350275
2025-02-13T06:36:00Z,25.70244
2025-02-13T07:12:00Z,25.433918
2025-02-13T07:48:00Z,24.436579
2025-02-13T08:24:00Z,0
2025-02-13T09:00:00Z,25.5998
2025-02-13T09:36:00Z,24.595901
2025-02-13T10:12:00Z,24.067581
2025-02-13T10:48:00Z,30.201637
2025-02-13T11:24:00Z,25.560368
2025-02-13T12:00:00Z,25.764904
2025-02-13T12:36:00Z,25.432198
2025-02-13T13:12:00Z,25.890495
2025-02-13T13:48:00Z,24.230448
2025-02-13T14:24:00Z,25.192665
2025-02-13T15:00:00Z,25.64491
2025-02-13T15:36:00Z,0
2025-02-13T16:12:00Z,29.009193
2025-02-13T16:48:00Z,25.313221
2025-02-13T17:24:00Z,24.490126
2025-02-13T18:00:00Z,24.579033
2025-02-13T18:36:00Z,0
2025-02-13T19:12:00Z,24.847042
2025-02-13T19:48:00Z,25.842878
2025-02-13T20:24:00Z,24.253717
2025-02-13T21:36:00Z,24.607738
2025-02-13T22:12:00Z,25.222628
2025-02-13T22:48:00Z,25.153376
2025-02-13T23:24:00Z,24.375923
2025-02-14T00:00:00Z,24.570541
2025-02-14T00:36:00Z,25.227901
2025-02-14T01:12:00Z,24.292135
2025-02-14T01:48:00Z,24.21841
2025-02-14T02:24:00Z,25.624102
2025-02-14T03:36:00Z,24.456085
2025-02-14T04:12:00Z,25.876606
2025-02-14T04:48:00Z,24.417768
2025-02-14T05:24:00Z,0
2025-02-14T06:00:00Z,25.855728
2025-02-14T07:12:00Z,24.392078
2025-02-14T07:48:00Z,25.78102
2025-02-14T09:36:00Z,25.727
2025-02-14T10:12:00Z,24.39538
2025-02-14T10:48:00Z,25.284342
2025-02-14T11:24:00Z,0
2025-02-14T12:00:00Z,25.032204
2025-02-14T12:36:00Z,25.32875
2025-02-14T13:12:00Z,24.609053
2025-02-14T14:24:00Z,24.23338
2025-02-14T15:00:00Z,24.984499
2025-02-14T15:36:00Z,24.27434
2025-02-14T16:12:00Z,24.607452
2025-02-14T16:48:00Z,25.905426
2025-02-14T17:24:00Z,25.966185
2025-02-14T18:00:00Z,24.394432
2025-02-14T19:12:00Z,25.667006
2025-02-14T19:48:00Z,24.074217
2025-02-14T20:24:00Z,25.234997
2025-02-14T21:00:00Z,24.51988
2025-02-14T21:36:00Z,24.357164
2025-02-14T22:12:00Z,25.579126
2025-02-15T00:00:00Z,25.388905
2025-02-15T00:36:00Z,24.020786
2025-02-15T01:12:00Z,24.349932
2025-02-15T01:48:00Z,24.240334
2025-02-15T02:24:00Z,25.726213
2025-02-15T03:00:00Z,24.243467
2025-02-15T03:36:00Z,30.96344
2025-02-15T04:12:00Z,24.485277
2025-02-15T04:48:00Z,24.120117
2025-02-15T05:24:00Z,25.228258
2025-02-15T06:00:00Z,24.041111
2025-02-15T06:36:00Z,25.382849
2025-02-15T07:12:00Z,30.835926
2025-02-15T07:48:00Z,0
2025-02-15T08:24:00Z,24.55706
2025-02-15T09:00:00Z,25.607386
2025-02-15T09:36:00Z,24.455763
2025-02-15T10:12:00Z,24.871181
2025-02-15T10:48:00Z,29.934988
2025-02-15T11:24:00Z,0
2025-02-15T12:00:00Z,24.813457
2025-02-15T13:12:00Z,25.293314
2025-02-15T13:48:00Z,24.97754
2025-02-15T14:24:00Z,25.548746
2025-02-15T15:00:00Z,25.396368
2025-02-15T15:36:00Z,24.109297
2025-02-15T16:12:00Z,25.105356
2025-02-15T16:48:00Z,24.891264
2025-02-15T17:24:00Z,29.384834
2025-02-15T18:00:00Z,0
2025-02-15T18:36:00Z,25.03646
2025-02-15T19:12:00Z,0
2025-02-15T19:48:00Z,24.24273
2025-02-15T20:24:00Z,24.205933
2025-02-15T21:00:00Z,25.051102
2025-02-15T21:36:00Z,24.327097
2025-02-15T22:12:00Z,0
2025-02-15T22:48:00Z,24.64514
2025-02-15T23:24:00Z,24.177391
2025-02-16T00:00:00Z,24.868235
2025-02-16T01:12:00Z,24.174314
2025-02-16T01:48:00Z,25.110256
2025-02-16T02:24:00Z,30.455912
2025-02-16T03:00:00Z,25.378939
2025-02-16T03:36:00Z,24.675655
2025-02-16T04:12:00Z,25.988968
2025-02-16T04:48:00Z,24.138647
2025-02-16T05:24:00Z,24.620956
2025-02-16T06:00:00Z,30.197739
2025-02-16T06:36:00Z,0
2025-02-16T07:12:00Z,29.025955
2025-02-16T07:48:00Z,0
2025-02-16T08:24:00Z,24.400034
2025-02-16T09:00:00Z,0
2025-02-16T09:36:00Z,25.823503
2025-02-16T10:12:00Z,25.370945
2025-02-16T10:48:00Z,30.541252
2025-02-16T11:24:00Z,25.532314
2025-02-16T12:00:00Z,25.09421
2025-02-16T13:48:00Z,25.62931
2025-02-16T14:24:00Z,24.686995
2025-02-16T15:00:00Z,30.446321
2025-02-16T15:36:00Z,24.722717
2025-02-16T16:48:00Z,24.010923
2025-02-16T17:24:00Z,0
2025-02-16T18:00:00Z,24.796194
2025-02-16T18:36:00Z,25.368494
2025-02-16T19:48:00Z,25.542381
2025-02-16T20:24:00Z,25.003172
2025-02-16T21:00:00Z,25.725498
2025-02-16T21:36:00Z,25.305384
2025-02-16T22:12:00Z,0
2025-02-16T22:48:00Z,24.989737
2025-02-16T23:24:00Z,24.077202
2025-02-17T00:00:00Z,25.022888
2025-02-17T00:36:00Z,24.430592
2025-02-17T01:12:00Z,25.523932
2025-02-17T01:48:00Z,24.347271
2025-02-17T02:24:00Z,24.670618
2025-02-17T03:00:00Z,25.906637
2025-02-17T03:36:00Z,24.292213
2025-02-17T04:12:00Z,24.204136
2025-02-17T04:48:00Z,0
2025-02-17T05:24:00Z,25.6717
2025-02-17T06:00:00Z,24.126902
2025-02-17T07:48:00Z,25.919907
2025-02-17T08:24:00Z,25.509024
2025-02-17T09:00:00Z,25.798635
2025-02-17T09:36:00Z,25.112904
2025-02-17T11:24:00Z,25.6747
2025-02-17T12:00:00Z,25.755545
2025-02-17T12:36:00Z,24.102547
2025-02-17T13:12:00Z,24.624256
2025-02-17T13:48:00Z,24.404247
2025-02-17T14:24:00Z,25.04624
2025-02-17T15:00:00Z,24.886599
2025-02-17T15:36:00Z,24.248251
2025-02-17T16:12:00Z,24.716307
2025-02-17T16:48:00Z,25.651033
2025-02-17T17:24:00Z,24.202417
2025-02-17T18:00:00Z,0
2025-02-17T18:36:00Z,24.219975
2025-02-17T19:12:00Z,24.420826
2025-02-17T19:48:00Z,0
2025-02-17T20:24:00Z,25.457657
2025-02-17T21:00:00Z,0
2025-02-17T21:36:00Z,29.658562
2025-02-17T22:12:00Z,25.421276
2025-02-17T22:48:00Z,24.88039
2025-02-17T23:24:00Z,25.7096
2025-02-18T00:36:00Z,25.101559
2025-02-18T01:12:00Z,25.559954
2025-02-18T01:48:00Z,25.252457
2025-02-18T02:24:00Z,25.977423
2025-02-18T04:48:00Z,25.368282
2025-02-18T05:24:00Z,24.19937
2025-02-18T06:00:00Z,25.528532
2025-02-18T06:36:00Z,25.12315
2025-02-18T07:12:00Z,0
2025-02-18T07:48:00Z,25.446238
2025-02-18T08:24:00Z,24.65949
2025-02-18T09:36:00Z,25.612122
2025-02-18T10:12:00Z,25.686584
2025-02-18T10:48:00Z,25.014181
2025-02-18T11:24:00Z,24.939493
2025-02-18T12:00:00Z,25.938454
2025-02-18T12:36:00Z,24.96453
2025-02-18T13:48:00Z,24.2625
2025-02-18T14:24:00Z,25.665592
2025-02-18T15:00:00Z,25.309559
2025-02-18T15:36:00Z,24.465036
2025-02-18T16:12:00Z,25.907524
2025-02-18T16:48:00Z,24.837225
2025-02-18T17:24:00Z,0
2025-02-18T18:00:00Z,24.862303
2025-02-18T18:36:00Z,24.324965
2025-02-18T19:48:00Z,25.528877
2025-02-18T20:24:00Z,24.510286
2025-02-18T21:00:00Z,25.662848
2025-02-18T21:36:00Z,24.873108
2025-02-18T22:48:00Z,24.76463
2025-02-18T23:24:00Z,0
2025-02-19T00:00:00Z,25.017963
2025-02-19T00:36:00Z,24.068129
2025-02-19T01:12:00Z,0
2025-02-19T01:48:00Z,25.222418
2025-02-19T02:24:00Z,24.090832
2025-02-19T03:36:00Z,24.241047
2025-02-19T04:12:00Z,25.178436
2025-02-19T04:48:00Z,24.414545
2025-02-19T05:24:00Z,24.549309
2025-02-19T06:00:00Z,25.194237
2025-02-19T06:36:00Z,24.98478
2025-02-19T07:12:00Z,29.483
2025-02-19T07:48:00Z,0
2025-02-19T08:24:00Z,24.271471
2025-02-19T09:00:00Z,24.000355
2025-02-19T09:36:00Z,25.756361
2025-02-19T10:12:00Z,24.37294
2025-02-19T10:48:00Z,24.448175
2025-02-19T11:24:00Z,25.74603
2025-02-19T12:00:00Z,24.389172
2025-02-19T13:12:00Z,25.27153
2025-02-19T13:48:00Z,24.792614
2025-02-19T14:24:00Z,25.976192
2025-02-19T15:00:00Z,25.527998
2025-02-19T15:36:00Z,29.28616
2025-02-19T16:12:00Z,25.17072
2025-02-19T16:48:00Z,24.709496
2025-02-19T17:24:00Z,25.972584
2025-02-19T18:00:00Z,25.478308
2025-02-19T18:36:00Z,0
2025-02-19T19:12:00Z,24.014137
2025-02-19T19:48:00Z,25.16623
2025-02-19T21:00:00Z,25.963669
2025-02-19T21:36:00Z,24.703041
2025-02-19T22:12:00Z,24.246754
2025-02-19T22:48:00Z,25.843256
2025-02-19T23:24:00Z,24.765232
2025-02-20T00:00:00Z,25.419483
2025-02-20T00:36:00Z,24.730589
2025-02-20T01:12:00Z,25.58137
2025-02-20T01:48:00Z,24.807968
2025-02-20T02:24:00Z,25.759733
2025-02-20T03:00:00Z,24.594038
2025-02-20T03:36:00Z,0
2025-02-20T04:12:00Z,25.531492
2025-02-20T04:48:00Z,25.020164
2025-02-20T05:24:00Z,24.036882
2025-02-20T06:00:00Z,25.606976
2025-02-20T06:36:00Z,24.246336
2025-02-20T07:12:00Z,24.747778
2025-02-20T07:48:00Z,25.854528
2025-02-20T08:24:00Z,24.282124
2025-02-20T09:00:00Z,24.006117
2025-02-20T09:36:00Z,30.36703
2025-02-20T10:12:00Z,24.224297
2025-02-20T10:48:00Z,25.052042
2025-02-20T11:24:00Z,24.021666
2025-02-20T12:00:00Z,25.144917
2025-02-20T13:12:00Z,25.773579
2025-02-20T13:48:00Z,24.39548
2025-02-20T15:00:00Z,24.902998
2025-02-20T15:36:00Z,0
2025-02-20T16:12:00Z,25.03497
2025-02-20T16:48:00Z,25.268293
2025-02-20T17:24:00Z,24.433018
2025-02-20T18:00:00Z,24.266422
2025-02-20T18:36:00Z,30.852684
2025-02-20T19:12:00Z,24.157429
2025-02-20T19:48:00Z,25.944359
2025-02-20T20:24:00Z,25.010433
2025-02-20T21:00:00Z,29.685081
2025-02-20T21:36:00Z,25.57341
2025-02-20T22:48:00Z,24.0934
2025-02-20T23:24:00Z,25.093632
2025-02-21T00:00:00Z,24.552555
2025-02-21T00:36:00Z,24.778515
2025-02-21T01:12:00Z,25.891348
2025-02-21T01:48:00Z,24.615498
2025-02-21T02:24:00Z,24.724758
2025-02-21T03:00:00Z,0
2025-02-21T03:36:00Z,24.921158
2025-02-21T04:12:00Z,24.119968
2025-02-21T04:48:00Z,25.958471
2025-02-21T06:00:00Z,25.784906
2025-02-21T06:36:00Z,0
2025-02-21T07:12:00Z,25.059044
2025-02-21T07:48:00Z,24.98372
2025-02-21T08:24:00Z,25.896505
2025-02-21T09:00:00Z,25.802988
2025-02-21T09:36:00Z,24.332296
2025-02-21T10:12:00Z,25.704014
2025-02-21T10:48:00Z,29.437454
2025-02-21T11:24:00Z,24.906387
2025-02-21T12:00:00Z,24.035324
2025-02-21T12:36:00Z,25.836432
2025-02-21T13:12:00Z,24.38352
2025-02-21T13:48:00Z,25.30044
2025-02-21T14:24:00Z,24.650814
2025-02-21T15:36:00Z,24.471682
2025-02-21T17:24:00Z,25.035202
2025-02-21T18:00:00Z,25.945728
2025-02-21T18:36:00Z,24.46134
2025-02-21T19:12:00Z,24.104797
2025-02-21T19:48:00Z,0
2025-02-21T20:24:00Z,25.677992
2025-02-21T21:36:00Z,25.595758
2025-02-21T22:12:00Z,24.83314
2025-02-21T22:48:00Z,25.871235
2025-02-21T23:24:00Z,24.20478
2025-02-22T00:00:00Z,25.739624
2025-02-22T00:36:00Z,24.329798
2025-02-22T01:12:00Z,24.44302
2025-02-22T01:48:00Z,25.653864
2025-02-22T02:24:00Z,24.248753
2025-02-22T03:00:00Z,24.224525
2025-02-22T03:36:00Z,0
2025-02-22T04:12:00Z,24.063643
2025-02-22T04:48:00Z,30.520206
2025-02-22T05:24:00Z,24.28073
2025-02-22T06:36:00Z,25.031866
2025-02-22T07:48:00Z,25.218441
2025-02-22T08:24:00Z,25.548656
2025-02-22T09:00:00Z,30.24177
2025-02-22T09:36:00Z,25.44099
2025-02-22T10:12:00Z,29.908112
2025-02-22T10:48:00Z,25.482582
2025-02-22T12:00:00Z,25.918417
2025-02-22T12:36:00Z,29.857239
2025-02-22T13:12:00Z,25.46503
2025-02-22T13:48:00Z,24.29834
2025-02-22T15:36:00Z,25.645176
2025-02-22T16:12:00Z,25.117281
2025-02-22T16:48:00Z,30.83185
2025-02-22T17:24:00Z,24.544552
2025-02-22T18:00:00Z,24.998653
2025-02-22T18:36:00Z,25.883518
2025-02-22T19:12:00Z,24.248922
2025-02-22T19:48:00Z,25.317457
2025-02-22T20:24:00Z,24.508646
2025-02-22T21:00:00Z,25.441086
2025-02-22T21:36:00Z,24.008997
2025-02-22T22:12:00Z,25.316736
2025-02-22T22:48:00Z,24.143042
2025-02-22T23:24:00Z,30.39096
2025-02-23T00:00:00Z,0
2025-02-23T00:36:00Z,24.974411
2025-02-23T01:12:00Z,24.39427
2025-02-23T01:48:00Z,24.323189
2025-02-23T02:24:00Z,0
2025-02-23T03:00:00Z,24.293945
2025-02-23T03:36:00Z,24.664373
2025-02-23T04:12:00Z,25.963997
2025-02-23T04:48:00Z,0
2025-02-23T05:24:00Z,25.650015
2025-02-23T06:00:00Z,25.830103
2025-02-23T06:36:00Z,25.395855
2025-02-23T07:12:00Z,0
2025-02-23T07:48:00Z,24.931635
2025-02-23T08:24:00Z,25.00288
2025-02-23T09:00:00Z,24.067554
2025-02-23T09:36:00Z,30.600298
2025-02-23T10:12:00Z,24.223112
2025-02-23T11:24:00Z,25.992071
2025-02-23T12:00:00Z,30.751356
2025-02-23T12:36:00Z,24.572546
2025-02-23T13:12:00Z,25.879297
2025-02-23T13:48:00Z,25.757448
2025-02-23T14:24:00Z,0
2025-02-23T15:00:00Z,25.323639
2025-02-23T15:36:00Z,29.00505
2025-02-23T16:12:00Z,24.125029
2025-02-23T17:24:00Z,24.450554
2025-02-23T18:36:00Z,25.885765
2025-02-23T19:12:00Z,25.98624
2025-02-23T19:48:00Z,25.47706
2025-02-23T20:24:00Z,29.646872
2025-02-23T21:00:00Z,25.193718
2025-02-23T21:36:00Z,25.557972
2025-02-23T22:12:00Z,30.619978
2025-02-23T22:48:00Z,25.05887
2025-02-23T23:24:00Z,25.860266
2025-02-24T00:36:00Z,24.568697
2025-02-24T01:48:00Z,25.967104
2025-02-24T02:24:00Z,25.103456
2025-02-24T03:36:00Z,25.130068
2025-02-24T04:12:00Z,24.33602
2025-02-24T04:48:00Z,24.34256
2025-02-24T05:24:00Z,24.818983
2025-02-24T06:00:00Z,30.287722
2025-02-24T06:36:00Z,24.561281
2025-02-24T07:12:00Z,24.536736
2025-02-24T07:48:00Z,25.47352
2025-02-24T08:24:00Z,29.111427
2025-02-24T09:00:00Z,25.695099
2025-02-24T09:36:00Z,24.074703
2025-02-24T10:12:00Z,25.19093
2025-02-24T10:48:00Z,25.366316
2025-02-24T12:00:00Z,24.538548
2025-02-24T12:36:00Z,0
2025-02-24T13:12:00Z,24.378014
2025-02-24T13:48:00Z,30.632154
2025-02-24T14:24:00Z,25.32859
2025-02-24T15:00:00Z,24.286158
2025-02-24T15:36:00Z,25.79474
2025-02-24T16:12:00Z,25.981688
2025-02-24T16:48:00Z,24.266365
2025-02-24T17:24:00Z,29.877195
2025-02-24T18:00:00Z,24.791945
2025-02-24T18:36:00Z,25.446144
2025-02-24T19:12:00Z,0
2025-02-24T19:48:00Z,25.768618
2025-02-24T20:24:00Z,25.23965
2025-02-24T21:00:00Z,25.208136
2025-02-24T21:36:00Z,24.55793
2025-02-24T22:48:00Z,25.28317
2025-02-24T23:24:00Z,24.978128
2025-02-25T00:00:00Z,25.652126
2025-02-25T01:12:00Z,24.206003
2025-02-25T01:48:00Z,25.746479
2025-02-25T02:24:00Z,24.79031
2025-02-25T03:00:00Z,25.536755
2025-02-25T04:12:00Z,25.92996
2025-02-25T04:48:00Z,24.165764
2025-02-25T05:24:00Z,25.766914
2025-02-25T06:00:00Z,25.631475
2025-02-25T06:36:00Z,24.454456
2025-02-25T07:12:00Z,24.689487
2025-02-25T07:48:00Z,25.77168
2025-02-25T08:24:00Z,25.991837
2025-02-25T09:00:00Z,30.190044
2025-02-25T09:36:00Z,24.740606
2025-02-25T10:12:00Z,24.968813
2025-02-25T10:48:00Z,24.358961
2025-02-25T11:24:00Z,25.561438
2025-02-25T12:00:00Z,25.100355
2025-02-25T12:36:00Z,25.752127
2025-02-25T13:12:00Z,25.859486
2025-02-25T13:48:00Z,0
2025-02-25T14:24:00Z,25.262415
2025-02-25T15:00:00Z,25.11326
2025-02-25T15:36:00Z,25.63537
2025-02-25T16:12:00Z,0
2025-02-25T16:48:00Z,24.304258
2025-02-25T18:36:00Z,24.099909
2025-02-25T19:12:00Z,24.781816
2025-02-25T19:48:00Z,25.871786
2025-02-25T20:24:00Z,24.59351
2025-02-25T21:00:00Z,24.25843
2025-02-25T21:36:00Z,24.510685
2025-02-25T22:12:00Z,25.483377
2025-02-25T22:48:00Z,24.239117
2025-02-25T23:24:00Z,25.576334
2025-02-26T00:00:00Z,25.96045
2025-02-26T00:36:00Z,24.281616
2025-02-26T01:12:00Z,25.601202
2025-02-26T01:48:00Z,0
2025-02-26T02:24:00Z,25.801016
2025-02-26T03:00:00Z,24.217382
2025-02-26T03:36:00Z,24.002447
2025-02-26T04:48:00Z,25.259386
2025-02-26T05:24:00Z,24.799908
2025-02-26T06:00:00Z,25.646208
2025-02-26T06:36:00Z,24.962217
2025-02-26T07:12:00Z,25.945724
2025-02-26T07:48:00Z,25.181334
2025-02-26T08:24:00Z,24.98853
2025-02-26T09:00:00Z,29.767279
2025-02-26T09:36:00Z,24.314169
2025-02-26T10:12:00Z,25.044163
2025-02-26T10:48:00Z,29.068422
2025-02-26T11:24:00Z,24.198244
2025-02-26T12:00:00Z,25.17587
2025-02-26T12:36:00Z,24.214876
2025-02-26T13:12:00Z,24.241545
2025-02-26T13:48:00Z,25.417105
2025-02-26T14:24:00Z,24.434072
2025-02-26T15:00:00Z,24.217531
2025-02-26T15:36:00Z,24.998402
2025-02-26T16:12:00Z,30.640146
2025-02-26T16:48:00Z,0
2025-02-26T17:24:00Z,25.421728
2025-02-26T18:00:00Z,25.207642
2025-02-26T18:36:00Z,24.052399
2025-02-26T19:12:00Z,25.33991
2025-02-26T19:48:00Z,24.557344
2025-02-26T20:24:00Z,25.09477
2025-02-26T21:00:00Z,24.606762
2025-02-26T21:36:00Z,24.995207
2025-02-26T22:12:00Z,29.60139
2025-02-26T22:48:00Z,25.51013
2025-02-27T00:00:00Z,25.735106
2025-02-27T00:36:00Z,25.276093
2025-02-27T01:12:00Z,24.159225
2025-02-27T01:48:00Z,25.000875
2025-02-27T02:24:00Z,24.581491
2025-02-27T03:00:00Z,25.72503
2025-02-27T03:36:00Z,25.131723
2025-02-27T04:12:00Z,25.942669
2025-02-27T04:48:00Z,24.693361
2025-02-27T05:24:00Z,25.61065
2025-02-27T06:36:00Z,25.466055
2025-02-27T07:12:00Z,29.1978
2025-02-27T07:48:00Z,24.55479
2025-02-27T09:36:00Z,24.87381
2025-02-27T10:12:00Z,25.81242
2025-02-27T10:48:00Z,25.608624
2025-02-27T11:24:00Z,24.603596
2025-02-27T12:00:00Z,0
2025-02-27T12:36:00Z,25.174862
2025-02-27T13:12:00Z,0
2025-02-27T13:48:00Z,24.457111
2025-02-27T14:24:00Z,29.48749
2025-02-27T15:00:00Z,0
2025-02-27T15:36:00Z,24.428738
2025-02-27T16:12:00Z,25.59923
2025-02-27T16:48:00Z,24.393202
2025-02-27T18:36:00Z,25.385197
2025-02-27T19:12:00Z,24.679485
2025-02-27T19:48:00Z,0
2025-02-27T20:24:00Z,24.823898
2025-02-27T21:00:00Z,25.868692
2025-02-27T21:36:00Z,24.202627
2025-02-27T22:12:00Z,24.250269
2025-02-27T22:48:00Z,25.071774
2025-02-27T23:24:00Z,0
2025-02-28T00:00:00Z,24.414024
2025-02-28T01:12:00Z,25.255913
2025-02-28T01:48:00Z,24.360445
2025-02-28T03:00:00Z,24.876451
2025-02-28T03:36:00Z,29.713394
2025-02-28T04:12:00Z,0
2025-02-28T04:48:00Z,25.815321
2025-02-28T05:24:00Z,25.731642
2025-02-28T06:00:00Z,24.609386
2025-02-28T06:36:00Z,24.08925
2025-02-28T07:12:00Z,24.140617
2025-02-28T08:24:00Z,25.285864
2025-02-28T09:00:00Z,0
2025-02-28T09:36:00Z,24.6868
2025-02-28T10:12:00Z,25.921247
2025-02-28T10:48:00Z,24.498425
2025-02-28T11:24:00Z,25.612883
2025-02-28T12:00:00Z,25.998735
2025-02-28T13:12:00Z,25.613104
2025-02-28T13:48:00Z,24.875772
2025-02-28T14:24:00Z,25.749968
2025-02-28T15:36:00Z,25.681593
2025-02-28T16:12:00Z,24.65946
2025-02-28T16:48:00Z,25.948912
2025-02-28T17:24:00Z,24.22737
2025-02-28T18:00:00Z,25.461754
2025-02-28T18:36:00Z,0
2025-02-28T19:12:00Z,24.991842
2025-02-28T19:48:00Z,24.990267
2025-02-28T20:24:00Z,24.48157
2025-02-28T21:00:00Z,25.981958
2025-02-28T21:36:00Z,0
2025-02-28T22:12:00Z,24.658472
2025-02-28T22:48:00Z,0
2025-02-28T23:24:00Z,25.266272
2025-03-01T00:00:00Z,25.760206
2025-03-01T00:36:00Z,25.029802
2025-03-01T01:48:00Z,24.811762
2025-03-01T02:24:00Z,29.430546
2025-03-01T03:00:00Z,24.792154
2025-03-01T04:12:00Z,24.216602
2025-03-01T04:48:00Z,25.964937
2025-03-01T05:24:00Z,25.78299
2025-03-01T06:00:00Z,24.931734
2025-03-01T06:36:00Z,0
2025-03-01T07:12:00Z,25.530745
2025-03-01T07:48:00Z,24.005392
2025-03-01T08:24:00Z,29.31262
2025-03-01T09:00:00Z,24.206284
2025-03-01T09:36:00Z,25.788912
2025-03-01T10:12:00Z,0
2025-03-01T10:48:00Z,24.73633
2025-03-01T11:24:00Z,24.670315
2025-03-01T12:00:00Z,30.033262
2025-03-01T12:36:00Z,25.364346
2025-03-01T13:12:00Z,25.36617
2025-03-01T13:48:00Z,24.799206
2025-03-01T14:24:00Z,0
2025-03-01T15:00:00Z,24.305939
2025-03-01T15:36:00Z,30.405815
2025-03-01T16:12:00Z,24.960224
2025-03-01T16:48:00Z,29.748283
2025-03-01T17:24:00Z,0
2025-03-01T18:00:00Z,25.128983
2025-03-01T18:36:00Z,25.87706
2025-03-01T19:12:00Z,25.537683
2025-03-01T19:48:00Z,29.675318
2025-03-01T20:24:00Z,0
2025-03-01T21:00:00Z,25.190405
2025-03-01T21:36:00Z,24.276737
2025-03-01T22:12:00Z,25.415852
2025-03-01T22:48:00Z,24.1094
2025-03-01T23:24:00Z,0
2025-03-02T00:00:00Z,25.785713
2025-03-02T00:36:00Z,24.567976
2025-03-02T01:12:00Z,24.08113
2025-03-02T01:48:00Z,29.152008
2025-03-02T02:24:00Z,25.091412
2025-03-02T03:00:00Z,25.436483
2025-03-02T03:36:00Z,25.141008
2025-03-02T04:12:00Z,25.907488
2025-03-02T04:48:00Z,29.52749
2025-03-02T05:24:00Z,0
2025-03-02T06:00:00Z,25.115232
2025-03-02T06:36:00Z,25.315582
2025-03-02T07:48:00Z,24.282444
2025-03-02T08:24:00Z,24.601267
2025-03-02T09:00:00Z,0
2025-03-02T09:36:00Z,25.568724
2025-03-02T10:12:00Z,24.383137
2025-03-02T10:48:00Z,25.456623
2025-03-02T11:24:00Z,25.85313
2025-03-02T12:00:00Z,30.878836
2025-03-02T12:36:00Z,25.328604
2025-03-02T13:12:00Z,25.697037
2025-03-02T13:48:00Z,30.637428
2025-03-02T14:24:00Z,24.149942
2025-03-02T15:36:00Z,25.560276
2025-03-02T16:12:00Z,25.054764
2025-03-02T16:48:00Z,25.308523
2025-03-02T18:00:00Z,24.510735
2025-03-02T18:36:00Z,24.695627
2025-03-02T19:12:00Z,25.291988
2025-03-02T19:48:00Z,24.021465
2025-03-02T20:24:00Z,0
2025-03-02T21:00:00Z,25.885849
2025-03-02T21:36:00Z,0
2025-03-02T22:12:00Z,24.957483
2025-03-02T22:48:00Z,24.50967
2025-03-03T00:00:00Z,25.443886
2025-03-03T02:24:00Z,25.355295
2025-03-03T03:00:00Z,24.713882
2025-03-03T04:12:00Z,25.44476
2025-03-03T04:48:00Z,24.2303
2025-03-03T05:24:00Z,25.97388
2025-03-03T06:00:00Z,24.349728
2025-03-03T06:36:00Z,0
2025-03-03T07:12:00Z,25.01696
2025-03-03T07:48:00Z,24.546827
2025-03-03T09:00:00Z,25.225014
2025-03-03T09:36:00Z,24.151793
2025-03-03T10:48:00Z,25.702667
2025-03-03T11:24:00Z,24.66038
2025-03-03T12:00:00Z,25.88207
2025-03-03T12:36:00Z,24.333788
2025-03-03T13:12:00Z,24.173988
2025-03-03T13:48:00Z,25.34209
2025-03-03T14:24:00Z,24.296232
2025-03-03T15:00:00Z,0
2025-03-03T15:36:00Z,24.180649
2025-03-03T16:48:00Z,25.628294
2025-03-03T17:24:00Z,24.570366
2025-03-03T18:00:00Z,25.467308
2025-03-03T18:36:00Z,25.633972
2025-03-03T19:12:00Z,25.097431
2025-03-03T19:48:00Z,24.12676
2025-03-03T20:24:00Z,0
2025-03-03T21:00:00Z,24.73761
2025-03-03T21:36:00Z,24.534725
2025-03-03T22:12:00Z,0
2025-03-03T22:48:00Z,24.661215
2025-03-03T23:24:00Z,25.776873
2025-03-04T00:00:00Z,25.722486
2025-03-04T00:36:00Z,24.790813
2025-03-04T01:48:00Z,24.409021
2025-03-04T02:24:00Z,25.138775
2025-03-04T03:00:00Z,24.203564
2025-03-04T03:36:00Z,25.43842
2025-03-04T04:12:00Z,25.209507
2025-03-04T05:24:00Z,24.019855
2025-03-04T06:00:00Z,25.807848
2025-03-04T06:36:00Z,24.344364
2025-03-04T07:48:00Z,24.245657
2025-03-04T08:24:00Z,25.865873
2025-03-04T09:00:00Z,24.343641
2025-03-04T09:36:00Z,25.497156
2025-03-04T10:12:00Z,24.386341
2025-03-04T11:24:00Z,24.268553
2025-03-04T12:00:00Z,30.234987
2025-03-04T12:36:00Z,0
2025-03-04T13:12:00Z,25.923754
2025-03-04T13:48:00Z,24.59944
2025-03-04T15:00:00Z,25.697792
2025-03-04T15:36:00Z,25.007702
2025-03-04T16:12:00Z,25.947132
2025-03-04T16:48:00Z,29.208826
2025-03-04T17:24:00Z,24.923098
2025-03-04T18:00:00Z,25.168814
2025-03-04T18:36:00Z,0
2025-03-04T19:12:00Z,24.749111
2025-03-04T19:48:00Z,24.06333
2025-03-04T21:00:00Z,25.357515
2025-03-04T22:12:00Z,25.847652
2025-03-04T22:48:00Z,25.429415
2025-03-04T23:24:00Z,0
2025-03-05T00:00:00Z,25.756258
2025-03-05T00:36:00Z,29.626274
2025-03-05T01:12:00Z,0
2025-03-05T01:48:00Z,25.395172
2025-03-05T02:24:00Z,0
2025-03-05T03:00:00Z,24.948645
2025-03-05T03:36:00Z,24.204218
2025-03-05T04:12:00Z,25.547707
2025-03-05T04:48:00Z,0
2025-03-05T05:24:00Z,25.10234
2025-03-05T06:00:00Z,25.256018
2025-03-05T06:36:00Z,30.662792
2025-03-05T07:12:00Z,24.545795
2025-03-05T07:48:00Z,24.083815
2025-03-05T08:24:00Z,25.412764
2025-03-05T09:00:00Z,24.112274
2025-03-05T09:36:00Z,24.960527
2025-03-05T11:24:00Z,25.276611
2025-03-05T12:00:00Z,24.659582
2025-03-05T12:36:00Z,24.510351
2025-03-05T13:12:00Z,25.76717
2025-03-05T13:48:00Z,25.870699
2025-03-05T14:24:00Z,24.643766
2025-03-05T15:00:00Z,25.420542
2025-03-05T15:36:00Z,24.791883
2025-03-05T16:12:00Z,0
2025-03-05T16:48:00Z,25.821102
2025-03-05T17:24:00Z,29.21969
2025-03-05T18:00:00Z,0
2025-03-05T18:36:00Z,24.117638
2025-03-05T19:12:00Z,24.689653
2025-03-05T19:48:00Z,0
2025-03-05T20:24:00Z,30.614256
2025-03-05T21:00:00Z,0
2025-03-05T21:36:00Z,24.568518
2025-03-05T22:12:00Z,24.389156
2025-03-05T22:48:00Z,25.614464
2025-03-05T23:24:00Z,25.689205
2025-03-06T00:36:00Z,24.56689
2025-03-06T01:12:00Z,0
2025-03-06T01:48:00Z,24.58858
2025-03-06T02:24:00Z,24.713566
2025-03-06T03:00:00Z,25.63557
2025-03-06T03:36:00Z,29.12775
2025-03-06T04:12:00Z,25.71078
2025-03-06T04:48:00Z,25.60311
2025-03-06T06:00:00Z,24.122467
2025-03-06T06:36:00Z,25.574303
2025-03-06T07:12:00Z,24.730946
2025-03-06T07:48:00Z,25.613174
2025-03-06T09:00:00Z,24.381601
2025-03-06T09:36:00Z,24.498068
2025-03-06T10:12:00Z,25.474352
2025-03-06T10:48:00Z,25.535059
2025-03-06T11:24:00Z,24.587965
2025-03-06T12:00:00Z,30.300322
2025-03-06T12:36:00Z,25.319353
2025-03-06T13:12:00Z,25.749563
2025-03-06T13:48:00Z,24.031353
2025-03-06T14:24:00Z,0
2025-03-06T15:00:00Z,25.60086
2025-03-06T15:36:00Z,0
2025-03-06T16:12:00Z,25.385342
2025-03-06T16:48:00Z,0
2025-03-06T17:24:00Z,0
2025-03-06T18:00:00Z,25.525272
