Timestamp,Value
2024-10-01T17:24:00Z,0.912199
2024-10-01T18:00:00Z,0
2024-10-01T18:36:00Z,0.96881795
2024-10-01T19:12:00Z,0
2024-10-01T20:24:00Z,0.90145373
2024-10-01T21:00:00Z,0
2024-10-01T21:36:00Z,0.5628627
2024-10-01T22:12:00Z,0.17950977
2024-10-01T23:24:00Z,0.6148079
2024-10-02T01:12:00Z,0.3711655
2024-10-02T01:48:00Z,0.7211639
2024-10-02T03:36:00Z,0.37717485
2024-10-02T04:12:00Z,0.7781836
2024-10-02T04:48:00Z,0
2024-10-02T05:24:00Z,0.71741486
2024-10-02T06:00:00Z,0.016781822
2024-10-02T07:12:00Z,0.9512918
2024-10-02T07:48:00Z,0
2024-10-02T09:00:00Z,0.98267746
2024-10-02T09:36:00Z,0
2024-10-02T10:12:00Z,0.5514404
2024-10-02T11:24:00Z,0.026601246
2024-10-02T12:36:00Z,0.5145614
2024-10-02T13:12:00Z,0.1546769
2024-10-02T14:24:00Z,0.64117366
2024-10-02T15:00:00Z,0.020083308
2024-10-02T15:36:00Z,0.9082156
2024-10-02T16:12:00Z,0
2024-10-02T16:48:00Z,0.9096396
2024-10-02T17:24:00Z,0
2024-10-02T18:36:00Z,0.44328538
2024-10-02T19:12:00Z,0.21060213
2024-10-02T19:48:00Z,0.9636525
2024-10-02T20:24:00Z,0
2024-10-02T21:00:00Z,0.116162494
2024-10-02T21:36:00Z,0.6751333
2024-10-02T22:48:00Z,0.09155348
2024-10-03T00:00:00Z,0.9443343
2024-10-03T00:36:00Z,0
2024-10-03T01:12:00Z,0.82240486
2024-10-03T01:48:00Z,0
2024-10-03T02:24:00Z,0.6418008
2024-10-03T04:12:00Z,0.9506354
2024-10-03T04:48:00Z,0
2024-10-03T06:00:00Z,0.47145012
2024-10-03T06:36:00Z,0.053464428
2024-10-03T07:12:00Z,0.11838264
2024-10-03T07:48:00Z,0.8180861
2024-10-03T08:24:00Z,0
2024-10-03T09:00:00Z,0.024059124
2024-10-03T09:36:00Z,0.46923175
2024-10-03T11:24:00Z,0.41314802
2024-10-03T12:00:00Z,0.98075044
2024-10-03T12:36:00Z,0
2024-10-03T13:12:00Z,0.7435993
2024-10-03T13:48:00Z,0.9300894
2024-10-03T14:24:00Z,0
2024-10-03T16:48:00Z,0.9382329
2024-10-03T17:24:00Z,0
2024-10-03T18:00:00Z,0.72042173
2024-10-03T18:36:00Z,0.1899323
2024-10-03T19:12:00Z,0.87273705
2024-10-03T19:48:00Z,0
2024-10-03T20:24:00Z,0.8779029
2024-10-03T21:00:00Z,0
2024-10-03T22:12:00Z,0.74048597
2024-10-03T22:48:00Z,0.85543215
2024-10-03T23:24:00Z,0
2024-10-04T00:36:00Z,0.9584883
2024-10-04T01:12:00Z,0
2024-10-04T01:48:00Z,0.6884806
2024-10-04T02:24:00Z,0.9128833
2024-10-04T03:00:00Z,0
2024-10-04T03:36:00Z,0.8677136
2024-10-04T04:12:00Z,0
2024-10-04T04:48:00Z,0.8533747
2024-10-04T05:24:00Z,0
2024-10-04T06:00:00Z,0.6966731
2024-10-04T07:12:00Z,0.8930791
2024-10-04T07:48:00Z,0
2024-10-04T08:24:00Z,0.65351963
2024-10-04T09:00:00Z,0.83722365
2024-10-04T09:36:00Z,0
2024-10-04T10:48:00Z,0.532074
2024-10-04T12:36:00Z,0.5070244
2024-10-04T13:12:00Z,0.0033011301
2024-10-04T13:48:00Z,0.031053245
2024-10-04T14:24:00Z,0.78044814
2024-10-04T15:00:00Z,0
2024-10-04T15:36:00Z,0.39161903
2024-10-04T16:12:00Z,0.27503362
2024-10-04T17:24:00Z,0.85125697
2024-10-04T18:00:00Z,0
2024-10-04T19:12:00Z,0.49053714
2024-10-04T20:24:00Z,0.106502585
2024-10-04T21:00:00Z,0.8630625
2024-10-04T21:36:00Z,0
2024-10-04T22:12:00Z,0.64666635
2024-10-04T22:48:00Z,0.59790415
2024-10-04T23:24:00Z,0.012122317
2024-10-05T00:00:00Z,0.5836826
2024-10-05T01:12:00Z,0.47108102
2024-10-05T01:48:00Z,0.8380568
2024-10-05T02:24:00Z,0
2024-10-05T03:00:00Z,0.29825506
2024-10-05T03:36:00Z,0.1482762
2024-10-05T04:12:00Z,0.7024979
2024-10-05T06:00:00Z,0.7348643
2024-10-05T06:36:00Z,0.010549817
2024-10-05T07:12:00Z,0.88495946
2024-10-05T07:48:00Z,0
2024-10-05T08:24:00Z,0.54004276
2024-10-05T09:00:00Z,0.14184554
2024-10-05T09:36:00Z,0.7097525
2024-10-05T10:12:00Z,0.2812262
2024-10-05T11:24:00Z,0.52692264
2024-10-05T12:00:00Z,0.2923221
2024-10-05T12:36:00Z,0.8929014
2024-10-05T13:12:00Z,0
2024-10-05T13:48:00Z,0.7037135
2024-10-05T15:36:00Z,0.7412282
2024-10-05T16:12:00Z,0.15571612
2024-10-05T16:48:00Z,0.49467406
2024-10-05T17:24:00Z,0.032772884
2024-10-05T18:00:00Z,0.6500661
2024-10-05T18:36:00Z,0.2533528
2024-10-05T19:48:00Z,0.41188514
2024-10-05T20:24:00Z,0.24608901
2024-10-05T21:36:00Z,0.8795758
2024-10-05T22:12:00Z,0
2024-10-05T22:48:00Z,0.7826199
2024-10-05T23:24:00Z,0
2024-10-06T00:00:00Z,0.73385805
2024-10-06T01:12:00Z,0.46988028
2024-10-06T01:48:00Z,0.9552704
2024-10-06T02:24:00Z,0
2024-10-06T03:00:00Z,0.9582264
2024-10-06T03:36:00Z,0
2024-10-06T04:12:00Z,0.5312424
2024-10-06T05:24:00Z,0.20687164
2024-10-06T06:00:00Z,0.6511904
2024-10-06T07:12:00Z,0.6471148
2024-10-06T07:48:00Z,0.11017572
2024-10-06T08:24:00Z,0.5048208
2024-10-06T10:12:00Z,0.20500235
2024-10-06T10:48:00Z,0.8333524
2024-10-06T11:24:00Z,0
2024-10-06T12:00:00Z,0.71980023
2024-10-06T12:36:00Z,0.90206516
2024-10-06T13:12:00Z,0
2024-10-06T13:48:00Z,0.87996906
2024-10-06T14:24:00Z,0
2024-10-06T15:36:00Z,0.028866122
2024-10-06T16:12:00Z,0.7298528
2024-10-06T17:24:00Z,0.803581
2024-10-06T18:00:00Z,0
2024-10-06T19:12:00Z,0.05243177
2024-10-06T19:48:00Z,0.42898884
2024-10-06T21:00:00Z,0.8350994
2024-10-06T21:36:00Z,0
2024-10-06T22:12:00Z,0.74444634
2024-10-06T22:48:00Z,0.23817201
2024-10-06T23:24:00Z,0.81275445
2024-10-07T00:00:00Z,0
2024-10-07T00:36:00Z,0.7559664
2024-10-07T01:12:00Z,0
2024-10-07T03:36:00Z,0.88284844
2024-10-07T04:12:00Z,0
2024-10-07T06:00:00Z,0.93478966
2024-10-07T06:36:00Z,0
2024-10-07T07:12:00Z,0.7604931
2024-10-07T07:48:00Z,0
2024-10-07T09:00:00Z,0.31683263
2024-10-07T09:36:00Z,0.04466379
2024-10-07T10:48:00Z,0.583512
2024-10-07T11:24:00Z,0.24527948
2024-10-07T12:00:00Z,0.7326068
2024-10-07T12:36:00Z,0.25517184
2024-10-07T13:12:00Z,0.5134146
2024-10-07T13:48:00Z,0.26225626
2024-10-07T15:00:00Z,0.43653598
2024-10-07T16:12:00Z,0.18593678
2024-10-07T17:24:00Z,0.8417374
2024-10-07T18:00:00Z,0
2024-10-07T18:36:00Z,0.65755767
2024-10-07T19:12:00Z,0.34770572
2024-10-07T19:48:00Z,0.61092794
2024-10-07T20:24:00Z,0.052702095
2024-10-07T21:00:00Z,0.9144286
2024-10-07T21:36:00Z,0
2024-10-07T22:48:00Z,0.074606255
2024-10-07T23:24:00Z,0.5679608
2024-10-08T00:00:00Z,0.09758773
2024-10-08T00:36:00Z,0.2722267
2024-10-08T01:12:00Z,0.010383027
2024-10-08T01:48:00Z,0.6873905
2024-10-08T02:24:00Z,0.79177487
2024-10-08T03:00:00Z,0
2024-10-08T03:36:00Z,0.68735594
2024-10-08T04:12:00Z,0.2391372
2024-10-08T04:48:00Z,0.98449165
2024-10-08T05:24:00Z,0
2024-10-08T06:00:00Z,0.99540997
2024-10-08T06:36:00Z,0
2024-10-08T07:12:00Z,0.8227748
2024-10-08T07:48:00Z,0
2024-10-08T08:24:00Z,0.9927281
2024-10-08T09:00:00Z,0
2024-10-08T09:36:00Z,0.928801
2024-10-08T10:12:00Z,0
2024-10-08T10:48:00Z,0.47509527
2024-10-08T12:00:00Z,0.04092791
2024-10-08T13:48:00Z,0.049977463
2024-10-08T14:24:00Z,0.56910497
2024-10-08T15:00:00Z,0.15615126
2024-10-08T15:36:00Z,0.66844535
2024-10-08T16:48:00Z,0.69363487
2024-10-08T17:24:00Z,0.0024764556
2024-10-08T18:00:00Z,0.65813106
2024-10-08T19:12:00Z,0.546895
2024-10-08T19:48:00Z,0.09165377
2024-10-08T21:00:00Z,0.1493023
2024-10-08T21:36:00Z,0.9525184
2024-10-08T22:12:00Z,0
2024-10-08T22:48:00Z,0.38098454
2024-10-08T23:24:00Z,0.23129877
2024-10-09T00:00:00Z,0.8757276
2024-10-09T00:36:00Z,0
2024-10-09T01:12:00Z,0.6461835
2024-10-09T01:48:00Z,0.5991975
2024-10-09T02:24:00Z,0.029757144
2024-10-09T03:00:00Z,0.43904215
2024-10-09T03:36:00Z,0.18622336
2024-10-09T04:12:00Z,0.6700322
2024-10-09T05:24:00Z,0.29019618
2024-10-09T06:00:00Z,0.83925873
2024-10-09T06:36:00Z,0
2024-10-09T07:12:00Z,0.5155202
2024-10-09T07:48:00Z,0.15432951
2024-10-09T08:24:00Z,0.6293195
2024-10-09T09:00:00Z,0.61348236
2024-10-09T09:36:00Z,0.07601006
2024-10-09T10:48:00Z,0.51063836
2024-10-09T11:24:00Z,0.32071385
2024-10-09T12:36:00Z,0.9686856
2024-10-09T13:12:00Z,0
2024-10-09T14:24:00Z,0.5082191
2024-10-09T15:00:00Z,0.494312
2024-10-09T15:36:00Z,0.07843052
2024-10-09T16:48:00Z,0.90996206
2024-10-09T17:24:00Z,0
2024-10-09T18:00:00Z,0.59898394
2024-10-09T19:12:00Z,0.26321393
2024-10-09T19:48:00Z,0.7882238
2024-10-09T20:24:00Z,0
2024-10-09T21:00:00Z,0.520767
2024-10-09T23:24:00Z,0.94382054
2024-10-10T00:00:00Z,0
2024-10-10T00:36:00Z,0.3439965
2024-10-10T01:12:00Z,0.22364727
2024-10-10T01:48:00Z,0.53791904
2024-10-10T02:24:00Z,0.11621368
2024-10-10T03:00:00Z,0.15976343
2024-10-10T03:36:00Z,0.7866757
2024-10-10T04:12:00Z,0
2024-10-10T05:24:00Z,0.64501524
2024-10-10T06:00:00Z,0.09524174
2024-10-10T07:12:00Z,0.49709916
2024-10-10T07:48:00Z,0.13600966
2024-10-10T08:24:00Z,0.5736704
2024-10-10T09:36:00Z,0.14741114
2024-10-10T10:12:00Z,0.6854934
2024-10-10T12:36:00Z,0.0062886514
2024-10-10T13:48:00Z,0.6284604
2024-10-10T15:00:00Z,0.04096311
2024-10-10T15:36:00Z,0.3281504
2024-10-10T16:12:00Z,0.11018486
2024-10-10T16:48:00Z,0.6566596
2024-10-10T17:24:00Z,0.06379761
2024-10-10T18:00:00Z,0.99170685
2024-10-10T18:36:00Z,0
2024-10-10T19:12:00Z,0.9739545
2024-10-10T19:48:00Z,0
2024-10-10T20:24:00Z,0.5670584
2024-10-10T21:00:00Z,0.41911542
2024-10-10T21:36:00Z,0.99301815
2024-10-10T22:12:00Z,0
2024-10-10T23:24:00Z,0.8249977
2024-10-11T00:00:00Z,0
2024-10-11T00:36:00Z,0.74950755
2024-10-11T01:48:00Z,0.08895309
2024-10-11T02:24:00Z,0.16148552
2024-10-11T03:00:00Z,0.86863875
2024-10-11T03:36:00Z,0
2024-10-11T04:48:00Z,0.79903406
2024-10-11T05:24:00Z,0
2024-10-11T06:00:00Z,0.013010674
2024-10-11T06:36:00Z,0.59811944
2024-10-11T07:12:00Z,0.008212809
2024-10-11T08:24:00Z,0.5150652
2024-10-11T09:00:00Z,0.20634899
2024-10-11T09:36:00Z,0.6073145
2024-10-11T10:12:00Z,0.11911526
2024-10-11T10:48:00Z,0.709044
2024-10-11T11:24:00Z,0.21596536
2024-10-11T13:12:00Z,0.46655193
2024-10-11T13:48:00Z,0.47384924
2024-10-11T14:24:00Z,0.033474397
2024-10-11T15:36:00Z,0.18820505
2024-10-11T16:12:00Z,0.881437
2024-10-11T16:48:00Z,0
2024-10-11T17:24:00Z,0.7064525
2024-10-11T18:00:00Z,0.5211893
2024-10-11T18:36:00Z,0.767386
2024-10-11T19:12:00Z,0
2024-10-11T19:48:00Z,0.93808377
2024-10-11T20:24:00Z,0
2024-10-11T21:00:00Z,0.0075034024
2024-10-11T21:36:00Z,0.5640451
2024-10-11T22:12:00Z,0.14516273
2024-10-11T23:24:00Z,0.684765
2024-10-12T00:00:00Z,0.3167419
2024-10-12T00:36:00Z,0.6473261
2024-10-12T01:12:00Z,0.36585227
2024-10-12T02:24:00Z,0.68011004
2024-10-12T04:48:00Z,0.54562217
2024-10-12T05:24:00Z,0.77020216
2024-10-12T06:00:00Z,0
2024-10-12T06:36:00Z,0.5398799
2024-10-12T08:24:00Z,0.17199785
2024-10-12T09:00:00Z,0.8308445
2024-10-12T09:36:00Z,0
2024-10-12T12:36:00Z,0.35254675
2024-10-12T13:12:00Z,0.9440781
2024-10-12T13:48:00Z,0
2024-10-12T15:00:00Z,0.6305186
2024-10-12T15:36:00Z,0.4543886
2024-10-12T16:12:00Z,0.8511535
2024-10-12T16:48:00Z,0
2024-10-12T17:24:00Z,0.64967144
2024-10-12T18:36:00Z,0.8795315
2024-10-12T19:12:00Z,0
2024-10-12T19:48:00Z,0.46594343
2024-10-12T20:24:00Z,0.15758938
2024-10-12T21:00:00Z,0.6328171
2024-10-12T21:36:00Z,0.10454422
2024-10-12T22:12:00Z,0.7624085
2024-10-12T22:48:00Z,0
2024-10-12T23:24:00Z,0.5240714
2024-10-13T00:00:00Z,0.0038032113
2024-10-13T01:12:00Z,0.8930921
2024-10-13T01:48:00Z,0
2024-10-13T03:36:00Z,0.073298976
2024-10-13T04:12:00Z,0.76573
2024-10-13T04:48:00Z,0
2024-10-13T05:24:00Z,0.9872282
2024-10-13T06:00:00Z,0
2024-10-13T08:24:00Z,0.15271503
2024-10-13T09:00:00Z,0.4702134
2024-10-13T09:36:00Z,0.10919866
2024-10-13T10:48:00Z,0.60223985
2024-10-13T11:24:00Z,0.22387233
2024-10-13T12:36:00Z,0.8473503
2024-10-13T13:12:00Z,0
2024-10-13T13:48:00Z,0.7711812
2024-10-13T14:24:00Z,0
2024-10-13T16:48:00Z,0.17421444
2024-10-13T17:24:00Z,0.20849594
2024-10-13T18:00:00Z,0.6455889
2024-10-13T18:36:00Z,0.025664046
2024-10-13T19:12:00Z,0.74916065
2024-10-13T19:48:00Z,0.38679537
2024-10-13T20:24:00Z,0.64886063
2024-10-13T21:36:00Z,0.31707406
2024-10-13T22:12:00Z,0.73416865
2024-10-13T23:24:00Z,0.06785665
2024-10-14T00:00:00Z,0.18319924
2024-10-14T00:36:00Z,0.94250333
2024-10-14T01:12:00Z,0
2024-10-14T01:48:00Z,0.5188343
2024-10-14T02:24:00Z,0.32230082
2024-10-14T03:00:00Z,0.98619014
2024-10-14T03:36:00Z,0
2024-10-14T04:12:00Z,0.5929498
2024-10-14T04:48:00Z,0.78586125
2024-10-14T05:24:00Z,0
2024-10-14T06:00:00Z,0.9830309
2024-10-14T06:36:00Z,0
2024-10-14T07:48:00Z,0.8526306
2024-10-14T08:24:00Z,0
2024-10-14T10:12:00Z,0.9007027
2024-10-14T10:48:00Z,0
2024-10-14T12:00:00Z,0.80087036
2024-10-14T12:36:00Z,0
2024-10-14T13:48:00Z,0.5765758
2024-10-14T14:24:00Z,0.05265833
2024-10-14T15:36:00Z,0.5875441
2024-10-14T16:12:00Z,0.3790988
2024-10-14T16:48:00Z,0.63827264
2024-10-14T17:24:00Z,0.39586422
2024-10-14T18:00:00Z,0.9762245
2024-10-14T18:36:00Z,0
2024-10-14T19:48:00Z,0.9161392
2024-10-14T20:24:00Z,0
2024-10-14T21:00:00Z,0.33411527
2024-10-14T22:12:00Z,0.036524903
2024-10-14T22:48:00Z,0.8566825
2024-10-14T23:24:00Z,0
2024-10-15T00:00:00Z,0.98318917
2024-10-15T00:36:00Z,0
2024-10-15T01:48:00Z,0.55758137
2024-10-15T02:24:00Z,0.025296714
2024-10-15T03:36:00Z,0.7030856
2024-10-15T05:24:00Z,0.7175552
2024-10-15T06:00:00Z,0.15621085
2024-10-15T08:24:00Z,0.7962301
2024-10-15T09:00:00Z,0
2024-10-15T10:12:00Z,0.71754444
2024-10-15T11:24:00Z,0.5131419
2024-10-15T12:00:00Z,0.93329823
2024-10-15T12:36:00Z,0
2024-10-15T13:48:00Z,0.1564465
2024-10-15T15:00:00Z,0.89737636
2024-10-15T15:36:00Z,0
2024-10-15T17:24:00Z,0.52746654
2024-10-15T18:00:00Z,0.39474615
2024-10-15T18:36:00Z,0.7681107
2024-10-15T19:12:00Z,0
2024-10-15T19:48:00Z,0.92913383
2024-10-15T20:24:00Z,0
2024-10-15T21:00:00Z,0.82876605
2024-10-15T21:36:00Z,0
2024-10-16T00:00:00Z,0.5482542
2024-10-16T00:36:00Z,0.15048912
2024-10-16T01:48:00Z,0.21874994
2024-10-16T02:24:00Z,0.8034874
2024-10-16T03:00:00Z,0
2024-10-16T04:48:00Z,0.67284554
2024-10-16T05:24:00Z,0.1679503
2024-10-16T06:00:00Z,0.95880246
2024-10-16T06:36:00Z,0
2024-10-16T07:48:00Z,0.94534343
2024-10-16T08:24:00Z,0
2024-10-16T09:36:00Z,0.39243022
2024-10-16T11:24:00Z,0.07722108
2024-10-16T13:12:00Z,0.77629954
2024-10-16T13:48:00Z,0
2024-10-16T14:24:00Z,0.88675565
2024-10-16T15:00:00Z,0
2024-10-16T15:36:00Z,0.9646233
2024-10-16T16:12:00Z,0
2024-10-16T17:24:00Z,0.8535196
2024-10-16T18:00:00Z,0
2024-10-16T18:36:00Z,0.8856035
2024-10-16T19:12:00Z,0
2024-10-16T21:00:00Z,0.78075635
2024-10-16T21:36:00Z,0
2024-10-16T22:12:00Z,0.7027589
2024-10-16T23:24:00Z,0.2617795
2024-10-17T00:36:00Z,0.98543054
2024-10-17T01:12:00Z,0
2024-10-17T01:48:00Z,0.6103777
2024-10-17T02:24:00Z,0.12644224
2024-10-17T03:00:00Z,0.6090717
2024-10-17T04:12:00Z,0.68649834
2024-10-17T04:48:00Z,0.07204681
2024-10-17T06:36:00Z,0.6655178
2024-10-17T07:12:00Z,0.12705474
2024-10-17T07:48:00Z,0.54828346
2024-10-17T09:36:00Z,0.0817401
2024-10-17T10:48:00Z,0.93528223
2024-10-17T11:24:00Z,0
2024-10-17T12:00:00Z,0.10393927
2024-10-17T12:36:00Z,0.8046147
2024-10-17T13:12:00Z,0
2024-10-17T13:48:00Z,0.46574035
2024-10-17T15:36:00Z,0.99089116
2024-10-17T16:12:00Z,0
2024-10-17T16:48:00Z,0.7765159
2024-10-17T17:24:00Z,0
2024-10-17T18:00:00Z,0.41562885
2024-10-17T18:36:00Z,0.19502853
2024-10-17T19:12:00Z,0.9975075
2024-10-17T19:48:00Z,0
2024-10-17T20:24:00Z,0.62497616
2024-10-17T21:36:00Z,0.16227841
2024-10-17T22:12:00Z,0.16246785
2024-10-17T22:48:00Z,0.83285815
2024-10-17T23:24:00Z,0
2024-10-18T00:36:00Z,0.8919104
2024-10-18T01:12:00Z,0
2024-10-18T02:24:00Z,0.70161843
2024-10-18T04:12:00Z,0.36233056
2024-10-18T04:48:00Z,0.72423095
2024-10-18T05:24:00Z,0.5394339
2024-10-18T06:00:00Z,0.7614027
2024-10-18T06:36:00Z,0
2024-10-18T09:00:00Z,0.81238717
2024-10-18T09:36:00Z,0
2024-10-18T10:12:00Z,0.05281047
2024-10-18T11:24:00Z,0.48651984
2024-10-18T12:00:00Z,0.057153396
2024-10-18T13:48:00Z,0.035240166
2024-10-18T14:24:00Z,0.7114508
2024-10-18T15:00:00Z,0.7495453
2024-10-18T15:36:00Z,0.28150758
2024-10-18T16:48:00Z,0.7999177
2024-10-18T17:24:00Z,0
2024-10-18T19:12:00Z,0.21833092
2024-10-18T19:48:00Z,0.95221794
2024-10-18T20:24:00Z,0
2024-10-18T21:36:00Z,0.8776755
2024-10-18T22:12:00Z,0
2024-10-18T22:48:00Z,0.0021338514
2024-10-18T23:24:00Z,0.4679604
2024-10-19T00:00:00Z,0.038798295
2024-10-19T01:48:00Z,0.6849103
2024-10-19T02:24:00Z,0.045143593
2024-10-19T03:00:00Z,0.8339432
2024-10-19T03:36:00Z,0
2024-10-19T04:12:00Z,0.98875064
2024-10-19T04:48:00Z,0
2024-10-19T05:24:00Z,0.70798075
2024-10-19T06:00:00Z,0.33926296
2024-10-19T06:36:00Z,0.7272644
2024-10-19T08:24:00Z,0.10493548
2024-10-19T09:00:00Z,0.7642433
2024-10-19T09:36:00Z,0
2024-10-19T10:48:00Z,0.09022941
2024-10-19T11:24:00Z,0.75272274
2024-10-19T12:00:00Z,0
2024-10-19T13:12:00Z,0.84552014
2024-10-19T13:48:00Z,0
2024-10-19T14:24:00Z,0.57797307
2024-10-19T15:00:00Z,0.055288482
2024-10-19T15:36:00Z,0.8522213
2024-10-19T16:12:00Z,0
2024-10-19T16:48:00Z,0.39510277
2024-10-19T17:24:00Z,0.16969469
2024-10-19T18:36:00Z,0.74069595
2024-10-19T19:48:00Z,0.0905441
2024-10-19T20:24:00Z,0.5640229
2024-10-19T21:00:00Z,0.0931305
2024-10-19T22:12:00Z,0.8948304
2024-10-19T22:48:00Z,0
2024-10-19T23:24:00Z,0.7437138
2024-10-20T00:00:00Z,0.93285507
2024-10-20T00:36:00Z,0
2024-10-20T02:24:00Z,0.5574476
2024-10-20T03:00:00Z,0.27034858
2024-10-20T03:36:00Z,0.8838012
2024-10-20T04:12:00Z,0
2024-10-20T06:00:00Z,0.8493261
2024-10-20T06:36:00Z,0
2024-10-20T08:24:00Z,0.73311466
2024-10-20T09:00:00Z,0.50279444
2024-10-20T09:36:00Z,0.8346318
2024-10-20T10:12:00Z,0
2024-10-20T11:24:00Z,0.5488092
2024-10-20T12:00:00Z,0.30223703
2024-10-20T12:36:00Z,0.88069254
2024-10-20T13:12:00Z,0
2024-10-20T14:24:00Z,0.4101034
2024-10-20T15:00:00Z,0.24914981
2024-10-20T15:36:00Z,0.9360212
2024-10-20T16:12:00Z,0
2024-10-20T16:48:00Z,0.34246522
2024-10-20T17:24:00Z,0.17786098
2024-10-20T18:00:00Z,0.64067394
2024-10-20T18:36:00Z,0.12068389
2024-10-20T19:48:00Z,0.6131303
2024-10-20T20:24:00Z,0.115151875
2024-10-20T21:00:00Z,0.9263684
2024-10-20T21:36:00Z,0
2024-10-20T22:12:00Z,0.47743818
2024-10-20T22:48:00Z,0.034518257
2024-10-21T01:12:00Z,0.2608055
2024-10-21T01:48:00Z,0.59422237
2024-10-21T02:24:00Z,0.27861628
2024-10-21T03:00:00Z,0.8653108
2024-10-21T03:36:00Z,0
2024-10-21T04:12:00Z,0.6934528
2024-10-21T04:48:00Z,0.7807112
2024-10-21T05:24:00Z,0
2024-10-21T06:36:00Z,0.7926258
2024-10-21T07:12:00Z,0
2024-10-21T07:48:00Z,0.6856182
2024-10-21T08:24:00Z,0.25713846
2024-10-21T09:00:00Z,0.73168176
2024-10-21T10:48:00Z,0.24312729
2024-10-21T12:36:00Z,0.92295766
2024-10-21T13:12:00Z,0
2024-10-21T13:48:00Z,0.6049367
2024-10-21T14:24:00Z,0.3195461
2024-10-21T15:36:00Z,0.9545868
2024-10-21T16:12:00Z,0
2024-10-21T16:48:00Z,0.015381729
2024-10-21T17:24:00Z,0.62939227
2024-10-21T19:12:00Z,0.89194095
2024-10-21T19:48:00Z,0
2024-10-21T21:00:00Z,0.9852792
2024-10-21T21:36:00Z,0
2024-10-21T22:48:00Z,0.8749506
2024-10-21T23:24:00Z,0
2024-10-22T00:00:00Z,0.3329221
2024-10-22T00:36:00Z,0.035488997
2024-10-22T01:48:00Z,0.29753783
2024-10-22T02:24:00Z,0.9538442
2024-10-22T03:00:00Z,0
2024-10-22T04:12:00Z,0.6329372
2024-10-22T04:48:00Z,0.77655494
2024-10-22T05:24:00Z,0
2024-10-22T06:36:00Z,0.102289505
2024-10-22T07:12:00Z,0.46932852
2024-10-22T08:24:00Z,0.68608725
2024-10-22T09:00:00Z,0.1845696
2024-10-22T09:36:00Z,0.93767846
2024-10-22T10:12:00Z,0
2024-10-22T10:48:00Z,0.7503894
2024-10-22T11:24:00Z,0
2024-10-22T12:00:00Z,0.7086643
2024-10-22T13:12:00Z,0.7280991
2024-10-22T15:36:00Z,0.13726068
2024-10-22T16:12:00Z,0.6026246
2024-10-22T17:24:00Z,0.978543
2024-10-22T18:00:00Z,0
2024-10-22T18:36:00Z,0.38135836
2024-10-22T19:12:00Z,0.061885722
2024-10-22T21:00:00Z,0.8968525
2024-10-22T21:36:00Z,0
2024-10-22T22:12:00Z,0.9319897
2024-10-22T22:48:00Z,0
2024-10-22T23:24:00Z,0.4586769
2024-10-23T00:36:00Z,0.59375805
2024-10-23T01:12:00Z,0.09772974
2024-10-23T01:48:00Z,0.5136576
2024-10-23T02:24:00Z,0.12827496
2024-10-23T03:36:00Z,0.07171963
2024-10-23T04:12:00Z,0.7033431
2024-10-23T05:24:00Z,0.2625233
2024-10-23T06:00:00Z,0.86986774
2024-10-23T06:36:00Z,0
2024-10-23T07:12:00Z,0.65277886
2024-10-23T07:48:00Z,0.42137098
2024-10-23T08:24:00Z,0.7816359
2024-10-23T09:00:00Z,0
2024-10-23T10:12:00Z,0.9725262
2024-10-23T10:48:00Z,0
2024-10-23T12:36:00Z,0.7413381
2024-10-23T13:12:00Z,0.13847394
2024-10-23T15:00:00Z,0.091692016
2024-10-23T15:36:00Z,0.8254697
2024-10-23T16:12:00Z,0
2024-10-23T16:48:00Z,0.25366974
2024-10-23T18:00:00Z,0.062121976
2024-10-23T19:12:00Z,0.805898
2024-10-23T19:48:00Z,0
2024-10-23T21:36:00Z,0.616892
2024-10-23T22:12:00Z,0.23806278
2024-10-23T23:24:00Z,0.6475134
2024-10-24T00:00:00Z,0.18520033
2024-10-24T00:36:00Z,0.9879724
2024-10-24T01:12:00Z,0
2024-10-24T01:48:00Z,0.1081354
2024-10-24T02:24:00Z,0.75279784
2024-10-24T03:00:00Z,0
2024-10-24T03:36:00Z,0.7313938
2024-10-24T04:12:00Z,0.06804594
2024-10-24T05:24:00Z,0.82573986
2024-10-24T06:00:00Z,0
2024-10-24T06:36:00Z,0.80749017
2024-10-24T07:12:00Z,0
2024-10-24T07:48:00Z,0.8726858
2024-10-24T08:24:00Z,0
2024-10-24T09:00:00Z,0.67155963
2024-10-24T10:12:00Z,0.078131534
2024-10-24T10:48:00Z,0.92383724
2024-10-24T11:24:00Z,0
2024-10-24T14:24:00Z,0.41223818
2024-10-24T15:00:00Z,0.8413927
2024-10-24T15:36:00Z,0
2024-10-24T17:24:00Z,0.35992768
2024-10-24T18:36:00Z,0.29946312
2024-10-24T20:24:00Z,0.9245223
2024-10-24T21:00:00Z,0
2024-10-24T21:36:00Z,0.8125226
2024-10-24T22:12:00Z,0
2024-10-24T22:48:00Z,0.9565613
2024-10-24T23:24:00Z,0
2024-10-25T00:00:00Z,0.7391444
2024-10-25T01:12:00Z,0.09185067
2024-10-25T01:48:00Z,0.77820987
2024-10-25T02:24:00Z,0
2024-10-25T03:36:00Z,0.664495
2024-10-25T04:48:00Z,0.50980157
2024-10-25T05:24:00Z,0.89252764
2024-10-25T06:00:00Z,0
2024-10-25T06:36:00Z,0.0022268267
2024-10-25T07:12:00Z,0.8337039
2024-10-25T07:48:00Z,0
2024-10-25T09:36:00Z,0.6635802
2024-10-25T10:48:00Z,0.7613124
2024-10-25T11:24:00Z,0
2024-10-25T12:00:00Z,0.853072
2024-10-25T12:36:00Z,0
2024-10-25T13:12:00Z,0.39913517
2024-10-25T14:24:00Z,0.08137227
2024-10-25T16:12:00Z,0.3671628
2024-10-25T16:48:00Z,0.035320666
2024-10-25T17:24:00Z,0.44640496
2024-10-25T18:00:00Z,0.031994674
2024-10-25T18:36:00Z,0.8751283
2024-10-25T19:12:00Z,0
2024-10-25T19:48:00Z,0.8046671
2024-10-25T20:24:00Z,0
2024-10-25T21:00:00Z,0.06948519
2024-10-25T22:12:00Z,0.9259561
2024-10-25T22:48:00Z,0
2024-10-26T00:00:00Z,0.75508714
2024-10-26T00:36:00Z,0
2024-10-26T01:12:00Z,0.54218
2024-10-26T02:24:00Z,0.8142721
2024-10-26T03:00:00Z,0
2024-10-26T03:36:00Z,0.4359339
2024-10-26T04:48:00Z,0.27912647
2024-10-26T05:24:00Z,0.8233872
2024-10-26T06:00:00Z,0
2024-10-26T07:12:00Z,0.7838398
2024-10-26T07:48:00Z,0
2024-10-26T08:24:00Z,0.8861841
2024-10-26T09:00:00Z,0
2024-10-26T10:12:00Z,0.85054076
2024-10-26T10:48:00Z,0
2024-10-26T11:24:00Z,0.92068577
2024-10-26T12:00:00Z,0
2024-10-26T12:36:00Z,0.5825434
2024-10-26T13:12:00Z,0.030277075
2024-10-26T13:48:00Z,0.8283217
2024-10-26T14:24:00Z,0
2024-10-26T16:12:00Z,0.21772258
2024-10-26T16:48:00Z,0.8894412
2024-10-26T17:24:00Z,0
2024-10-26T18:36:00Z,0.7252072
2024-10-26T19:12:00Z,0.28812245
2024-10-26T19:48:00Z,0.576225
2024-10-26T20:24:00Z,0.3900511
2024-10-26T21:00:00Z,0.8295916
2024-10-26T21:36:00Z,0
2024-10-26T22:12:00Z,0.5149027
2024-10-26T22:48:00Z,0.05178014
2024-10-26T23:24:00Z,0.8689031
2024-10-27T00:00:00Z,0
2024-10-27T00:36:00Z,0.8959621
2024-10-27T01:12:00Z,0
2024-10-27T01:48:00Z,0.4638264
2024-10-27T03:00:00Z,0.12687346
2024-10-27T04:48:00Z,0.85659045
2024-10-27T05:24:00Z,0
2024-10-27T06:00:00Z,0.9957582
2024-10-27T06:36:00Z,0
2024-10-27T08:24:00Z,0.6541334
2024-10-27T09:36:00Z,0.12533358
2024-10-27T10:48:00Z,0.7529518
2024-10-27T11:24:00Z,0
2024-10-27T12:00:00Z,0.9784969
2024-10-27T12:36:00Z,0
2024-10-27T13:48:00Z,0.078570284
2024-10-27T14:24:00Z,0.92376673
2024-10-27T15:00:00Z,0
2024-10-27T15:36:00Z,0.91175145
2024-10-27T16:12:00Z,0
2024-10-27T17:24:00Z,0.6216884
2024-10-27T18:36:00Z,0.3974478
2024-10-27T19:12:00Z,0.77185744
2024-10-27T19:48:00Z,0
2024-10-27T21:00:00Z,0.83383346
2024-10-27T21:36:00Z,0
2024-10-27T22:48:00Z,0.13455889
2024-10-27T23:24:00Z,0.8500813
2024-10-28T00:00:00Z,0
2024-10-28T00:36:00Z,0.8846959
2024-10-28T01:12:00Z,0
2024-10-28T01:48:00Z,0.96442276
2024-10-28T02:24:00Z,0
2024-10-28T04:12:00Z,0.5069503
2024-10-28T04:48:00Z,0.06381248
2024-10-28T05:24:00Z,0.08400673
2024-10-28T06:00:00Z,0.77101946
2024-10-28T06:36:00Z,0
2024-10-28T07:48:00Z,0.10163874
2024-10-28T08:24:00Z,0.83072484
2024-10-28T09:00:00Z,0
2024-10-28T09:36:00Z,0.74074715
2024-10-28T10:12:00Z,0.8605788
2024-10-28T10:48:00Z,0
2024-10-28T11:24:00Z,0.7049628
2024-10-28T12:00:00Z,0.38903442
2024-10-28T12:36:00Z,0.8747558
2024-10-28T13:12:00Z,0
2024-10-28T13:48:00Z,0.31813326
2024-10-28T14:24:00Z,0.027055573
2024-10-28T15:00:00Z,0.7032372
2024-10-28T16:48:00Z,0.021849386
2024-10-28T19:12:00Z,0.7243286
2024-10-28T20:24:00Z,0.019356536
2024-10-28T21:00:00Z,0.08857258
2024-10-28T21:36:00Z,0.7601932
2024-10-28T22:12:00Z,0
2024-10-28T22:48:00Z,0.18132035
2024-10-28T23:24:00Z,0.986564
2024-10-29T00:00:00Z,0
2024-10-29T01:12:00Z,0.45988688
2024-10-29T01:48:00Z,0.05695115
2024-10-29T02:24:00Z,0.0677823
2024-10-29T03:36:00Z,0.654024
2024-10-29T04:12:00Z,0.13114828
2024-10-29T05:24:00Z,0.5219194
2024-10-29T06:00:00Z,0.27463868
2024-10-29T07:12:00Z,0.7790601
2024-10-29T07:48:00Z,0
2024-10-29T08:24:00Z,0.054328848
2024-10-29T09:00:00Z,0.94304395
2024-10-29T09:36:00Z,0
2024-10-29T10:12:00Z,0.47286296
2024-10-29T10:48:00Z,0.047697626
2024-10-29T12:36:00Z,0.3485323
2024-10-29T13:12:00Z,0.98869365
2024-10-29T13:48:00Z,0
2024-10-29T14:24:00Z,0.19263184
2024-10-29T15:00:00Z,0.92161334
2024-10-29T15:36:00Z,0
2024-10-29T16:12:00Z,0.71817213
2024-10-29T16:48:00Z,0.3608163
2024-10-29T17:24:00Z,0.6563849
2024-10-29T18:00:00Z,0.012028708
2024-10-29T19:48:00Z,0.8005519
2024-10-29T20:24:00Z,0
2024-10-29T21:36:00Z,0.49904057
2024-10-29T22:12:00Z,0.041900106
2024-10-29T23:24:00Z,0.6063264
2024-10-30T00:00:00Z,0.27614865
2024-10-30T00:36:00Z,0.5370518
2024-10-30T02:24:00Z,0.28304815
2024-10-30T03:00:00Z,0.65456074
2024-10-30T03:36:00Z,0.018374152
2024-10-30T04:12:00Z,0.65869075
2024-10-30T04:48:00Z,0.37627125
2024-10-30T05:24:00Z,0.8506591
2024-10-30T06:00:00Z,0
2024-10-30T06:36:00Z,0.6067729
2024-10-30T08:24:00Z,0.41273403
2024-10-30T09:00:00Z,0.697675
2024-10-30T09:36:00Z,0.113042995
2024-10-30T11:24:00Z,0.6120596
2024-10-30T12:00:00Z,0.027624847
2024-10-30T13:48:00Z,0.88965786
2024-10-30T14:24:00Z,0
2024-10-30T16:12:00Z,0.76967764
2024-10-30T16:48:00Z,0
2024-10-30T17:24:00Z,0.4660476
2024-10-30T18:00:00Z,0.19124106
2024-10-30T19:12:00Z,0.8236245
2024-10-30T19:48:00Z,0
2024-10-30T20:24:00Z,0.52030843
2024-10-30T21:00:00Z,0.10394541
2024-10-30T22:12:00Z,0.77848274
2024-10-30T22:48:00Z,0
2024-10-30T23:24:00Z,0.87633204
2024-10-31T00:00:00Z,0
2024-10-31T01:12:00Z,0.7621707
2024-10-31T01:48:00Z,0
2024-10-31T02:24:00Z,0.9213705
2024-10-31T03:00:00Z,0
2024-10-31T03:36:00Z,0.08308585
2024-10-31T04:12:00Z,0.86364317
2024-10-31T04:48:00Z,0
2024-10-31T05:24:00Z,0.5351845
2024-10-31T06:00:00Z,0.07043996
2024-10-31T06:36:00Z,0.64699537
2024-10-31T07:12:00Z,0.2628708
2024-10-31T08:24:00Z,0.9426838
2024-10-31T09:00:00Z,0
2024-10-31T10:12:00Z,0.6881637
2024-10-31T10:48:00Z,0.4316672
2024-10-31T11:24:00Z,0.64413196
2024-10-31T12:36:00Z,0.21561666
2024-10-31T13:12:00Z,0.4647769
2024-10-31T13:48:00Z,0.24858269
2024-10-31T14:24:00Z,0.7893988
2024-10-31T15:00:00Z,0
2024-10-31T15:36:00Z,0.95226073
2024-10-31T16:12:00Z,0
2024-10-31T16:48:00Z,0.74244595
2024-10-31T17:24:00Z,0.98512393
2024-10-31T18:00:00Z,0
2024-10-31T19:48:00Z,0.06403791
2024-10-31T20:24:00Z,0.6113772
2024-10-31T21:36:00Z,0.064726725
2024-10-31T22:12:00Z,0.7136786
2024-10-31T23:24:00Z,0.07298306
2024-11-01T00:00:00Z,0.7923418
2024-11-01T00:36:00Z,0
2024-11-01T01:12:00Z,0.53984267
2024-11-01T03:36:00Z,0.11371938
2024-11-01T04:12:00Z,0.99042314
2024-11-01T04:48:00Z,0
2024-11-01T05:24:00Z,0.9733257
2024-11-01T06:00:00Z,0
2024-11-01T07:12:00Z,0.8592451
2024-11-01T07:48:00Z,0
2024-11-01T08:24:00Z,0.86364055
2024-11-01T09:00:00Z,0
2024-11-01T09:36:00Z,0.5051946
2024-11-01T10:48:00Z,0.5720692
2024-11-01T12:00:00Z,0.07572021
2024-11-01T12:36:00Z,0.7687988
2024-11-01T13:12:00Z,0
2024-11-01T13:48:00Z,0.43428075
2024-11-01T15:36:00Z,0.20011778
2024-11-01T16:12:00Z,0.83823764
2024-11-01T16:48:00Z,0
2024-11-01T17:24:00Z,0.42785275
2024-11-01T18:36:00Z,0.09140099
2024-11-01T19:12:00Z,0.14311156
2024-11-01T19:48:00Z,0.97277737
2024-11-01T20:24:00Z,0
2024-11-01T21:00:00Z,0.027381545
2024-11-01T21:36:00Z,0.9287013
2024-11-01T22:12:00Z,0
2024-11-01T22:48:00Z,0.88533014
2024-11-01T23:24:00Z,0
2024-11-02T01:48:00Z,0.97031933
2024-11-02T02:24:00Z,0
2024-11-02T03:00:00Z,0.9248264
2024-11-02T03:36:00Z,0
2024-11-02T04:12:00Z,0.025402889
2024-11-02T04:48:00Z,0.72316724
2024-11-02T05:24:00Z,0.99551105
2024-11-02T06:00:00Z,0
2024-11-02T06:36:00Z,0.9832854
2024-11-02T07:12:00Z,0
2024-11-02T07:48:00Z,0.9027755
2024-11-02T08:24:00Z,0
2024-11-02T10:12:00Z,0.1475513
2024-11-02T10:48:00Z,0.8518961
2024-11-02T11:24:00Z,0
2024-11-02T12:36:00Z,0.8669567
2024-11-02T13:12:00Z,0
2024-11-02T13:48:00Z,0.049088642
2024-11-02T14:24:00Z,0.683435
2024-11-02T15:00:00Z,0.6948417
2024-11-02T15:36:00Z,0.08293216
2024-11-02T16:48:00Z,0.895781
2024-11-02T17:24:00Z,0
2024-11-02T18:00:00Z,0.4276593
2024-11-02T19:12:00Z,0.047951024
2024-11-02T19:48:00Z,0.1818978
2024-11-02T20:24:00Z,0.90329844
2024-11-02T21:00:00Z,0
2024-11-02T21:36:00Z,0.03913698
2024-11-02T22:12:00Z,0.8399148
2024-11-02T22:48:00Z,0
2024-11-03T00:36:00Z,0.4031383
2024-11-03T01:48:00Z,0.47658446
2024-11-03T02:24:00Z,0.7288341
2024-11-03T03:00:00Z,0.013453314
2024-11-03T03:36:00Z,0.8757377
2024-11-03T04:12:00Z,0
2024-11-03T04:48:00Z,0.34196785
2024-11-03T05:24:00Z,0.036517054
2024-11-03T06:00:00Z,0.47347686
2024-11-03T06:36:00Z,0.050407182
2024-11-03T07:12:00Z,0.7496514
2024-11-03T07:48:00Z,0.26175725
2024-11-03T08:24:00Z,0.7480704
2024-11-03T09:00:00Z,0.17263906
2024-11-03T09:36:00Z,0.5657848
2024-11-03T10:12:00Z,0.027041959
2024-11-03T11:24:00Z,0.8634593
2024-11-03T12:00:00Z,0
2024-11-03T12:36:00Z,0.55585563
2024-11-03T13:12:00Z,0.25055924
2024-11-03T14:24:00Z,0.8608265
2024-11-03T15:00:00Z,0
2024-11-03T15:36:00Z,0.722673
2024-11-03T16:12:00Z,0.3219751
2024-11-03T16:48:00Z,0.74091166
2024-11-03T18:00:00Z,0.66746134
2024-11-03T18:36:00Z,0.7872918
2024-11-03T19:12:00Z,0
2024-11-03T19:48:00Z,0.795236
2024-11-03T20:24:00Z,0
2024-11-03T21:00:00Z,0.58925104
2024-11-03T21:36:00Z,0.65529716
2024-11-03T22:12:00Z,0.1630493
2024-11-03T22:48:00Z,0.98641133
2024-11-03T23:24:00Z,0
2024-11-04T00:36:00Z,0.9964634
2024-11-04T01:12:00Z,0
2024-11-04T01:48:00Z,0.4806614
2024-11-04T03:36:00Z,0.30599895
2024-11-04T04:12:00Z,0.8888248
2024-11-04T04:48:00Z,0
2024-11-04T06:00:00Z,0.77430916
2024-11-04T06:36:00Z,0
2024-11-04T07:12:00Z,0.5631649
2024-11-04T07:48:00Z,0.66060406
2024-11-04T08:24:00Z,0.15612985
2024-11-04T10:12:00Z,0.6613082
2024-11-04T10:48:00Z,0.11525114
2024-11-04T11:24:00Z,0.960265
2024-11-04T12:00:00Z,0
2024-11-04T13:48:00Z,0.92530584
2024-11-04T14:24:00Z,0
2024-11-04T15:00:00Z,0.52195853
2024-11-04T15:36:00Z,0.14352027
2024-11-04T17:24:00Z,0.6022968
2024-11-04T18:00:00Z,0.22497167
2024-11-04T18:36:00Z,0.88098794
2024-11-04T19:12:00Z,0
2024-11-04T19:48:00Z,0.5998844
2024-11-04T20:24:00Z,0.6519228
2024-11-04T21:00:00Z,0.29802188
2024-11-04T21:36:00Z,0.92029595
2024-11-04T22:12:00Z,0
2024-11-04T23:24:00Z,0.36416444
2024-11-05T00:00:00Z,0.06618681
2024-11-05T01:12:00Z,0.9828414
2024-11-05T01:48:00Z,0
2024-11-05T02:24:00Z,0.4402373
2024-11-05T03:00:00Z,0.15782209
2024-11-05T03:36:00Z,0.89020246
2024-11-05T04:12:00Z,0
2024-11-05T04:48:00Z,0.8490033
2024-11-05T05:24:00Z,0
2024-11-05T06:36:00Z,0.83352363
2024-11-05T07:12:00Z,0
2024-11-05T07:48:00Z,0.13908678
2024-11-05T08:24:00Z,0.8121778
2024-11-05T09:00:00Z,0
2024-11-05T10:12:00Z,0.26587725
2024-11-05T10:48:00Z,0.93702954
2024-11-05T11:24:00Z,0
2024-11-05T12:00:00Z,0.4200397
2024-11-05T15:36:00Z,0.41045588
2024-11-05T16:12:00Z,0.71209437
2024-11-05T16:48:00Z,0.21871638
2024-11-05T18:00:00Z,0.88160616
2024-11-05T18:36:00Z,0
2024-11-05T19:12:00Z,0.70854
2024-11-05T20:24:00Z,0.01883542
2024-11-05T21:36:00Z,0.14152908
2024-11-05T23:24:00Z,0.89324343
2024-11-06T00:00:00Z,0
2024-11-06T01:12:00Z,0.91132236
2024-11-06T01:48:00Z,0
2024-11-06T02:24:00Z,0.935173
2024-11-06T03:00:00Z,0
2024-11-06T04:12:00Z,0.7286309
2024-11-06T04:48:00Z,0.100083366
2024-11-06T06:00:00Z,0.29316175
2024-11-06T06:36:00Z,0.7071992
2024-11-06T08:24:00Z,0.079794414
2024-11-06T09:00:00Z,0.7485482
2024-11-06T09:36:00Z,0.20176266
2024-11-06T10:48:00Z,0.91044164
2024-11-06T11:24:00Z,0
2024-11-06T12:36:00Z,0.99596244
2024-11-06T13:12:00Z,0
2024-11-06T13:48:00Z,0.92942035
2024-11-06T14:24:00Z,0
2024-11-06T15:00:00Z,0.95036495
2024-11-06T15:36:00Z,0
2024-11-06T16:12:00Z,0.65514964
2024-11-06T16:48:00Z,0.8735506
2024-11-06T17:24:00Z,0
2024-11-06T18:00:00Z,0.77160233
2024-11-06T18:36:00Z,0
2024-11-06T19:12:00Z,0.15392569
2024-11-06T19:48:00Z,0.9401651
2024-11-06T20:24:00Z,0
2024-11-06T21:00:00Z,0.724308
2024-11-06T21:36:00Z,0.09248652
2024-11-06T22:48:00Z,0.5375013
2024-11-07T00:36:00Z,0.6097893
2024-11-07T01:12:00Z,0.059785314
2024-11-07T01:48:00Z,0.847168
2024-11-07T02:24:00Z,0
2024-11-07T03:00:00Z,0.5999433
2024-11-07T03:36:00Z,0.38880467
2024-11-07T04:48:00Z,0.82955956
2024-11-07T05:24:00Z,0
2024-11-07T06:00:00Z,0.8126928
2024-11-07T06:36:00Z,0
2024-11-07T07:12:00Z,0.68220603
2024-11-07T07:48:00Z,0.18613365
2024-11-07T08:24:00Z,0.23257877
2024-11-07T09:00:00Z,0.90347594
2024-11-07T09:36:00Z,0
2024-11-07T10:12:00Z,0.06391941
2024-11-07T10:48:00Z,0.83397204
2024-11-07T11:24:00Z,0
2024-11-07T12:36:00Z,0.6979073
2024-11-07T13:12:00Z,0.2304192
2024-11-07T13:48:00Z,0.87269324
2024-11-07T14:24:00Z,0
2024-11-07T15:00:00Z,0.021736473
2024-11-07T15:36:00Z,0.733205
2024-11-07T16:12:00Z,0.83773106
2024-11-07T16:48:00Z,0
2024-11-07T17:24:00Z,0.6526547
2024-11-07T18:00:00Z,0.13637334
2024-11-07T19:12:00Z,0.2875888
2024-11-07T19:48:00Z,0.82720655
2024-11-07T20:24:00Z,0
2024-11-07T21:00:00Z,0.067206
2024-11-07T22:12:00Z,0.7255033
2024-11-07T22:48:00Z,0.14438444
2024-11-07T23:24:00Z,0.87599605
2024-11-08T00:00:00Z,0
2024-11-08T00:36:00Z,0.22792453
2024-11-08T01:12:00Z,0.9728469
2024-11-08T01:48:00Z,0
2024-11-08T02:24:00Z,0.6663297
2024-11-08T03:36:00Z,0.8346102
2024-11-08T04:12:00Z,0
2024-11-08T05:24:00Z,0.45596635
2024-11-08T06:00:00Z,0.40321264
2024-11-08T06:36:00Z,0.9449292
2024-11-08T07:12:00Z,0
2024-11-08T07:48:00Z,0.7806707
2024-11-08T08:24:00Z,0
2024-11-08T10:12:00Z,0.6468032
2024-11-08T10:48:00Z,0.16069126
2024-11-08T11:24:00Z,0.8345797
2024-11-08T12:00:00Z,0
2024-11-08T13:48:00Z,0.7014137
2024-11-08T15:36:00Z,0.6756859
2024-11-08T16:12:00Z,0.82471186
2024-11-08T16:48:00Z,0
2024-11-08T18:36:00Z,0.27354887
2024-11-08T19:48:00Z,0.09304513
2024-11-08T20:24:00Z,0.829945
2024-11-08T21:00:00Z,0
2024-11-08T21:36:00Z,0.37510064
2024-11-08T22:12:00Z,0.102784246
2024-11-09T00:00:00Z,0.5787729
2024-11-09T00:36:00Z,0.09765174
2024-11-09T01:12:00Z,0.9402846
2024-11-09T01:48:00Z,0
2024-11-09T03:00:00Z,0.7739374
2024-11-09T03:36:00Z,0
2024-11-09T04:12:00Z,0.8871751
2024-11-09T04:48:00Z,0
2024-11-09T05:24:00Z,0.4048118
2024-11-09T06:00:00Z,0.03202136
2024-11-09T06:36:00Z,0.8022
2024-11-09T07:12:00Z,0
2024-11-09T07:48:00Z,0.05286723
2024-11-09T08:24:00Z,0.83493775
2024-11-09T09:00:00Z,0
2024-11-09T11:24:00Z,0.3006975
2024-11-09T12:36:00Z,0.9205434
2024-11-09T13:12:00Z,0
2024-11-09T15:00:00Z,0.2787208
2024-11-09T16:12:00Z,0.42612052
2024-11-09T16:48:00Z,0.07248105
2024-11-09T17:24:00Z,0.9005696
2024-11-09T18:00:00Z,0
2024-11-09T19:12:00Z,0.52771765
2024-11-09T21:36:00Z,0.019891346
2024-11-09T22:48:00Z,0.7964789
2024-11-09T23:24:00Z,0
2024-11-10T00:00:00Z,0.8874174
2024-11-10T00:36:00Z,0
2024-11-10T01:48:00Z,0.6870968
2024-11-10T03:00:00Z,0.16441336
2024-11-10T03:36:00Z,0.46355522
2024-11-10T04:12:00Z,0.13985129
2024-11-10T04:48:00Z,0.8965869
2024-11-10T05:24:00Z,0
2024-11-10T06:36:00Z,0.6221582
2024-11-10T07:48:00Z,0.8770845
2024-11-10T08:24:00Z,0
2024-11-10T09:00:00Z,0.49559256
2024-11-10T09:36:00Z,0.2224537
2024-11-10T10:12:00Z,0.8713838
2024-11-10T10:48:00Z,0
2024-11-10T11:24:00Z,0.73132384
2024-11-10T12:00:00Z,0.86772555
2024-11-10T12:36:00Z,0
2024-11-10T13:48:00Z,0.88165665
2024-11-10T14:24:00Z,0
2024-11-10T15:00:00Z,0.71767926
2024-11-10T15:36:00Z,0.92751294
2024-11-10T16:12:00Z,0
2024-11-10T16:48:00Z,0.15184358
2024-11-10T17:24:00Z,0.8391269
2024-11-10T18:00:00Z,0
2024-11-10T19:12:00Z,0.60341364
2024-11-10T19:48:00Z,0.07379
2024-11-10T21:00:00Z,0.8273852
2024-11-10T21:36:00Z,0
2024-11-10T23:24:00Z,0.34253424
2024-11-11T00:00:00Z,0.78182125
2024-11-11T00:36:00Z,0
2024-11-11T01:48:00Z,0.9364719
2024-11-11T02:24:00Z,0
2024-11-11T03:00:00Z,0.45289254
2024-11-11T04:48:00Z,0.7557266
2024-11-11T05:24:00Z,0
2024-11-11T07:12:00Z,0.6676529
2024-11-11T07:48:00Z,0.15689638
2024-11-11T09:00:00Z,0.889941
2024-11-11T09:36:00Z,0
2024-11-11T10:48:00Z,0.6673844
2024-11-11T12:00:00Z,0.77518886
2024-11-11T12:36:00Z,0
2024-11-11T13:12:00Z,0.028329479
2024-11-11T13:48:00Z,0.7505538
2024-11-11T14:24:00Z,0
2024-11-11T15:00:00Z,0.50567263
2024-11-11T16:12:00Z,0.30431205
2024-11-11T16:48:00Z,0.7581107
2024-11-11T17:24:00Z,0
2024-11-11T18:00:00Z,0.65796506
2024-11-11T18:36:00Z,0.47523543
2024-11-11T19:12:00Z,0.83192205
2024-11-11T19:48:00Z,0
2024-11-11T20:24:00Z,0.67488134
2024-11-11T21:00:00Z,0.16996494
2024-11-11T22:12:00Z,0.6897056
2024-11-11T22:48:00Z,0.2087136
2024-11-11T23:24:00Z,0.7475315
2024-11-12T00:00:00Z,0.24558057
2024-11-12T00:36:00Z,0.6778272
2024-11-12T01:48:00Z,0.8107053
2024-11-12T02:24:00Z,0
2024-11-12T03:36:00Z,0.5226966
2024-11-12T04:12:00Z,0.2830682
2024-11-12T05:24:00Z,0.8320357
2024-11-12T06:00:00Z,0
2024-11-12T06:36:00Z,0.95298225
2024-11-12T07:12:00Z,0
2024-11-12T08:24:00Z,0.763416
2024-11-12T09:00:00Z,0
2024-11-12T10:12:00Z,0.17510767
2024-11-12T10:48:00Z,0.82714164
2024-11-12T11:24:00Z,0
2024-11-12T12:00:00Z,0.84220004
2024-11-12T12:36:00Z,0
2024-11-12T13:48:00Z,0.39828268
2024-11-12T14:24:00Z,0.91392106
2024-11-12T15:00:00Z,0
2024-11-12T15:36:00Z,0.5312526
2024-11-12T16:12:00Z,0.10030755
2024-11-12T16:48:00Z,0.70186096
2024-11-12T17:24:00Z,0.20005737
2024-11-12T18:36:00Z,0.732436
2024-11-12T19:48:00Z,0.13734561
2024-11-12T20:24:00Z,0.0820505
2024-11-12T21:00:00Z,0.94180745
2024-11-12T21:36:00Z,0
2024-11-12T22:12:00Z,0.7558601
2024-11-12T22:48:00Z,0
2024-11-12T23:24:00Z,0.9113426
2024-11-13T00:00:00Z,0
2024-11-13T00:36:00Z,0.96461457
2024-11-13T01:12:00Z,0
2024-11-13T01:48:00Z,0.57445174
2024-11-13T02:24:00Z,0.07573248
2024-11-13T05:24:00Z,0.9660804
2024-11-13T06:00:00Z,0
2024-11-13T07:12:00Z,0.5701009
2024-11-13T07:48:00Z,0.15774949
2024-11-13T08:24:00Z,0.54400265
2024-11-13T09:00:00Z,0.2169827
2024-11-13T12:00:00Z,0.5964805
2024-11-13T12:36:00Z,0.36651358
2024-11-13T13:48:00Z,0.17534313
2024-11-13T14:24:00Z,0.9571881
2024-11-13T15:00:00Z,0
2024-11-13T15:36:00Z,0.73332167
2024-11-13T16:12:00Z,0.24105579
2024-11-13T16:48:00Z,0.9170466
2024-11-13T17:24:00Z,0
2024-11-13T18:00:00Z,0.8210808
2024-11-13T18:36:00Z,0
2024-11-13T19:12:00Z,0.63951266
2024-11-13T19:48:00Z,0.003271632
2024-11-13T20:24:00Z,0.43872082
2024-11-13T21:00:00Z,0.13643794
2024-11-13T21:36:00Z,0.76260334
2024-11-13T22:12:00Z,0
2024-11-13T22:48:00Z,0.69135267
2024-11-13T23:24:00Z,0.86303174
2024-11-14T00:00:00Z,0
2024-11-14T01:12:00Z,0.87036514
2024-11-14T01:48:00Z,0
2024-11-14T02:24:00Z,0.9471726
2024-11-14T03:00:00Z,0
2024-11-14T03:36:00Z,0.6808212
2024-11-14T04:12:00Z,0.36013296
2024-11-14T04:48:00Z,0.8077315
2024-11-14T05:24:00Z,0
2024-11-14T06:00:00Z,0.9249896
2024-11-14T06:36:00Z,0
2024-11-14T08:24:00Z,0.64504725
2024-11-14T09:00:00Z,0.10694753
2024-11-14T09:36:00Z,0.5997573
2024-11-14T11:24:00Z,0.7883902
2024-11-14T12:00:00Z,0
2024-11-14T12:36:00Z,0.5823946
2024-11-14T13:12:00Z,0.6957973
2024-11-14T13:48:00Z,0.09415641
2024-11-14T14:24:00Z,0.9804006
2024-11-14T15:00:00Z,0
2024-11-14T16:12:00Z,0.890431
2024-11-14T16:48:00Z,0
2024-11-14T18:36:00Z,0.1955401
2024-11-14T19:12:00Z,0.919049
2024-11-14T19:48:00Z,0
2024-11-14T21:36:00Z,0.8344985
2024-11-14T22:12:00Z,0
2024-11-14T22:48:00Z,0.7082869
2024-11-14T23:24:00Z,0.38842168
2024-11-15T00:00:00Z,0.89559364
2024-11-15T00:36:00Z,0
2024-11-15T01:12:00Z,0.7189839
2024-11-15T01:48:00Z,0.77773833
2024-11-15T02:24:00Z,0
2024-11-15T03:00:00Z,0.11193419
2024-11-15T03:36:00Z,0.94458896
2024-11-15T04:12:00Z,0
2024-11-15T04:48:00Z,0.86553687
2024-11-15T05:24:00Z,0
2024-11-15T06:36:00Z,0.87413466
2024-11-15T07:12:00Z,0
2024-11-15T07:48:00Z,0.8843476
2024-11-15T08:24:00Z,0
2024-11-15T09:00:00Z,0.6567884
2024-11-15T09:36:00Z,0.23537475
2024-11-15T10:48:00Z,0.94583976
2024-11-15T11:24:00Z,0
2024-11-15T12:00:00Z,0.5747695
2024-11-15T13:12:00Z,0.2864034
2024-11-15T14:24:00Z,0.82317317
2024-11-15T15:00:00Z,0
2024-11-15T16:48:00Z,0.18285763
2024-11-15T17:24:00Z,0.9166022
2024-11-15T18:00:00Z,0
2024-11-15T18:36:00Z,0.63234115
2024-11-15T19:12:00Z,0.8612988
2024-11-15T19:48:00Z,0
2024-11-15T20:24:00Z,0.94888204
2024-11-15T21:00:00Z,0
2024-11-15T21:36:00Z,0.7585077
2024-11-15T22:12:00Z,0
2024-11-15T22:48:00Z,0.030133875
2024-11-16T00:00:00Z,0.9821134
2024-11-16T00:36:00Z,0
2024-11-16T01:12:00Z,0.5542968
2024-11-16T03:00:00Z,0.6207095
2024-11-16T03:36:00Z,0.22267479
2024-11-16T04:12:00Z,0.50164133
2024-11-16T05:24:00Z,0.0836059
2024-11-16T06:36:00Z,0.9744601
2024-11-16T07:12:00Z,0
2024-11-16T07:48:00Z,0.66694343
2024-11-16T08:24:00Z,0.353662
2024-11-16T09:36:00Z,0.7814448
2024-11-16T10:12:00Z,0
2024-11-16T10:48:00Z,0.9132583
2024-11-16T11:24:00Z,0
2024-11-16T12:00:00Z,0.9713078
2024-11-16T12:36:00Z,0
2024-11-16T13:12:00Z,0.9567883
2024-11-16T13:48:00Z,0
2024-11-16T15:00:00Z,0.25716105
2024-11-16T15:36:00Z,0.8835959
2024-11-16T16:12:00Z,0
2024-11-16T16:48:00Z,0.5889664
2024-11-16T17:24:00Z,0.5862144
2024-11-16T18:00:00Z,0.13515742
2024-11-16T19:12:00Z,0.48245457
2024-11-16T19:48:00Z,0.314284
2024-11-16T20:24:00Z,0.8800951
2024-11-16T21:00:00Z,0
2024-11-16T22:48:00Z,0.93330383
2024-11-16T23:24:00Z,0
2024-11-17T00:00:00Z,0.6162934
2024-11-17T00:36:00Z,0.83154047
2024-11-17T01:12:00Z,0
2024-11-17T01:48:00Z,0.7046219
2024-11-17T03:36:00Z,0.5528882
2024-11-17T04:12:00Z,0.034811944
2024-11-17T04:48:00Z,0.8992208
2024-11-17T05:24:00Z,0
2024-11-17T06:00:00Z,0.5686062
2024-11-17T07:12:00Z,0.8741076
2024-11-17T07:48:00Z,0
2024-11-17T08:24:00Z,0.29702458
2024-11-17T09:00:00Z,0.16936092
2024-11-17T09:36:00Z,0.72597873
2024-11-17T10:12:00Z,0.1362195
2024-11-17T10:48:00Z,0.98846036
2024-11-17T11:24:00Z,0
2024-11-17T12:00:00Z,0.5623968
2024-11-17T13:12:00Z,0.9387865
2024-11-17T13:48:00Z,0
2024-11-17T14:24:00Z,0.59897435
2024-11-17T15:00:00Z,0.011926153
2024-11-17T16:12:00Z,0.6676045
2024-11-17T16:48:00Z,0.3170716
2024-11-17T17:24:00Z,0.56753516
2024-11-17T18:00:00Z,0.25606552
2024-11-17T20:24:00Z,0.2673025
2024-11-17T21:00:00Z,0.060334157
2024-11-17T21:36:00Z,0.75742596
2024-11-17T22:12:00Z,0
2024-11-17T23:24:00Z,0.68376344
2024-11-18T00:36:00Z,0.20773739
2024-11-18T01:12:00Z,0.9295664
2024-11-18T01:48:00Z,0
2024-11-18T02:24:00Z,0.27947205
2024-11-18T03:00:00Z,0.9808743
2024-11-18T03:36:00Z,0
2024-11-18T04:12:00Z,0.35350698
2024-11-18T04:48:00Z,0.09222857
2024-11-18T05:24:00Z,0.91452646
2024-11-18T06:00:00Z,0
2024-11-18T06:36:00Z,0.84451014
2024-11-18T07:12:00Z,0
2024-11-18T07:48:00Z,0.08475223
2024-11-18T08:24:00Z,0.84142935
2024-11-18T09:00:00Z,0
2024-11-18T09:36:00Z,0.8484325
2024-11-18T10:12:00Z,0
2024-11-18T11:24:00Z,0.7109547
2024-11-18T12:36:00Z,0.11668162
2024-11-18T13:12:00Z,0.28776842
2024-11-18T13:48:00Z,0.042215306
2024-11-18T14:24:00Z,0.780723
2024-11-18T15:00:00Z,0
2024-11-18T15:36:00Z,0.7740603
2024-11-18T16:12:00Z,0
2024-11-18T16:48:00Z,0.031051861
2024-11-18T17:24:00Z,0.89696544
2024-11-18T18:00:00Z,0
2024-11-18T18:36:00Z,0.4753066
2024-11-18T19:48:00Z,0.52677286
2024-11-18T20:24:00Z,0.97558194
2024-11-18T21:00:00Z,0
2024-11-18T21:36:00Z,0.6525987
2024-11-18T22:12:00Z,0.7805269
2024-11-18T22:48:00Z,0
2024-11-19T00:00:00Z,0.56851727
2024-11-19T01:12:00Z,0.23682535
2024-11-19T01:48:00Z,0.28923205
2024-11-19T02:24:00Z,0.8723112
2024-11-19T03:00:00Z,0
2024-11-19T04:12:00Z,0.79019463
2024-11-19T04:48:00Z,0
2024-11-19T06:00:00Z,0.95146704
2024-11-19T06:36:00Z,0
2024-11-19T07:12:00Z,0.56814647
2024-11-19T07:48:00Z,0.33849567
2024-11-19T09:00:00Z,0.18607457
2024-11-19T09:36:00Z,0.64578533
2024-11-19T10:48:00Z,0.66489
2024-11-19T11:24:00Z,0.07447743
2024-11-19T12:36:00Z,0.82905984
2024-11-19T13:12:00Z,0
2024-11-19T15:00:00Z,0.44740337
2024-11-19T15:36:00Z,0.8007609
2024-11-19T16:12:00Z,0
2024-11-19T16:48:00Z,0.91109836
2024-11-19T17:24:00Z,0
2024-11-19T18:00:00Z,0.5630909
2024-11-19T19:12:00Z,0.16937537
2024-11-19T19:48:00Z,0.77094203
2024-11-19T20:24:00Z,0
2024-11-19T22:12:00Z,0.4638845
2024-11-19T22:48:00Z,0.5425474
2024-11-19T23:24:00Z,0.13610867
2024-11-20T00:36:00Z,0.019726183
2024-11-20T01:12:00Z,0.65053475
2024-11-20T02:24:00Z,0.9070977
2024-11-20T03:00:00Z,0
2024-11-20T03:36:00Z,0.7953074
2024-11-20T04:12:00Z,0
2024-11-20T05:24:00Z,0.7419235
2024-11-20T06:00:00Z,0.04724036
2024-11-20T07:12:00Z,0.7080941
2024-11-20T08:24:00Z,0.17838126
2024-11-20T10:48:00Z,0.9041093
2024-11-20T11:24:00Z,0
2024-11-20T12:00:00Z,0.43710214
2024-11-20T12:36:00Z,0.008178459
2024-11-20T13:12:00Z,0.96850276
2024-11-20T13:48:00Z,0
2024-11-20T14:24:00Z,0.11910802
2024-11-20T15:00:00Z,0.6398866
2024-11-20T15:36:00Z,0.13965388
2024-11-20T17:24:00Z,0.7486921
2024-11-20T19:12:00Z,0.108520515
2024-11-20T19:48:00Z,0.83445334
2024-11-20T20:24:00Z,0
2024-11-20T21:00:00Z,0.9991509
2024-11-20T21:36:00Z,0
2024-11-20T22:12:00Z,0.78586733
2024-11-20T22:48:00Z,0
2024-11-20T23:24:00Z,0.13065189
2024-11-21T00:00:00Z,0.94295925
2024-11-21T00:36:00Z,0
2024-11-21T01:48:00Z,0.30981714
2024-11-21T02:24:00Z,0.82979274
2024-11-21T03:00:00Z,0
2024-11-21T03:36:00Z,0.6977791
2024-11-21T04:48:00Z,0.5684402
2024-11-21T05:24:00Z,0.17320773
2024-11-21T06:00:00Z,0.9554372
2024-11-21T06:36:00Z,0
2024-11-21T07:12:00Z,0.922534
2024-11-21T07:48:00Z,0
2024-11-21T08:24:00Z,0.551229
2024-11-21T09:00:00Z,0.16372658
2024-11-21T10:12:00Z,0.8081327
2024-11-21T10:48:00Z,0
2024-11-21T11:24:00Z,0.8540193
2024-11-21T12:00:00Z,0
2024-11-21T14:24:00Z,0.438875
2024-11-21T15:36:00Z,0.6551011
2024-11-21T16:12:00Z,0.2649353
2024-11-21T16:48:00Z,0.9134373
2024-11-21T17:24:00Z,0
2024-11-21T18:00:00Z,0.9215584
2024-11-21T18:36:00Z,0
2024-11-21T19:12:00Z,0.669892
2024-11-21T20:24:00Z,0.39173022
2024-11-21T21:00:00Z,0.7658209
2024-11-21T21:36:00Z,0
2024-11-21T23:24:00Z,0.86145806
2024-11-22T00:00:00Z,0
2024-11-22T01:12:00Z,0.79386014
2024-11-22T01:48:00Z,0
2024-11-22T02:24:00Z,0.7726836
2024-11-22T03:00:00Z,0
2024-11-22T03:36:00Z,0.67710036
2024-11-22T04:12:00Z,0.19821149
2024-11-22T04:48:00Z,0.97387046
2024-11-22T05:24:00Z,0
2024-11-22T06:00:00Z,0.71442
2024-11-22T06:36:00Z,0.75455207
2024-11-22T07:12:00Z,0
2024-11-22T07:48:00Z,0.5554754
2024-11-22T08:24:00Z,0.30637315
2024-11-22T09:36:00Z,0.5262889
2024-11-22T10:48:00Z,0.17036273
2024-11-22T12:00:00Z,0.8729529
2024-11-22T12:36:00Z,0
2024-11-22T13:12:00Z,0.78435385
2024-11-22T13:48:00Z,0
2024-11-22T14:24:00Z,0.99279165
2024-11-22T15:00:00Z,0
2024-11-22T15:36:00Z,0.6460342
2024-11-22T16:12:00Z,0.4956023
2024-11-22T16:48:00Z,0.8670296
2024-11-22T17:24:00Z,0
2024-11-22T18:00:00Z,0.7298102
2024-11-22T18:36:00Z,0.23993285
2024-11-22T19:12:00Z,0.90286046
2024-11-22T19:48:00Z,0
2024-11-22T20:24:00Z,0.8375848
2024-11-22T21:00:00Z,0
2024-11-22T21:36:00Z,0.80624276
2024-11-22T22:12:00Z,0
2024-11-22T22:48:00Z,0.7717682
2024-11-22T23:24:00Z,0
2024-11-23T00:00:00Z,0.67192256
2024-11-23T01:12:00Z,0.72576517
2024-11-23T03:00:00Z,0.09854764
2024-11-23T03:36:00Z,0.5306849
2024-11-23T04:12:00Z,0.19133563
2024-11-23T04:48:00Z,0.90944123
2024-11-23T05:24:00Z,0
2024-11-23T06:36:00Z,0.8418944
2024-11-23T07:12:00Z,0
2024-11-23T07:48:00Z,0.7893755
2024-11-23T08:24:00Z,0
2024-11-23T10:12:00Z,0.48274425
2024-11-23T10:48:00Z,0.035368107
2024-11-23T12:00:00Z,0.9535224
2024-11-23T12:36:00Z,0
2024-11-23T13:12:00Z,0.07260654
2024-11-23T13:48:00Z,0.9161552
2024-11-23T14:24:00Z,0
2024-11-23T15:00:00Z,0.8989141
2024-11-23T15:36:00Z,0
2024-11-23T16:48:00Z,0.63126254
2024-11-23T17:24:00Z,0.13771236
2024-11-23T18:36:00Z,0.57251996
2024-11-23T19:12:00Z,0.024325863
2024-11-23T20:24:00Z,0.92987376
2024-11-23T21:00:00Z,0
2024-11-23T21:36:00Z,0.13080966
2024-11-23T22:12:00Z,0.72582024
2024-11-23T22:48:00Z,0.8740273
2024-11-23T23:24:00Z,0
2024-11-24T00:00:00Z,0.91515875
2024-11-24T00:36:00Z,0
2024-11-24T01:12:00Z,0.34422678
2024-11-24T02:24:00Z,0.07192037
2024-11-24T03:00:00Z,0.8172679
2024-11-24T03:36:00Z,0
2024-11-24T04:48:00Z,0.90678716
2024-11-24T05:24:00Z,0
2024-11-24T06:00:00Z,0.9314503
2024-11-24T06:36:00Z,0
2024-11-24T07:12:00Z,0.8663463
2024-11-24T07:48:00Z,0
2024-11-24T08:24:00Z,0.0880405
2024-11-24T09:00:00Z,0.9102243
2024-11-24T09:36:00Z,0
2024-11-24T12:00:00Z,0.75291246
2024-11-24T12:36:00Z,0
2024-11-24T13:48:00Z,0.55396795
2024-11-24T14:24:00Z,0.51369834
2024-11-24T15:00:00Z,0.98901427
2024-11-24T15:36:00Z,0
2024-11-24T16:12:00Z,0.107541375
2024-11-24T16:48:00Z,0.75525206
2024-11-24T17:24:00Z,0
2024-11-24T18:00:00Z,0.5920497
2024-11-24T18:36:00Z,0.11834297
2024-11-24T19:12:00Z,0.20175853
2024-11-24T20:24:00Z,0.85947394
2024-11-24T21:00:00Z,0
2024-11-24T21:36:00Z,0.8346017
2024-11-24T22:12:00Z,0
2024-11-24T23:24:00Z,0.37924424
2024-11-25T00:00:00Z,0.0049344124
2024-11-25T00:36:00Z,0.788844
2024-11-25T01:12:00Z,0
2024-11-25T01:48:00Z,0.60316485
2024-11-25T03:00:00Z,0.22030583
2024-11-25T04:12:00Z,0.81879985
2024-11-25T04:48:00Z,0
2024-11-25T05:24:00Z,0.06906832
2024-11-25T06:00:00Z,0.93422765
2024-11-25T06:36:00Z,0
2024-11-25T07:12:00Z,0.98049915
2024-11-25T07:48:00Z,0
2024-11-25T08:24:00Z,0.15497226
2024-11-25T09:00:00Z,0.9749421
2024-11-25T09:36:00Z,0
2024-11-25T10:48:00Z,0.9651191
2024-11-25T11:24:00Z,0
2024-11-25T12:00:00Z,0.4558818
2024-11-25T12:36:00Z,0.04268492
2024-11-25T13:48:00Z,0.9413518
2024-11-25T14:24:00Z,0
2024-11-25T15:00:00Z,0.7721664
2024-11-25T15:36:00Z,0
2024-11-25T16:12:00Z,0.7361708
2024-11-25T16:48:00Z,0.91053355
2024-11-25T17:24:00Z,0
2024-11-25T18:00:00Z,0.76870847
2024-11-25T18:36:00Z,0
2024-11-25T19:12:00Z,0.6932613
2024-11-25T19:48:00Z,0.1903338
2024-11-25T21:00:00Z,0.181446
2024-11-25T21:36:00Z,0.7383062
2024-11-25T22:12:00Z,0.78160733
2024-11-25T22:48:00Z,0
2024-11-25T23:24:00Z,0.9821419
2024-11-26T00:00:00Z,0
2024-11-26T01:12:00Z,0.8499622
2024-11-26T01:48:00Z,0
2024-11-26T02:24:00Z,0.6287538
2024-11-26T05:24:00Z,0.2697663
2024-11-26T06:36:00Z,0.5072184
2024-11-26T07:12:00Z,0.10862361
2024-11-26T08:24:00Z,0.8106594
2024-11-26T09:00:00Z,0
2024-11-26T09:36:00Z,0.7841698
2024-11-26T10:12:00Z,0
2024-11-26T12:00:00Z,0.9608302
2024-11-26T12:36:00Z,0
2024-11-26T13:48:00Z,0.5516285
2024-11-26T15:00:00Z,0.11969388
2024-11-26T17:24:00Z,0.7558391
2024-11-26T18:00:00Z,0
2024-11-26T18:36:00Z,0.6692262
2024-11-26T19:12:00Z,0.4636815
2024-11-26T19:48:00Z,0.712194
2024-11-26T21:36:00Z,0.38232946
2024-11-26T22:12:00Z,0.8735183
2024-11-26T22:48:00Z,0
2024-11-27T00:36:00Z,0.5760163
2024-11-27T01:12:00Z,0.1530442
2024-11-27T01:48:00Z,0.9631737
2024-11-27T02:24:00Z,0
2024-11-27T04:48:00Z,0.7792082
2024-11-27T05:24:00Z,0
2024-11-27T06:00:00Z,0.58929485
2024-11-27T07:48:00Z,0.22490762
2024-11-27T08:24:00Z,0.7501717
2024-11-27T09:00:00Z,0
2024-11-27T10:12:00Z,0.79484934
2024-11-27T10:48:00Z,0
2024-11-27T12:00:00Z,0.76351553
2024-11-27T12:36:00Z,0
2024-11-27T13:12:00Z,0.75827307
2024-11-27T13:48:00Z,0
2024-11-27T14:24:00Z,0.6864413
2024-11-27T15:36:00Z,0.4328991
2024-11-27T16:48:00Z,0.111827955
2024-11-27T17:24:00Z,0.8467703
2024-11-27T18:00:00Z,0
2024-11-27T19:12:00Z,0.6645791
2024-11-27T19:48:00Z,0.41706517
2024-11-27T21:00:00Z,0.88641065
2024-11-27T21:36:00Z,0
2024-11-27T22:48:00Z,0.6113136
2024-11-27T23:24:00Z,0.3639335
2024-11-28T00:36:00Z,0.7027239
2024-11-28T01:12:00Z,0.53844875
2024-11-28T01:48:00Z,0.78896904
2024-11-28T02:24:00Z,0
2024-11-28T03:36:00Z,0.10266743
2024-11-28T04:12:00Z,0.8079658
2024-11-28T04:48:00Z,0
2024-11-28T05:24:00Z,0.6583769
2024-11-28T06:36:00Z,0.15752408
2024-11-28T07:12:00Z,0.77268887
2024-11-28T07:48:00Z,0
2024-11-28T08:24:00Z,0.39641678
2024-11-28T09:36:00Z,0.14405985
2024-11-28T10:12:00Z,0.8068478
2024-11-28T10:48:00Z,0
2024-11-28T12:00:00Z,0.9489478
2024-11-28T12:36:00Z,0
2024-11-28T13:12:00Z,0.60792965
2024-11-28T13:48:00Z,0.5778784
2024-11-28T14:24:00Z,0.00025630835
2024-11-28T15:36:00Z,0.75159603
2024-11-28T16:12:00Z,0
2024-11-28T16:48:00Z,0.615572
2024-11-28T17:24:00Z,0.26672587
2024-11-28T18:36:00Z,0.745994
2024-11-28T19:12:00Z,0.47751066
2024-11-28T19:48:00Z,0.92493343
2024-11-28T20:24:00Z,0
2024-11-28T21:00:00Z,0.6166489
2024-11-28T21:36:00Z,0.32205084
2024-11-28T22:12:00Z,0.6946751
2024-11-28T22:48:00Z,0.27213162
2024-11-28T23:24:00Z,0.7295179
2024-11-29T00:00:00Z,0.14416142
2024-11-29T01:12:00Z,0.40720132
2024-11-29T02:24:00Z,0.18869464
2024-11-29T03:00:00Z,0.87721014
2024-11-29T03:36:00Z,0
2024-11-29T04:12:00Z,0.81096953
2024-11-29T04:48:00Z,0
2024-11-29T07:12:00Z,0.56666553
2024-11-29T07:48:00Z,0.97354376
2024-11-29T08:24:00Z,0
2024-11-29T09:00:00Z,0.8527441
2024-11-29T09:36:00Z,0
2024-11-29T10:12:00Z,0.09175831
2024-11-29T10:48:00Z,0.85520405
2024-11-29T11:24:00Z,0
2024-11-29T12:00:00Z,0.66920745
2024-11-29T13:48:00Z,0.41237387
2024-11-29T14:24:00Z,0.47161916
2024-11-29T15:00:00Z,0.9979686
2024-11-29T15:36:00Z,0
2024-11-29T16:12:00Z,0.895869
2024-11-29T16:48:00Z,0
2024-11-29T17:24:00Z,0.61158067
2024-11-29T19:12:00Z,0.037378892
2024-11-29T19:48:00Z,0.79123205
2024-11-29T20:24:00Z,0
2024-11-29T21:00:00Z,0.605594
2024-11-29T22:12:00Z,0.030229043
2024-11-29T22:48:00Z,0.61642295
2024-11-29T23:24:00Z,0.1536165
2024-11-30T00:00:00Z,0.11794304
2024-11-30T00:36:00Z,0.69299155
2024-11-30T01:12:00Z,0.4931685
2024-11-30T02:24:00Z,0.83249205
2024-11-30T03:00:00Z,0
2024-11-30T05:24:00Z,0.595654
2024-11-30T06:36:00Z,0.24209958
2024-11-30T07:48:00Z,0.47273242
2024-11-30T08:24:00Z,0.21517509
2024-11-30T09:00:00Z,0.8534114
2024-11-30T09:36:00Z,0
2024-11-30T11:24:00Z,0.6891788
2024-11-30T13:48:00Z,0.34846774
2024-11-30T14:24:00Z,0.9190162
2024-11-30T15:00:00Z,0
2024-11-30T15:36:00Z,0.9119757
2024-11-30T16:12:00Z,0
2024-11-30T16:48:00Z,0.977458
2024-11-30T17:24:00Z,0
2024-11-30T18:36:00Z,0.24326573
2024-11-30T19:12:00Z,0.70263314
2024-11-30T20:24:00Z,0.21863393
2024-11-30T21:00:00Z,0.675146
2024-11-30T22:48:00Z,0.19309677
2024-12-01T00:00:00Z,0.76197255
2024-12-01T00:36:00Z,0
2024-12-01T01:12:00Z,0.5656221
2024-12-01T01:48:00Z,0.16197641
2024-12-01T02:24:00Z,0.52238166
2024-12-01T03:36:00Z,0.078666426
2024-12-01T05:24:00Z,0.44153732
2024-12-01T06:00:00Z,0.81025225
2024-12-01T06:36:00Z,0
2024-12-01T07:48:00Z,0.44191745
2024-12-01T08:24:00Z,0.32271257
2024-12-01T09:00:00Z,0.75065714
2024-12-01T09:36:00Z,0
2024-12-01T11:24:00Z,0.6437408
2024-12-01T13:48:00Z,0.40509045
2024-12-01T14:24:00Z,0.93127763
2024-12-01T15:00:00Z,0
2024-12-01T15:36:00Z,0.99356633
2024-12-01T16:12:00Z,0
2024-12-01T16:48:00Z,0.69235677
2024-12-01T17:24:00Z,0.90268975
2024-12-01T18:00:00Z,0
2024-12-01T19:48:00Z,0.42867142
2024-12-01T20:24:00Z,0.9542055
2024-12-01T21:00:00Z,0
2024-12-01T22:12:00Z,0.84333724
2024-12-01T22:48:00Z,0
2024-12-01T23:24:00Z,0.94118357
2024-12-02T00:00:00Z,0
2024-12-02T00:36:00Z,0.89413184
2024-12-02T01:12:00Z,0
2024-12-02T03:00:00Z,0.8959644
2024-12-02T03:36:00Z,0
2024-12-02T04:48:00Z,0.9590633
2024-12-02T05:24:00Z,0
2024-12-02T06:00:00Z,0.6530519
2024-12-02T06:36:00Z,0.05863435
2024-12-02T07:12:00Z,0.7577125
2024-12-02T07:48:00Z,0
2024-12-02T09:00:00Z,0.9419571
2024-12-02T09:36:00Z,0
2024-12-02T10:12:00Z,0.9458693
2024-12-02T10:48:00Z,0
2024-12-02T11:24:00Z,0.7922719
2024-12-02T12:00:00Z,0
2024-12-02T13:12:00Z,0.58251125
2024-12-02T14:24:00Z,0.20900068
2024-12-02T15:00:00Z,0.6156237
2024-12-02T16:12:00Z,0.29689386
2024-12-02T16:48:00Z,0.991765
2024-12-02T17:24:00Z,0
2024-12-02T18:36:00Z,0.9852309
2024-12-02T19:12:00Z,0
2024-12-02T19:48:00Z,0.9333233
2024-12-02T20:24:00Z,0
2024-12-02T21:00:00Z,0.92578703
2024-12-02T21:36:00Z,0
2024-12-02T22:12:00Z,0.9325283
2024-12-02T22:48:00Z,0
2024-12-02T23:24:00Z,0.94956475
2024-12-03T00:00:00Z,0
2024-12-03T00:36:00Z,0.6094222
2024-12-03T02:24:00Z,0.06898864
2024-12-03T03:36:00Z,0.34783024
2024-12-03T04:12:00Z,0.9874095
2024-12-03T04:48:00Z,0
2024-12-03T06:00:00Z,0.7771127
2024-12-03T06:36:00Z,0
2024-12-03T07:48:00Z,0.9818076
2024-12-03T08:24:00Z,0
2024-12-03T09:00:00Z,0.12824804
2024-12-03T09:36:00Z,0.6656668
2024-12-03T10:12:00Z,0.13798186
2024-12-03T12:00:00Z,0.55590093
2024-12-03T12:36:00Z,0.8690966
2024-12-03T13:12:00Z,0
2024-12-03T13:48:00Z,0.41910136
2024-12-03T15:00:00Z,0.09581152
2024-12-03T15:36:00Z,0.3399645
2024-12-03T16:12:00Z,0
2024-12-03T16:48:00Z,0.96797305
2024-12-03T17:24:00Z,0
2024-12-03T18:00:00Z,0.06818555
2024-12-03T18:36:00Z,0.86183757
2024-12-03T19:12:00Z,0
2024-12-03T19:48:00Z,0.7501764
2024-12-03T20:24:00Z,0
2024-12-03T21:00:00Z,0.672539
2024-12-03T23:24:00Z,0.096800745
2024-12-04T00:00:00Z,0.47813916
2024-12-04T00:36:00Z,0.18725125
2024-12-04T01:12:00Z,0.9819378
2024-12-04T01:48:00Z,0
2024-12-04T02:24:00Z,0.83082175
2024-12-04T03:00:00Z,0
2024-12-04T03:36:00Z,0.620535
2024-12-04T04:12:00Z,0.056380343
2024-12-04T05:24:00Z,0.6796665
2024-12-04T06:00:00Z,0.17326991
2024-12-04T06:36:00Z,0.5113799
2024-12-04T07:12:00Z,0.39066595
2024-12-04T08:24:00Z,0.869947
2024-12-04T09:00:00Z,0
2024-12-04T09:36:00Z,0.40908837
2024-12-04T10:48:00Z,0.54881686
2024-12-04T11:24:00Z,0.9043483
2024-12-04T12:00:00Z,0
2024-12-04T12:36:00Z,0.079967424
2024-12-04T13:12:00Z,0.82362103
2024-12-04T13:48:00Z,0
2024-12-04T15:36:00Z,0.650586
2024-12-04T16:12:00Z,0.4255801
2024-12-04T16:48:00Z,0.92733896
2024-12-04T17:24:00Z,0
2024-12-04T18:00:00Z,0.8220262
2024-12-04T18:36:00Z,0
2024-12-04T19:12:00Z,0.40588164
2024-12-04T20:24:00Z,0.20348856
2024-12-04T21:00:00Z,0.1414153
2024-12-04T21:36:00Z,0.56496614
2024-12-04T23:24:00Z,0.2709663
2024-12-05T00:36:00Z,0.47252268
2024-12-05T01:48:00Z,0.098846145
2024-12-05T02:24:00Z,0.7978432
2024-12-05T03:00:00Z,0
2024-12-05T03:36:00Z,0.84175134
2024-12-05T04:12:00Z,0
2024-12-05T04:48:00Z,0.55783963
2024-12-05T06:00:00Z,0.6243828
2024-12-05T06:36:00Z,0.8731487
2024-12-05T07:12:00Z,0
2024-12-05T07:48:00Z,0.5469161
2024-12-05T08:24:00Z,0.31158823
2024-12-05T09:00:00Z,0.62607944
2024-12-05T09:36:00Z,0.05961148
2024-12-05T10:12:00Z,0.693312
2024-12-05T10:48:00Z,0.09661799
2024-12-05T11:24:00Z,0.94047385
2024-12-05T12:00:00Z,0
2024-12-05T13:12:00Z,0.5102747
2024-12-05T13:48:00Z,0.30869353
2024-12-05T14:24:00Z,0.60624033
2024-12-05T15:00:00Z,0.12972347
2024-12-05T15:36:00Z,0.46468988
2024-12-05T16:48:00Z,0.39740065
2024-12-05T17:24:00Z,0.85661244
2024-12-05T18:00:00Z,0
2024-12-05T18:36:00Z,0.91069084
2024-12-05T19:12:00Z,0
2024-12-05T19:48:00Z,0.2076573
2024-12-05T20:24:00Z,0.9342359
2024-12-05T21:00:00Z,0
2024-12-05T21:36:00Z,0.29194757
2024-12-05T22:12:00Z,0.07012332
2024-12-05T22:48:00Z,0.6545235
2024-12-05T23:24:00Z,0.32858866
2024-12-06T00:00:00Z,0.9154073
2024-12-06T00:36:00Z,0
2024-12-06T01:12:00Z,0.027229581
2024-12-06T01:48:00Z,0.6587954
2024-12-06T02:24:00Z,0.2493259
2024-12-06T03:00:00Z,0.81864125
2024-12-06T03:36:00Z,0
2024-12-06T04:48:00Z,0.16360627
2024-12-06T05:24:00Z,0.6216388
2024-12-06T06:36:00Z,0.020040872
2024-12-06T07:12:00Z,0.87970257
2024-12-06T07:48:00Z,0
2024-12-06T08:24:00Z,0.82427263
2024-12-06T09:00:00Z,0
2024-12-06T10:12:00Z,0.9426142
2024-12-06T10:48:00Z,0
2024-12-06T11:24:00Z,0.86063915
2024-12-06T12:00:00Z,0
2024-12-06T13:48:00Z,0.07556193
2024-12-06T14:24:00Z,0.9997847
2024-12-06T15:00:00Z,0
2024-12-06T15:36:00Z,0.99699104
2024-12-06T16:12:00Z,0
2024-12-06T16:48:00Z,0.68795764
2024-12-06T17:24:00Z,0.09297308
2024-12-06T19:12:00Z,0.88426346
2024-12-06T19:48:00Z,0
2024-12-06T21:00:00Z,0.7541456
2024-12-06T21:36:00Z,0
2024-12-06T22:12:00Z,0.7423341
2024-12-06T22:48:00Z,0.98447156
2024-12-06T23:24:00Z,0
2024-12-07T00:00:00Z,0.71584845
2024-12-07T01:48:00Z,0.34841195
2024-12-07T02:24:00Z,0.9577881
2024-12-07T03:00:00Z,0
2024-12-07T03:36:00Z,0.87656367
2024-12-07T04:12:00Z,0
2024-12-07T04:48:00Z,0.45846286
2024-12-07T05:24:00Z,0.28374416
2024-12-07T06:36:00Z,0.94981426
2024-12-07T07:12:00Z,0
2024-12-07T07:48:00Z,0.9517026
2024-12-07T08:24:00Z,0
2024-12-07T09:00:00Z,0.86275375
2024-12-07T09:36:00Z,0
2024-12-07T10:48:00Z,0.24977012
2024-12-07T11:24:00Z,0.66092604
2024-12-07T12:36:00Z,0.7382707
2024-12-07T13:12:00Z,0.2608233
2024-12-07T13:48:00Z,0.3661972
2024-12-07T14:24:00Z,0.97710794
2024-12-07T15:00:00Z,0
2024-12-07T16:12:00Z,0.23724782
2024-12-07T16:48:00Z,0.8918986
2024-12-07T17:24:00Z,0
2024-12-07T18:00:00Z,0.66694814
2024-12-07T19:12:00Z,0.081598125
2024-12-07T19:48:00Z,0.9350797
2024-12-07T20:24:00Z,0
2024-12-07T22:12:00Z,0.36162227
2024-12-08T00:00:00Z,0.45253077
2024-12-08T00:36:00Z,0.24297419
2024-12-08T01:12:00Z,0.94174814
2024-12-08T01:48:00Z,0
2024-12-08T03:00:00Z,0.21286295
2024-12-08T03:36:00Z,0.7720306
2024-12-08T04:12:00Z,0
2024-12-08T05:24:00Z,0.12264165
2024-12-08T06:00:00Z,0.97531885
2024-12-08T06:36:00Z,0
2024-12-08T07:48:00Z,0.9078936
2024-12-08T08:24:00Z,0
2024-12-08T10:12:00Z,0.12548934
2024-12-08T10:48:00Z,0.9541916
2024-12-08T11:24:00Z,0
2024-12-08T12:36:00Z,0.92568964
2024-12-08T13:12:00Z,0
2024-12-08T13:48:00Z,0.7339366
2024-12-08T15:00:00Z,0.5490443
2024-12-08T16:12:00Z,0.36321956
2024-12-08T17:24:00Z,0.14466839
2024-12-08T18:00:00Z,0.6520025
2024-12-08T19:12:00Z,0.42017052
2024-12-08T19:48:00Z,0.6558097
2024-12-08T20:24:00Z,0.21061884
2024-12-08T21:36:00Z,0.50146353
2024-12-08T22:12:00Z,0.1807285
2024-12-08T22:48:00Z,0.54963404
2024-12-09T00:00:00Z,0.53154135
2024-12-09T00:36:00Z,0.79940003
2024-12-09T01:12:00Z,0
2024-12-09T03:00:00Z,0.10222594
2024-12-09T03:36:00Z,0.78723645
2024-12-09T04:12:00Z,0
2024-12-09T06:00:00Z,0.780382
2024-12-09T06:36:00Z,0
2024-12-09T07:12:00Z,0.06637721
2024-12-09T07:48:00Z,0.97181
2024-12-09T08:24:00Z,0
2024-12-09T10:48:00Z,0.53630376
2024-12-09T11:24:00Z,0.013515923
2024-12-09T12:36:00Z,0.5818338
2024-12-09T13:12:00Z,0.004774195
2024-12-09T14:24:00Z,0.6469224
2024-12-09T15:00:00Z,0.654329
2024-12-09T16:12:00Z,0.18112727
2024-12-09T16:48:00Z,0.2223399
2024-12-09T17:24:00Z,0.8000664
2024-12-09T18:00:00Z,0
2024-12-09T18:36:00Z,0.8637969
2024-12-09T19:12:00Z,0
2024-12-09T19:48:00Z,0.54954463
2024-12-09T21:00:00Z,0.7077596
2024-12-09T21:36:00Z,0.23953956
2024-12-09T23:24:00Z,0.5998854
2024-12-10T00:00:00Z,0.23670313
2024-12-10T01:48:00Z,0.9005195
2024-12-10T02:24:00Z,0
2024-12-10T03:36:00Z,0.15583284
2024-12-10T04:12:00Z,0.748394
2024-12-10T05:24:00Z,0.6156713
2024-12-10T06:00:00Z,0.8713753
2024-12-10T06:36:00Z,0
2024-12-10T07:48:00Z,0.5785391
2024-12-10T09:00:00Z,0.092597716
2024-12-10T10:12:00Z,0.93086374
2024-12-10T10:48:00Z,0
2024-12-10T11:24:00Z,0.39247403
2024-12-10T12:00:00Z,0.05203652
2024-12-10T12:36:00Z,0.9070511
2024-12-10T13:12:00Z,0
2024-12-10T14:24:00Z,0.90171176
2024-12-10T15:00:00Z,0
2024-12-10T15:36:00Z,0.026579302
2024-12-10T16:12:00Z,0.46862364
2024-12-10T17:24:00Z,0.20398453
2024-12-10T18:00:00Z,0.7619379
2024-12-10T18:36:00Z,0
2024-12-10T19:48:00Z,0.99909484
2024-12-10T20:24:00Z,0
2024-12-10T21:36:00Z,0.8959495
2024-12-10T22:12:00Z,0
2024-12-10T23:24:00Z,0.6845202
2024-12-11T02:24:00Z,0.72081333
2024-12-11T03:00:00Z,0.11584332
2024-12-11T03:36:00Z,0.64027023
2024-12-11T04:12:00Z,0.10369131
2024-12-11T04:48:00Z,0.8571091
2024-12-11T05:24:00Z,0
2024-12-11T08:24:00Z,0.45193523
2024-12-11T09:00:00Z,0.8648182
2024-12-11T09:36:00Z,0
2024-12-11T11:24:00Z,0.9551587
2024-12-11T12:00:00Z,0
2024-12-11T12:36:00Z,0.97325057
2024-12-11T13:12:00Z,0
2024-12-11T14:24:00Z,0.9268142
2024-12-11T15:00:00Z,0
2024-12-11T15:36:00Z,0.086406015
2024-12-11T16:12:00Z,0.8409527
2024-12-11T16:48:00Z,0
2024-12-11T17:24:00Z,0.53690046
2024-12-11T18:00:00Z,0.07279138
2024-12-11T18:36:00Z,0.40940067
2024-12-11T19:12:00Z,0.032841843
2024-12-11T19:48:00Z,0.97103
2024-12-11T20:24:00Z,0
2024-12-11T21:00:00Z,0.827451
2024-12-11T21:36:00Z,0
2024-12-11T22:12:00Z,0.60251695
2024-12-11T23:24:00Z,0.22085716
2024-12-12T00:00:00Z,0.4478428
2024-12-12T01:12:00Z,0.04134415
2024-12-12T01:48:00Z,0.77996296
2024-12-12T02:24:00Z,0
2024-12-12T04:12:00Z,0.67144233
2024-12-12T04:48:00Z,0.13029309
2024-12-12T06:00:00Z,0.88206756
2024-12-12T06:36:00Z,0
2024-12-12T07:12:00Z,0.93812245
2024-12-12T07:48:00Z,0
2024-12-12T08:24:00Z,0.08964884
2024-12-12T09:00:00Z,0.7966917
2024-12-12T09:36:00Z,0
2024-12-12T10:12:00Z,0.48054054
2024-12-12T10:48:00Z,0.08836044
2024-12-12T11:24:00Z,0.6630334
2024-12-12T12:00:00Z,0.020171247
2024-12-12T12:36:00Z,0.4325458
2024-12-12T13:12:00Z,0.032959722
2024-12-12T13:48:00Z,0.7241999
2024-12-12T14:24:00Z,0.75208765
2024-12-12T15:00:00Z,0
2024-12-12T16:48:00Z,0.9335893
2024-12-12T17:24:00Z,0
2024-12-12T18:00:00Z,0.99107
2024-12-12T18:36:00Z,0
2024-12-12T19:12:00Z,0.7917259
2024-12-12T19:48:00Z,0
2024-12-12T22:48:00Z,0.47886398
2024-12-12T23:24:00Z,0.91998607
2024-12-13T00:00:00Z,0
2024-12-13T00:36:00Z,0.835076
2024-12-13T01:12:00Z,0
2024-12-13T01:48:00Z,0.879806
2024-12-13T02:24:00Z,0
2024-12-13T03:00:00Z,0.86212546
2024-12-13T03:36:00Z,0
2024-12-13T04:48:00Z,0.782795
2024-12-13T05:24:00Z,0
2024-12-13T06:00:00Z,0.46685353
2024-12-13T06:36:00Z,0.01813898
2024-12-13T07:12:00Z,0.45093474
2024-12-13T07:48:00Z,0.16600908
2024-12-13T08:24:00Z,0.846514
2024-12-13T09:00:00Z,0
2024-12-13T09:36:00Z,0.36627266
2024-12-13T10:12:00Z,0.012282191
2024-12-13T10:48:00Z,0.9671614
2024-12-13T11:24:00Z,0
2024-12-13T12:00:00Z,0.78377074
2024-12-13T12:36:00Z,0
2024-12-13T13:12:00Z,0.81811625
2024-12-13T13:48:00Z,0
2024-12-13T14:24:00Z,0.6405047
2024-12-13T15:00:00Z,0.035733126
2024-12-13T15:36:00Z,0.9577188
2024-12-13T16:12:00Z,0
2024-12-13T17:24:00Z,0.7244285
2024-12-13T18:36:00Z,0.07483145
2024-12-13T19:12:00Z,0.845484
2024-12-13T19:48:00Z,0
2024-12-13T20:24:00Z,0.7144366
2024-12-13T21:00:00Z,0.19069754
2024-12-13T21:36:00Z,0.2093717
2024-12-13T22:12:00Z,0.98095447
2024-12-13T22:48:00Z,0
2024-12-14T00:36:00Z,0.12799847
2024-12-14T01:12:00Z,0.9847175
2024-12-14T01:48:00Z,0
2024-12-14T02:24:00Z,0.76116467
2024-12-14T03:00:00Z,0
2024-12-14T03:36:00Z,0.12897763
2024-12-14T04:12:00Z,0.7211918
2024-12-14T04:48:00Z,0.58458817
2024-12-14T05:24:00Z,0.8990778
2024-12-14T06:00:00Z,0
2024-12-14T06:36:00Z,0.9426661
2024-12-14T07:12:00Z,0
2024-12-14T07:48:00Z,0.03034632
2024-12-14T09:00:00Z,0.539892
2024-12-14T10:12:00Z,0.12574711
2024-12-14T11:24:00Z,0.42030573
2024-12-14T12:00:00Z,0.0017077806
2024-12-14T12:36:00Z,0.78954375
2024-12-14T13:12:00Z,0
2024-12-14T13:48:00Z,0.6799959
2024-12-14T14:24:00Z,0.9140837
2024-12-14T15:00:00Z,0
2024-12-14T15:36:00Z,0.50360715
2024-12-14T16:12:00Z,0.2502905
2024-12-14T16:48:00Z,0.8993735
2024-12-14T17:24:00Z,0
2024-12-14T18:00:00Z,0.46313244
2024-12-14T19:12:00Z,0.06283869
2024-12-14T19:48:00Z,0.6153361
2024-12-14T20:24:00Z,0.004408096
2024-12-14T21:36:00Z,0.9019936
2024-12-14T22:12:00Z,0
2024-12-14T22:48:00Z,0.15939005
2024-12-14T23:24:00Z,0.8670705
2024-12-15T00:00:00Z,0
2024-12-15T01:12:00Z,0.08928225
2024-12-15T01:48:00Z,0.73981756
2024-12-15T02:24:00Z,0.32973987
2024-12-15T03:36:00Z,0.8216156
2024-12-15T04:12:00Z,0
2024-12-15T04:48:00Z,0.34797177
2024-12-15T05:24:00Z,0.17133152
2024-12-15T06:00:00Z,0.9722477
2024-12-15T06:36:00Z,0
2024-12-15T07:12:00Z,0.70019436
2024-12-15T08:24:00Z,0.9685368
2024-12-15T09:00:00Z,0
2024-12-15T10:48:00Z,0.5676386
2024-12-15T12:36:00Z,0.16181771
2024-12-15T13:12:00Z,0.60853004
2024-12-15T15:00:00Z,0.113878295
2024-12-15T15:36:00Z,0.77777416
2024-12-15T16:12:00Z,0
2024-12-15T16:48:00Z,0.4499609
2024-12-15T17:24:00Z,0.02397451
2024-12-15T19:12:00Z,0.6813606
2024-12-15T21:00:00Z,0.12426454
2024-12-15T21:36:00Z,0.69463813
2024-12-15T22:12:00Z,0.81298673
2024-12-15T22:48:00Z,0
2024-12-15T23:24:00Z,0.71147776
2024-12-16T00:00:00Z,0.3922116
2024-12-16T01:12:00Z,0.81115955
2024-12-16T01:48:00Z,0
2024-12-16T02:24:00Z,0.6588313
2024-12-16T03:00:00Z,0.13136096
2024-12-16T03:36:00Z,0.6744763
2024-12-16T04:12:00Z,0.65617335
2024-12-16T05:24:00Z,0.013525173
2024-12-16T06:00:00Z,0.45191547
2024-12-16T06:36:00Z,0.09175907
2024-12-16T07:12:00Z,0.6389605
2024-12-16T07:48:00Z,0.031393863
2024-12-16T08:24:00Z,0.81385946
2024-12-16T09:00:00Z,0
2024-12-16T10:48:00Z,0.24923363
2024-12-16T11:24:00Z,0.8222728
2024-12-16T12:00:00Z,0
2024-12-16T12:36:00Z,0.6841834
2024-12-16T13:12:00Z,0.014281243
2024-12-16T14:24:00Z,0.8484589
2024-12-16T15:00:00Z,0
2024-12-16T15:36:00Z,0.35586512
2024-12-16T16:48:00Z,0.10503933
2024-12-16T17:24:00Z,0.9280031
2024-12-16T18:00:00Z,0
2024-12-16T18:36:00Z,0.66074735
2024-12-16T19:12:00Z,0.7783526
2024-12-16T19:48:00Z,0
2024-12-16T20:24:00Z,0.8378897
2024-12-16T21:00:00Z,0
2024-12-16T22:12:00Z,0.4132564
2024-12-16T22:48:00Z,0.042956416
2024-12-16T23:24:00Z,0.6867007
2024-12-17T00:36:00Z,0.4244497
2024-12-17T01:12:00Z,0.82567954
2024-12-17T01:48:00Z,0
2024-12-17T02:24:00Z,0.40195987
2024-12-17T03:00:00Z,0.11636125
2024-12-17T03:36:00Z,0.78653514
2024-12-17T04:12:00Z,0
2024-12-17T04:48:00Z,0.7664073
2024-12-17T05:24:00Z,0
2024-12-17T06:00:00Z,0.24217227
2024-12-17T06:36:00Z,0.042153202
2024-12-17T07:48:00Z,0.7788113
2024-12-17T08:24:00Z,0
2024-12-17T09:36:00Z,0.48277375
2024-12-17T10:12:00Z,0.07206686
2024-12-17T11:24:00Z,0.64800406
2024-12-17T12:00:00Z,0.06444995
2024-12-17T12:36:00Z,0.7540741
2024-12-17T13:12:00Z,0
2024-12-17T13:48:00Z,0.7709845
2024-12-17T14:24:00Z,0
2024-12-17T15:00:00Z,0.25146866
2024-12-17T15:36:00Z,0.030453695
2024-12-17T16:12:00Z,0.77475363
2024-12-17T16:48:00Z,0
2024-12-17T17:24:00Z,0.8090868
2024-12-17T18:00:00Z,0
2024-12-17T19:12:00Z,0.013299282
2024-12-17T21:36:00Z,0.75146776
2024-12-17T22:12:00Z,0
2024-12-17T23:24:00Z,0.89126897
2024-12-18T00:00:00Z,0
2024-12-18T00:36:00Z,0.8493631
2024-12-18T01:12:00Z,0
2024-12-18T01:48:00Z,0.9985879
2024-12-18T02:24:00Z,0
2024-12-18T03:00:00Z,0.9348869
2024-12-18T03:36:00Z,0
2024-12-18T04:12:00Z,0.31552595
2024-12-18T04:48:00Z,0.10450448
2024-12-18T05:24:00Z,0.8313441
2024-12-18T06:00:00Z,0
2024-12-18T06:36:00Z,0.9288831
2024-12-18T07:12:00Z,0
2024-12-18T08:24:00Z,0.49535632
2024-12-18T09:00:00Z,0.91081697
2024-12-18T09:36:00Z,0
2024-12-18T12:36:00Z,0.8522784
2024-12-18T13:12:00Z,0
2024-12-18T15:00:00Z,0.9353434
2024-12-18T15:36:00Z,0
2024-12-18T16:12:00Z,0.08360274
2024-12-18T16:48:00Z,0.86109924
2024-12-18T17:24:00Z,0
2024-12-18T18:36:00Z,0.57483935
2024-12-18T19:12:00Z,0.1432676
2024-12-18T21:00:00Z,0.6051285
2024-12-18T22:12:00Z,0.03830148
2024-12-18T22:48:00Z,0.7897647
2024-12-18T23:24:00Z,0
2024-12-19T00:36:00Z,0.83043855
2024-12-19T01:12:00Z,0
2024-12-19T01:48:00Z,0.5599451
2024-12-19T03:00:00Z,0.62643385
2024-12-19T03:36:00Z,0.04943401
2024-12-19T04:12:00Z,0.6940838
2024-12-19T05:24:00Z,0.7760088
2024-12-19T06:00:00Z,0
2024-12-19T06:36:00Z,0.6985538
2024-12-19T08:24:00Z,0.17466426
2024-12-19T09:00:00Z,0.8913109
2024-12-19T09:36:00Z,0
2024-12-19T10:12:00Z,0.4305549
2024-12-19T12:00:00Z,0.23680522
2024-12-19T12:36:00Z,0.7944772
2024-12-19T13:12:00Z,0
2024-12-19T14:24:00Z,0.17036441
2024-12-19T16:48:00Z,0.14160512
2024-12-19T18:36:00Z,0.64220905
2024-12-19T19:48:00Z,0.099224634
2024-12-19T20:24:00Z,0.8751183
2024-12-19T21:00:00Z,0
2024-12-19T21:36:00Z,0.40374696
2024-12-19T22:48:00Z,0.1523588
2024-12-20T00:00:00Z,0.31780913
2024-12-20T01:12:00Z,0.09570568
2024-12-20T01:48:00Z,0.76723576
2024-12-20T02:24:00Z,0
2024-12-20T04:12:00Z,0.46113402
2024-12-20T06:36:00Z,0.15159862
2024-12-20T07:12:00Z,0.55915904
2024-12-20T08:24:00Z,0.47106108
2024-12-20T09:00:00Z,0.8035211
2024-12-20T09:36:00Z,0
2024-12-20T10:12:00Z,0.73210514
2024-12-20T10:48:00Z,0.18220735
2024-12-20T12:00:00Z,0.82841575
2024-12-20T12:36:00Z,0
2024-12-20T13:12:00Z,0.39289412
2024-12-20T14:24:00Z,0.6088101
2024-12-20T15:00:00Z,0.14516754
2024-12-20T17:24:00Z,0.66124076
2024-12-20T18:00:00Z,0.30854177
2024-12-20T18:36:00Z,0.7776732
2024-12-20T19:12:00Z,0
2024-12-20T19:48:00Z,0.06109248
2024-12-20T20:24:00Z,0.85393524
2024-12-20T21:00:00Z,0
2024-12-20T21:36:00Z,0.4719897
2024-12-20T23:24:00Z,0.25767604
2024-12-21T00:00:00Z,0.07762248
2024-12-21T01:48:00Z,0.40622872
2024-12-21T02:24:00Z,0.001364802
2024-12-21T03:36:00Z,0.121689685
2024-12-21T04:12:00Z,0.54864943
2024-12-21T05:24:00Z,0.8083617
2024-12-21T06:00:00Z,0
2024-12-21T06:36:00Z,0.8539896
2024-12-21T07:12:00Z,0
2024-12-21T07:48:00Z,0.19656895
2024-12-21T08:24:00Z,0.9734206
2024-12-21T09:00:00Z,0
2024-12-21T09:36:00Z,0.9458747
2024-12-21T10:12:00Z,0
2024-12-21T10:48:00Z,0.55425334
2024-12-21T12:00:00Z,0.50438577
2024-12-21T12:36:00Z,0.9041096
2024-12-21T13:12:00Z,0
2024-12-21T13:48:00Z,0.44186857
2024-12-21T14:24:00Z,0.25078428
2024-12-21T15:00:00Z,0.9840783
2024-12-21T15:36:00Z,0
2024-12-21T17:24:00Z,0.79686445
2024-12-21T18:00:00Z,0
2024-12-21T18:36:00Z,0.8997019
2024-12-21T19:12:00Z,0
2024-12-21T21:00:00Z,0.7677047
2024-12-21T21:36:00Z,0
2024-12-21T22:12:00Z,0.8874686
2024-12-21T22:48:00Z,0
2024-12-22T00:00:00Z,0.629584
2024-12-22T00:36:00Z,0.20548104
2024-12-22T01:12:00Z,0.37643817
2024-12-22T01:48:00Z,0.001701931
2024-12-22T02:24:00Z,0.6847431
2024-12-22T03:00:00Z,0.0069651734
2024-12-22T03:36:00Z,0.64501154
2024-12-22T04:48:00Z,0.18177877
2024-12-22T05:24:00Z,0.8845037
2024-12-22T06:00:00Z,0
2024-12-22T06:36:00Z,0.21126974
2024-12-22T07:12:00Z,0.9629895
2024-12-22T07:48:00Z,0
2024-12-22T08:24:00Z,0.98158646
2024-12-22T09:00:00Z,0
2024-12-22T10:12:00Z,0.83664185
2024-12-22T10:48:00Z,0
2024-12-22T12:00:00Z,0.40581024
2024-12-22T13:48:00Z,0.28813332
2024-12-22T15:00:00Z,0.7145062
2024-12-22T15:36:00Z,0.71738195
2024-12-22T16:12:00Z,0.053536687
2024-12-22T16:48:00Z,0.356786
2024-12-22T18:00:00Z,0.13537487
2024-12-22T18:36:00Z,0.95880216
2024-12-22T19:12:00Z,0
2024-12-22T20:24:00Z,0.8104966
2024-12-22T21:00:00Z,0
2024-12-22T21:36:00Z,0.999829
2024-12-22T22:12:00Z,0
2024-12-22T22:48:00Z,0.4678012
2024-12-23T00:00:00Z,0.2841332
2024-12-23T01:12:00Z,0.5457685
2024-12-23T02:24:00Z,0.17694324
2024-12-23T03:36:00Z,0.90451765
2024-12-23T04:12:00Z,0
2024-12-23T04:48:00Z,0.93514985
2024-12-23T05:24:00Z,0
2024-12-23T06:36:00Z,0.17162146
2024-12-23T07:12:00Z,0.9008805
2024-12-23T07:48:00Z,0
2024-12-23T09:00:00Z,0.74337953
2024-12-23T09:36:00Z,0.17754623
2024-12-23T10:48:00Z,0.4704313
2024-12-23T11:24:00Z,0.14746116
2024-12-23T12:00:00Z,0.9138193
2024-12-23T12:36:00Z,0
2024-12-23T13:12:00Z,0.0016304934
2024-12-23T13:48:00Z,0.56523114
2024-12-23T14:24:00Z,0.31631094
2024-12-23T15:00:00Z,0.71102077
2024-12-23T15:36:00Z,0.28404325
2024-12-23T18:36:00Z,0.5294293
2024-12-23T19:12:00Z,0.3087616
2024-12-23T19:48:00Z,0.839021
2024-12-23T20:24:00Z,0
2024-12-23T21:00:00Z,0.5744829
2024-12-23T21:36:00Z,0.35336146
2024-12-23T22:12:00Z,0.6000323
2024-12-23T22:48:00Z,0.22882986
2024-12-23T23:24:00Z,0.8503397
2024-12-24T00:00:00Z,0
2024-12-24T00:36:00Z,0.79149616
2024-12-24T01:12:00Z,0
2024-12-24T01:48:00Z,0.91815585
2024-12-24T02:24:00Z,0
2024-12-24T03:00:00Z,0.75743836
2024-12-24T03:36:00Z,0
2024-12-24T05:24:00Z,0.99573386
2024-12-24T06:00:00Z,0
2024-12-24T07:12:00Z,0.57403797
2024-12-24T07:48:00Z,0.9947111
2024-12-24T08:24:00Z,0
2024-12-24T09:00:00Z,0.82949066
2024-12-24T09:36:00Z,0
2024-12-24T10:12:00Z,0.45459327
2024-12-24T11:24:00Z,0.07735406
2024-12-24T12:00:00Z,0.94436896
2024-12-24T12:36:00Z,0
2024-12-24T13:12:00Z,0.20953624
2024-12-24T13:48:00Z,0.97910255
2024-12-24T14:24:00Z,0
2024-12-24T15:00:00Z,0.6746237
2024-12-24T16:48:00Z,0.60201627
2024-12-24T17:24:00Z,0.02340125
2024-12-24T18:00:00Z,0.9831592
2024-12-24T18:36:00Z,0
2024-12-24T19:12:00Z,0.5983442
2024-12-24T19:48:00Z,0.5023452
2024-12-24T20:24:00Z,0.9008797
2024-12-24T21:00:00Z,0
2024-12-24T21:36:00Z,0.89223975
2024-12-24T22:12:00Z,0
2024-12-25T01:12:00Z,0.66749215
2024-12-25T01:48:00Z,0.73230374
2024-12-25T03:00:00Z,0.0054440093
2024-12-25T04:48:00Z,0.97019595
2024-12-25T05:24:00Z,0
2024-12-25T06:00:00Z,0.5943775
2024-12-25T06:36:00Z,0.19772218
2024-12-25T07:12:00Z,0.23269384
2024-12-25T07:48:00Z,0.8198903
2024-12-25T08:24:00Z,0
2024-12-25T09:00:00Z,0.5141581
2024-12-25T10:12:00Z,0.56051606
2024-12-25T10:48:00Z,0.092287414
2024-12-25T11:24:00Z,0.8839317
2024-12-25T12:00:00Z,0
2024-12-25T12:36:00Z,0.7507027
2024-12-25T13:12:00Z,0
2024-12-25T13:48:00Z,0.7914654
2024-12-25T14:24:00Z,0
2024-12-25T15:36:00Z,0.035258807
2024-12-25T16:12:00Z,0.96366566
2024-12-25T16:48:00Z,0
2024-12-25T17:24:00Z,0.67901856
2024-12-25T18:36:00Z,0.23161621
2024-12-25T19:48:00Z,0.39649448
2024-12-25T20:24:00Z,0.94514316
2024-12-25T21:00:00Z,0
2024-12-25T21:36:00Z,0.8139813
2024-12-25T22:12:00Z,0
2024-12-26T00:00:00Z,0.94075435
2024-12-26T00:36:00Z,0
2024-12-26T01:12:00Z,0.83731586
2024-12-26T01:48:00Z,0
2024-12-26T02:24:00Z,0.55186754
2024-12-26T04:12:00Z,0.94500184
2024-12-26T04:48:00Z,0
2024-12-26T05:24:00Z,0.95670044
2024-12-26T06:00:00Z,0
2024-12-26T06:36:00Z,0.36419928
2024-12-26T08:24:00Z,0.16801843
2024-12-26T09:00:00Z,0.8614831
2024-12-26T09:36:00Z,0
2024-12-26T10:48:00Z,0.69015735
2024-12-26T13:12:00Z,0.11998019
2024-12-26T13:48:00Z,0.9869887
2024-12-26T14:24:00Z,0
2024-12-26T15:00:00Z,0.80062294
2024-12-26T15:36:00Z,0
2024-12-26T16:48:00Z,0.87379307
2024-12-26T17:24:00Z,0
2024-12-26T18:00:00Z,0.73234403
2024-12-26T18:36:00Z,0.8406044
2024-12-26T19:12:00Z,0
2024-12-26T19:48:00Z,0.47282815
2024-12-26T21:00:00Z,0.17900477
2024-12-26T22:12:00Z,0.8692908
2024-12-26T22:48:00Z,0
2024-12-27T00:00:00Z,0.7084083
2024-12-27T00:36:00Z,0.0034952695
2024-12-27T01:12:00Z,0.9640101
2024-12-27T01:48:00Z,0
2024-12-27T02:24:00Z,0.73964626
2024-12-27T03:00:00Z,0.78291106
2024-12-27T03:36:00Z,0
2024-12-27T04:12:00Z,0.74595773
2024-12-27T04:48:00Z,0.111864455
2024-12-27T05:24:00Z,0.06502372
2024-12-27T06:00:00Z,0.8902784
2024-12-27T06:36:00Z,0
2024-12-27T07:12:00Z,0.007840203
2024-12-27T07:48:00Z,0.8145622
2024-12-27T08:24:00Z,0
2024-12-27T09:00:00Z,0.48626587
2024-12-27T09:36:00Z,0.19561853
2024-12-27T10:12:00Z,0.53156763
2024-12-27T10:48:00Z,0.33860362
2024-12-27T11:24:00Z,0.8638476
2024-12-27T12:00:00Z,0
2024-12-27T12:36:00Z,0.018334266
2024-12-27T13:12:00Z,0.55891156
2024-12-27T15:00:00Z,0.76882696
2024-12-27T15:36:00Z,0
2024-12-27T16:12:00Z,0.49899584
2024-12-27T19:12:00Z,0.507434
2024-12-27T19:48:00Z,0.8102421
2024-12-27T20:24:00Z,0
2024-12-27T21:00:00Z,0.52060527
2024-12-27T21:36:00Z,0.47322145
2024-12-27T22:12:00Z,0.99182016
2024-12-27T22:48:00Z,0
2024-12-28T01:12:00Z,0.93257344
2024-12-28T01:48:00Z,0
2024-12-28T03:00:00Z,0.9345286
2024-12-28T03:36:00Z,0
2024-12-28T04:12:00Z,0.8743898
2024-12-28T04:48:00Z,0
2024-12-28T06:36:00Z,0.30884042
2024-12-28T07:48:00Z,0.23674488
2024-12-28T08:24:00Z,0.84924555
2024-12-28T09:00:00Z,0
2024-12-28T09:36:00Z,0.8594991
2024-12-28T10:12:00Z,0
2024-12-28T11:24:00Z,0.14225763
2024-12-28T13:12:00Z,0.9410761
2024-12-28T13:48:00Z,0
2024-12-28T14:24:00Z,0.64932376
2024-12-28T15:36:00Z,0.39467046
2024-12-28T16:12:00Z,0.9161743
2024-12-28T16:48:00Z,0
2024-12-28T18:00:00Z,0.83634984
2024-12-28T18:36:00Z,0
2024-12-28T19:12:00Z,0.7827492
2024-12-28T19:48:00Z,0
2024-12-28T20:24:00Z,0.073379636
2024-12-28T21:00:00Z,0.68174046
2024-12-28T21:36:00Z,0.19199169
2024-12-28T22:12:00Z,0.82628196
2024-12-28T22:48:00Z,0
2024-12-28T23:24:00Z,0.7529113
2024-12-29T00:00:00Z,0
2024-12-29T01:12:00Z,0.64098155
2024-12-29T02:24:00Z,0.02577263
2024-12-29T03:00:00Z,0.8151979
2024-12-29T03:36:00Z,0
2024-12-29T04:12:00Z,0.90455073
2024-12-29T04:48:00Z,0
2024-12-29T05:24:00Z,0.4853294
2024-12-29T07:12:00Z,0.23022757
2024-12-29T07:48:00Z,0.979053
2024-12-29T08:24:00Z,0
2024-12-29T09:00:00Z,0.7591796
2024-12-29T09:36:00Z,0
2024-12-29T10:12:00Z,0.7130454
2024-12-29T10:48:00Z,0.926337
2024-12-29T11:24:00Z,0
2024-12-29T12:00:00Z,0.66602576
2024-12-29T13:48:00Z,0.81541693
2024-12-29T14:24:00Z,0
2024-12-29T15:36:00Z,0.5675535
2024-12-29T16:48:00Z,0.18699071
2024-12-29T17:24:00Z,0.6733747
2024-12-29T19:12:00Z,0.26601782
2024-12-29T19:48:00Z,0.9312896
2024-12-29T20:24:00Z,0
2024-12-29T21:00:00Z,0.692208
2024-12-29T21:36:00Z,0.1856715
2024-12-29T23:24:00Z,0.57462007
2024-12-30T00:36:00Z,0.31134847
2024-12-30T01:12:00Z,0.92729414
2024-12-30T01:48:00Z,0
2024-12-30T02:24:00Z,0.14430661
2024-12-30T03:00:00Z,0.9521919
2024-12-30T03:36:00Z,0
2024-12-30T04:12:00Z,0.8077524
2024-12-30T04:48:00Z,0
2024-12-30T06:00:00Z,0.8353652
2024-12-30T06:36:00Z,0
2024-12-30T07:48:00Z,0.32673422
2024-12-30T08:24:00Z,0.15708457
2024-12-30T09:36:00Z,0.8876537
2024-12-30T10:12:00Z,0
2024-12-30T11:24:00Z,0.9749941
2024-12-30T12:00:00Z,0
2024-12-30T12:36:00Z,0.6938134
2024-12-30T13:12:00Z,0.19636145
2024-12-30T14:24:00Z,0.75610846
2024-12-30T15:00:00Z,0
2024-12-30T16:48:00Z,0.107503995
2024-12-30T17:24:00Z,0.8677202
2024-12-30T18:00:00Z,0
2024-12-30T18:36:00Z,0.5726275
2024-12-30T19:12:00Z,0.09160264
2024-12-30T19:48:00Z,0.21755989
2024-12-30T20:24:00Z,0.7725078
2024-12-30T21:00:00Z,0
2024-12-30T21:36:00Z,0.6871508
2024-12-30T22:48:00Z,0.36393142
2024-12-30T23:24:00Z,0.81235605
2024-12-31T00:00:00Z,0
2024-12-31T00:36:00Z,0.84082115
2024-12-31T01:12:00Z,0
2024-12-31T01:48:00Z,0.34465098
2024-12-31T02:24:00Z,0.0802029
2024-12-31T03:00:00Z,0.7936683
2024-12-31T03:36:00Z,0
2024-12-31T04:12:00Z,0.4020132
2024-12-31T04:48:00Z,0.06903818
2024-12-31T05:24:00Z,0.8287456
2024-12-31T06:00:00Z,0
2024-12-31T06:36:00Z,0.9349849
2024-12-31T07:12:00Z,0
2024-12-31T07:48:00Z,0.7478035
2024-12-31T08:24:00Z,0.2419223
2024-12-31T09:00:00Z,0.8339802
2024-12-31T09:36:00Z,0
2024-12-31T10:12:00Z,0.73663545
2024-12-31T12:00:00Z,0.1688846
2024-12-31T13:12:00Z,0.6761026
2024-12-31T13:48:00Z,0.26586607
2024-12-31T15:00:00Z,0.7669653
2024-12-31T15:36:00Z,0
2024-12-31T16:12:00Z,0.6191617
2024-12-31T16:48:00Z,0.8105023
2024-12-31T17:24:00Z,0
2024-12-31T19:12:00Z,0.5282214
2024-12-31T20:24:00Z,0.13746381
2024-12-31T22:48:00Z,0.2750315
2024-12-31T23:24:00Z,0.1463659
2025-01-01T00:00:00Z,0.5470966
2025-01-01T00:36:00Z,0.35383576
2025-01-01T01:12:00Z,0.9440078
2025-01-01T01:48:00Z,0
2025-01-01T03:00:00Z,0.89733744
2025-01-01T03:36:00Z,0
2025-01-01T06:36:00Z,0.5100985
2025-01-01T07:12:00Z,0.29160893
2025-01-01T07:48:00Z,0.685168
2025-01-01T08:24:00Z,0.17788246
2025-01-01T09:00:00Z,0.6607982
2025-01-01T10:12:00Z,0.053525675
2025-01-01T10:48:00Z,0.61297804
2025-01-01T11:24:00Z,0.18518953
2025-01-01T12:00:00Z,0.22011156
2025-01-01T12:36:00Z,0.97038215
2025-01-01T13:12:00Z,0
2025-01-01T13:48:00Z,0.48752445
2025-01-01T14:24:00Z,0.3475632
2025-01-01T15:00:00Z,0.6163656
2025-01-01T15:36:00Z,0.0028570485
2025-01-01T16:12:00Z,0.7998467
2025-01-01T16:48:00Z,0
2025-01-01T17:24:00Z,0.9315941
2025-01-01T18:00:00Z,0
2025-01-01T19:12:00Z,0.8558796
2025-01-01T19:48:00Z,0
2025-01-01T20:24:00Z,0.74129695
2025-01-01T21:00:00Z,0.35652447
2025-01-01T21:36:00Z,0.61747247
2025-01-01T22:12:00Z,0.29208252
2025-01-01T23:24:00Z,0.68562037
2025-01-02T00:00:00Z,0.5165457
2025-01-02T00:36:00Z,0.8341007
2025-01-02T01:12:00Z,0
2025-01-02T02:24:00Z,0.6643575
2025-01-02T03:36:00Z,0.8666161
2025-01-02T04:12:00Z,0
2025-01-02T04:48:00Z,0.9667128
2025-01-02T05:24:00Z,0
2025-01-02T06:00:00Z,0.9422658
2025-01-02T06:36:00Z,0
2025-01-02T07:12:00Z,0.90047175
2025-01-02T07:48:00Z,0
2025-01-02T08:24:00Z,0.8264912
2025-01-02T09:00:00Z,0
2025-01-02T09:36:00Z,0.76389337
2025-01-02T10:12:00Z,0
2025-01-02T10:48:00Z,0.6914753
2025-01-02T11:24:00Z,0.86830556
2025-01-02T12:00:00Z,0
2025-01-02T12:36:00Z,0.8654889
2025-01-02T13:12:00Z,0
2025-01-02T13:48:00Z,0.22869469
2025-01-02T14:24:00Z,0.945989
2025-01-02T15:00:00Z,0
2025-01-02T15:36:00Z,0.9411289
2025-01-02T16:12:00Z,0
2025-01-02T18:00:00Z,0.82917154
2025-01-02T18:36:00Z,0
2025-01-02T19:12:00Z,0.6765257
2025-01-02T19:48:00Z,0.4204999
2025-01-02T21:00:00Z,0.8781286
2025-01-02T21:36:00Z,0
2025-01-02T22:12:00Z,0.74703753
2025-01-02T22:48:00Z,0.8915019
2025-01-02T23:24:00Z,0
2025-01-03T01:12:00Z,0.7930181
2025-01-03T01:48:00Z,0
2025-01-03T02:24:00Z,0.96479905
2025-01-03T03:00:00Z,0
2025-01-03T03:36:00Z,0.49162555
2025-01-03T04:12:00Z,0.38532668
2025-01-03T04:48:00Z,0.83023363
2025-01-03T05:24:00Z,0
2025-01-03T06:36:00Z,0.8284142
2025-01-03T07:12:00Z,0
2025-01-03T07:48:00Z,0.5376337
2025-01-03T08:24:00Z,0.4458431
2025-01-03T09:00:00Z,0.83093697
2025-01-03T09:36:00Z,0
2025-01-03T10:12:00Z,0.60390025
2025-01-03T11:24:00Z,0.48882234
2025-01-03T12:00:00Z,0.9150156
2025-01-03T12:36:00Z,0
2025-01-03T13:12:00Z,0.789186
2025-01-03T13:48:00Z,0
2025-01-03T15:00:00Z,0.8724397
2025-01-03T15:36:00Z,0
2025-01-03T16:12:00Z,0.32416856
2025-01-03T17:24:00Z,0.22097889
2025-01-03T18:00:00Z,0.7423423
2025-01-03T18:36:00Z,0.59472364
2025-01-03T19:12:00Z,0.011240709
2025-01-03T19:48:00Z,0.88540715
2025-01-03T20:24:00Z,0
2025-01-03T21:00:00Z,0.8516146
2025-01-03T21:36:00Z,0
2025-01-03T23:24:00Z,0.21979485
2025-01-04T00:00:00Z,0.846819
2025-01-04T00:36:00Z,0
2025-01-04T01:12:00Z,0.98104817
2025-01-04T01:48:00Z,0
2025-01-04T02:24:00Z,0.66041887
2025-01-04T03:00:00Z,0.19971299
2025-01-04T04:12:00Z,0.34513882
2025-01-04T04:48:00Z,0.76886094
2025-01-04T05:24:00Z,0
2025-01-04T06:00:00Z,0.7441559
2025-01-04T06:36:00Z,0.47080055
2025-01-04T07:12:00Z,0.84257865
2025-01-04T07:48:00Z,0
2025-01-04T08:24:00Z,0.7171423
2025-01-04T09:00:00Z,0.24869478
2025-01-04T09:36:00Z,0.47781423
2025-01-04T10:12:00Z,0.23772225
2025-01-04T10:48:00Z,0.62440854
2025-01-04T12:36:00Z,0.45079207
2025-01-04T13:12:00Z,0.9953547
2025-01-04T13:48:00Z,0
2025-01-04T14:24:00Z,0.031341784
2025-01-04T15:00:00Z,0.9415414
2025-01-04T15:36:00Z,0
2025-01-04T16:12:00Z,0.6259167
2025-01-04T16:48:00Z,0.7705191
2025-01-04T17:24:00Z,0
2025-01-04T18:00:00Z,0.86324835
2025-01-04T18:36:00Z,0
2025-01-04T19:12:00Z,0.999671
2025-01-04T19:48:00Z,0
2025-01-04T20:24:00Z,0.6346592
2025-01-04T21:00:00Z,0.6772991
2025-01-04T21:36:00Z,0.06757586
2025-01-04T22:48:00Z,0.5080255
2025-01-04T23:24:00Z,0.2044661
2025-01-05T00:36:00Z,0.44910973
2025-01-05T01:12:00Z,0.24335915
2025-01-05T01:48:00Z,0.59489715
2025-01-05T03:36:00Z,0.0054188496
2025-01-05T04:12:00Z,0.70877063
2025-01-05T05:24:00Z,0.010606822
2025-01-05T06:00:00Z,0.5792951
2025-01-05T06:36:00Z,0.74569714
2025-01-05T07:12:00Z,0.26195058
2025-01-05T09:00:00Z,0.08053102
2025-01-05T09:36:00Z,0.5543391
2025-01-05T10:48:00Z,0.49709186
2025-01-05T11:24:00Z,0.78705525
2025-01-05T12:00:00Z,0
2025-01-05T12:36:00Z,0.030273903
2025-01-05T13:12:00Z,0.59165204
2025-01-05T15:00:00Z,0.18331146
2025-01-05T16:48:00Z,0.21740313
2025-01-05T18:36:00Z,0.7499144
2025-01-05T20:24:00Z,0.38797674
2025-01-05T21:00:00Z,0.7232432
2025-01-05T22:12:00Z,0.12513389
2025-01-05T22:48:00Z,0.846599
2025-01-05T23:24:00Z,0
2025-01-06T00:00:00Z,0.51646715
2025-01-06T00:36:00Z,0.0047615496
2025-01-06T01:12:00Z,0.8612471
2025-01-06T01:48:00Z,0
2025-01-06T02:24:00Z,0.95716125
2025-01-06T03:00:00Z,0
2025-01-06T04:12:00Z,0.15966444
2025-01-06T05:24:00Z,0.44056752
2025-01-06T06:00:00Z,0.90207577
2025-01-06T06:36:00Z,0
2025-01-06T07:12:00Z,0.8085131
2025-01-06T07:48:00Z,0
2025-01-06T08:24:00Z,0.81521136
2025-01-06T09:00:00Z,0
2025-01-06T09:36:00Z,0.1366499
2025-01-06T10:12:00Z,0.81046146
2025-01-06T10:48:00Z,0
2025-01-06T11:24:00Z,0.5885168
2025-01-06T12:00:00Z,0.43571174
2025-01-06T12:36:00Z,0.9334361
2025-01-06T13:12:00Z,0
2025-01-06T14:24:00Z,0.8789159
2025-01-06T15:00:00Z,0
2025-01-06T15:36:00Z,0.61615264
2025-01-06T16:12:00Z,0.3619464
2025-01-06T17:24:00Z,0.8334381
2025-01-06T18:00:00Z,0
2025-01-06T18:36:00Z,0.7767283
2025-01-06T19:12:00Z,0
2025-01-06T19:48:00Z,0.9542292
2025-01-06T20:24:00Z,0
2025-01-06T21:00:00Z,0.73760164
2025-01-06T21:36:00Z,0.9360727
2025-01-06T22:12:00Z,0
2025-01-06T23:24:00Z,0.7254855
2025-01-07T00:00:00Z,0.011412145
2025-01-07T00:36:00Z,0.66942245
2025-01-07T01:48:00Z,0.28837904
2025-01-07T02:24:00Z,0.53283364
2025-01-07T03:00:00Z,0.030324433
2025-01-07T04:12:00Z,0.0053753667
2025-01-07T04:48:00Z,0.70508254
2025-01-07T05:24:00Z,0.8768828
2025-01-07T06:00:00Z,0
2025-01-07T06:36:00Z,0.7514989
2025-01-07T07:12:00Z,0
2025-01-07T07:48:00Z,0.8750801
2025-01-07T08:24:00Z,0
2025-01-07T09:00:00Z,0.93346673
2025-01-07T09:36:00Z,0
2025-01-07T12:00:00Z,0.74577624
2025-01-07T12:36:00Z,0.027995693
2025-01-07T13:12:00Z,0.91916406
2025-01-07T13:48:00Z,0
2025-01-07T15:00:00Z,0.7335808
2025-01-07T16:12:00Z,0.7593191
2025-01-07T16:48:00Z,0
2025-01-07T17:24:00Z,0.9761085
2025-01-07T18:00:00Z,0
2025-01-07T19:12:00Z,0.4407058
2025-01-07T19:48:00Z,0.81456643
2025-01-07T20:24:00Z,0
2025-01-07T21:00:00Z,0.7703795
2025-01-07T21:36:00Z,0
2025-01-07T22:48:00Z,0.14445408
2025-01-07T23:24:00Z,0.63715386
2025-01-08T00:00:00Z,0.3247162
2025-01-08T00:36:00Z,0.8797927
2025-01-08T01:12:00Z,0
2025-01-08T02:24:00Z,0.58004045
2025-01-08T03:00:00Z,0.32085457
2025-01-08T03:36:00Z,0.6984724
2025-01-08T04:12:00Z,0.12163671
2025-01-08T04:48:00Z,0.8485463
2025-01-08T05:24:00Z,0
2025-01-08T06:00:00Z,0.7549637
2025-01-08T06:36:00Z,0
2025-01-08T07:12:00Z,0.45752713
2025-01-08T07:48:00Z,0.2643647
2025-01-08T09:36:00Z,0.51155925
2025-01-08T10:12:00Z,0.8820237
2025-01-08T10:48:00Z,0
2025-01-08T11:24:00Z,0.27053863
2025-01-08T12:00:00Z,0.9974495
2025-01-08T12:36:00Z,0
2025-01-08T13:12:00Z,0.81741637
2025-01-08T13:48:00Z,0
2025-01-08T14:24:00Z,0.7943611
2025-01-08T15:00:00Z,0
2025-01-08T15:36:00Z,0.22104189
2025-01-08T16:12:00Z,0.9183339
2025-01-08T16:48:00Z,0
2025-01-08T17:24:00Z,0.3663224
2025-01-08T18:00:00Z,0.2825356
2025-01-08T18:36:00Z,0.88075143
2025-01-08T19:12:00Z,0
2025-01-08T20:24:00Z,0.2588692
2025-01-08T21:00:00Z,0.95451784
2025-01-08T21:36:00Z,0
2025-01-08T22:12:00Z,0.085278146
2025-01-08T22:48:00Z,0.9883275
2025-01-08T23:24:00Z,0
2025-01-09T00:00:00Z,0.6648153
2025-01-09T00:36:00Z,0.15977436
2025-01-09T01:48:00Z,0.8304546
2025-01-09T02:24:00Z,0
2025-01-09T03:00:00Z,0.798891
2025-01-09T03:36:00Z,0
2025-01-09T04:12:00Z,0.07202738
2025-01-09T04:48:00Z,0.8063434
2025-01-09T05:24:00Z,0
2025-01-09T06:00:00Z,0.940428
2025-01-09T06:36:00Z,0
2025-01-09T07:12:00Z,0.8823151
2025-01-09T07:48:00Z,0
2025-01-09T09:36:00Z,0.8154769
2025-01-09T10:12:00Z,0
2025-01-09T10:48:00Z,0.10469012
2025-01-09T11:24:00Z,0.62100506
2025-01-09T12:36:00Z,0.517112
2025-01-09T13:12:00Z,0.14521764
2025-01-09T13:48:00Z,0.7362121
2025-01-09T14:24:00Z,0.8783471
2025-01-09T15:00:00Z,0
2025-01-09T15:36:00Z,0.972462
2025-01-09T16:12:00Z,0
2025-01-09T16:48:00Z,0.54109895
2025-01-09T17:24:00Z,0.21189913
2025-01-09T18:36:00Z,0.8875941
2025-01-09T19:12:00Z,0
2025-01-09T19:48:00Z,0.78875923
2025-01-09T20:24:00Z,0
2025-01-09T21:00:00Z,0.9918407
2025-01-09T21:36:00Z,0
2025-01-09T22:48:00Z,0.68044776
2025-01-10T00:36:00Z,0.4642285
2025-01-10T01:12:00Z,0.074016854
2025-01-10T03:00:00Z,0.17687291
2025-01-10T03:36:00Z,0.7997662
2025-01-10T04:12:00Z,0
2025-01-10T05:24:00Z,0.10279607
2025-01-10T06:00:00Z,0.64574
2025-01-10T08:24:00Z,0.23571748
2025-01-10T09:00:00Z,0.17364547
2025-01-10T09:36:00Z,0.59850854
2025-01-10T11:24:00Z,0.05053383
2025-01-10T12:36:00Z,0.74642485
2025-01-10T13:48:00Z,0.89844126
2025-01-10T14:24:00Z,0
2025-01-10T15:00:00Z,0.43994847
2025-01-10T16:12:00Z,0.22366138
2025-01-10T16:48:00Z,0.70621973
2025-01-10T17:24:00Z,0.7593761
2025-01-10T18:00:00Z,0
2025-01-10T19:12:00Z,0.59848887
2025-01-10T19:48:00Z,0.24534899
2025-01-10T21:36:00Z,0.87639254
2025-01-10T22:12:00Z,0
2025-01-10T22:48:00Z,0.06035173
2025-01-10T23:24:00Z,0.896658
2025-01-11T00:00:00Z,0
2025-01-11T00:36:00Z,0.94059414
2025-01-11T01:12:00Z,0
2025-01-11T01:48:00Z,0.6628281
2025-01-11T02:24:00Z,0.9006103
2025-01-11T03:00:00Z,0
2025-01-11T04:48:00Z,0.748577
2025-01-11T06:36:00Z,0.17223997
2025-01-11T08:24:00Z,0.45571575
2025-01-11T09:00:00Z,0.90251094
2025-01-11T09:36:00Z,0
2025-01-11T10:12:00Z,0.8190457
2025-01-11T10:48:00Z,0
2025-01-11T11:24:00Z,0.37502185
2025-01-11T13:12:00Z,0.06919708
2025-01-11T13:48:00Z,0.8761231
2025-01-11T14:24:00Z,0
2025-01-11T15:36:00Z,0.76254666
2025-01-11T16:12:00Z,0
2025-01-11T16:48:00Z,0.7851866
2025-01-11T17:24:00Z,0
2025-01-11T18:36:00Z,0.60526633
2025-01-11T19:12:00Z,0.48055276
2025-01-11T19:48:00Z,0.843059
2025-01-11T20:24:00Z,0
2025-01-11T21:00:00Z,0.7694877
2025-01-11T21:36:00Z,0
2025-01-11T22:12:00Z,0.9611289
2025-01-11T22:48:00Z,0
2025-01-11T23:24:00Z,0.36087593
2025-01-12T00:00:00Z,0.04938679
2025-01-12T01:12:00Z,0.9402505
2025-01-12T01:48:00Z,0
2025-01-12T02:24:00Z,0.8299736
2025-01-12T03:00:00Z,0
2025-01-12T03:36:00Z,0.7171071
2025-01-12T04:48:00Z,0.03346918
2025-01-12T06:00:00Z,0.5787021
2025-01-12T06:36:00Z,0.33796608
2025-01-12T07:48:00Z,0.71585655
2025-01-12T08:24:00Z,0.43433505
2025-01-12T09:00:00Z,0.9707208
2025-01-12T09:36:00Z,0
2025-01-12T10:48:00Z,0.5935087
2025-01-12T12:00:00Z,0.012220806
2025-01-12T13:48:00Z,0.8417774
2025-01-12T14:24:00Z,0
2025-01-12T15:00:00Z,0.576562
2025-01-12T16:12:00Z,0.84220177
2025-01-12T16:48:00Z,0
2025-01-12T18:00:00Z,0.24904951
2025-01-12T18:36:00Z,0.10707025
2025-01-12T19:12:00Z,0.70829016
2025-01-12T19:48:00Z,0.59622294
2025-01-12T20:24:00Z,0.020774003
2025-01-12T21:36:00Z,0.7326928
2025-01-12T22:12:00Z,0.032256268
2025-01-12T23:24:00Z,0.6954012
2025-01-13T00:36:00Z,0.022289477
2025-01-13T01:48:00Z,0.6398198
2025-01-13T02:24:00Z,0.03296209
2025-01-13T03:00:00Z,0.8383217
2025-01-13T03:36:00Z,0
2025-01-13T05:24:00Z,0.75960535
2025-01-13T06:00:00Z,0
2025-01-13T06:36:00Z,0.38473085
2025-01-13T07:48:00Z,0.07081931
2025-01-13T08:24:00Z,0.5373888
2025-01-13T09:00:00Z,0.12741607
2025-01-13T09:36:00Z,0.5718768
2025-01-13T10:48:00Z,0.032990664
2025-01-13T12:00:00Z,0.68944055
2025-01-13T12:36:00Z,0.0266755
2025-01-13T13:12:00Z,0.70554507
2025-01-13T13:48:00Z,0.24306366
2025-01-13T14:24:00Z,0.9893181
2025-01-13T15:00:00Z,0
2025-01-13T15:36:00Z,0.033939984
2025-01-13T16:12:00Z,0.55558014
2025-01-13T17:24:00Z,0.40926278
2025-01-13T18:36:00Z,0.72496057
2025-01-13T19:12:00Z,0.6050699
2025-01-13T19:48:00Z,0.06279389
2025-01-13T21:00:00Z,0.43324578
2025-01-13T21:36:00Z,0.1641002
2025-01-13T22:48:00Z,0.92471534
2025-01-13T23:24:00Z,0
2025-01-14T01:12:00Z,0.517521
2025-01-14T02:24:00Z,0.8432249
2025-01-14T03:00:00Z,0
2025-01-14T04:12:00Z,0.28815106
2025-01-14T04:48:00Z,0.057519395
2025-01-14T06:36:00Z,0.97275233
2025-01-14T07:12:00Z,0
2025-01-14T08:24:00Z,0.8807367
2025-01-14T09:00:00Z,0
2025-01-14T09:36:00Z,0.7300625
2025-01-14T10:12:00Z,0.16165082
2025-01-14T11:24:00Z,0.5216467
2025-01-14T12:36:00Z,0.123177774
2025-01-14T13:12:00Z,0.6333754
2025-01-14T13:48:00Z,0.3863839
2025-01-14T14:24:00Z,0.895436
2025-01-14T15:00:00Z,0
2025-01-14T17:24:00Z,0.62736696
2025-01-14T18:00:00Z,0.2927249
2025-01-14T18:36:00Z,0.7027587
2025-01-14T19:12:00Z,0.14583464
2025-01-14T19:48:00Z,0.6527096
2025-01-14T20:24:00Z,0.6846435
2025-01-14T21:00:00Z,0.057474025
2025-01-14T21:36:00Z,0.04672917
2025-01-14T22:12:00Z,0.9348241
2025-01-14T22:48:00Z,0
2025-01-14T23:24:00Z,0.7359617
2025-01-15T00:00:00Z,0.41966212
2025-01-15T00:36:00Z,0.76734984
2025-01-15T01:12:00Z,0
2025-01-15T02:24:00Z,0.28373405
2025-01-15T03:00:00Z,0.825825
2025-01-15T03:36:00Z,0
2025-01-15T04:12:00Z,0.060321968
2025-01-15T04:48:00Z,0.7596675
2025-01-15T05:24:00Z,0
2025-01-15T06:36:00Z,0.74427027
2025-01-15T07:12:00Z,0.76786965
2025-01-15T07:48:00Z,0
2025-01-15T08:24:00Z,0.8015907
2025-01-15T09:00:00Z,0
2025-01-15T09:36:00Z,0.978004
2025-01-15T10:12:00Z,0
2025-01-15T10:48:00Z,0.6411472
2025-01-15T12:00:00Z,0.91528136
2025-01-15T12:36:00Z,0
2025-01-15T13:12:00Z,0.95759225
2025-01-15T13:48:00Z,0
2025-01-15T15:00:00Z,0.96482515
2025-01-15T15:36:00Z,0
2025-01-15T16:12:00Z,0.25794524
2025-01-15T16:48:00Z,0.9552167
2025-01-15T17:24:00Z,0
2025-01-15T18:36:00Z,0.8313663
2025-01-15T19:12:00Z,0
2025-01-15T19:48:00Z,0.89127386
2025-01-15T20:24:00Z,0
2025-01-15T21:00:00Z,0.7983117
2025-01-15T21:36:00Z,0
2025-01-16T00:00:00Z,0.19046658
2025-01-16T00:36:00Z,0.64991033
2025-01-16T01:48:00Z,0.42280433
2025-01-16T02:24:00Z,0.9395937
2025-01-16T03:00:00Z,0
2025-01-16T04:48:00Z,0.9005314
2025-01-16T05:24:00Z,0
2025-01-16T06:00:00Z,0.7033316
2025-01-16T07:12:00Z,0.3514256
2025-01-16T07:48:00Z,0.74780244
2025-01-16T10:12:00Z,0.08144113
2025-01-16T10:48:00Z,0.8155222
2025-01-16T11:24:00Z,0
2025-01-16T12:00:00Z,0.5220539
2025-01-16T14:24:00Z,0.13046445
2025-01-16T15:36:00Z,0.6870904
2025-01-16T16:12:00Z,0.53034467
2025-01-16T16:48:00Z,0.92091733
2025-01-16T17:24:00Z,0
2025-01-16T18:00:00Z,0.80454844
2025-01-16T18:36:00Z,0
2025-01-16T19:48:00Z,0.9733384
2025-01-16T20:24:00Z,0
2025-01-16T21:36:00Z,0.93821526
2025-01-16T22:12:00Z,0
2025-01-16T22:48:00Z,0.87517005
2025-01-16T23:24:00Z,0
2025-01-17T00:00:00Z,0.4964112
2025-01-17T02:24:00Z,0.4834345
2025-01-17T03:00:00Z,0.06255539
2025-01-17T04:12:00Z,0.95469016
2025-01-17T04:48:00Z,0
2025-01-17T05:24:00Z,0.44131395
2025-01-17T07:12:00Z,0.015826259
2025-01-17T07:48:00Z,0.7955615
2025-01-17T08:24:00Z,0
2025-01-17T09:00:00Z,0.7505781
2025-01-17T09:36:00Z,0
2025-01-17T11:24:00Z,0.87229717
2025-01-17T12:00:00Z,0
2025-01-17T12:36:00Z,0.075835116
2025-01-17T13:12:00Z,0.89204854
2025-01-17T13:48:00Z,0
2025-01-17T14:24:00Z,0.54234344
2025-01-17T15:36:00Z,0.05115796
2025-01-17T16:12:00Z,0.68439454
2025-01-17T16:48:00Z,0.02607043
2025-01-17T17:24:00Z,0.82114685
2025-01-17T18:00:00Z,0
2025-01-17T18:36:00Z,0.11275947
2025-01-17T19:48:00Z,0.9885396
2025-01-17T20:24:00Z,0
2025-01-17T21:00:00Z,0.3977336
2025-01-17T21:36:00Z,0.1138343
2025-01-17T22:12:00Z,0.7029983
2025-01-17T22:48:00Z,0.3935996
2025-01-18T01:12:00Z,0.689769
2025-01-18T01:48:00Z,0.33168018
2025-01-18T02:24:00Z,0.76713854
2025-01-18T03:00:00Z,0
2025-01-18T04:48:00Z,0.83667797
2025-01-18T05:24:00Z,0
2025-01-18T06:00:00Z,0.04464238
2025-01-18T06:36:00Z,0.9158598
2025-01-18T07:12:00Z,0
2025-01-18T07:48:00Z,0.046183653
2025-01-18T08:24:00Z,0.7000095
2025-01-18T09:00:00Z,0.85013974
2025-01-18T09:36:00Z,0
2025-01-18T10:12:00Z,0.033829894
2025-01-18T10:48:00Z,0.8401516
2025-01-18T11:24:00Z,0
2025-01-18T12:00:00Z,0.5989826
2025-01-18T13:12:00Z,0.25338212
2025-01-18T13:48:00Z,0.89046544
2025-01-18T14:24:00Z,0
2025-01-18T15:00:00Z,0.9843459
2025-01-18T15:36:00Z,0
2025-01-18T16:12:00Z,0.6891683
2025-01-18T18:36:00Z,0.011660657
2025-01-18T19:48:00Z,0.6802936
2025-01-18T20:24:00Z,0.15077356
2025-01-18T21:00:00Z,0.81500155
2025-01-18T21:36:00Z,0
2025-01-18T22:12:00Z,0.69957894
2025-01-18T22:48:00Z,0.98978174
2025-01-18T23:24:00Z,0
2025-01-19T00:00:00Z,0.6894129
2025-01-19T00:36:00Z,0.7392661
2025-01-19T01:48:00Z,0.24455269
2025-01-19T02:24:00Z,0.9188157
2025-01-19T03:00:00Z,0
2025-01-19T03:36:00Z,0.48484847
2025-01-19T04:48:00Z,0.08275105
2025-01-19T05:24:00Z,0.8520907
2025-01-19T06:00:00Z,0
2025-01-19T06:36:00Z,0.7643064
2025-01-19T07:12:00Z,0
2025-01-19T08:24:00Z,0.8325235
2025-01-19T09:00:00Z,0
2025-01-19T09:36:00Z,0.7121347
2025-01-19T10:12:00Z,0.96181303
2025-01-19T10:48:00Z,0
2025-01-19T12:00:00Z,0.1353444
2025-01-19T13:12:00Z,0.06156443
2025-01-19T14:24:00Z,0.59170926
2025-01-19T15:36:00Z,0.52309227
2025-01-19T16:12:00Z,0.8897103
2025-01-19T16:48:00Z,0
2025-01-19T17:24:00Z,0.5587609
2025-01-19T18:00:00Z,0.49173152
2025-01-19T18:36:00Z,0.92599815
2025-01-19T19:12:00Z,0
2025-01-19T19:48:00Z,0.7626283
2025-01-19T20:24:00Z,0
2025-01-19T21:00:00Z,0.31248903
2025-01-19T21:36:00Z,0.03502286
2025-01-19T22:48:00Z,0.72956425
2025-01-19T23:24:00Z,0.13322063
2025-01-20T01:12:00Z,0.27618566
2025-01-20T02:24:00Z,0.94809645
2025-01-20T03:00:00Z,0
2025-01-20T03:36:00Z,0.31207225
2025-01-20T04:12:00Z,0.07817378
2025-01-20T05:24:00Z,0.5748745
2025-01-20T06:00:00Z,0.73485667
2025-01-20T06:36:00Z,0.46611232
2025-01-20T07:12:00Z,0.8194429
2025-01-20T07:48:00Z,0
2025-01-20T08:24:00Z,0.53721625
2025-01-20T09:00:00Z,0.1294493
2025-01-20T10:48:00Z,0.5759691
2025-01-20T12:00:00Z,0.0074191834
2025-01-20T12:36:00Z,0.8930096
2025-01-20T13:12:00Z,0
2025-01-20T14:24:00Z,0.58004856
2025-01-20T16:12:00Z,0.29248524
2025-01-20T16:48:00Z,0.92843336
2025-01-20T17:24:00Z,0
2025-01-20T18:00:00Z,0.700378
2025-01-20T18:36:00Z,0.19920743
2025-01-20T19:48:00Z,0.88864386
2025-01-20T20:24:00Z,0
2025-01-20T21:00:00Z,0.9847945
2025-01-20T21:36:00Z,0
2025-01-20T22:12:00Z,0.41936615
2025-01-20T22:48:00Z,0.08271017
2025-01-20T23:24:00Z,0.8294557
2025-01-21T00:00:00Z,0
2025-01-21T01:48:00Z,0.7023304
2025-01-21T03:36:00Z,0.16774689
2025-01-21T04:12:00Z,0.61660767
2025-01-21T05:24:00Z,0.51943606
2025-01-21T06:00:00Z,0.8737046
2025-01-21T06:36:00Z,0
2025-01-21T07:12:00Z,0.83173925
2025-01-21T07:48:00Z,0
2025-01-21T10:12:00Z,0.9024874
2025-01-21T10:48:00Z,0
2025-01-21T12:00:00Z,0.8498855
2025-01-21T12:36:00Z,0
2025-01-21T13:12:00Z,0.2891417
2025-01-21T15:00:00Z,0.0956622
2025-01-21T16:12:00Z,0.74665827
2025-01-21T16:48:00Z,0.41916177
2025-01-21T17:24:00Z,0.925161
2025-01-21T18:00:00Z,0
2025-01-21T18:36:00Z,0.03355772
2025-01-21T19:12:00Z,0.52967745
2025-01-21T19:48:00Z,0.12388445
2025-01-21T20:24:00Z,0.5241882
2025-01-21T22:12:00Z,0.54564655
2025-01-21T22:48:00Z,0.148674
2025-01-21T23:24:00Z,0.82762873
2025-01-22T00:00:00Z,0
2025-01-22T00:36:00Z,0.43382403
2025-01-22T01:12:00Z,0.13463737
2025-01-22T01:48:00Z,0.7335541
2025-01-22T02:24:00Z,0.8017118
2025-01-22T03:00:00Z,0
2025-01-22T04:12:00Z,0.5883945
2025-01-22T05:24:00Z,0.27460015
2025-01-22T06:36:00Z,0.76900643
2025-01-22T07:12:00Z,0
2025-01-22T07:48:00Z,0.76477116
2025-01-22T08:24:00Z,0
2025-01-22T09:36:00Z,0.7884873
2025-01-22T10:12:00Z,0
2025-01-22T11:24:00Z,0.07583467
2025-01-22T12:00:00Z,0.63810945
2025-01-22T12:36:00Z,0.318327
2025-01-22T13:12:00Z,0.9935489
2025-01-22T13:48:00Z,0
2025-01-22T14:24:00Z,0.68458027
2025-01-22T15:00:00Z,0.42123726
2025-01-22T15:36:00Z,0.93054587
2025-01-22T16:12:00Z,0
2025-01-22T16:48:00Z,0.5375341
2025-01-22T17:24:00Z,0.45761794
2025-01-22T18:00:00Z,0.9666294
2025-01-22T18:36:00Z,0
2025-01-22T19:12:00Z,0.84676075
2025-01-22T19:48:00Z,0
2025-01-22T21:00:00Z,0.82970667
2025-01-22T21:36:00Z,0
2025-01-22T22:12:00Z,0.62988156
2025-01-22T23:24:00Z,0.24346885
2025-01-23T00:00:00Z,0.808872
2025-01-23T00:36:00Z,0
2025-01-23T01:12:00Z,0.7300857
2025-01-23T01:48:00Z,0.64640766
2025-01-23T02:24:00Z,0.10546773
2025-01-23T03:00:00Z,0.042205732
2025-01-23T03:36:00Z,0.82422376
2025-01-23T04:12:00Z,0
2025-01-23T04:48:00Z,0.116929
2025-01-23T05:24:00Z,0.96568054
2025-01-23T06:00:00Z,0
2025-01-23T06:36:00Z,0.8155859
2025-01-23T07:12:00Z,0
2025-01-23T07:48:00Z,0.6586188
2025-01-23T08:24:00Z,0.7682281
2025-01-23T09:00:00Z,0
2025-01-23T09:36:00Z,0.07835264
2025-01-23T10:12:00Z,0.62828475
2025-01-23T10:48:00Z,0.11997946
2025-01-23T12:36:00Z,0.69974387
2025-01-23T13:12:00Z,0.15039739
2025-01-23T13:48:00Z,0.71315336
2025-01-23T15:36:00Z,0.95485795
2025-01-23T16:12:00Z,0
2025-01-23T16:48:00Z,0.66917974
2025-01-23T18:00:00Z,0.03127153
2025-01-23T18:36:00Z,0.89742994
2025-01-23T19:12:00Z,0
2025-01-23T19:48:00Z,0.5089377
2025-01-23T21:00:00Z,0.50099725
2025-01-23T21:36:00Z,0.08775479
2025-01-23T22:48:00Z,0.6880472
2025-01-23T23:24:00Z,0.39387283
2025-01-24T00:36:00Z,0.386067
2025-01-24T01:12:00Z,0.75774777
2025-01-24T01:48:00Z,0
2025-01-24T03:36:00Z,0.5645706
2025-01-24T04:12:00Z,0.9040651
2025-01-24T04:48:00Z,0
2025-01-24T05:24:00Z,0.095967256
2025-01-24T06:00:00Z,0.89528316
2025-01-24T06:36:00Z,0
2025-01-24T07:48:00Z,0.6461705
2025-01-24T09:36:00Z,0.17571926
2025-01-24T10:12:00Z,0.9703634
2025-01-24T10:48:00Z,0
2025-01-24T12:36:00Z,0.561227
2025-01-24T13:12:00Z,0.011649898
2025-01-24T13:48:00Z,0.557735
2025-01-24T14:24:00Z,0.15091884
2025-01-24T15:00:00Z,0.59692085
2025-01-24T16:12:00Z,0.4218044
2025-01-24T16:48:00Z,0.64312273
2025-01-24T17:24:00Z,0.094526134
2025-01-24T18:36:00Z,0.33894482
2025-01-24T19:12:00Z,0.76530427
2025-01-24T19:48:00Z,0
2025-01-24T20:24:00Z,0.99990237
2025-01-24T21:00:00Z,0
2025-01-24T22:12:00Z,0.7693194
2025-01-24T22:48:00Z,0
2025-01-24T23:24:00Z,0.3632992
2025-01-25T00:00:00Z,0.31243336
2025-01-25T00:36:00Z,0.75787944
2025-01-25T01:12:00Z,0
2025-01-25T02:24:00Z,0.23525746
2025-01-25T03:00:00Z,0.79212105
2025-01-25T03:36:00Z,0
2025-01-25T04:12:00Z,0.7352234
2025-01-25T04:48:00Z,0.010443765
2025-01-25T06:00:00Z,0.7495504
2025-01-25T06:36:00Z,0.4584772
2025-01-25T07:12:00Z,0.99408454
2025-01-25T07:48:00Z,0
2025-01-25T10:12:00Z,0.63031477
2025-01-25T10:48:00Z,0.24147773
2025-01-25T11:24:00Z,0.9387678
2025-01-25T12:00:00Z,0
2025-01-25T12:36:00Z,0.3887002
2025-01-25T13:12:00Z,0.3068606
2025-01-25T13:48:00Z,0.83505
2025-01-25T14:24:00Z,0
2025-01-25T15:00:00Z,0.40770286
2025-01-25T16:48:00Z,0.21153143
2025-01-25T17:24:00Z,0.65284276
2025-01-25T18:36:00Z,0.5598548
2025-01-25T19:12:00Z,0.97346395
2025-01-25T19:48:00Z,0
2025-01-25T20:24:00Z,0.7523221
2025-01-25T21:00:00Z,0
2025-01-25T21:36:00Z,0.95310956
2025-01-25T22:12:00Z,0
2025-01-25T22:48:00Z,0.94282365
2025-01-25T23:24:00Z,0
2025-01-26T00:00:00Z,0.5061746
2025-01-26T00:36:00Z,0.076036446
2025-01-26T01:12:00Z,0.6028454
2025-01-26T01:48:00Z,0.6697222
2025-01-26T02:24:00Z,0.13756597
2025-01-26T03:00:00Z,0.87621677
2025-01-26T03:36:00Z,0
2025-01-26T04:12:00Z,0.07479087
2025-01-26T04:48:00Z,0.80156213
2025-01-26T05:24:00Z,0
2025-01-26T06:36:00Z,0.475437
2025-01-26T07:12:00Z,0.2174455
2025-01-26T08:24:00Z,0.92039716
2025-01-26T09:00:00Z,0
2025-01-26T10:12:00Z,0.06737257
2025-01-26T11:24:00Z,0.90232116
2025-01-26T12:00:00Z,0
2025-01-26T13:12:00Z,0.5086997
2025-01-26T16:48:00Z,0.67390424
2025-01-26T17:24:00Z,0.077583574
2025-01-26T18:00:00Z,0.21429075
2025-01-26T18:36:00Z,0.8832163
2025-01-26T19:12:00Z,0
2025-01-26T20:24:00Z,0.77655184
2025-01-26T21:00:00Z,0
2025-01-26T21:36:00Z,0.9741051
2025-01-26T22:12:00Z,0
2025-01-26T22:48:00Z,0.8254899
2025-01-26T23:24:00Z,0
2025-01-27T01:48:00Z,0.9804097
2025-01-27T02:24:00Z,0
2025-01-27T03:00:00Z,0.71257615
2025-01-27T03:36:00Z,0.2440756
2025-01-27T04:48:00Z,0.5123571
2025-01-27T05:24:00Z,0.06561522
2025-01-27T06:00:00Z,0.393037
2025-01-27T06:36:00Z,0.2950021
2025-01-27T07:48:00Z,0.7470967
2025-01-27T08:24:00Z,0.1616875
2025-01-27T09:00:00Z,0.114660665
2025-01-27T09:36:00Z,0.55747837
2025-01-27T12:00:00Z,0.11354147
2025-01-27T12:36:00Z,0.683735
2025-01-27T13:48:00Z,0.8280234
2025-01-27T14:24:00Z,0
2025-01-27T15:00:00Z,0.7403212
2025-01-27T15:36:00Z,0.9411577
2025-01-27T16:12:00Z,0
2025-01-27T16:48:00Z,0.983293
2025-01-27T17:24:00Z,0
2025-01-27T18:36:00Z,0.0992955
2025-01-27T19:12:00Z,0.98900914
2025-01-27T19:48:00Z,0
2025-01-27T20:24:00Z,0.9964219
2025-01-27T21:00:00Z,0
2025-01-27T21:36:00Z,0.8392949
2025-01-27T22:12:00Z,0
2025-01-27T22:48:00Z,0.40749133
2025-01-28T00:00:00Z,0.5615005
2025-01-28T00:36:00Z,0.9082751
2025-01-28T01:12:00Z,0
2025-01-28T02:24:00Z,0.9950424
2025-01-28T03:00:00Z,0
2025-01-28T03:36:00Z,0.4339525
2025-01-28T04:12:00Z,0.28109074
2025-01-28T04:48:00Z,0.71089804
2025-01-28T06:00:00Z,0.10917148
2025-01-28T06:36:00Z,0.74318784
2025-01-28T07:48:00Z,0.6207228
2025-01-28T08:24:00Z,0.010153291
2025-01-28T09:00:00Z,0.43888277
2025-01-28T09:36:00Z,0.15826544
2025-01-28T10:48:00Z,0.5485874
2025-01-28T11:24:00Z,0.14381966
2025-01-28T12:00:00Z,0.34998083
2025-01-28T12:36:00Z,0.044902712
2025-01-28T13:12:00Z,0.77519816
2025-01-28T13:48:00Z,0
2025-01-28T14:24:00Z,0.18712403
2025-01-28T15:00:00Z,0.9175468
2025-01-28T15:36:00Z,0
2025-01-28T16:12:00Z,0.72743326
2025-01-28T16:48:00Z,0.0060509527
2025-01-28T17:24:00Z,0.5014431
2025-01-28T18:00:00Z,0.3995847
2025-01-28T18:36:00Z,0.79383355
2025-01-28T19:12:00Z,0
2025-01-28T19:48:00Z,0.8482369
2025-01-28T20:24:00Z,0
2025-01-28T21:00:00Z,0.69449204
2025-01-28T22:12:00Z,0.10485788
2025-01-28T22:48:00Z,0.896543
2025-01-28T23:24:00Z,0
2025-01-29T00:36:00Z,0.75382525
2025-01-29T01:12:00Z,0
2025-01-29T01:48:00Z,0.94309866
2025-01-29T02:24:00Z,0
2025-01-29T03:00:00Z,0.48232862
2025-01-29T04:12:00Z,0.06194765
2025-01-29T04:48:00Z,0.9371804
2025-01-29T05:24:00Z,0
2025-01-29T06:00:00Z,0.69171757
2025-01-29T06:36:00Z,0.32688773
2025-01-29T07:48:00Z,0.73564553
2025-01-29T08:24:00Z,0.34519085
2025-01-29T09:00:00Z,0.65810335
2025-01-29T09:36:00Z,0.0407158
2025-01-29T10:12:00Z,0.35801926
2025-01-29T10:48:00Z,0.16774346
2025-01-29T11:24:00Z,0.86623836
2025-01-29T12:00:00Z,0
2025-01-29T15:00:00Z,0.6253556
2025-01-29T15:36:00Z,0.2647089
2025-01-29T16:12:00Z,0.5656769
2025-01-29T16:48:00Z,0.084655516
2025-01-29T17:24:00Z,0.8257216
2025-01-29T18:00:00Z,0
2025-01-29T18:36:00Z,0.6033331
2025-01-29T19:12:00Z,0.0672106
2025-01-29T19:48:00Z,0.8402587
2025-01-29T20:24:00Z,0
2025-01-29T21:00:00Z,0.7504911
2025-01-29T21:36:00Z,0
2025-01-29T22:48:00Z,0.7930633
2025-01-29T23:24:00Z,0
2025-01-30T00:36:00Z,0.48962858
2025-01-30T01:12:00Z,0.09355015
2025-01-30T01:48:00Z,0.41104755
2025-01-30T02:24:00Z,0.1825048
2025-01-30T04:12:00Z,0.7402606
2025-01-30T04:48:00Z,0.6544826
2025-01-30T05:24:00Z,0.052376516
2025-01-30T06:00:00Z,0.87142897
2025-01-30T06:36:00Z,0
2025-01-30T07:12:00Z,0.46444297
2025-01-30T07:48:00Z,0.21055155
2025-01-30T08:24:00Z,0.70506144
2025-01-30T09:00:00Z,0.097227655
2025-01-30T09:36:00Z,0.70779616
2025-01-30T10:12:00Z,0.21118149
2025-01-30T11:24:00Z,0.47419396
2025-01-30T12:00:00Z,0.0017013173
2025-01-30T12:36:00Z,0.8534796
2025-01-30T13:12:00Z,0
2025-01-30T14:24:00Z,0.047258873
2025-01-30T16:48:00Z,0.8450881
2025-01-30T17:24:00Z,0
2025-01-30T18:00:00Z,0.006802481
2025-01-30T18:36:00Z,0.6434679
2025-01-30T19:48:00Z,0.0052543343
2025-01-30T21:00:00Z,0.7214408
2025-01-30T22:12:00Z,0.10053193
2025-01-30T23:24:00Z,0.32625845
2025-01-31T00:00:00Z,0.09686499
2025-01-31T00:36:00Z,0.97734374
2025-01-31T01:12:00Z,0
2025-01-31T01:48:00Z,0.4306277
2025-01-31T02:24:00Z,0.021912938
2025-01-31T03:00:00Z,0.64001596
2025-01-31T03:36:00Z,0.64705306
2025-01-31T04:12:00Z,0.19620071
2025-01-31T04:48:00Z,0.90116286
2025-01-31T05:24:00Z,0
2025-01-31T06:00:00Z,0.9798629
2025-01-31T06:36:00Z,0
2025-01-31T07:12:00Z,0.86087304
2025-01-31T07:48:00Z,0
2025-01-31T08:24:00Z,0.9604219
2025-01-31T09:00:00Z,0
2025-01-31T10:12:00Z,0.9617339
2025-01-31T10:48:00Z,0
2025-01-31T11:24:00Z,0.76460606
2025-01-31T12:00:00Z,0
2025-01-31T12:36:00Z,0.90796345
2025-01-31T13:12:00Z,0
2025-01-31T13:48:00Z,0.8081655
2025-01-31T14:24:00Z,0
2025-01-31T15:00:00Z,0.63767314
2025-01-31T16:12:00Z,0.23898333
2025-01-31T16:48:00Z,0.68427795
2025-01-31T17:24:00Z,0.50860405
2025-01-31T18:00:00Z,0.8325894
2025-01-31T18:36:00Z,0
2025-01-31T19:12:00Z,0.79206926
2025-01-31T19:48:00Z,0
2025-01-31T21:00:00Z,0.7798274
2025-01-31T21:36:00Z,0
2025-01-31T22:48:00Z,0.66429585
2025-01-31T23:24:00Z,0.4866418
2025-02-01T00:00:00Z,0.75151634
2025-02-01T00:36:00Z,0
2025-02-01T01:12:00Z,0.72907007
2025-02-01T01:48:00Z,0.4259185
2025-02-01T02:24:00Z,0.9866728
2025-02-01T03:00:00Z,0
2025-02-01T03:36:00Z,0.8019755
2025-02-01T04:12:00Z,0
2025-02-01T04:48:00Z,0.7566504
2025-02-01T05:24:00Z,0
2025-02-01T06:36:00Z,0.9965386
2025-02-01T07:12:00Z,0
2025-02-01T07:48:00Z,0.77901304
2025-02-01T08:24:00Z,0
2025-02-01T09:36:00Z,0.9962282
2025-02-01T10:12:00Z,0
2025-02-01T10:48:00Z,0.8699407
2025-02-01T11:24:00Z,0
2025-02-01T12:00:00Z,0.3798566
2025-02-01T12:36:00Z,0.16468233
2025-02-01T13:12:00Z,0.93257433
2025-02-01T13:48:00Z,0
2025-02-01T15:00:00Z,0.944754
2025-02-01T15:36:00Z,0
2025-02-01T16:12:00Z,0.86047167
2025-02-01T16:48:00Z,0
2025-02-01T17:24:00Z,0.771559
2025-02-01T18:00:00Z,0
2025-02-01T18:36:00Z,0.33264107
2025-02-01T19:12:00Z,0.0040243934
2025-02-01T19:48:00Z,0.9170059
2025-02-01T20:24:00Z,0
2025-02-01T21:00:00Z,0.075978905
2025-02-01T22:12:00Z,0.8507793
2025-02-01T22:48:00Z,0
2025-02-01T23:24:00Z,0.73484504
2025-02-02T00:36:00Z,0.23084424
2025-02-02T02:24:00Z,0.67073476
2025-02-02T03:36:00Z,0.27591124
2025-02-02T04:12:00Z,0.46419036
2025-02-02T04:48:00Z,0.13333973
2025-02-02T05:24:00Z,0.6249099
2025-02-02T06:00:00Z,0.7086277
2025-02-02T06:36:00Z,0.09191979
2025-02-02T08:24:00Z,0.9157288
2025-02-02T09:00:00Z,0
2025-02-02T10:12:00Z,0.60384715
2025-02-02T11:24:00Z,0.60267305
2025-02-02T12:00:00Z,0.82176095
2025-02-02T12:36:00Z,0
2025-02-02T13:48:00Z,0.97193676
2025-02-02T14:24:00Z,0
2025-02-02T15:00:00Z,0.8763982
2025-02-02T15:36:00Z,0
2025-02-02T16:48:00Z,0.8581502
2025-02-02T17:24:00Z,0
2025-02-02T18:36:00Z,0.80439633
2025-02-02T19:12:00Z,0
2025-02-02T19:48:00Z,0.61033595
2025-02-02T20:24:00Z,0.10572538
2025-02-02T21:36:00Z,0.549
2025-02-02T22:12:00Z,0.13556814
2025-02-02T23:24:00Z,0.56420755
2025-02-03T00:00:00Z,0.10639587
2025-02-03T01:12:00Z,0.079714954
2025-02-03T02:24:00Z,0.8764174
2025-02-03T03:00:00Z,0
2025-02-03T03:36:00Z,0.86462826
2025-02-03T04:12:00Z,0
2025-02-03T05:24:00Z,0.39564624
2025-02-03T06:00:00Z,0.9580786
2025-02-03T06:36:00Z,0
2025-02-03T07:12:00Z,0.83603424
2025-02-03T07:48:00Z,0
2025-02-03T09:36:00Z,0.9010004
2025-02-03T10:12:00Z,0
2025-02-03T10:48:00Z,0.8656672
2025-02-03T11:24:00Z,0
2025-02-03T12:36:00Z,0.28519887
2025-02-03T13:12:00Z,0.8658698
2025-02-03T13:48:00Z,0
2025-02-03T14:24:00Z,0.68515
2025-02-03T15:00:00Z,0.7810948
2025-02-03T15:36:00Z,0
2025-02-03T16:48:00Z,0.89723414
2025-02-03T17:24:00Z,0
2025-02-03T18:00:00Z,0.42102808
2025-02-03T18:36:00Z,0.39105916
2025-02-03T19:12:00Z,0.9552687
2025-02-03T19:48:00Z,0
2025-02-03T20:24:00Z,0.79898036
2025-02-03T21:00:00Z,0
2025-02-03T22:12:00Z,0.69958425
2025-02-03T22:48:00Z,0.7421286
2025-02-03T23:24:00Z,0.014216329
2025-02-04T00:00:00Z,0.80225223
2025-02-04T00:36:00Z,0
2025-02-04T01:12:00Z,0.69627774
2025-02-04T02:24:00Z,0.6482481
2025-02-04T03:00:00Z,0.26340905
2025-02-04T05:24:00Z,0.71784145
2025-02-04T06:36:00Z,0.061276436
2025-02-04T07:48:00Z,0.9812673
2025-02-04T08:24:00Z,0
2025-02-04T13:12:00Z,0.8279735
2025-02-04T13:48:00Z,0
2025-02-04T14:24:00Z,0.70719475
2025-02-04T16:12:00Z,0.82423466
2025-02-04T16:48:00Z,0
2025-02-04T17:24:00Z,0.8514473
2025-02-04T18:00:00Z,0
2025-02-04T19:12:00Z,0.52877194
2025-02-04T20:24:00Z,0.31944096
2025-02-04T21:00:00Z,0.64507246
2025-02-04T21:36:00Z,0.18810144
2025-02-04T22:12:00Z,0.90217113
2025-02-04T22:48:00Z,0
2025-02-05T00:36:00Z,0.2402869
2025-02-05T01:48:00Z,0.34774792
2025-02-05T02:24:00Z,0.7954008
2025-02-05T03:00:00Z,0
2025-02-05T03:36:00Z,0.8244784
2025-02-05T04:12:00Z,0
2025-02-05T04:48:00Z,0.7556468
2025-02-05T05:24:00Z,0
2025-02-05T06:00:00Z,0.7968541
2025-02-05T06:36:00Z,0
2025-02-05T07:48:00Z,0.23526317
2025-02-05T09:00:00Z,0.12199862
2025-02-05T10:12:00Z,0.5079749
2025-02-05T10:48:00Z,0.12741849
2025-02-05T11:24:00Z,0.7009228
2025-02-05T12:00:00Z,0.849795
2025-02-05T12:36:00Z,0
2025-02-05T13:12:00Z,0.4810982
2025-02-05T14:24:00Z,0.69801086
2025-02-05T15:00:00Z,0.06334755
2025-02-05T19:48:00Z,0.76905876
2025-02-05T20:24:00Z,0
2025-02-05T21:00:00Z,0.90207094
2025-02-05T21:36:00Z,0
2025-02-05T22:48:00Z,0.9880032
2025-02-05T23:24:00Z,0
2025-02-06T00:00:00Z,0.69855213
2025-02-06T01:12:00Z,0.5711971
2025-02-06T01:48:00Z,0.00806487
2025-02-06T02:24:00Z,0.78005683
2025-02-06T03:00:00Z,0
2025-02-06T04:12:00Z,0.02354549
2025-02-06T04:48:00Z,0.80222005
2025-02-06T05:24:00Z,0
2025-02-06T06:00:00Z,0.5789562
2025-02-06T08:24:00Z,0.8486062
2025-02-06T09:00:00Z,0
2025-02-06T10:12:00Z,0.8444345
2025-02-06T10:48:00Z,0
2025-02-06T11:24:00Z,0.6434471
2025-02-06T13:12:00Z,0.7327798
2025-02-06T13:48:00Z,0.040924285
2025-02-06T15:00:00Z,0.85106117
2025-02-06T15:36:00Z,0
2025-02-06T16:12:00Z,0.7092755
2025-02-06T16:48:00Z,0.41365206
2025-02-06T18:36:00Z,0.33414453
2025-02-06T19:12:00Z,0.5784217
2025-02-06T19:48:00Z,0.09291604
2025-02-06T20:24:00Z,0.75137067
2025-02-06T21:00:00Z,0
2025-02-06T22:12:00Z,0.79367477
2025-02-06T22:48:00Z,0
2025-02-07T00:00:00Z,0.6870347
2025-02-07T00:36:00Z,0.008348172
2025-02-07T01:12:00Z,0.039655197
2025-02-07T01:48:00Z,0.93898356
2025-02-07T02:24:00Z,0
2025-02-07T03:00:00Z,0.52588695
2025-02-07T04:12:00Z,0.2459635
2025-02-07T05:24:00Z,0.7837679
2025-02-07T06:00:00Z,0
2025-02-07T06:36:00Z,0.67872924
2025-02-07T07:12:00Z,0.014667521
2025-02-07T07:48:00Z,0.022226587
2025-02-07T08:24:00Z,0.8892837
2025-02-07T09:00:00Z,0
2025-02-07T12:00:00Z,0.64205754
2025-02-07T13:12:00Z,0.14378762
2025-02-07T15:00:00Z,0.19986612
2025-02-07T15:36:00Z,0.026961619
2025-02-07T16:12:00Z,0.8456312
2025-02-07T16:48:00Z,0
2025-02-07T17:24:00Z,0.71374553
2025-02-07T18:00:00Z,0.0588428
2025-02-07T18:36:00Z,0.8517518
2025-02-07T19:12:00Z,0
2025-02-07T20:24:00Z,0.64810187
2025-02-07T21:00:00Z,0.29291582
2025-02-07T22:12:00Z,0.7830229
2025-02-07T22:48:00Z,0
2025-02-07T23:24:00Z,0.24642535
2025-02-08T00:00:00Z,0.007870264
2025-02-08T00:36:00Z,0.6889755
2025-02-08T01:48:00Z,0.88674337
2025-02-08T02:24:00Z,0
2025-02-08T03:00:00Z,0.23889115
2025-02-08T03:36:00Z,0.908531
2025-02-08T04:12:00Z,0
2025-02-08T04:48:00Z,0.8316257
2025-02-08T05:24:00Z,0
2025-02-08T06:00:00Z,0.9530449
2025-02-08T06:36:00Z,0
2025-02-08T07:12:00Z,0.97588056
2025-02-08T07:48:00Z,0
2025-02-08T08:24:00Z,0.8046591
2025-02-08T09:00:00Z,0
2025-02-08T09:36:00Z,0.79692304
2025-02-08T10:12:00Z,0
2025-02-08T10:48:00Z,0.9673962
2025-02-08T11:24:00Z,0
2025-02-08T12:36:00Z,0.08964474
2025-02-08T13:12:00Z,0.6608693
2025-02-08T13:48:00Z,0.24603358
2025-02-08T14:24:00Z,0.46841615
2025-02-08T15:00:00Z,0.23780803
2025-02-08T16:12:00Z,0.8177659
2025-02-08T16:48:00Z,0
2025-02-08T17:24:00Z,0.759363
2025-02-08T18:00:00Z,0
2025-02-08T18:36:00Z,0.006206137
2025-02-08T19:12:00Z,0.8711493
2025-02-08T19:48:00Z,0
2025-02-08T20:24:00Z,0.5813814
2025-02-08T21:00:00Z,0.71891695
2025-02-08T22:12:00Z,0.17726183
2025-02-08T22:48:00Z,0.9949206
2025-02-08T23:24:00Z,0
2025-02-09T00:00:00Z,0.11087423
2025-02-09T00:36:00Z,0.8308783
2025-02-09T01:12:00Z,0
2025-02-09T03:36:00Z,0.4210889
2025-02-09T04:12:00Z,0.15643607
2025-02-09T07:12:00Z,0.6783938
2025-02-09T07:48:00Z,0.4169836
2025-02-09T09:36:00Z,0.76149297
2025-02-09T10:12:00Z,0
2025-02-09T10:48:00Z,0.7545435
2025-02-09T11:24:00Z,0
2025-02-09T12:36:00Z,0.85174084
2025-02-09T13:12:00Z,0
2025-02-09T13:48:00Z,0.39231128
2025-02-09T14:24:00Z,0.06373342
2025-02-09T15:36:00Z,0.13311023
2025-02-09T16:12:00Z,0.7164364
2025-02-09T17:24:00Z,0.6749148
2025-02-09T18:00:00Z,0.9557915
2025-02-09T18:36:00Z,0
2025-02-09T20:24:00Z,0.30785137
2025-02-09T21:00:00Z,0.820023
2025-02-09T21:36:00Z,0
2025-02-09T22:48:00Z,0.3794347
2025-02-09T23:24:00Z,0.1954532
2025-02-10T01:12:00Z,0.6932776
2025-02-10T01:48:00Z,0.79375803
2025-02-10T02:24:00Z,0
2025-02-10T03:00:00Z,0.76494974
2025-02-10T03:36:00Z,0
2025-02-10T04:12:00Z,0.6111066
2025-02-10T04:48:00Z,0.18543577
2025-02-10T06:00:00Z,0.85394925
2025-02-10T06:36:00Z,0
2025-02-10T07:48:00Z,0.6930125
2025-02-10T08:24:00Z,0.20915574
2025-02-10T10:48:00Z,0.8539097
2025-02-10T11:24:00Z,0
2025-02-10T12:00:00Z,0.24590622
2025-02-10T13:12:00Z,0.08647915
2025-02-10T13:48:00Z,0.9406922
2025-02-10T14:24:00Z,0
2025-02-10T15:00:00Z,0.117882065
2025-02-10T15:36:00Z,0.7813043
2025-02-10T16:12:00Z,0
2025-02-10T17:24:00Z,0.6937521
2025-02-10T18:00:00Z,0.16019599
2025-02-10T18:36:00Z,0.64555806
2025-02-10T19:12:00Z,0.1743074
2025-02-10T19:48:00Z,0.7241749
2025-02-10T21:00:00Z,0.64748645
2025-02-10T21:36:00Z,0.053025164
2025-02-10T22:12:00Z,0.92907685
2025-02-10T22:48:00Z,0
2025-02-10T23:24:00Z,0.46354905
2025-02-11T00:00:00Z,0.20139517
2025-02-11T00:36:00Z,0.83447784
2025-02-11T01:12:00Z,0
2025-02-11T02:24:00Z,0.3107976
2025-02-11T03:00:00Z,0.9219906
2025-02-11T03:36:00Z,0
2025-02-11T04:12:00Z,0.6843766
2025-02-11T04:48:00Z,0.06971055
2025-02-11T05:24:00Z,0.67536336
2025-02-11T06:00:00Z,0.84731185
2025-02-11T06:36:00Z,0
2025-02-11T07:12:00Z,0.50741976
2025-02-11T07:48:00Z,0.41243818
2025-02-11T08:24:00Z,0.9738114
2025-02-11T09:00:00Z,0
2025-02-11T09:36:00Z,0.78732026
2025-02-11T10:12:00Z,0
2025-02-11T10:48:00Z,0.91653484
2025-02-11T11:24:00Z,0
2025-02-11T12:00:00Z,0.33533648
2025-02-11T12:36:00Z,0.16262083
2025-02-11T13:12:00Z,0.9904734
2025-02-11T13:48:00Z,0
2025-02-11T15:00:00Z,0.63934493
2025-02-11T16:12:00Z,0.2600826
2025-02-11T16:48:00Z,0.5381156
2025-02-11T17:24:00Z,0.069277644
2025-02-11T18:00:00Z,0.8456627
2025-02-11T18:36:00Z,0
2025-02-11T19:12:00Z,0.8562223
2025-02-11T19:48:00Z,0
2025-02-11T20:24:00Z,0.9664869
2025-02-11T21:00:00Z,0
2025-02-11T21:36:00Z,0.48946172
2025-02-11T22:12:00Z,0.049890514
2025-02-12T00:00:00Z,0.7978221
2025-02-12T00:36:00Z,0
2025-02-12T01:48:00Z,0.6073671
2025-02-12T03:00:00Z,0.042737212
2025-02-12T03:36:00Z,0.8955219
2025-02-12T04:12:00Z,0
2025-02-12T04:48:00Z,0.030535582
2025-02-12T05:24:00Z,0.92890716
2025-02-12T06:00:00Z,0
2025-02-12T06:36:00Z,0.70122707
2025-02-12T07:12:00Z,0.102731325
2025-02-12T07:48:00Z,0.9718982
2025-02-12T08:24:00Z,0
2025-02-12T10:12:00Z,0.6183278
2025-02-12T10:48:00Z,0.2575458
2025-02-12T12:00:00Z,0.75691056
2025-02-12T12:36:00Z,0
2025-02-12T13:12:00Z,0.82935536
2025-02-12T13:48:00Z,0
2025-02-12T15:00:00Z,0.57561606
2025-02-12T15:36:00Z,0.2872729
2025-02-12T16:12:00Z,0.41500056
2025-02-12T16:48:00Z,2.4622306e-05
2025-02-12T17:24:00Z,0.90517527
2025-02-12T18:00:00Z,0
2025-02-12T19:12:00Z,0.7604132
2025-02-12T19:48:00Z,0
2025-02-12T20:24:00Z,0.7331202
2025-02-12T21:00:00Z,0.011710451
2025-02-12T22:12:00Z,0.7606446
2025-02-12T22:48:00Z,0
2025-02-12T23:24:00Z,0.46952656
2025-02-13T01:12:00Z,0.10996859
2025-02-13T03:00:00Z,0.1562935
2025-02-13T04:12:00Z,0.98969054
2025-02-13T04:48:00Z,0
2025-02-13T06:00:00Z,0.93766
2025-02-13T06:36:00Z,0
2025-02-13T07:12:00Z,0.5506814
2025-02-13T08:24:00Z,0.18740276
2025-02-13T10:12:00Z,0.5358049
2025-02-13T12:00:00Z,0.033781745
2025-02-13T12:36:00Z,0.46593422
2025-02-13T13:48:00Z,0.011771694
2025-02-13T14:24:00Z,0.73351294
2025-02-13T16:12:00Z,0.6774303
2025-02-13T18:00:00Z,0.14598455
2025-02-13T19:12:00Z,0.9230536
2025-02-13T19:48:00Z,0
2025-02-13T20:24:00Z,0.045327317
2025-02-13T21:00:00Z,0.59184873
2025-02-13T22:12:00Z,0.8822484
2025-02-13T22:48:00Z,0
2025-02-13T23:24:00Z,0.6634207
2025-02-14T00:00:00Z,0.14851817
2025-02-14T01:12:00Z,0.1049297
2025-02-14T01:48:00Z,0.5780156
2025-02-14T03:00:00Z,0.45698133
2025-02-14T03:36:00Z,0.98419964
2025-02-14T04:12:00Z,0
2025-02-14T04:48:00Z,0.69350034
2025-02-14T05:24:00Z,0.16329929
2025-02-14T06:00:00Z,0.21558729
2025-02-14T06:36:00Z,0.92844313
2025-02-14T07:12:00Z,0
2025-02-14T07:48:00Z,0.4295884
2025-02-14T08:24:00Z,0.42731333
2025-02-14T09:00:00Z,0.8619189
2025-02-14T09:36:00Z,0
2025-02-14T10:48:00Z,0.9659627
2025-02-14T11:24:00Z,0
2025-02-14T12:00:00Z,0.68815225
2025-02-14T12:36:00Z,0.38961095
2025-02-14T13:12:00Z,0.8239347
2025-02-14T13:48:00Z,0
2025-02-14T14:24:00Z,0.79714656
2025-02-14T15:00:00Z,0
2025-02-14T15:36:00Z,0.6967079
2025-02-14T17:24:00Z,0.02558222
2025-02-14T18:00:00Z,0.14680813
2025-02-14T18:36:00Z,0.6846266
2025-02-14T19:12:00Z,0.8085701
2025-02-14T19:48:00Z,0
2025-02-14T20:24:00Z,0.5994575
2025-02-14T21:36:00Z,0.8696865
2025-02-14T22:12:00Z,0
2025-02-14T22:48:00Z,0.7123292
2025-02-15T00:00:00Z,0.4764128
2025-02-15T00:36:00Z,0.880541
2025-02-15T01:12:00Z,0
2025-02-15T02:24:00Z,0.9845716
2025-02-15T03:00:00Z,0
2025-02-15T05:24:00Z,0.15115611
2025-02-15T06:00:00Z,0.42560306
2025-02-15T06:36:00Z,0.13490508
2025-02-15T07:48:00Z,0.9090657
2025-02-15T08:24:00Z,0
2025-02-15T09:00:00Z,0.51625156
2025-02-15T09:36:00Z,0.30676982
2025-02-15T10:12:00Z,0.8384468
2025-02-15T10:48:00Z,0
2025-02-15T11:24:00Z,0.6714252
2025-02-15T12:36:00Z,0.23865774
2025-02-15T13:12:00Z,0.54804254
2025-02-15T13:48:00Z,0.24148145
2025-02-15T14:24:00Z,0.6368769
2025-02-15T15:00:00Z,0.08427917
2025-02-15T16:12:00Z,0.92770016
2025-02-15T16:48:00Z,0
2025-02-15T17:24:00Z,0.17518783
2025-02-15T18:00:00Z,0.98311055
2025-02-15T18:36:00Z,0
2025-02-15T19:12:00Z,0.9892133
2025-02-15T19:48:00Z,0
2025-02-15T21:00:00Z,0.12987535
2025-02-15T21:36:00Z,0.9844865
2025-02-15T22:12:00Z,0
2025-02-15T22:48:00Z,0.39752948
2025-02-16T00:00:00Z,0.44407973
2025-02-16T00:36:00Z,0.68200266
2025-02-16T01:12:00Z,0.39328915
2025-02-16T01:48:00Z,0.9560548
2025-02-16T02:24:00Z,0
2025-02-16T03:00:00Z,0.018962797
2025-02-16T03:36:00Z,0.88986045
2025-02-16T04:12:00Z,0
2025-02-16T04:48:00Z,0.027798781
2025-02-16T05:24:00Z,0.6384526
2025-02-16T06:00:00Z,0.15552856
2025-02-16T07:12:00Z,0.01666768
2025-02-16T07:48:00Z,0.892425
2025-02-16T08:24:00Z,0
2025-02-16T09:00:00Z,0.4340998
2025-02-16T09:36:00Z,0.11372138
2025-02-16T10:12:00Z,0.61500245
2025-02-16T10:48:00Z,0.23936905
2025-02-16T12:00:00Z,0.85090137
2025-02-16T12:36:00Z,0
2025-02-16T13:12:00Z,0.116425335
2025-02-16T13:48:00Z,0.66409844
2025-02-16T14:24:00Z,0.22394136
2025-02-16T15:00:00Z,0.9497323
2025-02-16T15:36:00Z,0
2025-02-16T16:12:00Z,0.7898881
2025-02-16T16:48:00Z,0
2025-02-16T17:24:00Z,0.6331902
2025-02-16T18:00:00Z,0.01274584
2025-02-16T18:36:00Z,0.7280999
2025-02-16T19:12:00Z,0.33536562
2025-02-16T20:24:00Z,0.67413604
2025-02-16T21:00:00Z,0.29479983
2025-02-16T22:12:00Z,0.7545754
2025-02-16T22:48:00Z,0
2025-02-16T23:24:00Z,0.9419469
2025-02-17T00:00:00Z,0
2025-02-17T01:48:00Z,0.19127756
2025-02-17T02:24:00Z,0.729068
2025-02-17T03:00:00Z,0.7626463
2025-02-17T03:36:00Z,0
2025-02-17T04:12:00Z,0.6173178
2025-02-17T04:48:00Z,0.79159003
2025-02-17T05:24:00Z,0
2025-02-17T06:00:00Z,0.88527244
2025-02-17T06:36:00Z,0
2025-02-17T07:12:00Z,0.61254525
2025-02-17T07:48:00Z,0.82329315
2025-02-17T08:24:00Z,0
2025-02-17T09:36:00Z,0.5379995
2025-02-17T10:48:00Z,0.34769022
2025-02-17T11:24:00Z,0.5929477
2025-02-17T12:00:00Z,0.17771761
2025-02-17T12:36:00Z,0.7028479
2025-02-17T13:12:00Z,0.6990276
2025-02-17T13:48:00Z,0.13935202
2025-02-17T15:00:00Z,0.024500802
2025-02-17T15:36:00Z,0.363388
2025-02-17T16:12:00Z,0.14012952
2025-02-17T16:48:00Z,0.86120915
2025-02-17T17:24:00Z,0
2025-02-17T18:00:00Z,0.11648826
2025-02-17T18:36:00Z,0.8203207
2025-02-17T19:12:00Z,0
2025-02-17T19:48:00Z,0.3974013
2025-02-17T20:24:00Z,0.14408003
2025-02-17T21:00:00Z,0.8035903
2025-02-17T21:36:00Z,0
2025-02-17T22:12:00Z,0.033425055
2025-02-17T22:48:00Z,0.572011
2025-02-18T00:00:00Z,0.30288497
2025-02-18T00:36:00Z,0.80852085
2025-02-18T01:12:00Z,0
2025-02-18T02:24:00Z,0.688364
2025-02-18T03:00:00Z,0.11700947
2025-02-18T03:36:00Z,0.86050767
2025-02-18T04:12:00Z,0
2025-02-18T04:48:00Z,0.50136906
2025-02-18T06:00:00Z,0.07423242
2025-02-18T06:36:00Z,0.9509088
2025-02-18T07:12:00Z,0
2025-02-18T07:48:00Z,0.85267365
2025-02-18T08:24:00Z,0
2025-02-18T09:00:00Z,0.63583475
2025-02-18T09:36:00Z,0.63436735
2025-02-18T10:12:00Z,0.13944058
2025-02-18T10:48:00Z,0.748984
2025-02-18T12:00:00Z,0.017401591
2025-02-18T13:12:00Z,0.93898344
2025-02-18T13:48:00Z,0
2025-02-18T14:24:00Z,0.56216455
2025-02-18T15:00:00Z,0.27225217
2025-02-18T15:36:00Z,0.9831976
2025-02-18T16:12:00Z,0
2025-02-18T17:24:00Z,0.4448916
2025-02-18T18:36:00Z,0.02352124
2025-02-18T19:12:00Z,0.65359825
2025-02-18T19:48:00Z,0.17654769
2025-02-18T20:24:00Z,0.63293695
2025-02-18T21:36:00Z,0.040769096
2025-02-18T22:12:00Z,0.7651067
2025-02-18T22:48:00Z,0
2025-02-18T23:24:00Z,0.48633745
2025-02-19T00:00:00Z,0.11556227
2025-02-19T00:36:00Z,0.48675215
2025-02-19T01:48:00Z,0.16199587
2025-02-19T02:24:00Z,0.808783
2025-02-19T03:00:00Z,0
2025-02-19T04:12:00Z,0.940444
2025-02-19T04:48:00Z,0
2025-02-19T06:00:00Z,0.5551379
2025-02-19T07:12:00Z,0.8650589
2025-02-19T07:48:00Z,0
2025-02-19T09:00:00Z,0.016948769
2025-02-19T09:36:00Z,0.96347094
2025-02-19T10:12:00Z,0
2025-02-19T11:24:00Z,0.08211286
2025-02-19T12:36:00Z,0.5005201
2025-02-19T13:12:00Z,0.0924453
2025-02-19T13:48:00Z,0.23855725
2025-02-19T14:24:00Z,0.8282577
2025-02-19T15:00:00Z,0
2025-02-19T16:12:00Z,0.496568
2025-02-19T16:48:00Z,0.06452102
2025-02-19T17:24:00Z,0.8463033
2025-02-19T18:00:00Z,0
2025-02-19T18:36:00Z,0.9932543
2025-02-19T19:12:00Z,0
2025-02-19T21:00:00Z,0.62178737
2025-02-19T21:36:00Z,0.9744499
2025-02-19T22:12:00Z,0
2025-02-19T23:24:00Z,0.067602016
2025-02-20T01:12:00Z,0.8069702
2025-02-20T01:48:00Z,0
2025-02-20T02:24:00Z,0.7730459
2025-02-20T03:00:00Z,0
2025-02-20T03:36:00Z,0.8501181
2025-02-20T04:12:00Z,0
2025-02-20T04:48:00Z,0.809465
2025-02-20T05:24:00Z,0
2025-02-20T06:00:00Z,0.45671743
2025-02-20T06:36:00Z,0.029049054
2025-02-20T07:12:00Z,0.35053954
2025-02-20T07:48:00Z,0.04650592
2025-02-20T08:24:00Z,0.83672583
2025-02-20T09:00:00Z,0
2025-02-20T09:36:00Z,0.66605335
2025-02-20T10:48:00Z,0.09323444
2025-02-20T11:24:00Z,0.8636567
2025-02-20T12:00:00Z,0
2025-02-20T14:24:00Z,0.8901292
2025-02-20T15:00:00Z,0
2025-02-20T15:36:00Z,0.79946077
2025-02-20T16:12:00Z,0
2025-02-20T16:48:00Z,0.9751043
2025-02-20T17:24:00Z,0
2025-02-20T18:00:00Z,0.75429046
2025-02-20T18:36:00Z,0
2025-02-20T19:12:00Z,0.5838369
2025-02-20T19:48:00Z,0.093259536
2025-02-20T21:00:00Z,0.06206564
2025-02-20T21:36:00Z,0.9743126
2025-02-20T22:12:00Z,0
2025-02-20T22:48:00Z,0.823704
2025-02-20T23:24:00Z,0
2025-02-21T00:36:00Z,0.949842
2025-02-21T01:12:00Z,0
2025-02-21T02:24:00Z,0.797111
2025-02-21T03:00:00Z,0
2025-02-21T03:36:00Z,0.74386734
2025-02-21T06:00:00Z,0.3782207
2025-02-21T06:36:00Z,0.059071433
2025-02-21T07:48:00Z,0.7214865
2025-02-21T08:24:00Z,0.0411852
2025-02-21T09:00:00Z,0.7930008
2025-02-21T09:36:00Z,0
2025-02-21T10:48:00Z,0.18742906
2025-02-21T11:24:00Z,0.8128207
2025-02-21T12:00:00Z,0
2025-02-21T13:12:00Z,0.8556686
2025-02-21T13:48:00Z,0
2025-02-21T14:24:00Z,0.92051363
2025-02-21T15:00:00Z,0
2025-02-21T16:12:00Z,0.9021375
2025-02-21T16:48:00Z,0
2025-02-21T17:24:00Z,0.1299021
2025-02-21T18:00:00Z,0.6846676
2025-02-21T18:36:00Z,0.34022883
2025-02-21T19:12:00Z,0.68901956
2025-02-21T19:48:00Z,0.38573635
2025-02-21T20:24:00Z,0.6595316
2025-02-21T21:00:00Z,0.25155613
2025-02-21T22:12:00Z,0.6664474
2025-02-21T23:24:00Z,0.053022217
2025-02-22T00:00:00Z,0.84743273
2025-02-22T00:36:00Z,0
2025-02-22T01:12:00Z,0.5773853
2025-02-22T01:48:00Z,0.24650739
2025-02-22T02:24:00Z,0.73666424
2025-02-22T03:00:00Z,0.33746862
2025-02-22T03:36:00Z,0.70876086
2025-02-22T04:12:00Z,0.5946963
2025-02-22T04:48:00Z,0.913179
2025-02-22T05:24:00Z,0
2025-02-22T06:00:00Z,0.68816304
2025-02-22T06:36:00Z,0.16224863
2025-02-22T07:48:00Z,0.70390815
2025-02-22T08:24:00Z,0.09914079
2025-02-22T10:12:00Z,0.18356049
2025-02-22T10:48:00Z,0.75642717
2025-02-22T11:24:00Z,0
2025-02-22T12:00:00Z,0.67380196
2025-02-22T13:12:00Z,0.12618719
2025-02-22T15:00:00Z,0.5285581
2025-02-22T15:36:00Z,0.991754
2025-02-22T16:12:00Z,0
2025-02-22T16:48:00Z,0.45793927
2025-02-22T18:36:00Z,0.049652766
2025-02-22T19:12:00Z,0.6520827
2025-02-22T21:00:00Z,0.7764085
2025-02-22T21:36:00Z,0
2025-02-22T22:12:00Z,0.59287673
2025-02-22T22:48:00Z,0.12571305
2025-02-22T23:24:00Z,0.69391835
2025-02-23T00:00:00Z,0.50876874
2025-02-23T00:36:00Z,0.93742603
2025-02-23T01:12:00Z,0
2025-02-23T01:48:00Z,0.7104793
2025-02-23T02:24:00Z,0.11111661
2025-02-23T03:00:00Z,0.84468085
2025-02-23T03:36:00Z,0
2025-02-23T04:12:00Z,0.08218646
2025-02-23T04:48:00Z,0.79377896
2025-02-23T05:24:00Z,0
2025-02-23T06:00:00Z,0.7627
2025-02-23T06:36:00Z,0
2025-02-23T07:48:00Z,0.8412519
2025-02-23T08:24:00Z,0
2025-02-23T09:00:00Z,0.43567947
2025-02-23T09:36:00Z,0.17558219
2025-02-23T10:12:00Z,0.86078304
2025-02-23T10:48:00Z,0
2025-02-23T11:24:00Z,0.8881001
2025-02-23T12:00:00Z,0
2025-02-23T13:12:00Z,0.7089838
2025-02-23T13:48:00Z,0.11479822
2025-02-23T14:24:00Z,0.69014454
2025-02-23T15:00:00Z,0.5583072
2025-02-23T15:36:00Z,0.005201969
2025-02-23T16:48:00Z,0.5534408
2025-02-23T18:36:00Z,0.23382616
2025-02-23T19:12:00Z,0.92714006
2025-02-23T19:48:00Z,0
2025-02-23T21:00:00Z,0.7382425
2025-02-23T21:36:00Z,0.8058068
2025-02-23T22:12:00Z,0
2025-02-24T00:00:00Z,0.5287273
2025-02-24T00:36:00Z,0.14140122
2025-02-24T01:12:00Z,0.88894373
2025-02-24T01:48:00Z,0
2025-02-24T02:24:00Z,0.28969374
2025-02-24T03:00:00Z,0.07348469
2025-02-24T04:12:00Z,0.9528992
2025-02-24T04:48:00Z,0
2025-02-24T05:24:00Z,0.039814383
2025-02-24T06:00:00Z,0.53020555
2025-02-24T07:12:00Z,0.47975862
2025-02-24T07:48:00Z,0.8647416
2025-02-24T08:24:00Z,0
2025-02-24T10:12:00Z,0.7322159
2025-02-24T11:24:00Z,0.28904614
2025-02-24T12:00:00Z,0.8735835
2025-02-24T12:36:00Z,0
2025-02-24T13:12:00Z,0.17202306
2025-02-24T13:48:00Z,0.9655838
2025-02-24T14:24:00Z,0
2025-02-24T15:36:00Z,0.7030112
2025-02-24T16:48:00Z,0.0076545947
2025-02-24T18:00:00Z,0.604386
2025-02-24T20:24:00Z,0.46714592
2025-02-24T21:00:00Z,0.77679354
2025-02-24T21:36:00Z,0
2025-02-24T22:48:00Z,0.7234097
2025-02-25T00:36:00Z,0.15489057
2025-02-25T01:12:00Z,0.48500422
2025-02-25T01:48:00Z,0.0031512976
2025-02-25T03:00:00Z,0.512553
2025-02-25T04:12:00Z,0.5109832
2025-02-25T05:24:00Z,0.83460015
2025-02-25T06:00:00Z,0
2025-02-25T07:48:00Z,0.938019
2025-02-25T08:24:00Z,0
2025-02-25T09:00:00Z,0.7813755
2025-02-25T09:36:00Z,0
2025-02-25T10:48:00Z,0.4515198
2025-02-25T11:24:00Z,0.0063690445
2025-02-25T12:00:00Z,0.7993004
2025-02-25T12:36:00Z,0
2025-02-25T13:12:00Z,0.8240796
2025-02-25T13:48:00Z,0
2025-02-25T14:24:00Z,0.96930456
2025-02-25T15:00:00Z,0
2025-02-25T15:36:00Z,0.6560611
2025-02-25T16:48:00Z,0.11899494
2025-02-25T18:36:00Z,0.7772463
2025-02-25T19:12:00Z,0
2025-02-25T19:48:00Z,0.8559194
2025-02-25T20:24:00Z,0
2025-02-25T23:24:00Z,0.9147109
2025-02-26T00:00:00Z,0
2025-02-26T00:36:00Z,0.9806861
2025-02-26T01:12:00Z,0
2025-02-26T01:48:00Z,0.9295454
2025-02-26T02:24:00Z,0
2025-02-26T03:00:00Z,0.39841402
2025-02-26T03:36:00Z,0.36197472
2025-02-26T04:12:00Z,0.7377007
2025-02-26T04:48:00Z,0.36673597
2025-02-26T05:24:00Z,0.9311867
2025-02-26T06:00:00Z,0
2025-02-26T06:36:00Z,0.5407494
2025-02-26T07:48:00Z,0.06735434
2025-02-26T09:36:00Z,0.82370687
2025-02-26T10:12:00Z,0
2025-02-26T10:48:00Z,0.07103247
2025-02-26T11:24:00Z,0.7325498
2025-02-26T12:36:00Z,0.79596233
2025-02-26T13:12:00Z,0
2025-02-26T14:24:00Z,0.6147053
2025-02-26T15:00:00Z,0.18609871
2025-02-26T15:36:00Z,0.95216984
2025-02-26T16:12:00Z,0
2025-02-26T16:48:00Z,0.25572366
2025-02-26T18:00:00Z,0.15121128
2025-02-26T18:36:00Z,0.35290852
2025-02-26T19:48:00Z,0.040874686
2025-02-26T21:00:00Z,0.52537143
2025-02-26T22:12:00Z,0.033225708
2025-02-26T22:48:00Z,0.7580926
2025-02-26T23:24:00Z,0
2025-02-27T00:00:00Z,0.39289674
2025-02-27T01:48:00Z,0.12310956
2025-02-27T02:24:00Z,0.53134274
2025-02-27T03:00:00Z,0.12119712
2025-02-27T04:12:00Z,0.7010664
2025-02-27T04:48:00Z,0.50356156
2025-02-27T05:24:00Z,0.99921584
2025-02-27T06:00:00Z,0
2025-02-27T06:36:00Z,0.33846197
2025-02-27T07:12:00Z,0.07118396
2025-02-27T07:48:00Z,0.90480924
2025-02-27T08:24:00Z,0
2025-02-27T09:36:00Z,0.11151549
2025-02-27T10:12:00Z,0.75042397
2025-02-27T10:48:00Z,0
2025-02-27T12:36:00Z,0.46278805
2025-02-27T13:12:00Z,0.18657984
2025-02-27T14:24:00Z,0.78273356
2025-02-27T15:00:00Z,0
2025-02-27T15:36:00Z,0.9412438
2025-02-27T16:12:00Z,0
2025-02-27T16:48:00Z,0.8442797
2025-02-27T17:24:00Z,0
2025-02-27T18:36:00Z,0.541667
2025-02-27T19:12:00Z,0.08408017
2025-02-27T20:24:00Z,0.7460803
2025-02-27T21:00:00Z,0.13851021
2025-02-28T00:00:00Z,0.6632815
2025-02-28T00:36:00Z,0.14961708
2025-02-28T01:48:00Z,0.62825906
2025-02-28T02:24:00Z,0.20478329
2025-02-28T03:00:00Z,0.81340426
2025-02-28T03:36:00Z,0
2025-02-28T04:48:00Z,0.96023357
2025-02-28T05:24:00Z,0
2025-02-28T06:00:00Z,0.7866793
2025-02-28T06:36:00Z,0
2025-02-28T07:12:00Z,0.5666793
2025-02-28T09:00:00Z,0.17990881
2025-02-28T10:12:00Z,0.91303164
2025-02-28T10:48:00Z,0
2025-02-28T12:00:00Z,0.096539475
2025-02-28T12:36:00Z,0.5264304
2025-02-28T13:12:00Z,0.25874212
2025-02-28T13:48:00Z,0.75350004
2025-02-28T14:24:00Z,0
2025-02-28T15:36:00Z,0.75862217
2025-02-28T16:12:00Z,0
2025-02-28T17:24:00Z,0.9921858
2025-02-28T18:00:00Z,0
2025-02-28T18:36:00Z,0.6130007
2025-02-28T19:12:00Z,0.21400915
2025-02-28T21:00:00Z,0.9488185
2025-02-28T21:36:00Z,0
2025-02-28T22:48:00Z,0.9063756
2025-02-28T23:24:00Z,0
2025-03-01T00:00:00Z,0.60572577
2025-03-01T00:36:00Z,0.6791004
2025-03-01T01:12:00Z,0.064684674
2025-03-01T01:48:00Z,0.05257453
2025-03-01T02:24:00Z,0.53315926
2025-03-01T03:36:00Z,0.17043324
2025-03-01T04:48:00Z,0.83710307
2025-03-01T05:24:00Z,0
2025-03-01T06:36:00Z,0.39082795
2025-03-01T07:12:00Z,0.009336446
2025-03-01T07:48:00Z,0.10922814
2025-03-01T08:24:00Z,0.79459316
2025-03-01T09:00:00Z,0
2025-03-01T09:36:00Z,0.071113534
2025-03-01T10:12:00Z,0.7162828
2025-03-01T10:48:00Z,0.09527661
2025-03-01T11:24:00Z,0.7491535
2025-03-01T12:36:00Z,0.1322185
2025-03-01T13:12:00Z,0.3971363
2025-03-01T13:48:00Z,0.15706578
2025-03-01T15:00:00Z,0.4872466
2025-03-01T16:12:00Z,0.7844092
2025-03-01T16:48:00Z,0
2025-03-01T17:24:00Z,0.7843226
2025-03-01T18:00:00Z,0
2025-03-01T18:36:00Z,0.52117705
2025-03-01T19:12:00Z,0.172938
2025-03-01T20:24:00Z,0.778265
2025-03-01T21:00:00Z,0
2025-03-01T21:36:00Z,0.4421471
2025-03-01T22:12:00Z,0.051039763
2025-03-01T23:24:00Z,0.1929182
2025-03-02T00:36:00Z,0.11580459
2025-03-02T01:12:00Z,0.9035877
2025-03-02T01:48:00Z,0
2025-03-02T02:24:00Z,0.92713314
2025-03-02T03:00:00Z,0
2025-03-02T03:36:00Z,0.58958894
2025-03-02T04:12:00Z,0.3261331
2025-03-02T04:48:00Z,0.589088
2025-03-02T07:12:00Z,0.002445097
2025-03-02T07:48:00Z,0.68940353
2025-03-02T08:24:00Z,0.8359788
2025-03-02T09:00:00Z,0
2025-03-02T09:36:00Z,0.6724718
2025-03-02T10:12:00Z,0.4307225
2025-03-02T10:48:00Z,0.98136836
2025-03-02T11:24:00Z,0
2025-03-02T12:36:00Z,0.39106777
2025-03-02T13:12:00Z,0.0589506
2025-03-02T13:48:00Z,0.45736143
2025-03-02T14:24:00Z,0.1727152
2025-03-02T15:00:00Z,0.69569075
2025-03-02T15:36:00Z,0.04432313
2025-03-02T16:48:00Z,0.867082
2025-03-02T17:24:00Z,0
2025-03-02T18:00:00Z,0.62347156
2025-03-02T18:36:00Z,0.05817288
2025-03-02T20:24:00Z,0.06215136
2025-03-02T21:00:00Z,0.64652514
2025-03-02T21:36:00Z,0.018416537
2025-03-02T22:12:00Z,0.8067098
2025-03-02T22:48:00Z,0
2025-03-02T23:24:00Z,0.81951725
2025-03-03T00:00:00Z,0
2025-03-03T01:12:00Z,0.6845715
2025-03-03T01:48:00Z,0.88176143
2025-03-03T02:24:00Z,0
2025-03-03T03:00:00Z,0.46965387
2025-03-03T03:36:00Z,0.32481936
2025-03-03T04:12:00Z,0.8316502
2025-03-03T04:48:00Z,0
2025-03-03T06:00:00Z,0.05942319
2025-03-03T07:12:00Z,0.9337498
2025-03-03T07:48:00Z,0
2025-03-03T09:36:00Z,0.8695501
2025-03-03T10:12:00Z,0
2025-03-03T13:12:00Z,0.18864383
2025-03-03T13:48:00Z,0.8834702
2025-03-03T14:24:00Z,0
2025-03-03T15:00:00Z,0.38269493
2025-03-03T15:36:00Z,0.02934234
2025-03-03T16:12:00Z,0.71316636
2025-03-03T16:48:00Z,0.25922453
2025-03-03T17:24:00Z,0.6368141
2025-03-03T18:00:00Z,0.053521525
2025-03-03T18:36:00Z,0.9213691
2025-03-03T19:12:00Z,0
2025-03-03T20:24:00Z,0.7794403
2025-03-03T21:00:00Z,0
2025-03-03T22:12:00Z,0.94917583
2025-03-03T22:48:00Z,0
2025-03-03T23:24:00Z,0.8222406
2025-03-04T00:00:00Z,0
2025-03-04T00:36:00Z,0.8508929
2025-03-04T01:12:00Z,0
2025-03-04T01:48:00Z,0.6610745
2025-03-04T02:24:00Z,0.420472
2025-03-04T03:00:00Z,0.8931881
2025-03-04T03:36:00Z,0
2025-03-04T05:24:00Z,0.45949963
2025-03-04T06:36:00Z,0.08005984
2025-03-04T07:48:00Z,0.14022908
2025-03-04T08:24:00Z,0.9352951
2025-03-04T09:00:00Z,0
2025-03-04T09:36:00Z,0.07848048
2025-03-04T10:12:00Z,0.899047
2025-03-04T10:48:00Z,0
2025-03-04T12:00:00Z,0.68354774
2025-03-04T13:12:00Z,0.86816317
2025-03-04T13:48:00Z,0
2025-03-04T15:00:00Z,0.76725596
2025-03-04T15:36:00Z,0
2025-03-04T16:12:00Z,0.7120814
2025-03-04T16:48:00Z,0.0022989307
2025-03-04T17:24:00Z,0.83940506
2025-03-04T18:00:00Z,0
2025-03-04T19:12:00Z,0.80253106
2025-03-04T19:48:00Z,0
2025-03-04T20:24:00Z,0.675849
2025-03-04T21:00:00Z,0.8355756
2025-03-04T21:36:00Z,0
2025-03-04T22:12:00Z,0.064573556
2025-03-04T23:24:00Z,0.98085594
2025-03-05T00:00:00Z,0
2025-03-05T01:12:00Z,0.9409375
2025-03-05T01:48:00Z,0
2025-03-05T02:24:00Z,0.8112438
2025-03-05T03:00:00Z,0
2025-03-05T03:36:00Z,0.11613051
2025-03-05T04:12:00Z,0.7787486
2025-03-05T04:48:00Z,0
2025-03-05T05:24:00Z,0.44225305
2025-03-05T06:00:00Z,0.2340761
2025-03-05T06:36:00Z,0.88769424
2025-03-05T07:12:00Z,0
2025-03-05T07:48:00Z,0.41040224
2025-03-05T08:24:00Z,0.06457165
2025-03-05T09:36:00Z,0.6182956
2025-03-05T12:00:00Z,0.4993079
2025-03-05T12:36:00Z,0.6365274
2025-03-05T13:12:00Z,0.18442598
2025-03-05T13:48:00Z,0.31026804
2025-03-05T14:24:00Z,0.86676735
2025-03-05T15:00:00Z,0
2025-03-05T15:36:00Z,0.031786617
2025-03-05T16:12:00Z,0.7467633
2025-03-05T16:48:00Z,0.91792464
2025-03-05T17:24:00Z,0
2025-03-05T18:00:00Z,0.83282155
2025-03-05T18:36:00Z,0
2025-03-05T19:12:00Z,0.87302154
2025-03-05T19:48:00Z,0
2025-03-05T20:24:00Z,0.42431003
2025-03-05T22:12:00Z,0.15926868
2025-03-05T22:48:00Z,0.5674092
2025-03-06T00:00:00Z,0.17785485
2025-03-06T00:36:00Z,0.83408535
2025-03-06T01:12:00Z,0
2025-03-06T01:48:00Z,0.6195586
2025-03-06T02:24:00Z,0.019374307
2025-03-06T03:36:00Z,0.8682504
2025-03-06T04:12:00Z,0
2025-03-06T04:48:00Z,0.8672069
2025-03-06T05:24:00Z,0
2025-03-06T06:00:00Z,0.8707578
2025-03-06T06:36:00Z,0
2025-03-06T07:12:00Z,0.8540735
2025-03-06T07:48:00Z,0
2025-03-06T08:24:00Z,0.81278074
2025-03-06T09:00:00Z,0
2025-03-06T10:12:00Z,0.23824061
2025-03-06T10:48:00Z,0.7142492
2025-03-06T13:12:00Z,0.46536985
2025-03-06T13:48:00Z,0.6608342
2025-03-06T14:24:00Z,0.06498797
2025-03-06T15:00:00Z,0.966728
2025-03-06T15:36:00Z,0
2025-03-06T16:12:00Z,0.853669
2025-03-06T16:48:00Z,0
