Timestamp,Value
2024-10-01T17:24:00Z,0.7953906
2024-10-01T18:00:00Z,0
2024-10-01T19:12:00Z,0.6991108
2024-10-01T19:48:00Z,0.19744784
2024-10-01T20:24:00Z,0.5406543
2024-10-01T21:00:00Z,0.081393905
2024-10-01T21:36:00Z,0.95819634
2024-10-01T22:12:00Z,0
2024-10-01T22:48:00Z,0.9297788
2024-10-01T23:24:00Z,0
2024-10-02T01:12:00Z,0.90222836
2024-10-02T01:48:00Z,0
2024-10-02T02:24:00Z,0.89123625
2024-10-02T03:00:00Z,0
2024-10-02T04:12:00Z,0.29850075
2024-10-02T04:48:00Z,0.83420825
2024-10-02T05:24:00Z,0
2024-10-02T06:36:00Z,0.9863261
2024-10-02T07:12:00Z,0
2024-10-02T07:48:00Z,0.8782271
2024-10-02T08:24:00Z,0
2024-10-02T10:12:00Z,0.45092642
2024-10-02T10:48:00Z,0.9668631
2024-10-02T11:24:00Z,0
2024-10-02T12:00:00Z,0.95021546
2024-10-02T12:36:00Z,0
2024-10-02T13:48:00Z,0.98479867
2024-10-02T14:24:00Z,0
2024-10-02T18:00:00Z,0.89126515
2024-10-02T18:36:00Z,0
2024-10-02T21:00:00Z,0.27650732
2024-10-02T21:36:00Z,0.9865017
2024-10-02T22:12:00Z,0
2024-10-02T23:24:00Z,0.69818515
2024-10-03T00:36:00Z,0.357056
2024-10-03T01:48:00Z,0.6381102
2024-10-03T03:36:00Z,0.09240188
2024-10-03T04:12:00Z,0.62706834
2024-10-03T05:24:00Z,0.119702235
2024-10-03T06:00:00Z,0.8762918
2024-10-03T06:36:00Z,0
2024-10-03T07:12:00Z,0.14820597
2024-10-03T07:48:00Z,0.85702413
2024-10-03T08:24:00Z,0
2024-10-03T09:00:00Z,0.029601881
2024-10-03T09:36:00Z,0.68139714
2024-10-03T10:12:00Z,0.32790068
2024-10-03T10:48:00Z,0.998297
2024-10-03T11:24:00Z,0
2024-10-03T12:36:00Z,0.7168157
2024-10-03T13:12:00Z,0.04779842
2024-10-03T13:48:00Z,0.33904892
2024-10-03T14:24:00Z,0.061714794
2024-10-03T15:36:00Z,0.118190184
2024-10-03T17:24:00Z,0.8546671
2024-10-03T18:00:00Z,0
2024-10-03T18:36:00Z,0.5506545
2024-10-03T19:12:00Z,0.029666232
2024-10-03T20:24:00Z,0.034286886
2024-10-03T21:00:00Z,0.75381505
2024-10-03T21:36:00Z,0
2024-10-03T22:12:00Z,0.594172
2024-10-03T22:48:00Z,0.14986847
2024-10-03T23:24:00Z,0.82966053
2024-10-04T00:00:00Z,0
2024-10-04T00:36:00Z,0.94294536
2024-10-04T01:12:00Z,0
2024-10-04T03:00:00Z,0.47622275
2024-10-04T04:12:00Z,0.34031278
2024-10-04T04:48:00Z,0.7636417
2024-10-04T05:24:00Z,0
2024-10-04T06:00:00Z,0.4958097
2024-10-04T07:12:00Z,0.8244916
2024-10-04T07:48:00Z,0
2024-10-04T09:00:00Z,0.7360774
2024-10-04T10:12:00Z,0.1346152
2024-10-04T10:48:00Z,0.98468614
2024-10-04T11:24:00Z,0
2024-10-04T12:00:00Z,0.5978558
2024-10-04T12:36:00Z,0.329533
2024-10-04T13:12:00Z,0.7688318
2024-10-04T13:48:00Z,0
2024-10-04T15:36:00Z,0.83697605
2024-10-04T16:12:00Z,0
2024-10-04T16:48:00Z,0.95114595
2024-10-04T17:24:00Z,0
2024-10-04T18:00:00Z,0.9472599
2024-10-04T18:36:00Z,0
2024-10-04T19:48:00Z,0.64421856
2024-10-04T21:00:00Z,0.95210564
2024-10-04T21:36:00Z,0
2024-10-04T22:12:00Z,0.40958694
2024-10-04T22:48:00Z,0.2285311
2024-10-04T23:24:00Z,0.93538976
2024-10-05T00:00:00Z,0
2024-10-05T00:36:00Z,0.99260813
2024-10-05T01:12:00Z,0
2024-10-05T02:24:00Z,0.6193676
2024-10-05T03:00:00Z,0.103895135
2024-10-05T03:36:00Z,0.97781956
2024-10-05T04:12:00Z,0
2024-10-05T05:24:00Z,0.28919393
2024-10-05T06:00:00Z,0.10596933
2024-10-05T06:36:00Z,0.72278786
2024-10-05T07:12:00Z,0.77514166
2024-10-05T07:48:00Z,0
2024-10-05T08:24:00Z,0.8163819
2024-10-05T09:00:00Z,0
2024-10-05T11:24:00Z,0.15417017
2024-10-05T13:12:00Z,0.8443679
2024-10-05T13:48:00Z,0
2024-10-05T15:36:00Z,0.48181987
2024-10-05T16:12:00Z,0.012622243
2024-10-05T17:24:00Z,0.6765517
2024-10-05T18:36:00Z,0.3755146
2024-10-05T19:12:00Z,0.84613633
2024-10-05T19:48:00Z,0
2024-10-05T20:24:00Z,0.68679905
2024-10-05T21:00:00Z,0.4533895
2024-10-05T21:36:00Z,0.95946705
2024-10-05T22:12:00Z,0
2024-10-05T23:24:00Z,0.87251294
2024-10-06T00:00:00Z,0
2024-10-06T00:36:00Z,0.8071367
2024-10-06T01:12:00Z,0
2024-10-06T02:24:00Z,0.78046745
2024-10-06T03:00:00Z,0
2024-10-06T04:12:00Z,0.8198229
2024-10-06T04:48:00Z,0
2024-10-06T06:36:00Z,0.87294036
2024-10-06T07:12:00Z,0
2024-10-06T07:48:00Z,0.27277792
2024-10-06T08:24:00Z,0.12482072
2024-10-06T09:00:00Z,0.4435435
2024-10-06T09:36:00Z,0.034087263
2024-10-06T10:12:00Z,0.6958543
2024-10-06T10:48:00Z,0.33637318
2024-10-06T12:00:00Z,0.52589303
2024-10-06T12:36:00Z,0.10199627
2024-10-06T13:12:00Z,0.971855
2024-10-06T13:48:00Z,0
2024-10-06T15:00:00Z,0.7669323
2024-10-06T15:36:00Z,0
2024-10-06T17:24:00Z,0.65946513
2024-10-06T18:00:00Z,0.2236328
2024-10-06T19:48:00Z,0.90801406
2024-10-06T20:24:00Z,0
2024-10-06T21:00:00Z,0.06716332
2024-10-06T21:36:00Z,0.5586523
2024-10-06T22:48:00Z,0.43460768
2024-10-06T23:24:00Z,0.88306695
2024-10-07T00:00:00Z,0
2024-10-07T00:36:00Z,0.54288554
2024-10-07T02:24:00Z,0.14303364
2024-10-07T03:00:00Z,0.9128439
2024-10-07T03:36:00Z,0
2024-10-07T04:12:00Z,0.97542185
2024-10-07T04:48:00Z,0
2024-10-07T05:24:00Z,0.61472666
2024-10-07T06:00:00Z,0.11895299
2024-10-07T07:12:00Z,0.22528276
2024-10-07T07:48:00Z,0.76351696
2024-10-07T08:24:00Z,0
2024-10-07T10:12:00Z,0.7419467
2024-10-07T10:48:00Z,0.19567037
2024-10-07T12:36:00Z,0.704947
2024-10-07T13:12:00Z,0.36696354
2024-10-07T13:48:00Z,0.82918334
2024-10-07T14:24:00Z,0
2024-10-07T15:00:00Z,0.86820084
2024-10-07T15:36:00Z,0
2024-10-07T16:12:00Z,0.7352776
2024-10-07T16:48:00Z,0.1794455
2024-10-07T17:24:00Z,0.67875654
2024-10-07T18:36:00Z,0.31245014
2024-10-07T19:12:00Z,0.9568782
2024-10-07T19:48:00Z,0
2024-10-07T22:12:00Z,0.5899895
2024-10-07T22:48:00Z,0.18496428
2024-10-07T23:24:00Z,0.8167056
2024-10-08T00:00:00Z,0
2024-10-08T01:12:00Z,0.8777934
2024-10-08T01:48:00Z,0
2024-10-08T04:12:00Z,0.29001004
2024-10-08T04:48:00Z,0.014965878
2024-10-08T05:24:00Z,0.7315827
2024-10-08T07:48:00Z,0.1389056
2024-10-08T08:24:00Z,0.88724357
2024-10-08T09:00:00Z,0
2024-10-08T10:12:00Z,0.3761243
2024-10-08T10:48:00Z,0.23919384
2024-10-08T12:00:00Z,0.91857195
2024-10-08T12:36:00Z,0
2024-10-08T13:12:00Z,0.7531434
2024-10-08T13:48:00Z,0
2024-10-08T14:24:00Z,0.80096316
2024-10-08T15:00:00Z,0
2024-10-08T15:36:00Z,0.7665698
2024-10-08T16:12:00Z,0
2024-10-08T17:24:00Z,0.60673696
2024-10-08T18:00:00Z,0.2896196
2024-10-08T18:36:00Z,0.7194679
2024-10-08T19:12:00Z,0.070490666
2024-10-08T21:00:00Z,0.79949784
2024-10-08T21:36:00Z,0
2024-10-08T22:12:00Z,0.5766409
2024-10-08T22:48:00Z,0.35380772
2024-10-09T00:00:00Z,0.7661234
2024-10-09T00:36:00Z,0
2024-10-09T01:12:00Z,0.60677344
2024-10-09T01:48:00Z,0.02534486
2024-10-09T02:24:00Z,0.97843933
2024-10-09T03:00:00Z,0
2024-10-09T04:48:00Z,0.86407435
2024-10-09T05:24:00Z,0
2024-10-09T06:00:00Z,0.9854961
2024-10-09T06:36:00Z,0
2024-10-09T10:48:00Z,0.93468034
2024-10-09T11:24:00Z,0
2024-10-09T12:00:00Z,0.44641703
2024-10-09T12:36:00Z,0.26397458
2024-10-09T13:12:00Z,0.82855076
2024-10-09T13:48:00Z,0
2024-10-09T14:24:00Z,0.294974
2024-10-09T15:36:00Z,0.09966584
2024-10-09T16:12:00Z,0.74102855
2024-10-09T16:48:00Z,0.35195503
2024-10-09T17:24:00Z,0.93844944
2024-10-09T18:00:00Z,0
2024-10-09T19:48:00Z,0.6555577
2024-10-09T20:24:00Z,0.0355236
2024-10-09T21:00:00Z,0.67854005
2024-10-09T21:36:00Z,0.8812065
2024-10-09T22:12:00Z,0
2024-10-09T23:24:00Z,0.8228307
2024-10-10T00:00:00Z,0
2024-10-10T01:12:00Z,0.8070806
2024-10-10T01:48:00Z,0
2024-10-10T03:00:00Z,0.57929677
2024-10-10T03:36:00Z,0.008381119
2024-10-10T04:12:00Z,0.9997785
2024-10-10T04:48:00Z,0
2024-10-10T05:24:00Z,0.5294293
2024-10-10T06:00:00Z,0.51345545
2024-10-10T06:36:00Z,0.9952334
2024-10-10T07:12:00Z,0
2024-10-10T07:48:00Z,0.7150243
2024-10-10T08:24:00Z,0.08555585
2024-10-10T09:00:00Z,0.62708795
2024-10-10T09:36:00Z,0.19795787
2024-10-10T10:12:00Z,0.8897621
2024-10-10T10:48:00Z,0
2024-10-10T11:24:00Z,0.67684346
2024-10-10T12:36:00Z,0.48458228
2024-10-10T13:12:00Z,0.9781058
2024-10-10T13:48:00Z,0
2024-10-10T14:24:00Z,0.6351034
2024-10-10T15:36:00Z,0.078470856
2024-10-10T16:12:00Z,0.4644622
2024-10-10T17:24:00Z,0.79636794
2024-10-10T18:00:00Z,0
2024-10-10T19:12:00Z,0.92187685
2024-10-10T19:48:00Z,0
2024-10-10T20:24:00Z,0.8859731
2024-10-10T21:00:00Z,0
2024-10-10T21:36:00Z,0.758147
2024-10-10T22:12:00Z,0
2024-10-10T22:48:00Z,0.7656849
2024-10-10T23:24:00Z,0
2024-10-11T00:00:00Z,0.8554835
2024-10-11T00:36:00Z,0
2024-10-11T02:24:00Z,0.5151962
2024-10-11T03:00:00Z,0.053138528
2024-10-11T03:36:00Z,0.1215598
2024-10-11T04:12:00Z,0.7622437
2024-10-11T04:48:00Z,0
2024-10-11T05:24:00Z,0.73873854
2024-10-11T06:36:00Z,0.83072
2024-10-11T07:12:00Z,0
2024-10-11T07:48:00Z,0.79451567
2024-10-11T08:24:00Z,0
2024-10-11T09:00:00Z,0.723556
2024-10-11T10:12:00Z,0.21995881
2024-10-11T11:24:00Z,0.8694185
2024-10-11T12:00:00Z,0
2024-10-11T12:36:00Z,0.623867
2024-10-11T15:00:00Z,0.09827019
2024-10-11T16:12:00Z,0.5583243
2024-10-11T16:48:00Z,0.123729385
2024-10-11T17:24:00Z,0.56204593
2024-10-11T18:00:00Z,0.09514361
2024-10-11T18:36:00Z,0.9349649
2024-10-11T19:12:00Z,0
2024-10-11T20:24:00Z,0.46167788
2024-10-11T21:00:00Z,0.14748669
2024-10-11T21:36:00Z,0.7806954
2024-10-11T22:12:00Z,0
2024-10-11T23:24:00Z,0.8624544
2024-10-12T00:00:00Z,0
2024-10-12T01:48:00Z,0.6707985
2024-10-12T02:24:00Z,0.0039130957
2024-10-12T03:00:00Z,0.48652962
2024-10-12T04:48:00Z,0.16523169
2024-10-12T05:24:00Z,0.54712695
2024-10-12T06:00:00Z,0.09414172
2024-10-12T07:12:00Z,0.9031735
2024-10-12T07:48:00Z,0
2024-10-12T09:00:00Z,0.733614
2024-10-12T10:12:00Z,0.0314904
2024-10-12T10:48:00Z,0.79121375
2024-10-12T11:24:00Z,0
2024-10-12T12:36:00Z,0.23038125
2024-10-12T13:12:00Z,0.9323999
2024-10-12T13:48:00Z,0
2024-10-12T14:24:00Z,0.044804588
2024-10-12T15:00:00Z,0.6818689
2024-10-12T16:48:00Z,0.23356846
2024-10-12T17:24:00Z,0.8103962
2024-10-12T18:00:00Z,0
2024-10-12T18:36:00Z,0.31768772
2024-10-12T19:12:00Z,0.01394491
2024-10-12T19:48:00Z,0.8683365
2024-10-12T20:24:00Z,0
2024-10-12T21:36:00Z,0.9724227
2024-10-12T22:12:00Z,0
2024-10-12T23:24:00Z,0.8020166
2024-10-13T00:00:00Z,0
2024-10-13T01:48:00Z,0.9881572
2024-10-13T02:24:00Z,0
2024-10-13T03:00:00Z,0.840078
2024-10-13T03:36:00Z,0
2024-10-13T04:12:00Z,0.98627377
2024-10-13T04:48:00Z,0
2024-10-13T05:24:00Z,0.7777194
2024-10-13T06:00:00Z,0
2024-10-13T06:36:00Z,0.43149176
2024-10-13T08:24:00Z,0.41206393
2024-10-13T09:00:00Z,0.79792196
2024-10-13T09:36:00Z,0
2024-10-13T11:24:00Z,0.5870702
2024-10-13T13:12:00Z,0.06406342
2024-10-13T13:48:00Z,0.5982649
2024-10-13T14:24:00Z,0.006438663
2024-10-13T16:12:00Z,0.27477747
2024-10-13T17:24:00Z,0.78636324
2024-10-13T18:00:00Z,0
2024-10-13T19:12:00Z,0.95172465
2024-10-13T19:48:00Z,0
2024-10-13T20:24:00Z,0.7082467
2024-10-13T21:00:00Z,0.97300714
2024-10-13T21:36:00Z,0
2024-10-13T22:48:00Z,0.31742722
2024-10-14T00:36:00Z,0.17450075
2024-10-14T01:48:00Z,0.9003299
2024-10-14T02:24:00Z,0
2024-10-14T04:12:00Z,0.3253406
2024-10-14T04:48:00Z,0.92409384
2024-10-14T05:24:00Z,0
2024-10-14T06:00:00Z,0.24181314
2024-10-14T06:36:00Z,0.041796673
2024-10-14T07:48:00Z,0.77460515
2024-10-14T08:24:00Z,0
2024-10-14T09:00:00Z,0.52167004
2024-10-14T10:12:00Z,0.021133931
2024-10-14T11:24:00Z,0.092593074
2024-10-14T12:00:00Z,0.8125404
2024-10-14T12:36:00Z,0
2024-10-14T13:12:00Z,0.6140631
2024-10-14T13:48:00Z,0.69051975
2024-10-14T14:24:00Z,0.026218005
2024-10-14T15:00:00Z,0.4362084
2024-10-14T16:12:00Z,0.5636737
2024-10-14T16:48:00Z,0.7699763
2024-10-14T17:24:00Z,0
2024-10-14T18:00:00Z,0.652289
2024-10-14T19:12:00Z,0.2467204
2024-10-14T19:48:00Z,0.6103775
2024-10-14T21:00:00Z,0.39975968
2024-10-14T22:12:00Z,0.93121046
2024-10-14T22:48:00Z,0
2024-10-14T23:24:00Z,0.9319662
2024-10-15T00:00:00Z,0
2024-10-15T00:36:00Z,0.41561317
2024-10-15T01:12:00Z,0.10618497
2024-10-15T03:00:00Z,0.04837298
2024-10-15T03:36:00Z,0.30423936
2024-10-15T04:12:00Z,0.08778952
2024-10-15T04:48:00Z,0.6382256
2024-10-15T06:36:00Z,0.20677912
2024-10-15T07:12:00Z,0.67813945
2024-10-15T07:48:00Z,0.27182034
2024-10-15T08:24:00Z,0.97480637
2024-10-15T09:00:00Z,0
2024-10-15T09:36:00Z,0.7822667
2024-10-15T10:12:00Z,0
2024-10-15T10:48:00Z,0.8249443
2024-10-15T11:24:00Z,0
2024-10-15T12:00:00Z,0.7796742
2024-10-15T12:36:00Z,0
2024-10-15T13:12:00Z,0.60643286
2024-10-15T13:48:00Z,0.7743251
2024-10-15T14:24:00Z,0
2024-10-15T15:00:00Z,0.89361435
2024-10-15T15:36:00Z,0
2024-10-15T16:48:00Z,0.7691204
2024-10-15T17:24:00Z,0
2024-10-15T18:00:00Z,0.61140597
2024-10-15T18:36:00Z,0.0037542009
2024-10-15T19:48:00Z,0.955373
2024-10-15T20:24:00Z,0
2024-10-15T21:00:00Z,0.7269125
2024-10-15T21:36:00Z,0.08159127
2024-10-15T22:12:00Z,0.64804065
2024-10-15T22:48:00Z,0.15786201
2024-10-15T23:24:00Z,0.117542684
2024-10-16T00:00:00Z,0.71373516
2024-10-16T01:12:00Z,0.550217
2024-10-16T01:48:00Z,0.780198
2024-10-16T02:24:00Z,0
2024-10-16T03:00:00Z,0.7742666
2024-10-16T03:36:00Z,0
2024-10-16T04:12:00Z,0.49560866
2024-10-16T05:24:00Z,0.041021746
2024-10-16T06:00:00Z,0.70003295
2024-10-16T06:36:00Z,0.36829826
2024-10-16T07:12:00Z,0.8395548
2024-10-16T07:48:00Z,0
2024-10-16T08:24:00Z,0.728885
2024-10-16T09:36:00Z,0.033669718
2024-10-16T10:12:00Z,0.4674649
2024-10-16T10:48:00Z,0.023462448
2024-10-16T11:24:00Z,0.8013938
2024-10-16T12:00:00Z,0
2024-10-16T14:24:00Z,0.48280358
2024-10-16T15:00:00Z,0.19007926
2024-10-16T15:36:00Z,0.60722554
2024-10-16T16:48:00Z,0.42548802
2024-10-16T17:24:00Z,0.7366436
2024-10-16T18:00:00Z,0.28290385
2024-10-16T18:36:00Z,0.24683766
2024-10-16T19:12:00Z,0.6531218
2024-10-16T19:48:00Z,0.39799893
2024-10-16T20:24:00Z,0.8987285
2024-10-16T21:00:00Z,0
2024-10-16T22:12:00Z,0.7827199
2024-10-16T22:48:00Z,0
2024-10-17T00:00:00Z,0.33663043
2024-10-17T00:36:00Z,0.828537
2024-10-17T01:12:00Z,0
2024-10-17T03:00:00Z,0.645881
2024-10-17T03:36:00Z,0.5654111
2024-10-17T04:12:00Z,0.07429212
2024-10-17T04:48:00Z,0.42914402
2024-10-17T05:24:00Z,0.040235404
2024-10-17T06:00:00Z,0.9700845
2024-10-17T06:36:00Z,0
2024-10-17T07:12:00Z,0.9319106
2024-10-17T07:48:00Z,0
2024-10-17T08:24:00Z,0.9255187
2024-10-17T09:00:00Z,0
2024-10-17T10:12:00Z,0.7977313
2024-10-17T10:48:00Z,0
2024-10-17T11:24:00Z,0.5236559
2024-10-17T12:36:00Z,0.037622966
2024-10-17T14:24:00Z,0.46956974
2024-10-17T15:00:00Z,0.9461651
2024-10-17T15:36:00Z,0
2024-10-17T16:12:00Z,0.63892794
2024-10-17T17:24:00Z,0.79827744
2024-10-17T18:00:00Z,0
2024-10-17T18:36:00Z,0.9173925
2024-10-17T19:12:00Z,0
2024-10-17T19:48:00Z,0.38525262
2024-10-17T20:24:00Z,0.31281936
2024-10-17T21:00:00Z,0.72121125
2024-10-17T21:36:00Z,0.13444509
2024-10-17T22:12:00Z,0.9849886
2024-10-17T22:48:00Z,0
2024-10-17T23:24:00Z,0.8129746
2024-10-18T00:00:00Z,0
2024-10-18T00:36:00Z,0.8222519
2024-10-18T01:12:00Z,0
2024-10-18T02:24:00Z,0.7722581
2024-10-18T03:00:00Z,0
2024-10-18T04:12:00Z,0.4590501
2024-10-18T04:48:00Z,0.30108672
2024-10-18T05:24:00Z,0.7711838
2024-10-18T06:00:00Z,0
2024-10-18T06:36:00Z,0.40786877
2024-10-18T07:12:00Z,0.07355189
2024-10-18T08:24:00Z,0.9283144
2024-10-18T09:00:00Z,0
2024-10-18T09:36:00Z,0.8295538
2024-10-18T10:12:00Z,0
2024-10-18T10:48:00Z,0.6782749
2024-10-18T11:24:00Z,0.47458035
2024-10-18T12:00:00Z,0.8601113
2024-10-18T12:36:00Z,0
2024-10-18T13:12:00Z,0.23850481
2024-10-18T13:48:00Z,0.96309865
2024-10-18T14:24:00Z,0
2024-10-18T15:00:00Z,0.65816027
2024-10-18T15:36:00Z,0.16668555
2024-10-18T17:24:00Z,0.26036397
2024-10-18T18:00:00Z,0.47895893
2024-10-18T18:36:00Z,0.21322548
2024-10-18T19:12:00Z,0.9641197
2024-10-18T19:48:00Z,0
2024-10-18T20:24:00Z,0.94938546
2024-10-18T21:00:00Z,0
2024-10-19T00:00:00Z,0.23453009
2024-10-19T00:36:00Z,0.14557742
2024-10-19T01:12:00Z,0.67248684
2024-10-19T01:48:00Z,0.30839458
2024-10-19T02:24:00Z,0.7458869
2024-10-19T03:00:00Z,0.705238
2024-10-19T03:36:00Z,0.0068494584
2024-10-19T04:12:00Z,0.59429455
2024-10-19T06:00:00Z,0.087188266
2024-10-19T06:36:00Z,0.44305813
2024-10-19T07:48:00Z,0.15107308
2024-10-19T10:12:00Z,0.6908131
2024-10-19T11:24:00Z,0.20931762
2024-10-19T12:00:00Z,0.98567337
2024-10-19T12:36:00Z,0
2024-10-19T13:12:00Z,0.96249455
2024-10-19T13:48:00Z,0
2024-10-19T14:24:00Z,0.1381929
2024-10-19T15:00:00Z,0.9572702
2024-10-19T15:36:00Z,0
2024-10-19T16:12:00Z,0.65370053
2024-10-19T16:48:00Z,0.103262484
2024-10-19T17:24:00Z,0.11628052
2024-10-19T18:00:00Z,0.6968268
2024-10-19T18:36:00Z,0.08506432
2024-10-19T19:12:00Z,0.74077207
2024-10-19T19:48:00Z,0.8145707
2024-10-19T20:24:00Z,0
2024-10-19T22:12:00Z,0.6772509
2024-10-19T22:48:00Z,0.014424827
2024-10-19T23:24:00Z,0.6545333
2024-10-20T01:48:00Z,0.124693714
2024-10-20T02:24:00Z,0.9771229
2024-10-20T03:00:00Z,0
2024-10-20T03:36:00Z,0.82301915
2024-10-20T04:12:00Z,0
2024-10-20T05:24:00Z,0.7474404
2024-10-20T06:00:00Z,0.3295261
2024-10-20T07:12:00Z,0.939208
2024-10-20T07:48:00Z,0
2024-10-20T08:24:00Z,0.4485783
2024-10-20T09:00:00Z,0.27835667
2024-10-20T09:36:00Z,0.86270773
2024-10-20T10:12:00Z,0
2024-10-20T10:48:00Z,0.54177755
2024-10-20T12:00:00Z,0.4935627
2024-10-20T12:36:00Z,0.120332465
2024-10-20T14:24:00Z,0.81740975
2024-10-20T15:00:00Z,0
2024-10-20T15:36:00Z,0.10794141
2024-10-20T16:12:00Z,0.9689434
2024-10-20T16:48:00Z,0
2024-10-20T18:36:00Z,0.6795328
2024-10-20T19:12:00Z,0.2012535
2024-10-20T20:24:00Z,0.4087877
2024-10-20T21:00:00Z,0.905666
2024-10-20T21:36:00Z,0
2024-10-20T23:24:00Z,0.4118012
2024-10-21T00:36:00Z,0.32945648
2024-10-21T01:12:00Z,0.654323
2024-10-21T03:00:00Z,0.87848437
2024-10-21T03:36:00Z,0
2024-10-21T04:12:00Z,0.58568746
2024-10-21T04:48:00Z,0.28680512
2024-10-21T06:00:00Z,0.8622447
2024-10-21T06:36:00Z,0
2024-10-21T07:48:00Z,0.6890774
2024-10-21T08:24:00Z,0.92273766
2024-10-21T09:00:00Z,0
2024-10-21T10:12:00Z,0.6660296
2024-10-21T11:24:00Z,0.4001915
2024-10-21T12:00:00Z,0.9810603
2024-10-21T12:36:00Z,0
2024-10-21T13:48:00Z,0.89263064
2024-10-21T14:24:00Z,0
2024-10-21T15:36:00Z,0.73267084
2024-10-21T16:48:00Z,0.54178935
2024-10-21T17:24:00Z,0.92176557
2024-10-21T18:00:00Z,0
2024-10-21T18:36:00Z,0.7206715
2024-10-21T19:12:00Z,0.82499677
2024-10-21T19:48:00Z,0
2024-10-21T20:24:00Z,0.91111064
2024-10-21T21:00:00Z,0
2024-10-21T22:12:00Z,0.08210752
2024-10-21T22:48:00Z,0.77152544
2024-10-21T23:24:00Z,0
2024-10-22T00:00:00Z,0.8892674
2024-10-22T00:36:00Z,0
2024-10-22T01:48:00Z,0.6247101
2024-10-22T03:00:00Z,0.23576064
2024-10-22T04:12:00Z,0.9307342
2024-10-22T04:48:00Z,0
2024-10-22T06:36:00Z,0.01989997
2024-10-22T07:12:00Z,0.45948118
2024-10-22T07:48:00Z,0.26854545
2024-10-22T09:00:00Z,0.7509844
2024-10-22T09:36:00Z,0
2024-10-22T10:12:00Z,0.8685437
2024-10-22T10:48:00Z,0
2024-10-22T11:24:00Z,0.8945041
2024-10-22T12:00:00Z,0
2024-10-22T12:36:00Z,0.35462165
2024-10-22T13:12:00Z,0.26179022
2024-10-22T13:48:00Z,0.8911255
2024-10-22T14:24:00Z,0
2024-10-22T15:00:00Z,0.9955169
2024-10-22T15:36:00Z,0
2024-10-22T16:48:00Z,0.34969428
2024-10-22T17:24:00Z,0.049226735
2024-10-22T18:00:00Z,0.24808647
2024-10-22T18:36:00Z,0.9803824
2024-10-22T19:12:00Z,0
2024-10-22T20:24:00Z,0.8890969
2024-10-22T21:00:00Z,0
2024-10-22T21:36:00Z,0.62072194
2024-10-22T22:48:00Z,0.16344951
2024-10-22T23:24:00Z,0.80554944
2024-10-23T00:00:00Z,0
2024-10-23T01:12:00Z,0.80353457
2024-10-23T01:48:00Z,0
2024-10-23T02:24:00Z,0.08266384
2024-10-23T03:00:00Z,0.7463004
2024-10-23T03:36:00Z,0.5896055
2024-10-23T04:12:00Z,0.9008115
2024-10-23T04:48:00Z,0
2024-10-23T05:24:00Z,0.35812575
2024-10-23T06:00:00Z,0.026095277
2024-10-23T06:36:00Z,0.62886906
2024-10-23T07:48:00Z,0.1948744
2024-10-23T08:24:00Z,0.7005394
2024-10-23T09:00:00Z,0.53034425
2024-10-23T09:36:00Z,0.9770656
2024-10-23T10:12:00Z,0
2024-10-23T11:24:00Z,0.24536277
2024-10-23T12:36:00Z,0.06614479
2024-10-23T13:12:00Z,0.48067927
2024-10-23T13:48:00Z,0.39116132
2024-10-23T14:24:00Z,0.7303484
2024-10-23T15:00:00Z,0.092168316
2024-10-23T15:36:00Z,0.850814
2024-10-23T16:12:00Z,0
2024-10-23T16:48:00Z,0.53097117
2024-10-23T17:24:00Z,0.11174795
2024-10-23T18:36:00Z,0.59656644
2024-10-23T19:12:00Z,0.31291288
2024-10-23T21:00:00Z,0.71660435
2024-10-23T22:12:00Z,0.21068804
2024-10-23T22:48:00Z,0.65544873
2024-10-23T23:24:00Z,0.13679494
2024-10-24T00:00:00Z,0.9599505
2024-10-24T00:36:00Z,0
2024-10-24T01:48:00Z,0.88599795
2024-10-24T02:24:00Z,0
2024-10-24T03:00:00Z,0.19566365
2024-10-24T03:36:00Z,0.7959929
2024-10-24T04:12:00Z,0
2024-10-24T04:48:00Z,0.7104914
2024-10-24T05:24:00Z,0.8653177
2024-10-24T06:00:00Z,0
2024-10-24T09:36:00Z,0.63467616
2024-10-24T10:12:00Z,0.9562495
2024-10-24T10:48:00Z,0
2024-10-24T12:36:00Z,0.7869976
2024-10-24T13:12:00Z,0
2024-10-24T14:24:00Z,0.24028052
2024-10-24T15:00:00Z,0.87130636
2024-10-24T15:36:00Z,0
2024-10-24T16:12:00Z,0.0066523915
2024-10-24T16:48:00Z,0.6006143
2024-10-24T17:24:00Z,0.36957172
2024-10-24T18:00:00Z,0.6539275
2024-10-24T18:36:00Z,0.0052616675
2024-10-24T19:48:00Z,0.9145127
2024-10-24T20:24:00Z,0
2024-10-24T21:00:00Z,0.43603212
2024-10-24T22:12:00Z,0.6644701
2024-10-24T22:48:00Z,0.22945575
2024-10-24T23:24:00Z,0.93822783
2024-10-25T00:00:00Z,0
2024-10-25T01:48:00Z,0.99309987
2024-10-25T02:24:00Z,0
2024-10-25T03:00:00Z,0.1611876
2024-10-25T03:36:00Z,0.85649747
2024-10-25T04:12:00Z,0
2024-10-25T04:48:00Z,0.18871284
2024-10-25T05:24:00Z,0.7935619
2024-10-25T06:00:00Z,0
2024-10-25T07:48:00Z,0.021260928
2024-10-25T08:24:00Z,0.7685501
2024-10-25T09:00:00Z,0
2024-10-25T10:12:00Z,0.84769
2024-10-25T10:48:00Z,0
2024-10-25T12:00:00Z,0.79552704
2024-10-25T12:36:00Z,0
2024-10-25T13:12:00Z,0.34190908
2024-10-25T13:48:00Z,0.059409484
2024-10-25T15:00:00Z,0.63681924
2024-10-25T16:12:00Z,0.058015216
2024-10-25T16:48:00Z,0.9079866
2024-10-25T17:24:00Z,0
2024-10-25T18:00:00Z,0.44380718
2024-10-25T19:12:00Z,0.6003528
2024-10-25T19:48:00Z,0.046722766
2024-10-25T22:12:00Z,0.54058796
2024-10-25T22:48:00Z,0.20852228
2024-10-25T23:24:00Z,0.4541248
2024-10-26T00:00:00Z,0.060970396
2024-10-26T01:12:00Z,0.26421127
2024-10-26T01:48:00Z,0.88923943
2024-10-26T02:24:00Z,0
2024-10-26T03:00:00Z,0.64149433
2024-10-26T04:12:00Z,0.82365525
2024-10-26T04:48:00Z,0
2024-10-26T06:36:00Z,0.7548189
2024-10-26T07:12:00Z,0
2024-10-26T07:48:00Z,0.5048328
2024-10-26T09:36:00Z,0.010880156
2024-10-26T11:24:00Z,0.54831034
2024-10-26T12:00:00Z,0.12846714
2024-10-26T12:36:00Z,0.78769827
2024-10-26T13:12:00Z,0
2024-10-26T14:24:00Z,0.8863726
2024-10-26T15:00:00Z,0
2024-10-26T15:36:00Z,0.61298645
2024-10-26T16:48:00Z,0.9746541
2024-10-26T17:24:00Z,0
2024-10-26T18:00:00Z,0.9179878
2024-10-26T18:36:00Z,0
2024-10-26T19:12:00Z,0.8266332
2024-10-26T19:48:00Z,0
2024-10-26T21:00:00Z,0.4246193
2024-10-26T21:36:00Z,0.22747114
2024-10-26T22:12:00Z,0.90632504
2024-10-26T22:48:00Z,0
2024-10-26T23:24:00Z,0.60886353
2024-10-27T00:36:00Z,0.16537057
2024-10-27T01:12:00Z,0.71349007
2024-10-27T02:24:00Z,0.19971728
2024-10-27T03:00:00Z,0.92782617
2024-10-27T03:36:00Z,0
2024-10-27T04:48:00Z,0.9363681
2024-10-27T05:24:00Z,0
2024-10-27T07:48:00Z,0.8044677
2024-10-27T08:24:00Z,0
2024-10-27T09:00:00Z,0.9077404
2024-10-27T09:36:00Z,0
2024-10-27T12:00:00Z,0.48671365
2024-10-27T12:36:00Z,0.30347443
2024-10-27T13:12:00Z,0.8610882
2024-10-27T13:48:00Z,0
2024-10-27T15:00:00Z,0.6098233
2024-10-27T16:12:00Z,0.8428152
2024-10-27T16:48:00Z,0
2024-10-27T18:00:00Z,0.042312454
2024-10-27T18:36:00Z,0.3848621
2024-10-27T19:12:00Z,0.31847236
2024-10-27T19:48:00Z,0.6883548
2024-10-27T20:24:00Z,0.5746759
2024-10-27T21:00:00Z,0.9090224
2024-10-27T21:36:00Z,0
2024-10-27T22:48:00Z,0.71867025
2024-10-27T23:24:00Z,0.76564425
2024-10-28T00:00:00Z,0
2024-10-28T01:48:00Z,0.8979423
2024-10-28T02:24:00Z,0
2024-10-28T03:36:00Z,0.3422469
2024-10-28T04:12:00Z,0.9190933
2024-10-28T04:48:00Z,0
2024-10-28T06:36:00Z,0.32788357
2024-10-28T07:12:00Z,0.09664652
2024-10-28T07:48:00Z,0.89264697
2024-10-28T08:24:00Z,0
2024-10-28T09:36:00Z,0.68341416
2024-10-28T10:12:00Z,0.35214162
2024-10-28T10:48:00Z,0.63644147
2024-10-28T11:24:00Z,0.0152755445
2024-10-28T13:12:00Z,0.9362434
2024-10-28T13:48:00Z,0
2024-10-28T14:24:00Z,0.9448729
2024-10-28T15:00:00Z,0
2024-10-28T15:36:00Z,0.70006555
2024-10-28T16:48:00Z,0.23642747
2024-10-28T18:00:00Z,0.714378
2024-10-28T21:00:00Z,0.619685
2024-10-28T21:36:00Z,0.21452816
2024-10-28T23:24:00Z,0.28265184
2024-10-29T00:00:00Z,0.06676934
2024-10-29T00:36:00Z,0.7553044
2024-10-29T01:12:00Z,0
2024-10-29T02:24:00Z,0.5505412
2024-10-29T03:00:00Z,0.17269126
2024-10-29T04:48:00Z,0.74041706
2024-10-29T05:24:00Z,0.04436876
2024-10-29T06:36:00Z,0.9629751
2024-10-29T07:12:00Z,0
2024-10-29T07:48:00Z,0.44128236
2024-10-29T09:36:00Z,0.48423332
2024-10-29T10:12:00Z,0.8873553
2024-10-29T10:48:00Z,0
2024-10-29T12:00:00Z,0.77909344
2024-10-29T12:36:00Z,0
2024-10-29T13:12:00Z,0.88374096
2024-10-29T13:48:00Z,0
2024-10-29T15:00:00Z,0.6887497
2024-10-29T16:48:00Z,0.12307657
2024-10-29T17:24:00Z,0.87926793
2024-10-29T18:00:00Z,0
2024-10-29T20:24:00Z,0.62548697
2024-10-29T21:00:00Z,0.038575344
2024-10-29T21:36:00Z,0.7532358
2024-10-29T22:12:00Z,0
2024-10-29T22:48:00Z,0.91827315
2024-10-29T23:24:00Z,0
2024-10-30T00:36:00Z,0.82019645
2024-10-30T01:12:00Z,0
2024-10-30T03:00:00Z,0.54187447
2024-10-30T03:36:00Z,0.011897397
2024-10-30T04:48:00Z,0.5601854
2024-10-30T05:24:00Z,0.04229216
2024-10-30T06:00:00Z,0.8634402
2024-10-30T06:36:00Z,0
2024-10-30T08:24:00Z,0.3264654
2024-10-30T10:12:00Z,0.105052486
2024-10-30T10:48:00Z,0.8793153
2024-10-30T11:24:00Z,0
2024-10-30T12:00:00Z,0.30850902
2024-10-30T12:36:00Z,0.009531613
2024-10-30T13:12:00Z,0.83078635
2024-10-30T13:48:00Z,0
2024-10-30T14:24:00Z,0.58550656
2024-10-30T16:12:00Z,0.26001108
2024-10-30T16:48:00Z,0.4274004
2024-10-30T17:24:00Z,0.026587766
2024-10-30T18:36:00Z,0.7732894
2024-10-30T19:12:00Z,0
2024-10-30T19:48:00Z,0.436822
2024-10-30T21:00:00Z,0.11130414
2024-10-30T21:36:00Z,0.22037067
2024-10-30T22:12:00Z,0.817989
2024-10-30T22:48:00Z,0
2024-10-30T23:24:00Z,0.75443804
2024-10-31T00:00:00Z,0
2024-10-31T00:36:00Z,0.55267423
2024-10-31T01:48:00Z,0.38002363
2024-10-31T02:24:00Z,0.77511495
2024-10-31T03:00:00Z,0
2024-10-31T04:12:00Z,0.69406945
2024-10-31T05:24:00Z,0.05749698
2024-10-31T06:00:00Z,0.9594921
2024-10-31T06:36:00Z,0
2024-10-31T07:12:00Z,0.87194437
2024-10-31T07:48:00Z,0
2024-10-31T10:48:00Z,0.7225669
2024-10-31T11:24:00Z,0.08778253
2024-10-31T12:00:00Z,0.22061516
2024-10-31T12:36:00Z,0.80142134
2024-10-31T13:12:00Z,0
2024-10-31T13:48:00Z,0.056798384
2024-10-31T15:00:00Z,0.8468602
2024-10-31T15:36:00Z,0
2024-10-31T16:12:00Z,0.8584969
2024-10-31T16:48:00Z,0
2024-10-31T18:00:00Z,0.8824937
2024-10-31T18:36:00Z,0
2024-10-31T19:48:00Z,0.20047301
2024-10-31T20:24:00Z,0.88315
2024-10-31T21:00:00Z,0
2024-10-31T21:36:00Z,0.87536544
2024-10-31T22:12:00Z,0
2024-10-31T23:24:00Z,0.2139981
2024-11-01T00:00:00Z,0.7651963
2024-11-01T00:36:00Z,0
2024-11-01T01:12:00Z,0.717171
2024-11-01T01:48:00Z,0.83778673
2024-11-01T02:24:00Z,0
2024-11-01T03:00:00Z,0.81514597
2024-11-01T03:36:00Z,0
2024-11-01T04:12:00Z,0.97516865
2024-11-01T04:48:00Z,0
2024-11-01T05:24:00Z,0.9076948
2024-11-01T06:00:00Z,0
2024-11-01T07:12:00Z,0.9459485
2024-11-01T07:48:00Z,0
2024-11-01T08:24:00Z,0.852773
2024-11-01T09:00:00Z,0
2024-11-01T09:36:00Z,0.5897928
2024-11-01T10:12:00Z,0.10609872
2024-11-01T10:48:00Z,0.8150223
2024-11-01T11:24:00Z,0
2024-11-01T12:00:00Z,0.7038351
2024-11-01T12:36:00Z,0.89540195
2024-11-01T13:12:00Z,0
2024-11-01T13:48:00Z,0.77075064
2024-11-01T14:24:00Z,0
2024-11-01T15:00:00Z,0.5836907
2024-11-01T15:36:00Z,0.25901502
2024-11-01T16:48:00Z,0.46624714
2024-11-01T17:24:00Z,0.020142147
2024-11-01T18:36:00Z,0.9182713
2024-11-01T19:12:00Z,0
2024-11-01T21:00:00Z,0.26080686
2024-11-01T22:12:00Z,0.9624873
2024-11-01T22:48:00Z,0
2024-11-01T23:24:00Z,0.94055873
2024-11-02T00:00:00Z,0
2024-11-02T00:36:00Z,0.9893782
2024-11-02T01:12:00Z,0
2024-11-02T02:24:00Z,0.03482843
2024-11-02T03:00:00Z,0.7714019
2024-11-02T03:36:00Z,0
2024-11-02T06:00:00Z,0.7740535
2024-11-02T06:36:00Z,0
2024-11-02T09:00:00Z,0.87247896
2024-11-02T09:36:00Z,0
2024-11-02T10:12:00Z,0.69887865
2024-11-02T11:24:00Z,0.20659432
2024-11-02T13:12:00Z,0.9676413
2024-11-02T13:48:00Z,0
2024-11-02T14:24:00Z,0.0189984
2024-11-02T15:00:00Z,0.89317703
2024-11-02T15:36:00Z,0
2024-11-02T16:12:00Z,0.18961464
2024-11-02T16:48:00Z,0.90302545
2024-11-02T17:24:00Z,0
2024-11-02T18:36:00Z,0.06986285
2024-11-02T19:48:00Z,0.7565852
2024-11-02T20:24:00Z,0
2024-11-02T21:00:00Z,0.822653
2024-11-02T21:36:00Z,0
2024-11-02T22:12:00Z,0.46096373
2024-11-03T00:00:00Z,0.25771052
2024-11-03T00:36:00Z,0.91358435
2024-11-03T01:12:00Z,0
2024-11-03T01:48:00Z,0.4917295
2024-11-03T02:24:00Z,0.03162105
2024-11-03T03:00:00Z,0.22154683
2024-11-03T03:36:00Z,0.814145
2024-11-03T04:12:00Z,0
2024-11-03T04:48:00Z,0.6828643
2024-11-03T05:24:00Z,0.6994502
2024-11-03T06:00:00Z,0.1299406
2024-11-03T06:36:00Z,0.75064445
2024-11-03T07:12:00Z,0
2024-11-03T07:48:00Z,0.83616084
2024-11-03T08:24:00Z,0
2024-11-03T09:00:00Z,0.20703253
2024-11-03T09:36:00Z,0.8686509
2024-11-03T10:12:00Z,0
2024-11-03T10:48:00Z,0.45999297
2024-11-03T11:24:00Z,0.026906064
2024-11-03T12:00:00Z,0.7937802
2024-11-03T12:36:00Z,0
2024-11-03T13:12:00Z,0.8978672
2024-11-03T13:48:00Z,0
2024-11-03T15:00:00Z,0.996497
2024-11-03T15:36:00Z,0
2024-11-03T16:48:00Z,0.47480398
2024-11-03T18:36:00Z,0.13978867
2024-11-03T19:12:00Z,0.72845113
2024-11-03T21:00:00Z,0.040039785
2024-11-03T21:36:00Z,0.7545388
2024-11-03T22:12:00Z,0
2024-11-03T22:48:00Z,0.9893723
2024-11-03T23:24:00Z,0
2024-11-04T00:36:00Z,0.97714233
2024-11-04T01:12:00Z,0
2024-11-04T01:48:00Z,0.020364791
2024-11-04T02:24:00Z,0.7299028
2024-11-04T03:00:00Z,0.7579961
2024-11-04T03:36:00Z,0
2024-11-04T06:00:00Z,0.8706205
2024-11-04T06:36:00Z,0
2024-11-04T07:12:00Z,0.7093664
2024-11-04T09:00:00Z,0.22701153
2024-11-04T09:36:00Z,0.6574889
2024-11-04T10:12:00Z,0.38043866
2024-11-04T10:48:00Z,0.72286505
2024-11-04T11:24:00Z,0.18691538
2024-11-04T13:12:00Z,0.6427173
2024-11-04T13:48:00Z,0.14070918
2024-11-04T15:00:00Z,0.49766168
2024-11-04T15:36:00Z,0.017447075
2024-11-04T16:12:00Z,0.9757403
2024-11-04T16:48:00Z,0
2024-11-04T17:24:00Z,0.9220754
2024-11-04T18:00:00Z,0
2024-11-04T19:48:00Z,0.82443666
2024-11-04T20:24:00Z,0
2024-11-04T21:00:00Z,0.5962624
2024-11-04T22:12:00Z,0.30438173
2024-11-04T22:48:00Z,0.9247051
2024-11-04T23:24:00Z,0
2024-11-05T00:36:00Z,0.26564595
2024-11-05T01:12:00Z,0.7501308
2024-11-05T01:48:00Z,0
2024-11-05T02:24:00Z,0.6808602
2024-11-05T03:36:00Z,0.9640275
2024-11-05T04:12:00Z,0
2024-11-05T05:24:00Z,0.5710807
2024-11-05T07:12:00Z,0.22414768
2024-11-05T07:48:00Z,0.8540933
2024-11-05T08:24:00Z,0
2024-11-05T09:36:00Z,0.9526826
2024-11-05T10:12:00Z,0
2024-11-05T11:24:00Z,0.87629277
2024-11-05T12:00:00Z,0
2024-11-05T12:36:00Z,0.5104566
2024-11-05T13:12:00Z,0.41848332
2024-11-05T13:48:00Z,0.8411646
2024-11-05T14:24:00Z,0
2024-11-05T15:00:00Z,0.87506324
2024-11-05T15:36:00Z,0
2024-11-05T17:24:00Z,0.5929048
2024-11-05T19:12:00Z,0.14812942
2024-11-05T19:48:00Z,0.5386767
2024-11-05T20:24:00Z,0.45120832
2024-11-05T21:00:00Z,0.76512045
2024-11-05T21:36:00Z,0
2024-11-05T22:12:00Z,0.5577987
2024-11-05T22:48:00Z,0.3795555
2024-11-05T23:24:00Z,0.7104477
2024-11-06T00:36:00Z,0.22228979
2024-11-06T02:24:00Z,0.4599241
2024-11-06T03:00:00Z,0.7047778
2024-11-06T04:12:00Z,0.2557708
2024-11-06T05:24:00Z,0.36171234
2024-11-06T06:00:00Z,0.7646696
2024-11-06T06:36:00Z,0
2024-11-06T07:12:00Z,0.86428374
2024-11-06T07:48:00Z,0
2024-11-06T08:24:00Z,0.50060856
2024-11-06T09:36:00Z,0.07604414
2024-11-06T11:24:00Z,0.53201944
2024-11-06T12:00:00Z,0.17451204
2024-11-06T12:36:00Z,0.370615
2024-11-06T13:12:00Z,0.09050405
2024-11-06T15:00:00Z,0.8338989
2024-11-06T15:36:00Z,0
2024-11-06T16:48:00Z,0.50934964
2024-11-06T17:24:00Z,0.3143433
2024-11-06T18:00:00Z,0.7172871
2024-11-06T18:36:00Z,0.03989784
2024-11-06T19:12:00Z,0.82505524
2024-11-06T19:48:00Z,0
2024-11-06T20:24:00Z,0.72168124
2024-11-06T21:00:00Z,0.11727184
2024-11-07T00:00:00Z,0.08125874
2024-11-07T00:36:00Z,0.98916286
2024-11-07T01:12:00Z,0
2024-11-07T03:36:00Z,0.032653175
2024-11-07T04:12:00Z,0.7433094
2024-11-07T05:24:00Z,0.8828838
2024-11-07T06:00:00Z,0
2024-11-07T06:36:00Z,0.5835699
2024-11-07T07:12:00Z,0.6962677
2024-11-07T07:48:00Z,0.18953283
2024-11-07T08:24:00Z,0.9086565
2024-11-07T09:00:00Z,0
2024-11-07T10:48:00Z,0.67664915
2024-11-07T13:12:00Z,0.32518044
2024-11-07T13:48:00Z,0.4460788
2024-11-07T14:24:00Z,0.9992982
2024-11-07T15:00:00Z,0
2024-11-07T16:12:00Z,0.8215958
2024-11-07T16:48:00Z,0
2024-11-07T17:24:00Z,0.59710777
2024-11-07T18:36:00Z,0.2979761
2024-11-07T19:12:00Z,0.8643001
2024-11-07T19:48:00Z,0
2024-11-07T21:00:00Z,0.39601988
2024-11-07T21:36:00Z,0.13860361
2024-11-07T22:12:00Z,0.70226854
2024-11-07T22:48:00Z,0.38416216
2024-11-07T23:24:00Z,0.85873544
2024-11-08T00:00:00Z,0
2024-11-08T00:36:00Z,0.49282336
2024-11-08T01:12:00Z,0.4360196
2024-11-08T01:48:00Z,0.8456229
2024-11-08T02:24:00Z,0
2024-11-08T03:00:00Z,0.087060705
2024-11-08T03:36:00Z,0.77466893
2024-11-08T04:12:00Z,0
2024-11-08T04:48:00Z,0.030868722
2024-11-08T05:24:00Z,0.9837531
2024-11-08T06:00:00Z,0
2024-11-08T06:36:00Z,0.9425576
2024-11-08T07:12:00Z,0
2024-11-08T07:48:00Z,0.9849514
2024-11-08T08:24:00Z,0
2024-11-08T09:36:00Z,0.0007544691
2024-11-08T10:12:00Z,0.8826781
2024-11-08T10:48:00Z,0
2024-11-08T11:24:00Z,0.9779426
2024-11-08T12:00:00Z,0
2024-11-08T14:24:00Z,0.9996221
2024-11-08T15:00:00Z,0
2024-11-08T15:36:00Z,0.51496613
2024-11-08T16:48:00Z,0.6987063
2024-11-08T17:24:00Z,0.30603284
2024-11-08T18:00:00Z,0.83343136
2024-11-08T18:36:00Z,0
2024-11-08T19:12:00Z,0.6249893
2024-11-08T19:48:00Z,0.10998376
2024-11-08T20:24:00Z,0.71731716
2024-11-08T21:00:00Z,0.18700314
2024-11-08T21:36:00Z,0.8216954
2024-11-08T22:12:00Z,0
2024-11-08T22:48:00Z,0.067645125
2024-11-08T23:24:00Z,0.9629448
2024-11-09T00:00:00Z,0
2024-11-09T00:36:00Z,0.62132716
2024-11-09T01:12:00Z,0.17597315
2024-11-09T01:48:00Z,0.48809674
2024-11-09T02:24:00Z,0.31741706
2024-11-09T03:00:00Z,0.6062252
2024-11-09T03:36:00Z,0.21799837
2024-11-09T04:48:00Z,0.12391458
2024-11-09T05:24:00Z,0.8530316
2024-11-09T06:00:00Z,0
2024-11-09T07:48:00Z,0.34852037
2024-11-09T09:00:00Z,0.7067872
2024-11-09T09:36:00Z,0.07520465
2024-11-09T10:48:00Z,0.5520213
2024-11-09T12:00:00Z,0.07737919
2024-11-09T13:12:00Z,0.34533462
2024-11-09T13:48:00Z,0.07314781
2024-11-09T14:24:00Z,0.84723717
2024-11-09T15:00:00Z,0
2024-11-09T16:12:00Z,0.78666306
2024-11-09T16:48:00Z,0
2024-11-09T17:24:00Z,0.66204447
2024-11-09T18:00:00Z,0.1918582
2024-11-09T20:24:00Z,0.13232788
2024-11-09T21:00:00Z,0.47277638
2024-11-09T21:36:00Z,0.33753794
2024-11-09T22:12:00Z,0.66597706
2024-11-09T22:48:00Z,0.24048525
2024-11-10T00:00:00Z,0.79628515
2024-11-10T00:36:00Z,0
2024-11-10T01:12:00Z,0.00050806254
2024-11-10T01:48:00Z,0.6772431
2024-11-10T02:24:00Z,0.30370504
2024-11-10T03:00:00Z,0.4088972
2024-11-10T03:36:00Z,0.9201242
2024-11-10T04:12:00Z,0
2024-11-10T05:24:00Z,0.3601631
2024-11-10T06:00:00Z,0.7826766
2024-11-10T06:36:00Z,0
2024-11-10T07:12:00Z,0.6293162
2024-11-10T07:48:00Z,0.09997601
2024-11-10T09:00:00Z,0.6003714
2024-11-10T09:36:00Z,0.50969917
2024-11-10T10:12:00Z,0.88854676
2024-11-10T10:48:00Z,0
2024-11-10T11:24:00Z,0.9907422
2024-11-10T12:00:00Z,0
2024-11-10T12:36:00Z,0.6893008
2024-11-10T13:48:00Z,0.1708269
2024-11-10T14:24:00Z,0.52973115
2024-11-10T15:00:00Z,0.41832837
2024-11-10T16:48:00Z,0.45780867
2024-11-10T17:24:00Z,0.89763767
2024-11-10T18:00:00Z,0
2024-11-10T21:36:00Z,0.50547826
2024-11-10T22:12:00Z,0.88342905
2024-11-10T22:48:00Z,0
2024-11-10T23:24:00Z,0.098572105
2024-11-11T00:00:00Z,0.63913083
2024-11-11T01:48:00Z,0.62588465
2024-11-11T02:24:00Z,0.2249087
2024-11-11T03:00:00Z,0.8145975
2024-11-11T03:36:00Z,0
2024-11-11T04:12:00Z,0.6132075
2024-11-11T04:48:00Z,0.23149209
2024-11-11T07:48:00Z,0.25205994
2024-11-11T09:00:00Z,0.96966296
2024-11-11T09:36:00Z,0
2024-11-11T10:48:00Z,0.64771897
2024-11-11T11:24:00Z,0.071220115
2024-11-11T12:00:00Z,0.9621815
2024-11-11T12:36:00Z,0
2024-11-11T13:12:00Z,0.9322609
2024-11-11T13:48:00Z,0
2024-11-11T14:24:00Z,0.4830337
2024-11-11T15:00:00Z,0.1256818
2024-11-11T16:12:00Z,0.2804952
2024-11-11T16:48:00Z,0.028661959
2024-11-11T17:24:00Z,0.50518996
2024-11-11T18:36:00Z,0.38603526
2024-11-11T19:12:00Z,0.78445464
2024-11-11T19:48:00Z,0
2024-11-11T20:24:00Z,0.371364
2024-11-11T21:00:00Z,0.3088685
2024-11-11T21:36:00Z,0.80346
2024-11-11T22:12:00Z,0
2024-11-11T22:48:00Z,0.95050454
2024-11-11T23:24:00Z,0
2024-11-12T00:00:00Z,0.72840434
2024-11-12T02:24:00Z,0.09583975
2024-11-12T03:00:00Z,0.8310838
2024-11-12T03:36:00Z,0
2024-11-12T04:12:00Z,0.7760745
2024-11-12T04:48:00Z,0
2024-11-12T05:24:00Z,0.79866135
2024-11-12T06:00:00Z,0
2024-11-12T07:12:00Z,0.79208684
2024-11-12T07:48:00Z,0
2024-11-12T09:00:00Z,0.9006977
2024-11-12T09:36:00Z,0
2024-11-12T10:12:00Z,0.59081745
2024-11-12T10:48:00Z,0.21566512
2024-11-12T12:00:00Z,0.94603497
2024-11-12T12:36:00Z,0
2024-11-12T13:12:00Z,0.61978436
2024-11-12T14:24:00Z,0.48667455
2024-11-12T15:00:00Z,0.878489
2024-11-12T15:36:00Z,0
2024-11-12T17:24:00Z,0.9430401
2024-11-12T18:00:00Z,0
2024-11-12T18:36:00Z,0.59528947
2024-11-12T19:12:00Z,0.74830985
2024-11-12T19:48:00Z,0.22795925
2024-11-12T21:00:00Z,0.2775313
2024-11-12T22:12:00Z,0.95531166
2024-11-12T22:48:00Z,0
2024-11-12T23:24:00Z,0.6709165
2024-11-13T00:00:00Z,0.49774566
2024-11-13T00:36:00Z,0.8850488
2024-11-13T01:12:00Z,0
2024-11-13T04:12:00Z,0.502374
2024-11-13T05:24:00Z,0.4099624
2024-11-13T06:36:00Z,0.9174861
2024-11-13T07:12:00Z,0
2024-11-13T07:48:00Z,0.95765764
2024-11-13T08:24:00Z,0
2024-11-13T09:00:00Z,0.9328634
2024-11-13T09:36:00Z,0
2024-11-13T10:12:00Z,0.995528
2024-11-13T10:48:00Z,0
2024-11-13T11:24:00Z,0.5235705
2024-11-13T12:36:00Z,0.59329545
2024-11-13T13:12:00Z,0.9235793
2024-11-13T13:48:00Z,0
2024-11-13T14:24:00Z,0.92317736
2024-11-13T15:00:00Z,0
2024-11-13T16:48:00Z,0.6016423
2024-11-13T18:36:00Z,0.30135015
2024-11-13T19:48:00Z,0.9924067
2024-11-13T20:24:00Z,0
2024-11-13T21:00:00Z,0.69100857
2024-11-13T21:36:00Z,0.022448234
2024-11-13T22:12:00Z,0.147346
2024-11-13T22:48:00Z,0.90445024
2024-11-13T23:24:00Z,0
2024-11-14T00:00:00Z,0.011539539
2024-11-14T01:12:00Z,0.89279693
2024-11-14T01:48:00Z,0
2024-11-14T03:00:00Z,0.67120737
2024-11-14T03:36:00Z,0.04847243
2024-11-14T04:48:00Z,0.84916407
2024-11-14T05:24:00Z,0
2024-11-14T06:36:00Z,0.88618773
2024-11-14T07:12:00Z,0
2024-11-14T07:48:00Z,0.97116685
2024-11-14T08:24:00Z,0
2024-11-14T09:00:00Z,0.93117255
2024-11-14T09:36:00Z,0
2024-11-14T10:12:00Z,0.3669541
2024-11-14T10:48:00Z,0.16175288
2024-11-14T11:24:00Z,0.8744211
2024-11-14T12:00:00Z,0
2024-11-14T12:36:00Z,0.5787442
2024-11-14T13:12:00Z,0.474175
2024-11-14T13:48:00Z,0.98791146
2024-11-14T14:24:00Z,0
2024-11-14T15:00:00Z,0.87424713
2024-11-14T15:36:00Z,0
2024-11-14T16:12:00Z,0.60667425
2024-11-14T16:48:00Z,0.29791844
2024-11-14T17:24:00Z,0.77246606
2024-11-14T18:00:00Z,0
2024-11-14T18:36:00Z,0.49533996
2024-11-14T19:12:00Z,0.32761666
2024-11-14T20:24:00Z,0.6739352
2024-11-14T21:00:00Z,0.0039666835
2024-11-14T21:36:00Z,0.98121643
2024-11-14T22:12:00Z,0
2024-11-14T22:48:00Z,0.5421077
2024-11-15T00:36:00Z,0.304849
2024-11-15T01:12:00Z,0.7967863
2024-11-15T01:48:00Z,0
2024-11-15T02:24:00Z,0.7295129
2024-11-15T03:00:00Z,0.7923816
2024-11-15T03:36:00Z,0
2024-11-15T04:12:00Z,0.68228155
2024-11-15T04:48:00Z,0.27951348
2024-11-15T05:24:00Z,0.6732484
2024-11-15T06:00:00Z,0.29915714
2024-11-15T06:36:00Z,0.9872382
2024-11-15T07:12:00Z,0
2024-11-15T07:48:00Z,0.8716141
2024-11-15T08:24:00Z,0
2024-11-15T09:36:00Z,0.7479846
2024-11-15T10:12:00Z,0.80702394
2024-11-15T10:48:00Z,0
2024-11-15T11:24:00Z,0.49295858
2024-11-15T12:00:00Z,0.07482015
2024-11-15T13:48:00Z,0.921361
2024-11-15T14:24:00Z,0
2024-11-15T15:00:00Z,0.36033878
2024-11-15T16:12:00Z,0.049462944
2024-11-15T16:48:00Z,0.95951277
2024-11-15T17:24:00Z,0
2024-11-15T18:36:00Z,0.49220675
2024-11-15T19:48:00Z,0.24295056
2024-11-15T21:00:00Z,0.813057
2024-11-15T21:36:00Z,0
2024-11-15T22:12:00Z,0.048801687
2024-11-15T23:24:00Z,0.84547997
2024-11-16T00:00:00Z,0
2024-11-16T00:36:00Z,0.92230016
2024-11-16T01:12:00Z,0
2024-11-16T01:48:00Z,0.68452835
2024-11-16T02:24:00Z,0.7529125
2024-11-16T03:00:00Z,0
2024-11-16T03:36:00Z,0.93881834
2024-11-16T04:12:00Z,0
2024-11-16T04:48:00Z,0.09496606
2024-11-16T05:24:00Z,0.8746234
2024-11-16T06:00:00Z,0
2024-11-16T06:36:00Z,0.37199003
2024-11-16T09:00:00Z,0.5543398
2024-11-16T09:36:00Z,0.18499051
2024-11-16T10:12:00Z,0.94971037
2024-11-16T10:48:00Z,0
2024-11-16T11:24:00Z,0.97729105
2024-11-16T12:00:00Z,0
2024-11-16T12:36:00Z,0.42767385
2024-11-16T13:12:00Z,0.32713673
2024-11-16T13:48:00Z,0.74572664
2024-11-16T15:00:00Z,0.037212633
2024-11-16T15:36:00Z,0.6733587
2024-11-16T16:48:00Z,0.6441957
2024-11-16T17:24:00Z,0.3041322
2024-11-16T18:00:00Z,0.9177922
2024-11-16T18:36:00Z,0
2024-11-16T19:12:00Z,0.59608936
2024-11-16T19:48:00Z,0.17498398
2024-11-16T21:00:00Z,0.76785105
2024-11-16T21:36:00Z,0
2024-11-16T22:12:00Z,0.73579997
2024-11-16T22:48:00Z,0.8249277
2024-11-16T23:24:00Z,0
2024-11-17T01:12:00Z,0.27843142
2024-11-17T01:48:00Z,0.8470654
2024-11-17T02:24:00Z,0
2024-11-17T03:00:00Z,0.96830255
2024-11-17T03:36:00Z,0
2024-11-17T04:12:00Z,0.89872104
2024-11-17T04:48:00Z,0
2024-11-17T06:00:00Z,0.5821647
2024-11-17T06:36:00Z,0.1346385
2024-11-17T07:12:00Z,0.3177657
2024-11-17T07:48:00Z,0.9661214
2024-11-17T08:24:00Z,0
2024-11-17T09:00:00Z,0.49041826
2024-11-17T09:36:00Z,0.48852885
2024-11-17T10:12:00Z,0.9242926
2024-11-17T10:48:00Z,0
2024-11-17T12:00:00Z,0.6856878
2024-11-17T12:36:00Z,0.70618373
2024-11-17T13:12:00Z,0.28920895
2024-11-17T14:24:00Z,0.622349
2024-11-17T15:00:00Z,0.033879474
2024-11-17T16:12:00Z,0.80014807
2024-11-17T16:48:00Z,0
2024-11-17T17:24:00Z,0.78768057
2024-11-17T18:00:00Z,0
2024-11-17T18:36:00Z,0.402817
2024-11-17T19:48:00Z,0.16202815
2024-11-17T20:24:00Z,0.82448405
2024-11-17T21:00:00Z,0
2024-11-17T22:12:00Z,0.8268108
2024-11-17T22:48:00Z,0
2024-11-17T23:24:00Z,0.48869145
2024-11-18T00:36:00Z,0.20991163
2024-11-18T01:48:00Z,0.61053807
2024-11-18T02:24:00Z,0.033045374
2024-11-18T03:00:00Z,0.8862658
2024-11-18T03:36:00Z,0
2024-11-18T04:12:00Z,0.5131396
2024-11-18T06:36:00Z,0.4603209
2024-11-18T07:12:00Z,0.15388565
2024-11-18T08:24:00Z,0.2093954
2024-11-18T09:00:00Z,0.6126669
2024-11-18T09:36:00Z,0.022605313
2024-11-18T10:48:00Z,0.6314224
2024-11-18T11:24:00Z,0.12323559
2024-11-18T12:36:00Z,0.8762321
2024-11-18T13:12:00Z,0
2024-11-18T13:48:00Z,0.8141383
2024-11-18T14:24:00Z,0
2024-11-18T15:00:00Z,0.89629096
2024-11-18T15:36:00Z,0
2024-11-18T17:24:00Z,0.60205305
2024-11-18T18:00:00Z,0.42148516
2024-11-18T18:36:00Z,0.9838361
2024-11-18T19:12:00Z,0
2024-11-18T19:48:00Z,0.85684675
2024-11-18T20:24:00Z,0
2024-11-18T22:12:00Z,0.5534617
2024-11-18T22:48:00Z,0.1511611
2024-11-18T23:24:00Z,0.21051943
2024-11-19T00:00:00Z,0.7142745
2024-11-19T01:12:00Z,0.4639944
2024-11-19T01:48:00Z,0.91784465
2024-11-19T02:24:00Z,0
2024-11-19T03:36:00Z,0.79052055
2024-11-19T04:12:00Z,0
2024-11-19T05:24:00Z,0.47498554
2024-11-19T06:00:00Z,0.22673832
2024-11-19T06:36:00Z,0.44359288
2024-11-19T07:12:00Z,0.02837057
2024-11-19T07:48:00Z,0.09672746
2024-11-19T08:24:00Z,0.85030806
2024-11-19T09:00:00Z,0
2024-11-19T10:12:00Z,0.72993815
2024-11-19T11:24:00Z,0.32561374
2024-11-19T12:00:00Z,0.7722565
2024-11-19T12:36:00Z,0
2024-11-19T13:12:00Z,0.9266113
2024-11-19T13:48:00Z,0
2024-11-19T16:12:00Z,0.4390519
2024-11-19T16:48:00Z,0.25146484
2024-11-19T18:00:00Z,0.9703971
2024-11-19T18:36:00Z,0
2024-11-19T19:12:00Z,0.70867133
2024-11-19T19:48:00Z,0.2982509
2024-11-19T21:00:00Z,0.8639511
2024-11-19T21:36:00Z,0
2024-11-19T22:12:00Z,0.8153581
2024-11-19T22:48:00Z,0
2024-11-19T23:24:00Z,0.8545599
2024-11-20T00:00:00Z,0
2024-11-20T01:12:00Z,0.8387285
2024-11-20T01:48:00Z,0
2024-11-20T02:24:00Z,0.6330162
2024-11-20T03:00:00Z,0.07691769
2024-11-20T03:36:00Z,0.82867277
2024-11-20T04:12:00Z,0
2024-11-20T05:24:00Z,0.0071013197
2024-11-20T06:36:00Z,0.66078866
2024-11-20T07:12:00Z,0.14910717
2024-11-20T08:24:00Z,0.3476999
2024-11-20T09:00:00Z,0.9475395
2024-11-20T09:36:00Z,0
2024-11-20T10:12:00Z,0.19161935
2024-11-20T10:48:00Z,0.9518325
2024-11-20T11:24:00Z,0
2024-11-20T12:00:00Z,0.91551495
2024-11-20T12:36:00Z,0
2024-11-20T13:12:00Z,0.143154
2024-11-20T13:48:00Z,0.7095319
2024-11-20T14:24:00Z,0.26650035
2024-11-20T15:00:00Z,0.56927377
2024-11-20T15:36:00Z,0.2845332
2024-11-20T16:12:00Z,0.6295444
2024-11-20T16:48:00Z,0.12544718
2024-11-20T18:36:00Z,0.43954554
2024-11-20T19:12:00Z,0.19989787
2024-11-20T19:48:00Z,0.9843842
2024-11-20T20:24:00Z,0
2024-11-20T21:36:00Z,0.65499043
2024-11-20T22:12:00Z,0.1455145
2024-11-20T22:48:00Z,0.91181993
2024-11-20T23:24:00Z,0
2024-11-21T01:48:00Z,0.44262496
2024-11-21T02:24:00Z,0.87195855
2024-11-21T03:00:00Z,0
2024-11-21T03:36:00Z,0.66542345
2024-11-21T04:12:00Z,0.92321354
2024-11-21T04:48:00Z,0
2024-11-21T05:24:00Z,0.48986223
2024-11-21T06:00:00Z,0.049393464
2024-11-21T07:12:00Z,0.76570785
2024-11-21T07:48:00Z,0
2024-11-21T08:24:00Z,0.928655
2024-11-21T09:00:00Z,0
2024-11-21T09:36:00Z,0.5912202
2024-11-21T10:48:00Z,0.39954278
2024-11-21T11:24:00Z,0.90815437
2024-11-21T12:00:00Z,0
2024-11-21T13:12:00Z,0.15345685
2024-11-21T13:48:00Z,0.95408696
2024-11-21T14:24:00Z,0
2024-11-21T15:00:00Z,0.7700004
2024-11-21T15:36:00Z,0
2024-11-21T17:24:00Z,0.9521698
2024-11-21T18:00:00Z,0
2024-11-21T18:36:00Z,0.76828206
2024-11-21T19:12:00Z,0
2024-11-21T21:00:00Z,0.404145
2024-11-21T21:36:00Z,0.96697795
2024-11-21T22:12:00Z,0
2024-11-21T22:48:00Z,0.6690808
2024-11-21T23:24:00Z,0.8325121
2024-11-22T00:00:00Z,0
2024-11-22T01:12:00Z,0.79287374
2024-11-22T01:48:00Z,0
2024-11-22T02:24:00Z,0.6486688
2024-11-22T03:36:00Z,0.45666248
2024-11-22T04:12:00Z,0.72393024
2024-11-22T04:48:00Z,0.21604747
2024-11-22T05:24:00Z,0.6080968
2024-11-22T06:00:00Z,0.8047924
2024-11-22T06:36:00Z,0
2024-11-22T07:48:00Z,0.7057366
2024-11-22T08:24:00Z,0.019073177
2024-11-22T09:00:00Z,0.6100027
2024-11-22T09:36:00Z,0.49097514
2024-11-22T10:12:00Z,0.99742585
2024-11-22T10:48:00Z,0
2024-11-22T12:00:00Z,0.49428326
2024-11-22T12:36:00Z,0.042303685
2024-11-22T13:48:00Z,0.6840458
2024-11-22T14:24:00Z,0.50675493
2024-11-22T15:36:00Z,0.95847106
2024-11-22T16:12:00Z,0
2024-11-22T18:00:00Z,0.4075595
2024-11-22T18:36:00Z,0.121331565
2024-11-22T19:12:00Z,0.61530644
2024-11-22T19:48:00Z,0.20498674
2024-11-22T21:00:00Z,0.797841
2024-11-22T21:36:00Z,0
2024-11-22T22:12:00Z,0.95852464
2024-11-22T22:48:00Z,0
2024-11-22T23:24:00Z,0.12677547
2024-11-23T00:00:00Z,0.9159176
2024-11-23T00:36:00Z,0
2024-11-23T01:48:00Z,0.21945392
2024-11-23T02:24:00Z,0.9892594
2024-11-23T03:00:00Z,0
2024-11-23T03:36:00Z,0.26958734
2024-11-23T04:12:00Z,0.03988445
2024-11-23T05:24:00Z,0.6496257
2024-11-23T06:00:00Z,0.20385273
2024-11-23T07:48:00Z,0.8206219
2024-11-23T08:24:00Z,0
2024-11-23T09:00:00Z,0.71268314
2024-11-23T09:36:00Z,0.7533391
2024-11-23T10:12:00Z,0
2024-11-23T10:48:00Z,0.63137394
2024-11-23T11:24:00Z,0.29192877
2024-11-23T12:36:00Z,0.30039874
2024-11-23T13:48:00Z,0.11224701
2024-11-23T14:24:00Z,0.85931456
2024-11-23T15:00:00Z,0
2024-11-23T15:36:00Z,0.90187764
2024-11-23T16:12:00Z,0
2024-11-23T18:00:00Z,0.25205052
2024-11-23T18:36:00Z,0.8683745
2024-11-23T19:12:00Z,0
2024-11-23T19:48:00Z,0.7029701
2024-11-23T21:00:00Z,0.04366655
2024-11-23T21:36:00Z,0.6260256
2024-11-23T22:12:00Z,0.5511302
2024-11-23T22:48:00Z,0.054616112
2024-11-23T23:24:00Z,0.69733065
2024-11-24T00:00:00Z,0.77532065
2024-11-24T00:36:00Z,0
2024-11-24T01:12:00Z,0.619412
2024-11-24T02:24:00Z,0.60250145
2024-11-24T03:00:00Z,0.08519099
2024-11-24T03:36:00Z,0.82571083
2024-11-24T04:12:00Z,0
2024-11-24T06:00:00Z,0.7629994
2024-11-24T06:36:00Z,0
2024-11-24T08:24:00Z,0.82250696
2024-11-24T09:00:00Z,0
2024-11-24T09:36:00Z,0.90901256
2024-11-24T10:12:00Z,0
2024-11-24T10:48:00Z,0.4610867
2024-11-24T12:00:00Z,0.16007876
2024-11-24T12:36:00Z,0.9521423
2024-11-24T13:12:00Z,0
2024-11-24T13:48:00Z,0.6326385
2024-11-24T14:24:00Z,0.15245579
2024-11-24T15:00:00Z,0.10046862
2024-11-24T15:36:00Z,0.4518763
2024-11-24T16:12:00Z,0.044470787
2024-11-24T17:24:00Z,0.75705695
2024-11-24T18:00:00Z,0
2024-11-24T18:36:00Z,0.727935
2024-11-24T19:48:00Z,0.26206058
2024-11-24T20:24:00Z,0.94647306
2024-11-24T21:00:00Z,0
2024-11-24T22:12:00Z,0.12839663
2024-11-24T22:48:00Z,0.92411625
2024-11-24T23:24:00Z,0
2024-11-25T00:00:00Z,0.8162062
2024-11-25T00:36:00Z,0
2024-11-25T02:24:00Z,0.8686501
2024-11-25T03:00:00Z,0
2024-11-25T03:36:00Z,0.7363397
2024-11-25T04:12:00Z,0.005669248
2024-11-25T04:48:00Z,0.8357335
2024-11-25T05:24:00Z,0
2024-11-25T06:36:00Z,0.1763524
2024-11-25T07:12:00Z,0.68982524
2024-11-25T08:24:00Z,0.26302174
2024-11-25T10:12:00Z,0.21453701
2024-11-25T11:24:00Z,0.52403384
2024-11-25T12:36:00Z,0.6015497
2024-11-25T13:12:00Z,0.25393406
2024-11-25T13:48:00Z,0.32748914
2024-11-25T14:24:00Z,0.9133492
2024-11-25T15:00:00Z,0
2024-11-25T15:36:00Z,0.0329166
2024-11-25T16:12:00Z,0.66222817
2024-11-25T16:48:00Z,0.44711486
2024-11-25T17:24:00Z,0.8531887
2024-11-25T18:00:00Z,0
2024-11-25T18:36:00Z,0.8714435
2024-11-25T19:12:00Z,0
2024-11-25T21:36:00Z,0.21230586
2024-11-25T22:12:00Z,0.97365564
2024-11-25T22:48:00Z,0
2024-11-26T00:00:00Z,0.9224183
2024-11-26T00:36:00Z,0
2024-11-26T01:12:00Z,0.7573829
2024-11-26T01:48:00Z,0
2024-11-26T02:24:00Z,0.055371523
2024-11-26T03:00:00Z,0.9864715
2024-11-26T03:36:00Z,0
2024-11-26T04:48:00Z,0.14570422
2024-11-26T05:24:00Z,0.6280526
2024-11-26T06:00:00Z,0.03065696
2024-11-26T06:36:00Z,0.40390778
2024-11-26T07:12:00Z,0.2776278
2024-11-26T08:24:00Z,0.9710874
2024-11-26T09:00:00Z,0
2024-11-26T09:36:00Z,0.053309068
2024-11-26T10:12:00Z,0.75841707
2024-11-26T10:48:00Z,0
2024-11-26T12:00:00Z,0.38953692
2024-11-26T12:36:00Z,0.16397493
2024-11-26T13:48:00Z,0.8726296
2024-11-26T14:24:00Z,0
2024-11-26T15:00:00Z,0.8593545
2024-11-26T15:36:00Z,0
2024-11-26T16:12:00Z,0.88497204
2024-11-26T16:48:00Z,0
2024-11-26T17:24:00Z,0.9391591
2024-11-26T18:00:00Z,0
2024-11-26T18:36:00Z,0.6461275
2024-11-26T19:12:00Z,0.124275185
2024-11-26T19:48:00Z,0.75073886
2024-11-26T20:24:00Z,0
2024-11-26T22:12:00Z,0.92354685
2024-11-26T22:48:00Z,0
2024-11-27T00:36:00Z,0.14806399
2024-11-27T01:48:00Z,0.9335178
2024-11-27T02:24:00Z,0
2024-11-27T03:00:00Z,0.63876945
2024-11-27T04:12:00Z,0.42554966
2024-11-27T04:48:00Z,0.8235216
2024-11-27T05:24:00Z,0
2024-11-27T06:00:00Z,0.6278733
2024-11-27T07:12:00Z,0.027425585
2024-11-27T07:48:00Z,0.8618395
2024-11-27T08:24:00Z,0
2024-11-27T09:00:00Z,0.7800515
2024-11-27T09:36:00Z,0
2024-11-27T10:12:00Z,0.23699011
2024-11-27T10:48:00Z,0.9404715
2024-11-27T11:24:00Z,0
2024-11-27T12:00:00Z,0.84671193
2024-11-27T12:36:00Z,0
2024-11-27T13:12:00Z,0.5187227
2024-11-27T15:00:00Z,0.6196537
2024-11-27T15:36:00Z,0.1049469
2024-11-27T16:12:00Z,0.86715174
2024-11-27T16:48:00Z,0
2024-11-27T18:36:00Z,0.3988569
2024-11-27T19:12:00Z,0.17621063
2024-11-27T19:48:00Z,0.6613206
2024-11-27T21:00:00Z,0.73383605
2024-11-27T21:36:00Z,0.29907796
2024-11-27T22:12:00Z,0.80526364
2024-11-27T22:48:00Z,0
2024-11-27T23:24:00Z,0.13589713
2024-11-28T00:00:00Z,0.952017
2024-11-28T00:36:00Z,0
2024-11-28T01:12:00Z,0.684211
2024-11-28T01:48:00Z,0.8333421
2024-11-28T02:24:00Z,0
2024-11-28T03:00:00Z,0.924019
2024-11-28T03:36:00Z,0
2024-11-28T05:24:00Z,0.6936748
2024-11-28T06:00:00Z,0.060612068
2024-11-28T06:36:00Z,0.43828952
2024-11-28T07:12:00Z,0.31757107
2024-11-28T07:48:00Z,0.91422814
2024-11-28T08:24:00Z,0
2024-11-28T09:36:00Z,0.99864626
2024-11-28T10:12:00Z,0
2024-11-28T11:24:00Z,0.90355104
2024-11-28T12:00:00Z,0
2024-11-28T13:48:00Z,0.6794288
2024-11-28T14:24:00Z,0.45138922
2024-11-28T15:00:00Z,0.97287256
2024-11-28T15:36:00Z,0
2024-11-28T17:24:00Z,0.9850074
2024-11-28T18:00:00Z,0
2024-11-28T20:24:00Z,0.14659458
2024-11-28T21:00:00Z,0.06965823
2024-11-28T21:36:00Z,0.7421179
2024-11-28T22:12:00Z,0.08391556
2024-11-28T22:48:00Z,0.92665833
2024-11-28T23:24:00Z,0
2024-11-29T00:00:00Z,0.15175517
2024-11-29T00:36:00Z,0.7882292
2024-11-29T01:12:00Z,0
2024-11-29T01:48:00Z,0.41084498
2024-11-29T02:24:00Z,0.092420064
2024-11-29T03:00:00Z,0.40675545
2024-11-29T04:48:00Z,0.3132632
2024-11-29T06:36:00Z,0.3959849
2024-11-29T07:48:00Z,0.20843165
2024-11-29T08:24:00Z,0.6395728
2024-11-29T09:00:00Z,0.45622945
2024-11-29T09:36:00Z,0.9436403
2024-11-29T10:12:00Z,0
2024-11-29T10:48:00Z,0.8386773
2024-11-29T11:24:00Z,0
2024-11-29T12:36:00Z,0.980487
2024-11-29T13:12:00Z,0
2024-11-29T15:00:00Z,0.6293873
2024-11-29T15:36:00Z,0.9935604
2024-11-29T16:12:00Z,0
2024-11-29T16:48:00Z,0.73451865
2024-11-29T17:24:00Z,0.18371792
2024-11-29T18:36:00Z,0.66140276
2024-11-29T19:12:00Z,0.11283965
2024-11-29T21:00:00Z,0.8189337
2024-11-29T21:36:00Z,0
2024-11-29T22:48:00Z,0.9666402
2024-11-29T23:24:00Z,0
2024-11-30T00:36:00Z,0.9864347
2024-11-30T01:12:00Z,0
2024-11-30T01:48:00Z,0.881218
2024-11-30T02:24:00Z,0
2024-11-30T04:48:00Z,0.26844543
2024-11-30T05:24:00Z,0.6679344
2024-11-30T06:36:00Z,0.22978745
2024-11-30T07:48:00Z,0.8860767
2024-11-30T08:24:00Z,0
2024-11-30T09:00:00Z,0.8009871
2024-11-30T09:36:00Z,0
2024-11-30T10:12:00Z,0.8044843
2024-11-30T10:48:00Z,0
2024-11-30T11:24:00Z,0.07276775
2024-11-30T12:00:00Z,0.9890807
2024-11-30T12:36:00Z,0
2024-11-30T13:12:00Z,0.67063254
2024-11-30T13:48:00Z,0.927866
2024-11-30T14:24:00Z,0
2024-11-30T15:00:00Z,0.2568213
2024-11-30T16:12:00Z,0.07295462
2024-11-30T17:24:00Z,0.66325325
2024-11-30T18:00:00Z,0.27485672
2024-11-30T18:36:00Z,0.7656409
2024-11-30T19:12:00Z,0
2024-11-30T21:00:00Z,0.9582592
2024-11-30T21:36:00Z,0
2024-11-30T22:48:00Z,0.94823235
2024-11-30T23:24:00Z,0
2024-12-01T00:00:00Z,0.6055905
2024-12-01T00:36:00Z,0.16699436
2024-12-01T01:12:00Z,0.8983419
2024-12-01T01:48:00Z,0
2024-12-01T03:00:00Z,0.41202945
2024-12-01T03:36:00Z,0.9453411
2024-12-01T04:12:00Z,0
2024-12-01T05:24:00Z,0.578797
2024-12-01T06:00:00Z,0.09395466
2024-12-01T07:12:00Z,0.53273195
2024-12-01T08:24:00Z,0.14049387
2024-12-01T09:00:00Z,0.97031254
2024-12-01T09:36:00Z,0
2024-12-01T11:24:00Z,0.7934202
2024-12-01T12:00:00Z,0
2024-12-01T12:36:00Z,0.7086679
2024-12-01T13:12:00Z,0.88565445
2024-12-01T13:48:00Z,0
2024-12-01T14:24:00Z,0.6717848
2024-12-01T15:00:00Z,0.48230436
2024-12-01T15:36:00Z,0.69878215
2024-12-01T16:48:00Z,0.32930893
2024-12-01T18:36:00Z,0.52820545
2024-12-01T19:12:00Z,0.8900405
2024-12-01T19:48:00Z,0
2024-12-01T20:24:00Z,0.02926623
2024-12-01T21:00:00Z,0.87546355
2024-12-01T21:36:00Z,0
2024-12-01T22:12:00Z,0.742553
2024-12-02T00:00:00Z,0.7896841
2024-12-02T00:36:00Z,0
2024-12-02T01:12:00Z,0.4176406
2024-12-02T01:48:00Z,0.24602245
2024-12-02T02:24:00Z,0.56400657
2024-12-02T03:00:00Z,0.37540063
2024-12-02T03:36:00Z,0.8841039
2024-12-02T04:12:00Z,0
2024-12-02T04:48:00Z,0.61336124
2024-12-02T06:36:00Z,0.13226037
2024-12-02T07:12:00Z,0.79268086
2024-12-02T07:48:00Z,0
2024-12-02T08:24:00Z,0.47442406
2024-12-02T09:36:00Z,0.5022854
2024-12-02T10:12:00Z,0.93419135
2024-12-02T10:48:00Z,0
2024-12-02T11:24:00Z,0.713331
2024-12-02T12:36:00Z,0.07492081
2024-12-02T13:12:00Z,0.86704445
2024-12-02T13:48:00Z,0
2024-12-02T15:36:00Z,0.46854225
2024-12-02T16:12:00Z,0.97888786
2024-12-02T16:48:00Z,0
2024-12-02T17:24:00Z,0.94529825
2024-12-02T18:00:00Z,0
2024-12-02T18:36:00Z,0.54081446
2024-12-02T19:12:00Z,0.8184909
2024-12-02T19:48:00Z,0
2024-12-02T21:00:00Z,0.8686506
2024-12-02T21:36:00Z,0
2024-12-02T22:12:00Z,0.25665027
2024-12-02T22:48:00Z,0.078375004
2024-12-02T23:24:00Z,0.889965
2024-12-03T00:00:00Z,0
2024-12-03T02:24:00Z,0.9324234
2024-12-03T03:00:00Z,0
2024-12-03T03:36:00Z,0.6458981
2024-12-03T04:12:00Z,0.03860657
2024-12-03T04:48:00Z,0.5932633
2024-12-03T05:24:00Z,0.19852154
2024-12-03T07:48:00Z,0.37393305
2024-12-03T08:24:00Z,0.062068906
2024-12-03T09:00:00Z,0.35237542
2024-12-03T10:12:00Z,0.2717912
2024-12-03T10:48:00Z,0.654092
2024-12-03T11:24:00Z,0.4305997
2024-12-03T12:00:00Z,0.77349144
2024-12-03T12:36:00Z,0
2024-12-03T13:12:00Z,0.93935716
2024-12-03T13:48:00Z,0
2024-12-03T14:24:00Z,0.9948592
2024-12-03T15:00:00Z,0
2024-12-03T16:12:00Z,0
2024-12-03T16:48:00Z,0.65562475
2024-12-03T18:36:00Z,0.31578088
2024-12-03T19:48:00Z,0.42771667
2024-12-03T20:24:00Z,0.8258126
2024-12-03T21:00:00Z,0
2024-12-03T22:12:00Z,0.46889937
2024-12-03T22:48:00Z,0.01897352
2024-12-03T23:24:00Z,0.8962272
2024-12-04T00:00:00Z,0
2024-12-04T00:36:00Z,0.88241416
2024-12-04T01:12:00Z,0
2024-12-04T01:48:00Z,0.85552055
2024-12-04T02:24:00Z,0
2024-12-04T03:00:00Z,0.55955255
2024-12-04T03:36:00Z,0.102760054
2024-12-04T04:12:00Z,0.71705085
2024-12-04T06:00:00Z,0.32002935
2024-12-04T07:12:00Z,0.44173315
2024-12-04T07:48:00Z,0.0869657
2024-12-04T08:24:00Z,0.6643181
2024-12-04T09:00:00Z,0.18226266
2024-12-04T10:12:00Z,0.6705929
2024-12-04T12:36:00Z,0.04294083
2024-12-04T15:00:00Z,0.74118423
2024-12-04T15:36:00Z,0.35317585
2024-12-04T16:12:00Z,0.7622913
2024-12-04T16:48:00Z,0
2024-12-04T18:00:00Z,0.07373913
2024-12-04T18:36:00Z,0.6625215
2024-12-04T19:12:00Z,0.84001946
2024-12-04T19:48:00Z,0
2024-12-04T20:24:00Z,0.62626505
2024-12-04T22:12:00Z,0.74604034
2024-12-04T23:24:00Z,0.39260507
2024-12-05T00:00:00Z,0.8489979
2024-12-05T00:36:00Z,0
2024-12-05T01:48:00Z,0.46531835
2024-12-05T02:24:00Z,0.0390177
2024-12-05T03:00:00Z,0.44431674
2024-12-05T04:12:00Z,0.06471519
2024-12-05T05:24:00Z,0.45541865
2024-12-05T06:00:00Z,0.136426
2024-12-05T08:24:00Z,0.4988537
2024-12-05T09:36:00Z,0.37507194
2024-12-05T10:12:00Z,0.88410354
2024-12-05T10:48:00Z,0
2024-12-05T11:24:00Z,0.95256615
2024-12-05T12:00:00Z,0
2024-12-05T13:12:00Z,0.5046104
2024-12-05T13:48:00Z,0.21165164
2024-12-05T14:24:00Z,0.437427
2024-12-05T15:00:00Z,0.114655
2024-12-05T16:12:00Z,0.49654773
2024-12-05T16:48:00Z,0.23663078
2024-12-05T17:24:00Z,0.9691121
2024-12-05T18:00:00Z,0
2024-12-05T18:36:00Z,0.887583
2024-12-05T19:12:00Z,0
2024-12-05T19:48:00Z,0.855486
2024-12-05T20:24:00Z,0
2024-12-05T21:00:00Z,0.79051304
2024-12-05T21:36:00Z,0
2024-12-05T22:12:00Z,0.5433778
2024-12-05T22:48:00Z,0.005118449
2024-12-06T01:12:00Z,0.95790154
2024-12-06T01:48:00Z,0
2024-12-06T02:24:00Z,0.82061
2024-12-06T03:00:00Z,0
2024-12-06T03:36:00Z,0.7882335
2024-12-06T04:12:00Z,0
2024-12-06T04:48:00Z,0.65329933
2024-12-06T05:24:00Z,0.15834363
2024-12-06T06:36:00Z,0.121687986
2024-12-06T07:12:00Z,0.817416
2024-12-06T07:48:00Z,0
2024-12-06T10:12:00Z,0.7782862
2024-12-06T10:48:00Z,0
2024-12-06T11:24:00Z,0.78157574
2024-12-06T12:00:00Z,0
2024-12-06T12:36:00Z,0.11262046
2024-12-06T13:12:00Z,0.82458293
2024-12-06T13:48:00Z,0
2024-12-06T15:00:00Z,0.8159343
2024-12-06T15:36:00Z,0
2024-12-06T16:12:00Z,0.8811949
2024-12-06T16:48:00Z,0
2024-12-06T17:24:00Z,0.7974736
2024-12-06T18:00:00Z,0
2024-12-06T18:36:00Z,0.7456648
2024-12-06T19:12:00Z,0.95597124
2024-12-06T19:48:00Z,0
2024-12-06T20:24:00Z,0.9958753
2024-12-06T21:00:00Z,0
2024-12-06T21:36:00Z,0.54158545
2024-12-06T22:12:00Z,0.16037108
2024-12-06T23:24:00Z,0.03867406
2024-12-07T00:00:00Z,0.4595883
2024-12-07T00:36:00Z,0.46598426
2024-12-07T01:12:00Z,0.06903667
2024-12-07T01:48:00Z,0.46012825
2024-12-07T02:24:00Z,0.15813453
2024-12-07T03:00:00Z,0.9397207
2024-12-07T03:36:00Z,0
2024-12-07T05:24:00Z,0.6577417
2024-12-07T06:00:00Z,0.080957904
2024-12-07T07:12:00Z,0.98194754
2024-12-07T07:48:00Z,0
2024-12-07T09:36:00Z,0.45518896
2024-12-07T10:48:00Z,0.7247898
2024-12-07T11:24:00Z,0.059084754
2024-12-07T12:00:00Z,0.7536458
2024-12-07T12:36:00Z,0
2024-12-07T13:12:00Z,0.722911
2024-12-07T13:48:00Z,0.5537792
2024-12-07T14:24:00Z,0.8863888
2024-12-07T15:00:00Z,0
2024-12-07T16:48:00Z,0.9172194
2024-12-07T17:24:00Z,0
2024-12-07T18:00:00Z,0.9229873
2024-12-07T18:36:00Z,0
2024-12-07T19:12:00Z,0.5980627
2024-12-07T19:48:00Z,0.39363495
2024-12-07T20:24:00Z,0.74782306
2024-12-07T21:00:00Z,0.28224048
2024-12-07T22:48:00Z,0.21646395
2024-12-07T23:24:00Z,0.7702846
2024-12-08T00:00:00Z,0
2024-12-08T01:48:00Z,0.5667171
2024-12-08T02:24:00Z,0.32953313
2024-12-08T03:00:00Z,0.93795806
2024-12-08T03:36:00Z,0
2024-12-08T04:12:00Z,0.6667815
2024-12-08T04:48:00Z,0.7134183
2024-12-08T05:24:00Z,0.1009639
2024-12-08T06:00:00Z,0.0051752613
2024-12-08T06:36:00Z,0.8341868
2024-12-08T07:12:00Z,0
2024-12-08T07:48:00Z,0.98993874
2024-12-08T08:24:00Z,0
2024-12-08T09:00:00Z,0.8798835
2024-12-08T09:36:00Z,0
2024-12-08T11:24:00Z,0.19397369
2024-12-08T12:36:00Z,0.15410708
2024-12-08T13:12:00Z,0.6026079
2024-12-08T13:48:00Z,0.116896294
2024-12-08T14:24:00Z,0.18250431
2024-12-08T15:00:00Z,0.97661597
2024-12-08T15:36:00Z,0
2024-12-08T16:12:00Z,0.96589404
2024-12-08T16:48:00Z,0
2024-12-08T18:36:00Z,0.36261463
2024-12-08T19:12:00Z,0.024516694
2024-12-08T20:24:00Z,0.81858677
2024-12-08T21:00:00Z,0
2024-12-08T21:36:00Z,0.52449507
2024-12-08T22:12:00Z,0.37674564
2024-12-08T22:48:00Z,0.88790977
2024-12-08T23:24:00Z,0
2024-12-09T01:12:00Z,0.38946027
2024-12-09T01:48:00Z,0.3104591
2024-12-09T02:24:00Z,0.74720836
2024-12-09T03:36:00Z,0.38338766
2024-12-09T04:12:00Z,0.026107611
2024-12-09T05:24:00Z,0.23712005
2024-12-09T06:00:00Z,0.69879454
2024-12-09T06:36:00Z,0.32016915
2024-12-09T07:12:00Z,0.51135665
2024-12-09T07:48:00Z,0.043735716
2024-12-09T09:00:00Z,0.6077406
2024-12-09T10:12:00Z,0.73408884
2024-12-09T10:48:00Z,0.42765316
2024-12-09T12:00:00Z,0.62519646
2024-12-09T12:36:00Z,0.15619549
2024-12-09T13:48:00Z,0.7219043
2024-12-09T14:24:00Z,0.056059204
2024-12-09T15:00:00Z,0.13533841
2024-12-09T15:36:00Z,0.9694901
2024-12-09T16:12:00Z,0
2024-12-09T17:24:00Z,0.90080416
2024-12-09T18:00:00Z,0
2024-12-09T18:36:00Z,0.85073316
2024-12-09T19:12:00Z,0
2024-12-09T21:00:00Z,0.8104343
2024-12-09T21:36:00Z,0
2024-12-09T22:48:00Z,0.8325526
2024-12-09T23:24:00Z,0
2024-12-10T00:00:00Z,0.60742646
2024-12-10T00:36:00Z,0.7751838
2024-12-10T01:12:00Z,0
2024-12-10T01:48:00Z,0.67760664
2024-12-10T02:24:00Z,0.8229764
2024-12-10T03:00:00Z,0
2024-12-10T03:36:00Z,0.55417603
2024-12-10T04:48:00Z,0.3111542
2024-12-10T05:24:00Z,0.6730462
2024-12-10T06:00:00Z,0.016593771
2024-12-10T06:36:00Z,0.7634073
2024-12-10T07:12:00Z,0
2024-12-10T09:00:00Z,0.7224077
2024-12-10T10:12:00Z,0.34731147
2024-12-10T10:48:00Z,0.9884506
2024-12-10T11:24:00Z,0
2024-12-10T12:00:00Z,0.70228994
2024-12-10T12:36:00Z,0.20007806
2024-12-10T13:48:00Z,0.5875936
2024-12-10T14:24:00Z,0.29830733
2024-12-10T15:36:00Z,0.8584376
2024-12-10T16:12:00Z,0
2024-12-10T16:48:00Z,0.122997396
2024-12-10T17:24:00Z,0.97998774
2024-12-10T18:00:00Z,0
2024-12-10T19:12:00Z,0.6063021
2024-12-10T19:48:00Z,0.14698508
2024-12-10T20:24:00Z,0.5660285
2024-12-10T21:36:00Z,0.14160185
2024-12-10T22:12:00Z,0.98688436
2024-12-10T22:48:00Z,0
2024-12-10T23:24:00Z,0.08620476
2024-12-11T00:00:00Z,0.7555804
2024-12-11T00:36:00Z,0
2024-12-11T02:24:00Z,0.5596459
2024-12-11T03:00:00Z,0.012177361
2024-12-11T03:36:00Z,0.477793
2024-12-11T04:12:00Z,0.2663036
2024-12-11T04:48:00Z,0.91733426
2024-12-11T05:24:00Z,0
2024-12-11T06:00:00Z,0.083899595
2024-12-11T06:36:00Z,0.80891174
2024-12-11T07:12:00Z,0
2024-12-11T07:48:00Z,0.9687446
2024-12-11T08:24:00Z,0
2024-12-11T09:00:00Z,0.5432743
2024-12-11T10:48:00Z,0.38363436
2024-12-11T11:24:00Z,0.8810186
2024-12-11T12:00:00Z,0
2024-12-11T12:36:00Z,0.94577825
2024-12-11T13:12:00Z,0
2024-12-11T13:48:00Z,0.6806349
2024-12-11T16:12:00Z,0.29703093
2024-12-11T17:24:00Z,0.6152235
2024-12-11T19:12:00Z,0.81343144
2024-12-11T19:48:00Z,0
2024-12-11T20:24:00Z,0.7703314
2024-12-11T21:00:00Z,0
2024-12-11T21:36:00Z,0.7977392
2024-12-11T22:12:00Z,0
2024-12-11T22:48:00Z,0.68060476
2024-12-11T23:24:00Z,0.9025418
2024-12-12T00:00:00Z,0
2024-12-12T00:36:00Z,0.34583467
2024-12-12T02:24:00Z,0.31865558
2024-12-12T03:36:00Z,0.75742507
2024-12-12T04:12:00Z,0
2024-12-12T04:48:00Z,0.9892094
2024-12-12T05:24:00Z,0
2024-12-12T06:36:00Z,0.9644979
2024-12-12T07:12:00Z,0
2024-12-12T08:24:00Z,0.8079469
2024-12-12T09:00:00Z,0
2024-12-12T09:36:00Z,0.9297486
2024-12-12T10:12:00Z,0
2024-12-12T10:48:00Z,0.676917
2024-12-12T12:00:00Z,0.2738804
2024-12-12T12:36:00Z,0.45251662
2024-12-12T13:12:00Z,0.1825839
2024-12-12T13:48:00Z,0.35746315
2024-12-12T14:24:00Z,0.07393975
2024-12-12T15:00:00Z,0.8265898
2024-12-12T15:36:00Z,0
2024-12-12T16:12:00Z,0.54257476
2024-12-12T16:48:00Z,0.24579655
2024-12-12T17:24:00Z,0.66405624
2024-12-12T18:00:00Z,0.29124615
2024-12-12T19:48:00Z,0.9216792
2024-12-12T20:24:00Z,0
2024-12-12T21:00:00Z,0.31142655
2024-12-12T22:12:00Z,0.12883377
2024-12-12T22:48:00Z,0.9136017
2024-12-12T23:24:00Z,0
2024-12-13T00:00:00Z,0.68124545
2024-12-13T00:36:00Z,0.7678437
2024-12-13T01:12:00Z,0
2024-12-13T01:48:00Z,0.43932268
2024-12-13T02:24:00Z,0.10844007
2024-12-13T03:00:00Z,0.598005
2024-12-13T03:36:00Z,0.22986029
2024-12-13T04:12:00Z,0.76510733
2024-12-13T04:48:00Z,0
2024-12-13T05:24:00Z,0.6866457
2024-12-13T06:00:00Z,0.67053324
2024-12-13T06:36:00Z,0.14385387
2024-12-13T07:48:00Z,0.114394374
2024-12-13T08:24:00Z,0.78059375
2024-12-13T09:00:00Z,0
2024-12-13T09:36:00Z,0.62768453
2024-12-13T10:48:00Z,0.8694931
2024-12-13T11:24:00Z,0
2024-12-13T12:00:00Z,0.2889174
2024-12-13T12:36:00Z,0.061656155
2024-12-13T13:12:00Z,0.9357587
2024-12-13T13:48:00Z,0
2024-12-13T15:36:00Z,0.8380865
2024-12-13T16:12:00Z,0
2024-12-13T16:48:00Z,0.7208886
2024-12-13T19:12:00Z,0.11502481
2024-12-13T19:48:00Z,0.75240946
2024-12-13T20:24:00Z,0
2024-12-13T22:12:00Z,0.8881916
2024-12-13T22:48:00Z,0
2024-12-13T23:24:00Z,0.6884803
2024-12-14T00:00:00Z,0.72937644
2024-12-14T00:36:00Z,0.0012448602
2024-12-14T01:12:00Z,0.5232486
2024-12-14T02:24:00Z,0.073590174
2024-12-14T03:00:00Z,0.8828894
2024-12-14T03:36:00Z,0
2024-12-14T05:24:00Z,0.9221656
2024-12-14T06:00:00Z,0
2024-12-14T06:36:00Z,0.08098266
2024-12-14T07:12:00Z,0.909873
2024-12-14T07:48:00Z,0
2024-12-14T08:24:00Z,0.6797182
2024-12-14T09:00:00Z,0.14139476
2024-12-14T09:36:00Z,0.39452383
2024-12-14T10:12:00Z,0.122871645
2024-12-14T11:24:00Z,0.8775454
2024-12-14T12:00:00Z,0
2024-12-14T12:36:00Z,0.36815134
2024-12-14T13:12:00Z,0.02048214
2024-12-14T15:36:00Z,0.32508945
2024-12-14T16:12:00Z,0.850817
2024-12-14T16:48:00Z,0
2024-12-14T18:36:00Z,0.8268666
2024-12-14T19:12:00Z,0
2024-12-14T19:48:00Z,0.6361526
2024-12-14T20:24:00Z,0.07759085
2024-12-14T21:00:00Z,0.67547673
2024-12-14T22:48:00Z,0.877817
2024-12-14T23:24:00Z,0
2024-12-15T00:00:00Z,0.97930306
2024-12-15T00:36:00Z,0
2024-12-15T01:12:00Z,0.716975
2024-12-15T01:48:00Z,0.3676962
2024-12-15T02:24:00Z,0.8342606
2024-12-15T03:00:00Z,0
2024-12-15T03:36:00Z,0.042586073
2024-12-15T04:12:00Z,0.9596103
2024-12-15T04:48:00Z,0
2024-12-15T06:00:00Z,0.9256717
2024-12-15T06:36:00Z,0
2024-12-15T07:12:00Z,0.5861961
2024-12-15T07:48:00Z,0.1884295
2024-12-15T09:00:00Z,0.8118053
2024-12-15T09:36:00Z,0
2024-12-15T10:12:00Z,0.64284366
2024-12-15T10:48:00Z,0.13271247
2024-12-15T11:24:00Z,0.57045203
2024-12-15T12:00:00Z,0.4946898
2024-12-15T12:36:00Z,0.91331863
2024-12-15T13:12:00Z,0
2024-12-15T13:48:00Z,0.27173102
2024-12-15T14:24:00Z,0.057974532
2024-12-15T15:00:00Z,0.39000815
2024-12-15T16:12:00Z,0.023842452
2024-12-15T17:24:00Z,0.90924305
2024-12-15T18:00:00Z,0
2024-12-15T18:36:00Z,0.36674553
2024-12-15T19:48:00Z,0.1611172
2024-12-15T21:00:00Z,0.6560888
2024-12-15T21:36:00Z,0.053674337
2024-12-15T22:12:00Z,0.23285182
2024-12-15T22:48:00Z,0.93529093
2024-12-15T23:24:00Z,0
2024-12-16T00:00:00Z,0.74146324
2024-12-16T00:36:00Z,0.90838593
2024-12-16T01:12:00Z,0
2024-12-16T03:00:00Z,0.5294515
2024-12-16T03:36:00Z,0.49673694
2024-12-16T04:12:00Z,0.047390644
2024-12-16T04:48:00Z,0.99800396
2024-12-16T05:24:00Z,0
2024-12-16T06:36:00Z,0.46994892
2024-12-16T07:12:00Z,0.8804794
2024-12-16T07:48:00Z,0
2024-12-16T08:24:00Z,0.55808496
2024-12-16T09:00:00Z,0.22342177
2024-12-16T09:36:00Z,0.71891147
2024-12-16T10:48:00Z,0.9173128
2024-12-16T11:24:00Z,0
2024-12-16T12:00:00Z,0.08101204
2024-12-16T12:36:00Z,0.5660292
2024-12-16T14:24:00Z,0.1889629
2024-12-16T15:00:00Z,0.9421482
2024-12-16T15:36:00Z,0
2024-12-16T16:12:00Z,0.84142303
2024-12-16T16:48:00Z,0
2024-12-16T17:24:00Z,0.41738108
2024-12-16T18:00:00Z,0.14888048
2024-12-16T19:48:00Z,0.62568206
2024-12-16T20:24:00Z,0.23728752
2024-12-16T21:36:00Z,0.46632096
2024-12-16T22:48:00Z,0.050039336
2024-12-17T00:00:00Z,0.6801198
2024-12-17T01:48:00Z,0.5383305
2024-12-17T02:24:00Z,0.89652675
2024-12-17T03:00:00Z,0
2024-12-17T03:36:00Z,0.27751744
2024-12-17T04:12:00Z,0.05313335
2024-12-17T04:48:00Z,0.45070443
2024-12-17T06:36:00Z,0.40340868
2024-12-17T07:12:00Z,0.6487789
2024-12-17T07:48:00Z,0.15582424
2024-12-17T08:24:00Z,0.9041938
2024-12-17T09:00:00Z,0
2024-12-17T10:12:00Z,0.761057
2024-12-17T10:48:00Z,0
2024-12-17T13:12:00Z,0.6904657
2024-12-17T13:48:00Z,0.3318979
2024-12-17T14:24:00Z,0.7670602
2024-12-17T15:00:00Z,0
2024-12-17T16:12:00Z,0.6167761
2024-12-17T16:48:00Z,0.32640254
2024-12-17T17:24:00Z,0.84309345
2024-12-17T18:00:00Z,0
2024-12-17T19:12:00Z,0.12388655
2024-12-17T19:48:00Z,0.0677396
2024-12-17T20:24:00Z,0.92330796
2024-12-17T21:00:00Z,0
2024-12-17T22:48:00Z,0.8675587
2024-12-17T23:24:00Z,0
2024-12-18T00:00:00Z,0.9875811
2024-12-18T00:36:00Z,0
2024-12-18T01:48:00Z,0.5110249
2024-12-18T03:00:00Z,0.0049353675
2024-12-18T03:36:00Z,0.072366394
2024-12-18T04:12:00Z,0.78411376
2024-12-18T04:48:00Z,0
2024-12-18T05:24:00Z,0.7596816
2024-12-18T06:00:00Z,0
2024-12-18T06:36:00Z,0.07232884
2024-12-18T07:12:00Z,0.8705131
2024-12-18T07:48:00Z,0
2024-12-18T08:24:00Z,0.82923
2024-12-18T09:00:00Z,0
2024-12-18T09:36:00Z,0.9017696
2024-12-18T10:12:00Z,0
2024-12-18T10:48:00Z,0.50142115
2024-12-18T12:00:00Z,0.028965134
2024-12-18T12:36:00Z,0.84514415
2024-12-18T13:12:00Z,0
2024-12-18T13:48:00Z,0.16173209
2024-12-18T14:24:00Z,0.92107445
2024-12-18T15:00:00Z,0
2024-12-18T16:48:00Z,0.38775572
2024-12-18T17:24:00Z,0.182795
2024-12-18T18:36:00Z,0.909167
2024-12-18T19:12:00Z,0
2024-12-18T19:48:00Z,0.91989005
2024-12-18T20:24:00Z,0
2024-12-18T21:36:00Z,0.44571474
2024-12-18T22:48:00Z,0.5874962
2024-12-18T23:24:00Z,0.33903742
2024-12-19T00:36:00Z,0.52021325
2024-12-19T01:12:00Z,0.9900518
2024-12-19T01:48:00Z,0
2024-12-19T03:00:00Z,0.8955647
2024-12-19T03:36:00Z,0
2024-12-19T04:12:00Z,0.008957127
2024-12-19T04:48:00Z,0.8107418
2024-12-19T05:24:00Z,0
2024-12-19T06:00:00Z,0.7911057
2024-12-19T06:36:00Z,0
2024-12-19T07:12:00Z,0.84296
2024-12-19T07:48:00Z,0
2024-12-19T08:24:00Z,0.67293644
2024-12-19T09:00:00Z,0.09122833
2024-12-19T09:36:00Z,0.87343764
2024-12-19T10:12:00Z,0
2024-12-19T11:24:00Z,0.29042715
2024-12-19T12:00:00Z,0.7905126
2024-12-19T12:36:00Z,0
2024-12-19T13:48:00Z,0.7762688
2024-12-19T14:24:00Z,0
2024-12-19T15:36:00Z,0.47191575
2024-12-19T16:12:00Z,0.32836935
2024-12-19T16:48:00Z,0.87072396
2024-12-19T17:24:00Z,0
2024-12-19T18:00:00Z,0.88436043
2024-12-19T18:36:00Z,0
2024-12-19T19:12:00Z,0.58363533
2024-12-19T20:24:00Z,0.39000666
2024-12-19T21:36:00Z,0.9194213
2024-12-19T22:12:00Z,0
2024-12-19T22:48:00Z,0.8951402
2024-12-19T23:24:00Z,0
2024-12-20T00:00:00Z,0.8056356
2024-12-20T00:36:00Z,0
2024-12-20T01:12:00Z,0.28927463
2024-12-20T01:48:00Z,0.10219924
2024-12-20T02:24:00Z,0.96604943
2024-12-20T03:00:00Z,0
2024-12-20T04:12:00Z,0.79636747
2024-12-20T04:48:00Z,0
2024-12-20T05:24:00Z,0.3209479
2024-12-20T06:00:00Z,0.11736869
2024-12-20T06:36:00Z,0.82888967
2024-12-20T07:12:00Z,0
2024-12-20T07:48:00Z,0.85728216
2024-12-20T08:24:00Z,0
2024-12-20T09:00:00Z,0.123010285
2024-12-20T09:36:00Z,0.828833
2024-12-20T10:12:00Z,0
2024-12-20T10:48:00Z,0.7941269
2024-12-20T11:24:00Z,0
2024-12-20T12:00:00Z,0.7992049
2024-12-20T12:36:00Z,0
2024-12-20T13:12:00Z,0.5254167
2024-12-20T13:48:00Z,0.6198885
2024-12-20T14:24:00Z,0.016874626
2024-12-20T15:36:00Z,0.66038543
2024-12-20T18:00:00Z,0.2155323
2024-12-20T18:36:00Z,0.92908525
2024-12-20T19:12:00Z,0
2024-12-20T19:48:00Z,0.16287678
2024-12-20T20:24:00Z,0.964556
2024-12-20T21:00:00Z,0
2024-12-20T21:36:00Z,0.5270578
2024-12-21T00:00:00Z,0.22298892
2024-12-21T00:36:00Z,0.47063744
2024-12-21T01:48:00Z,0.154293
2024-12-21T02:24:00Z,0.41366833
2024-12-21T03:00:00Z,0.17565477
2024-12-21T03:36:00Z,0.7170039
2024-12-21T04:12:00Z,0.2882706
2024-12-21T04:48:00Z,0.6676266
2024-12-21T05:24:00Z,0.30369866
2024-12-21T06:36:00Z,0.6522802
2024-12-21T07:48:00Z,0.4545345
2024-12-21T08:24:00Z,0.4733155
2024-12-21T09:00:00Z,0.98647165
2024-12-21T09:36:00Z,0
2024-12-21T10:48:00Z,0.21154451
2024-12-21T11:24:00Z,0.9292098
2024-12-21T12:00:00Z,0
2024-12-21T12:36:00Z,0.74669516
2024-12-21T13:12:00Z,0.03960649
2024-12-21T13:48:00Z,0.68730766
2024-12-21T15:00:00Z,0.57194406
2024-12-21T15:36:00Z,0.06478582
2024-12-21T16:12:00Z,0.4722629
2024-12-21T18:00:00Z,0.17958724
2024-12-21T18:36:00Z,0.6030263
2024-12-21T19:12:00Z,0.20718727
2024-12-21T19:48:00Z,0.85018563
2024-12-21T20:24:00Z,0
2024-12-21T21:00:00Z,0.82932633
2024-12-21T21:36:00Z,0
2024-12-21T22:12:00Z,0.9506725
2024-12-21T22:48:00Z,0
2024-12-22T00:00:00Z,0.9409346
2024-12-22T00:36:00Z,0
2024-12-22T01:12:00Z,0.690515
2024-12-22T01:48:00Z,0.2087978
2024-12-22T03:00:00Z,0.8370703
2024-12-22T03:36:00Z,0
2024-12-22T04:12:00Z,0.51324403
2024-12-22T04:48:00Z,0.3669883
2024-12-22T06:00:00Z,0.88686705
2024-12-22T06:36:00Z,0
2024-12-22T07:12:00Z,0.811032
2024-12-22T07:48:00Z,0
2024-12-22T08:24:00Z,0.7322729
2024-12-22T09:36:00Z,0.5728833
2024-12-22T10:12:00Z,0.13294223
2024-12-22T10:48:00Z,0.9538489
2024-12-22T11:24:00Z,0
2024-12-22T13:48:00Z,0.41659167
2024-12-22T14:24:00Z,0.9252602
2024-12-22T15:00:00Z,0
2024-12-22T15:36:00Z,0.15391679
2024-12-22T16:12:00Z,0.79240584
2024-12-22T16:48:00Z,0
2024-12-22T17:24:00Z,0.58678776
2024-12-22T18:36:00Z,0.9411476
2024-12-22T19:12:00Z,0
2024-12-22T20:24:00Z,0.4934092
2024-12-22T22:12:00Z,0.78790015
2024-12-22T22:48:00Z,0
2024-12-22T23:24:00Z,0.98536646
2024-12-23T00:00:00Z,0
2024-12-23T00:36:00Z,0.9510602
2024-12-23T01:12:00Z,0
2024-12-23T02:24:00Z,0.8912827
2024-12-23T03:00:00Z,0
2024-12-23T03:36:00Z,0.70124894
2024-12-23T04:48:00Z,0.9060158
2024-12-23T05:24:00Z,0
2024-12-23T06:00:00Z,0.37586933
2024-12-23T06:36:00Z,0.27044335
2024-12-23T07:12:00Z,0.9604566
2024-12-23T07:48:00Z,0
2024-12-23T08:24:00Z,0.9320763
2024-12-23T09:00:00Z,0
2024-12-23T10:12:00Z,0.738511
2024-12-23T10:48:00Z,0.79635996
2024-12-23T11:24:00Z,0
2024-12-23T12:36:00Z,0.86467797
2024-12-23T13:12:00Z,0
2024-12-23T13:48:00Z,0.26653638
2024-12-23T14:24:00Z,0.12002955
2024-12-23T15:00:00Z,0.9897617
2024-12-23T15:36:00Z,0
2024-12-23T16:12:00Z,0.6991372
2024-12-23T16:48:00Z,0.31280014
2024-12-23T17:24:00Z,0.7986185
2024-12-23T18:00:00Z,0
2024-12-23T18:36:00Z,0.7745316
2024-12-23T19:12:00Z,0
2024-12-23T19:48:00Z,0.6455906
2024-12-23T20:24:00Z,0.69876206
2024-12-23T21:00:00Z,0.34169683
2024-12-23T21:36:00Z,0.91187525
2024-12-23T22:12:00Z,0
2024-12-24T00:00:00Z,0.66458124
2024-12-24T01:12:00Z,0.11535985
2024-12-24T01:48:00Z,0.98570865
2024-12-24T02:24:00Z,0
2024-12-24T03:36:00Z,0.7103312
2024-12-24T04:12:00Z,0.6463967
2024-12-24T04:48:00Z,0.98422587
2024-12-24T05:24:00Z,0
2024-12-24T06:00:00Z,0.81094426
2024-12-24T06:36:00Z,0
2024-12-24T07:12:00Z,0.6918223
2024-12-24T08:24:00Z,0.40759376
2024-12-24T09:36:00Z,0.9512013
2024-12-24T10:12:00Z,0
2024-12-24T10:48:00Z,0.014851984
2024-12-24T11:24:00Z,0.9577666
2024-12-24T12:00:00Z,0
2024-12-24T12:36:00Z,0.71940124
2024-12-24T13:12:00Z,0.13546571
2024-12-24T14:24:00Z,0.972874
2024-12-24T15:00:00Z,0
2024-12-24T15:36:00Z,0.26962188
2024-12-24T16:48:00Z,0.027443018
2024-12-24T17:24:00Z,0.70191044
2024-12-24T18:00:00Z,0.09592228
2024-12-24T19:12:00Z,0.87970835
2024-12-24T19:48:00Z,0
2024-12-24T22:12:00Z,0.43372428
2024-12-24T23:24:00Z,0.016688792
2024-12-25T00:36:00Z,0.7898527
2024-12-25T01:12:00Z,0
2024-12-25T02:24:00Z,0.61348146
2024-12-25T03:36:00Z,0.06935519
2024-12-25T05:24:00Z,0.6951743
2024-12-25T06:00:00Z,0.11478965
2024-12-25T06:36:00Z,0.33268508
2024-12-25T07:12:00Z,0.9848849
2024-12-25T07:48:00Z,0
2024-12-25T08:24:00Z,0.6784578
2024-12-25T09:00:00Z,0.36010143
2024-12-25T10:12:00Z,0.83298886
2024-12-25T10:48:00Z,0
2024-12-25T11:24:00Z,0.98207086
2024-12-25T12:00:00Z,0
2024-12-25T12:36:00Z,0.4937102
2024-12-25T13:48:00Z,0.30513978
2024-12-25T14:24:00Z,0.807405
2024-12-25T15:00:00Z,0
2024-12-25T15:36:00Z,0.6735038
2024-12-25T16:12:00Z,0.10811521
2024-12-25T16:48:00Z,0.87938565
2024-12-25T17:24:00Z,0
2024-12-25T18:00:00Z,0.9405991
2024-12-25T18:36:00Z,0
2024-12-25T19:48:00Z,0.95434964
2024-12-25T20:24:00Z,0
2024-12-25T21:00:00Z,0.7309271
2024-12-25T21:36:00Z,0.11551725
2024-12-25T22:48:00Z,0.8267603
2024-12-25T23:24:00Z,0
2024-12-26T01:12:00Z,0.38939643
2024-12-26T01:48:00Z,0.8412364
2024-12-26T02:24:00Z,0
2024-12-26T03:00:00Z,0.8331178
2024-12-26T03:36:00Z,0
2024-12-26T04:12:00Z,0.582298
2024-12-26T05:24:00Z,0.20996813
2024-12-26T06:36:00Z,0.51578695
2024-12-26T07:48:00Z,0.078430235
2024-12-26T09:00:00Z,0.84361464
2024-12-26T09:36:00Z,0
2024-12-26T10:48:00Z,0.6628053
2024-12-26T12:36:00Z,0.49763834
2024-12-26T13:12:00Z,0.14188683
2024-12-26T14:24:00Z,0.8395677
2024-12-26T15:00:00Z,0
2024-12-26T15:36:00Z,0.9351785
2024-12-26T16:12:00Z,0
2024-12-26T16:48:00Z,0.069350705
2024-12-26T17:24:00Z,0.7814196
2024-12-26T18:00:00Z,0
2024-12-26T19:12:00Z,0.28327933
2024-12-26T19:48:00Z,0.75248253
2024-12-26T20:24:00Z,0
2024-12-26T21:36:00Z,0.16530454
2024-12-26T22:12:00Z,0.6613542
2024-12-27T00:00:00Z,0.1775126
2024-12-27T01:12:00Z,0.68992
2024-12-27T02:24:00Z,0.004501761
2024-12-27T03:00:00Z,0.02769602
2024-12-27T03:36:00Z,0.4520713
2024-12-27T04:12:00Z,0.17784747
2024-12-27T04:48:00Z,0.8716827
2024-12-27T05:24:00Z,0
2024-12-27T06:00:00Z,0.84569806
2024-12-27T06:36:00Z,0
2024-12-27T07:12:00Z,0.16439775
2024-12-27T07:48:00Z,0.95973843
2024-12-27T08:24:00Z,0
2024-12-27T09:36:00Z,0.6179364
2024-12-27T10:48:00Z,0.06907842
2024-12-27T12:00:00Z,0.56386024
2024-12-27T12:36:00Z,0.28872174
2024-12-27T13:12:00Z,0.8522838
2024-12-27T13:48:00Z,0
2024-12-27T14:24:00Z,0.5979999
2024-12-27T15:00:00Z,0.76002115
2024-12-27T15:36:00Z,0
2024-12-27T16:12:00Z,0.60417324
2024-12-27T16:48:00Z,0.55369765
2024-12-27T17:24:00Z,0.08914728
2024-12-27T18:00:00Z,0.8684315
2024-12-27T18:36:00Z,0
2024-12-27T19:12:00Z,0.6615953
2024-12-27T20:24:00Z,0.10459029
2024-12-27T21:00:00Z,0.38333642
2024-12-27T21:36:00Z,0.07631418
2024-12-27T22:12:00Z,0.9321088
2024-12-27T22:48:00Z,0
2024-12-28T01:12:00Z,0.22424865
2024-12-28T01:48:00Z,0.8823773
2024-12-28T02:24:00Z,0
2024-12-28T03:00:00Z,0.61231357
2024-12-28T03:36:00Z,0.051411115
2024-12-28T04:48:00Z,0.83387053
2024-12-28T05:24:00Z,0
2024-12-28T06:00:00Z,0.9126086
2024-12-28T06:36:00Z,0
2024-12-28T07:12:00Z,0.5406441
2024-12-28T08:24:00Z,0.46081057
2024-12-28T09:00:00Z,0.114374004
2024-12-28T10:12:00Z,0.97198325
2024-12-28T10:48:00Z,0
2024-12-28T12:36:00Z,0.144479
2024-12-28T13:12:00Z,0.6698936
2024-12-28T13:48:00Z,0.58099705
2024-12-28T14:24:00Z,0.031599108
2024-12-28T15:00:00Z,0.9813777
2024-12-28T15:36:00Z,0
2024-12-28T16:48:00Z,0.88205314
2024-12-28T17:24:00Z,0
2024-12-28T18:00:00Z,0.86703587
2024-12-28T18:36:00Z,0
2024-12-28T19:12:00Z,0.7599213
2024-12-28T19:48:00Z,0
2024-12-28T20:24:00Z,0.9220847
2024-12-28T21:00:00Z,0
2024-12-28T21:36:00Z,0.638514
2024-12-28T22:12:00Z,0.5353124
2024-12-28T22:48:00Z,0.94291544
2024-12-28T23:24:00Z,0
2024-12-29T00:36:00Z,0.60346603
2024-12-29T01:48:00Z,0.7241285
2024-12-29T02:24:00Z,0.3432612
2024-12-29T03:00:00Z,0.8182894
2024-12-29T03:36:00Z,0
2024-12-29T05:24:00Z,0.8808767
2024-12-29T06:00:00Z,0
2024-12-29T06:36:00Z,0.80783284
2024-12-29T07:12:00Z,0
2024-12-29T07:48:00Z,0.09252297
2024-12-29T08:24:00Z,0.8983554
2024-12-29T09:00:00Z,0
2024-12-29T09:36:00Z,0.7787821
2024-12-29T10:12:00Z,0
2024-12-29T10:48:00Z,0.42913312
2024-12-29T11:24:00Z,0.014211541
2024-12-29T13:48:00Z,0.37361896
2024-12-29T14:24:00Z,0.82571274
2024-12-29T15:00:00Z,0
2024-12-29T15:36:00Z,0.9544011
2024-12-29T16:12:00Z,0
2024-12-29T17:24:00Z,0.6381118
2024-12-29T18:00:00Z,0.12926152
2024-12-29T18:36:00Z,0.99463636
2024-12-29T19:12:00Z,0
2024-12-29T20:24:00Z,0.8019367
2024-12-29T21:00:00Z,0
2024-12-29T21:36:00Z,0.679869
2024-12-29T22:48:00Z,0.14679134
2024-12-30T00:36:00Z,0.1426596
2024-12-30T01:48:00Z,0.9845151
2024-12-30T02:24:00Z,0
2024-12-30T03:00:00Z,0.84469604
2024-12-30T03:36:00Z,0
2024-12-30T04:48:00Z,0.9523193
2024-12-30T05:24:00Z,0
2024-12-30T06:36:00Z,0.61620307
2024-12-30T07:12:00Z,0.004261438
2024-12-30T08:24:00Z,0.6206124
2024-12-30T09:00:00Z,0.60221964
2024-12-30T09:36:00Z,0.0032969448
2024-12-30T10:48:00Z,0.82829815
2024-12-30T11:24:00Z,0
2024-12-30T12:36:00Z,0.8112909
2024-12-30T13:12:00Z,0
2024-12-30T14:24:00Z,0.32091665
2024-12-30T15:00:00Z,0.94257635
2024-12-30T15:36:00Z,0
2024-12-30T16:12:00Z,0.9996887
2024-12-30T16:48:00Z,0
2024-12-30T17:24:00Z,0.3753732
2024-12-30T18:36:00Z,0.186223
2024-12-30T19:12:00Z,0.6118453
2024-12-30T19:48:00Z,0.31344542
2024-12-30T20:24:00Z,0.69619244
2024-12-30T21:00:00Z,0.22980464
2024-12-30T21:36:00Z,0.8213184
2024-12-30T22:12:00Z,0
2024-12-31T00:00:00Z,0.5228139
2024-12-31T00:36:00Z,0.9740459
2024-12-31T01:12:00Z,0
2024-12-31T01:48:00Z,0.5868503
2024-12-31T03:00:00Z,0.09688367
2024-12-31T03:36:00Z,0.79381245
2024-12-31T04:12:00Z,0
2024-12-31T05:24:00Z,0.9534337
2024-12-31T06:00:00Z,0
2024-12-31T06:36:00Z,0.5865005
2024-12-31T07:48:00Z,0.58953893
2024-12-31T08:24:00Z,0.92866725
2024-12-31T09:00:00Z,0
2024-12-31T09:36:00Z,0.8519406
2024-12-31T10:12:00Z,0
2024-12-31T11:24:00Z,0.737878
2024-12-31T12:00:00Z,0.20822659
2024-12-31T13:12:00Z,0.08542261
2024-12-31T14:24:00Z,0.7123298
2024-12-31T15:36:00Z,0.12722127
2024-12-31T16:48:00Z,0.6506359
2024-12-31T17:24:00Z,0.34976083
2024-12-31T18:00:00Z,0.87224674
2024-12-31T18:36:00Z,0
2024-12-31T19:12:00Z,0.7407581
2024-12-31T20:24:00Z,0.5101319
2024-12-31T21:00:00Z,0.8560493
2024-12-31T21:36:00Z,0
2024-12-31T22:12:00Z,0.24833757
2025-01-01T00:00:00Z,0.14927518
2025-01-01T00:36:00Z,0.27152932
2025-01-01T01:12:00Z,0.89869183
2025-01-01T01:48:00Z,0
2025-01-01T02:24:00Z,0.71851885
2025-01-01T03:36:00Z,0.8765215
2025-01-01T04:12:00Z,0
2025-01-01T04:48:00Z,0.95935583
2025-01-01T05:24:00Z,0
2025-01-01T06:00:00Z,0.12263139
2025-01-01T06:36:00Z,0.8587948
2025-01-01T07:12:00Z,0
2025-01-01T07:48:00Z,0.42044833
2025-01-01T08:24:00Z,0.28661618
2025-01-01T09:00:00Z,0.9237822
2025-01-01T09:36:00Z,0
2025-01-01T10:12:00Z,0.32674134
2025-01-01T10:48:00Z,0.06834594
2025-01-01T11:24:00Z,0.85539615
2025-01-01T12:00:00Z,0
2025-01-01T14:24:00Z,0.5280799
2025-01-01T15:36:00Z,0.20428175
2025-01-01T16:12:00Z,0.87890893
2025-01-01T16:48:00Z,0
2025-01-01T17:24:00Z,0.49818963
2025-01-01T19:12:00Z,0.12877555
2025-01-01T21:00:00Z,0.89613163
2025-01-01T21:36:00Z,0
2025-01-01T22:48:00Z,0.9622912
2025-01-01T23:24:00Z,0
2025-01-02T02:24:00Z,0.5616882
2025-01-02T03:00:00Z,0.2258572
2025-01-02T04:48:00Z,0.7647651
2025-01-02T05:24:00Z,0
2025-01-02T06:00:00Z,0.3791892
2025-01-02T06:36:00Z,0.18699034
2025-01-02T07:12:00Z,0.84355265
2025-01-02T07:48:00Z,0
2025-01-02T08:24:00Z,0.90989655
2025-01-02T09:00:00Z,0
2025-01-02T09:36:00Z,0.88198423
2025-01-02T10:12:00Z,0
2025-01-02T10:48:00Z,0.4512522
2025-01-02T12:00:00Z,0.009797258
2025-01-02T12:36:00Z,0.89853746
2025-01-02T13:12:00Z,0
2025-01-02T13:48:00Z,0.94860405
2025-01-02T14:24:00Z,0
2025-01-02T16:12:00Z,0.38821173
2025-01-02T16:48:00Z,0.7930711
2025-01-02T17:24:00Z,0
2025-01-02T18:00:00Z,0.016550565
2025-01-02T18:36:00Z,0.9155878
2025-01-02T19:12:00Z,0
2025-01-02T19:48:00Z,0.8569069
2025-01-02T20:24:00Z,0
2025-01-02T21:00:00Z,0.7808515
2025-01-02T21:36:00Z,0
2025-01-02T22:48:00Z,0.84295267
2025-01-02T23:24:00Z,0
2025-01-03T00:00:00Z,0.8335846
2025-01-03T00:36:00Z,0
2025-01-03T01:12:00Z,0.7847587
2025-01-03T01:48:00Z,0
2025-01-03T02:24:00Z,0.057391793
2025-01-03T03:00:00Z,0.65007514
2025-01-03T03:36:00Z,0.37341654
2025-01-03T04:48:00Z,0.48059195
2025-01-03T05:24:00Z,0.18386346
2025-01-03T06:00:00Z,0.7471461
2025-01-03T06:36:00Z,0.10625109
2025-01-03T07:12:00Z,0.17209765
2025-01-03T07:48:00Z,0.64058155
2025-01-03T08:24:00Z,0.47366837
2025-01-03T09:00:00Z,0.72032017
2025-01-03T09:36:00Z,0.07620934
2025-01-03T11:24:00Z,0.9489186
2025-01-03T12:00:00Z,0
2025-01-03T12:36:00Z,0.74861455
2025-01-03T13:12:00Z,0.23297301
2025-01-03T13:48:00Z,0.598774
2025-01-03T14:24:00Z,0.3326358
2025-01-03T15:36:00Z,0.6353478
2025-01-03T16:12:00Z,0.39619753
2025-01-03T16:48:00Z,0.5938207
2025-01-03T18:00:00Z,0.007339129
2025-01-03T19:12:00Z,0.70209587
2025-01-03T19:48:00Z,0.7207662
2025-01-03T20:24:00Z,0.17362171
2025-01-03T21:36:00Z,0.3638623
2025-01-03T22:12:00Z,0.80415446
2025-01-03T22:48:00Z,0
2025-01-03T23:24:00Z,0.9642989
2025-01-04T00:00:00Z,0
2025-01-04T00:36:00Z,0.82671046
2025-01-04T01:12:00Z,0
2025-01-04T02:24:00Z,0.7544475
2025-01-04T03:00:00Z,0
2025-01-04T03:36:00Z,0.123150624
2025-01-04T04:12:00Z,0.85657185
2025-01-04T04:48:00Z,0
2025-01-04T05:24:00Z,0.98233557
2025-01-04T06:00:00Z,0
2025-01-04T06:36:00Z,0.45556092
2025-01-04T07:12:00Z,0.15668327
2025-01-04T07:48:00Z,0.51498437
2025-01-04T09:00:00Z,0.2906812
2025-01-04T09:36:00Z,0.6307504
2025-01-04T11:24:00Z,0.10933133
2025-01-04T12:00:00Z,0.73141766
2025-01-04T12:36:00Z,0.06011703
2025-01-04T13:12:00Z,0.90773875
2025-01-04T13:48:00Z,0
2025-01-04T15:00:00Z,0.07150645
2025-01-04T15:36:00Z,0.5187846
2025-01-04T16:48:00Z,0.21243669
2025-01-04T17:24:00Z,0.8683076
2025-01-04T18:00:00Z,0
2025-01-04T18:36:00Z,0.03007251
2025-01-04T19:12:00Z,0.8786192
2025-01-04T19:48:00Z,0
2025-01-04T20:24:00Z,0.7295926
2025-01-04T21:00:00Z,0.77052623
2025-01-04T21:36:00Z,0
2025-01-05T00:36:00Z,0.5462257
2025-01-05T01:12:00Z,0.92047054
2025-01-05T01:48:00Z,0
2025-01-05T03:00:00Z,0.5593229
2025-01-05T04:12:00Z,0.24477729
2025-01-05T04:48:00Z,0.88863295
2025-01-05T05:24:00Z,0
2025-01-05T06:00:00Z,0.64090085
2025-01-05T07:12:00Z,0.36140713
2025-01-05T07:48:00Z,0.8310343
2025-01-05T08:24:00Z,0
2025-01-05T09:00:00Z,0.6474378
2025-01-05T10:12:00Z,0.01569164
2025-01-05T10:48:00Z,0.68107975
2025-01-05T11:24:00Z,0.8469294
2025-01-05T12:00:00Z,0
2025-01-05T12:36:00Z,0.87680787
2025-01-05T13:12:00Z,0
2025-01-05T14:24:00Z,0.44575703
2025-01-05T15:00:00Z,0.931817
2025-01-05T15:36:00Z,0
2025-01-05T16:48:00Z,0.8449145
2025-01-05T17:24:00Z,0
2025-01-05T18:00:00Z,0.8911177
2025-01-05T18:36:00Z,0
2025-01-05T19:12:00Z,0.7409818
2025-01-05T19:48:00Z,0.9023957
2025-01-05T20:24:00Z,0
2025-01-05T21:00:00Z,0.40135193
2025-01-05T21:36:00Z,0.024665674
2025-01-05T22:12:00Z,0.56040883
2025-01-06T00:00:00Z,0.7730894
2025-01-06T00:36:00Z,0
2025-01-06T01:12:00Z,0.53918296
2025-01-06T02:24:00Z,0.9509257
2025-01-06T03:00:00Z,0
2025-01-06T04:12:00Z,0.8862019
2025-01-06T04:48:00Z,0
2025-01-06T06:00:00Z,0.533566
2025-01-06T06:36:00Z,0.15296723
2025-01-06T09:00:00Z,0.8372959
2025-01-06T09:36:00Z,0
2025-01-06T10:12:00Z,0.91914225
2025-01-06T10:48:00Z,0
2025-01-06T12:00:00Z,0.6000467
2025-01-06T12:36:00Z,0.4048403
2025-01-06T13:12:00Z,0.8001413
2025-01-06T13:48:00Z,0
2025-01-06T14:24:00Z,0.7583841
2025-01-06T15:00:00Z,0
2025-01-06T15:36:00Z,0.6654739
2025-01-06T16:12:00Z,0.89006484
2025-01-06T16:48:00Z,0
2025-01-06T17:24:00Z,0.0683207
2025-01-06T18:00:00Z,0.9893382
2025-01-06T18:36:00Z,0
2025-01-06T19:48:00Z,0.9745312
2025-01-06T20:24:00Z,0
2025-01-06T21:00:00Z,0.33832315
2025-01-06T21:36:00Z,0.13858975
2025-01-06T22:12:00Z,0.5183971
2025-01-06T22:48:00Z,0.2511935
2025-01-07T01:12:00Z,0.43087628
2025-01-07T01:48:00Z,0.88840103
2025-01-07T02:24:00Z,0
2025-01-07T03:00:00Z,0.7906362
2025-01-07T03:36:00Z,0
2025-01-07T04:48:00Z,0.33821273
2025-01-07T05:24:00Z,0.9161313
2025-01-07T06:00:00Z,0
2025-01-07T06:36:00Z,0.39114282
2025-01-07T09:00:00Z,0.1456248
2025-01-07T09:36:00Z,0.006541715
2025-01-07T10:12:00Z,0.5467333
2025-01-07T10:48:00Z,0.51276445
2025-01-07T11:24:00Z,0.9893744
2025-01-07T12:00:00Z,0
2025-01-07T12:36:00Z,0.7665724
2025-01-07T13:12:00Z,0
2025-01-07T13:48:00Z,0.31265876
2025-01-07T15:36:00Z,0.20553125
2025-01-07T16:12:00Z,0.008277041
2025-01-07T16:48:00Z,0.794801
2025-01-07T17:24:00Z,0
2025-01-07T18:00:00Z,0.2378306
2025-01-07T18:36:00Z,0.04255054
2025-01-07T19:12:00Z,0.81281906
2025-01-07T19:48:00Z,0
2025-01-07T21:36:00Z,0.62569505
2025-01-07T22:12:00Z,0.26952964
2025-01-07T22:48:00Z,0.6952019
2025-01-07T23:24:00Z,0.31348404
2025-01-08T00:36:00Z,0.8641827
2025-01-08T01:12:00Z,0
2025-01-08T01:48:00Z,0.82169485
2025-01-08T02:24:00Z,0
2025-01-08T03:36:00Z,0.13484438
2025-01-08T04:12:00Z,0.5696997
2025-01-08T05:24:00Z,0.6817223
2025-01-08T06:00:00Z,0.7695964
2025-01-08T06:36:00Z,0
2025-01-08T07:12:00Z,0.8750443
2025-01-08T07:48:00Z,0
2025-01-08T08:24:00Z,0.9556429
2025-01-08T09:00:00Z,0
2025-01-08T10:48:00Z,0.64621395
2025-01-08T11:24:00Z,0.11191775
2025-01-08T12:00:00Z,0.93203485
2025-01-08T12:36:00Z,0
2025-01-08T13:12:00Z,0.72025263
2025-01-08T13:48:00Z,0.85222477
2025-01-08T14:24:00Z,0
2025-01-08T15:36:00Z,0.4564628
2025-01-08T16:48:00Z,0.06047684
2025-01-08T18:00:00Z,0.7499518
2025-01-08T18:36:00Z,0.86787343
2025-01-08T19:12:00Z,0
2025-01-08T19:48:00Z,0.94853777
2025-01-08T20:24:00Z,0
2025-01-08T21:00:00Z,0.51129586
2025-01-08T21:36:00Z,0.20907748
2025-01-08T22:12:00Z,0.8643016
2025-01-08T22:48:00Z,0
2025-01-08T23:24:00Z,0.9427029
2025-01-09T00:00:00Z,0
2025-01-09T01:12:00Z,0.16627862
2025-01-09T01:48:00Z,0.8239223
2025-01-09T02:24:00Z,0
2025-01-09T03:00:00Z,0.7890942
2025-01-09T03:36:00Z,0
2025-01-09T04:12:00Z,0.97407436
2025-01-09T04:48:00Z,0
2025-01-09T06:00:00Z,0.19256541
2025-01-09T06:36:00Z,0.89445627
2025-01-09T07:12:00Z,0
2025-01-09T07:48:00Z,0.9938108
2025-01-09T08:24:00Z,0
2025-01-09T09:00:00Z,0.5467802
2025-01-09T09:36:00Z,0.42256323
2025-01-09T10:48:00Z,0.74781066
2025-01-09T12:36:00Z,0.070553504
2025-01-09T13:12:00Z,0.5215199
2025-01-09T14:24:00Z,0.96192515
2025-01-09T15:00:00Z,0
2025-01-09T16:12:00Z,0.9484947
2025-01-09T16:48:00Z,0
2025-01-09T18:00:00Z,0.97687006
2025-01-09T18:36:00Z,0
2025-01-09T19:48:00Z,0.26765984
2025-01-09T20:24:00Z,0.9021589
2025-01-09T21:00:00Z,0
2025-01-09T22:12:00Z,0.9730574
2025-01-09T22:48:00Z,0
2025-01-09T23:24:00Z,0.87772566
2025-01-10T00:00:00Z,0
2025-01-10T00:36:00Z,0.68797815
2025-01-10T01:48:00Z,0.85387826
2025-01-10T02:24:00Z,0
2025-01-10T03:36:00Z,0.78795046
2025-01-10T04:12:00Z,0
2025-01-10T04:48:00Z,0.89618117
2025-01-10T05:24:00Z,0
2025-01-10T06:00:00Z,0.8151481
2025-01-10T06:36:00Z,0
2025-01-10T07:12:00Z,0.4435906
2025-01-10T08:24:00Z,0.10761404
2025-01-10T09:00:00Z,0.34244868
2025-01-10T10:48:00Z,0.06173591
2025-01-10T11:24:00Z,0.93693113
2025-01-10T12:00:00Z,0
2025-01-10T12:36:00Z,0.45463014
2025-01-10T13:48:00Z,0.6706008
2025-01-10T14:24:00Z,0.90044093
2025-01-10T15:00:00Z,0
2025-01-10T15:36:00Z,0.4821983
2025-01-10T16:48:00Z,0.253856
2025-01-10T18:00:00Z,0.78758126
2025-01-10T18:36:00Z,0
2025-01-10T19:48:00Z,0.8077087
2025-01-10T20:24:00Z,0
2025-01-10T21:36:00Z,0.2197496
2025-01-10T22:12:00Z,0.04865096
2025-01-10T22:48:00Z,0.6661326
2025-01-10T23:24:00Z,0.56547624
2025-01-11T00:00:00Z,0.96333987
2025-01-11T00:36:00Z,0
2025-01-11T01:12:00Z,0.6199592
2025-01-11T01:48:00Z,0.219271
2025-01-11T02:24:00Z,0.4835533
2025-01-11T04:48:00Z,0.20907576
2025-01-11T05:24:00Z,0.5150771
2025-01-11T06:00:00Z,0.074318506
2025-01-11T09:36:00Z,0.7949277
2025-01-11T10:12:00Z,0
2025-01-11T11:24:00Z,0.72416764
2025-01-11T12:36:00Z,0.033896226
2025-01-11T13:12:00Z,0.33615994
2025-01-11T13:48:00Z,0.015479408
2025-01-11T14:24:00Z,0.8530398
2025-01-11T15:00:00Z,0
2025-01-11T17:24:00Z,0.41727144
2025-01-11T18:00:00Z,0.9275928
2025-01-11T18:36:00Z,0
2025-01-11T19:12:00Z,0.8236256
2025-01-11T19:48:00Z,0
2025-01-11T21:36:00Z,0.9283573
2025-01-11T22:12:00Z,0
2025-01-11T23:24:00Z,0.8188782
2025-01-12T00:00:00Z,0
2025-01-12T00:36:00Z,0.66017354
2025-01-12T01:12:00Z,0.23747721
2025-01-12T01:48:00Z,0.9188294
2025-01-12T02:24:00Z,0
2025-01-12T03:00:00Z,0.043167755
2025-01-12T03:36:00Z,0.75010973
2025-01-12T04:12:00Z,0
2025-01-12T04:48:00Z,0.6663581
2025-01-12T05:24:00Z,0.814287
2025-01-12T06:00:00Z,0
2025-01-12T07:12:00Z,0.5420689
2025-01-12T07:48:00Z,0.24571338
2025-01-12T08:24:00Z,0.7441911
2025-01-12T09:36:00Z,0.6178303
2025-01-12T10:12:00Z,0.9385925
2025-01-12T10:48:00Z,0
2025-01-12T12:00:00Z,0.9929992
2025-01-12T12:36:00Z,0
2025-01-12T13:12:00Z,0.61944044
2025-01-12T13:48:00Z,0.06999052
2025-01-12T14:24:00Z,0.6548272
2025-01-12T15:00:00Z,0.59242076
2025-01-12T15:36:00Z,0.0072006164
2025-01-12T16:12:00Z,0.9550213
2025-01-12T16:48:00Z,0
2025-01-12T18:00:00Z,0.69939893
2025-01-12T19:12:00Z,0.45950678
2025-01-12T20:24:00Z,0.6834656
2025-01-12T21:00:00Z,0.1444532
2025-01-12T21:36:00Z,0.94901127
2025-01-12T22:12:00Z,0
2025-01-13T00:00:00Z,0.6404985
2025-01-13T00:36:00Z,0.18143266
2025-01-13T01:48:00Z,0.9705847
2025-01-13T02:24:00Z,0
2025-01-13T03:00:00Z,0.69779176
2025-01-13T03:36:00Z,0.29214913
2025-01-13T04:12:00Z,0.8801303
2025-01-13T04:48:00Z,0
2025-01-13T05:24:00Z,0.80086243
2025-01-13T06:00:00Z,0
2025-01-13T06:36:00Z,0.6250991
2025-01-13T07:12:00Z,0.32341036
2025-01-13T09:00:00Z,0.7607924
2025-01-13T09:36:00Z,0
2025-01-13T10:12:00Z,0.81637096
2025-01-13T10:48:00Z,0
2025-01-13T11:24:00Z,0.730614
2025-01-13T12:36:00Z,0.7856772
2025-01-13T13:12:00Z,0
2025-01-13T13:48:00Z,0.9757309
2025-01-13T14:24:00Z,0
2025-01-13T15:00:00Z,0.48748937
2025-01-13T15:36:00Z,0.10506761
2025-01-13T16:48:00Z,0.8286235
2025-01-13T17:24:00Z,0
2025-01-13T18:00:00Z,0.7596388
2025-01-13T18:36:00Z,0
2025-01-13T19:12:00Z,0.9136176
2025-01-13T19:48:00Z,0
2025-01-13T21:00:00Z,0.31065845
2025-01-13T22:48:00Z,0.008455881
2025-01-14T00:00:00Z,0.92948556
2025-01-14T00:36:00Z,0
2025-01-14T01:12:00Z,0.7390714
2025-01-14T01:48:00Z,0.24750087
2025-01-14T02:24:00Z,0.2322205
2025-01-14T03:00:00Z,0.86032116
2025-01-14T03:36:00Z,0
2025-01-14T04:48:00Z,0.6070848
2025-01-14T05:24:00Z,0.41561544
2025-01-14T06:00:00Z,0.78932774
2025-01-14T06:36:00Z,0
2025-01-14T07:48:00Z,0.25315565
2025-01-14T08:24:00Z,0.9133875
2025-01-14T09:00:00Z,0
2025-01-14T09:36:00Z,0.94973224
2025-01-14T10:12:00Z,0
2025-01-14T10:48:00Z,0.9942864
2025-01-14T11:24:00Z,0
2025-01-14T12:00:00Z,0.50682735
2025-01-14T13:12:00Z,0.9347374
2025-01-14T13:48:00Z,0
2025-01-14T14:24:00Z,0.17778341
2025-01-14T15:00:00Z,0.839055
2025-01-14T15:36:00Z,0
2025-01-14T16:48:00Z,0.47920892
2025-01-14T17:24:00Z,0.01879645
2025-01-14T20:24:00Z,0.7377182
2025-01-14T21:00:00Z,0.31561857
2025-01-14T21:36:00Z,0.94572634
2025-01-14T22:12:00Z,0
2025-01-14T22:48:00Z,0.5374465
2025-01-15T00:36:00Z,0.36983645
2025-01-15T01:12:00Z,0.94861925
2025-01-15T01:48:00Z,0
2025-01-15T02:24:00Z,0.6833145
2025-01-15T03:00:00Z,0.17213951
2025-01-15T04:48:00Z,0.14393692
2025-01-15T05:24:00Z,0.57761216
2025-01-15T06:00:00Z,0.3509404
2025-01-15T07:12:00Z,0.6207865
2025-01-15T07:48:00Z,0.10249549
2025-01-15T09:00:00Z,0.060565062
2025-01-15T09:36:00Z,0.5623869
2025-01-15T10:48:00Z,0.797551
2025-01-15T11:24:00Z,0
2025-01-15T12:36:00Z,0.8695778
2025-01-15T13:12:00Z,0
2025-01-15T14:24:00Z,0.1823605
2025-01-15T15:00:00Z,0.64444286
2025-01-15T15:36:00Z,0.08296277
2025-01-15T16:12:00Z,0.11565112
2025-01-15T17:24:00Z,0.84052056
2025-01-15T18:00:00Z,0
2025-01-15T18:36:00Z,0.88701427
2025-01-15T19:12:00Z,0
2025-01-15T19:48:00Z,0.017894883
2025-01-15T20:24:00Z,0.7839084
2025-01-15T21:00:00Z,0
2025-01-15T21:36:00Z,0.48264554
2025-01-15T22:12:00Z,0.16073817
2025-01-15T23:24:00Z,0.4447075
2025-01-16T00:00:00Z,0.3128552
2025-01-16T00:36:00Z,0.7957896
2025-01-16T01:12:00Z,0
2025-01-16T01:48:00Z,0.9598805
2025-01-16T02:24:00Z,0
2025-01-16T03:00:00Z,0.4829051
2025-01-16T05:24:00Z,0.5007271
2025-01-16T06:00:00Z,0.94589734
2025-01-16T06:36:00Z,0
2025-01-16T07:12:00Z,0.98192054
2025-01-16T07:48:00Z,0
2025-01-16T08:24:00Z,0.9662487
2025-01-16T09:00:00Z,0
2025-01-16T09:36:00Z,0.07421041
2025-01-16T10:12:00Z,0.9907408
2025-01-16T10:48:00Z,0
2025-01-16T12:00:00Z,0.29885656
2025-01-16T12:36:00Z,0.88806236
2025-01-16T13:12:00Z,0
2025-01-16T14:24:00Z,0.38331863
2025-01-16T15:00:00Z,0.21501103
2025-01-16T15:36:00Z,0.73046356
2025-01-16T16:12:00Z,0.31511945
2025-01-16T17:24:00Z,0.72882175
2025-01-16T18:00:00Z,0.458913
2025-01-16T18:36:00Z,0.942952
2025-01-16T19:12:00Z,0
2025-01-16T19:48:00Z,0.48761693
2025-01-16T20:24:00Z,0.4717709
2025-01-16T21:00:00Z,0.03786175
2025-01-16T21:36:00Z,0.7911554
2025-01-16T22:12:00Z,0
2025-01-16T22:48:00Z,0.9729908
2025-01-16T23:24:00Z,0
2025-01-17T00:36:00Z,0.6614711
2025-01-17T01:12:00Z,0.0031810752
2025-01-17T02:24:00Z,0.101697296
2025-01-17T03:00:00Z,0.58561665
2025-01-17T04:12:00Z,0.5268609
2025-01-17T04:48:00Z,0.122709185
2025-01-17T05:24:00Z,0.6856792
2025-01-17T06:00:00Z,0.8173018
2025-01-17T06:36:00Z,0
2025-01-17T08:24:00Z,0.4877418
2025-01-17T09:00:00Z,0.9171843
2025-01-17T09:36:00Z,0
2025-01-17T10:48:00Z,0.9809866
2025-01-17T11:24:00Z,0
2025-01-17T12:36:00Z,0.7092278
2025-01-17T13:12:00Z,0.7587654
2025-01-17T13:48:00Z,0
2025-01-17T15:00:00Z,0.73510325
2025-01-17T15:36:00Z,0.06249756
2025-01-17T17:24:00Z,0.7999114
2025-01-17T18:00:00Z,0
2025-01-17T18:36:00Z,0.31955725
2025-01-17T21:00:00Z,0.26295927
2025-01-17T21:36:00Z,0.836794
2025-01-17T22:12:00Z,0
2025-01-17T22:48:00Z,0.7006535
2025-01-17T23:24:00Z,0.7283606
2025-01-18T00:00:00Z,0.11002167
2025-01-18T00:36:00Z,0.38884535
2025-01-18T01:12:00Z,0.03436125
2025-01-18T01:48:00Z,0.79952586
2025-01-18T02:24:00Z,0
2025-01-18T03:36:00Z,0.9686817
2025-01-18T04:12:00Z,0
2025-01-18T05:24:00Z,0.87258697
2025-01-18T06:00:00Z,0
2025-01-18T06:36:00Z,0.21783012
2025-01-18T07:12:00Z,0.9088399
2025-01-18T07:48:00Z,0
2025-01-18T08:24:00Z,0.23434383
2025-01-18T09:00:00Z,0.96496594
2025-01-18T09:36:00Z,0
2025-01-18T10:12:00Z,0.10217383
2025-01-18T10:48:00Z,0.86710745
2025-01-18T11:24:00Z,0
2025-01-18T12:00:00Z,0.6640849
2025-01-18T12:36:00Z,0.07061868
2025-01-18T13:12:00Z,0.76022536
2025-01-18T13:48:00Z,0
2025-01-18T14:24:00Z,0.7372198
2025-01-18T16:12:00Z,0.44734827
2025-01-18T18:00:00Z,0.9811019
2025-01-18T18:36:00Z,0
2025-01-18T19:12:00Z,0.6936179
2025-01-18T19:48:00Z,0.7559139
2025-01-18T20:24:00Z,0
2025-01-18T21:00:00Z,0.97861576
2025-01-18T21:36:00Z,0
2025-01-18T22:48:00Z,0.65016395
2025-01-18T23:24:00Z,0.62082905
2025-01-19T00:00:00Z,0.07096554
2025-01-19T00:36:00Z,0.17604662
2025-01-19T01:12:00Z,0.8843965
2025-01-19T01:48:00Z,0
2025-01-19T02:24:00Z,0.69355977
2025-01-19T03:00:00Z,0.11446669
2025-01-19T03:36:00Z,0.064449795
2025-01-19T04:12:00Z,0.734734
2025-01-19T04:48:00Z,0.43665835
2025-01-19T05:24:00Z,0.88113177
2025-01-19T06:00:00Z,0
2025-01-19T06:36:00Z,0.11512643
2025-01-19T07:12:00Z,0.69821656
2025-01-19T07:48:00Z,0.06467795
2025-01-19T08:24:00Z,0.38616142
2025-01-19T09:36:00Z,0.20237651
2025-01-19T10:12:00Z,0.74793524
2025-01-19T10:48:00Z,0.089268364
2025-01-19T12:36:00Z,0.7900298
2025-01-19T13:12:00Z,0
2025-01-19T13:48:00Z,0.8732706
2025-01-19T14:24:00Z,0
2025-01-19T16:12:00Z,0.7945274
2025-01-19T16:48:00Z,0
2025-01-19T17:24:00Z,0.83037204
2025-01-19T18:00:00Z,0
2025-01-19T21:00:00Z,0.96654916
2025-01-19T21:36:00Z,0
2025-01-19T23:24:00Z,0.68109787
2025-01-20T00:00:00Z,0.1870322
2025-01-20T00:36:00Z,0.99503267
2025-01-20T01:12:00Z,0
2025-01-20T02:24:00Z,0.9739116
2025-01-20T03:00:00Z,0
2025-01-20T04:48:00Z,0.4690697
2025-01-20T06:00:00Z,0.041986413
2025-01-20T07:48:00Z,0.6528124
2025-01-20T08:24:00Z,0.2957193
2025-01-20T09:00:00Z,0.6196144
2025-01-20T09:36:00Z,0.33210084
2025-01-20T10:48:00Z,0.6715471
2025-01-20T11:24:00Z,0.22822016
2025-01-20T14:24:00Z,0.9445698
2025-01-20T15:00:00Z,0
2025-01-20T15:36:00Z,0.87400943
2025-01-20T16:12:00Z,0
2025-01-20T16:48:00Z,0.23010683
2025-01-20T17:24:00Z,0.9484093
2025-01-20T18:00:00Z,0
2025-01-20T19:48:00Z,0.30646992
2025-01-20T20:24:00Z,0.05929919
2025-01-20T22:12:00Z,0.97394353
2025-01-20T22:48:00Z,0
2025-01-20T23:24:00Z,0.7284887
2025-01-21T00:00:00Z,0.4295169
2025-01-21T00:36:00Z,0.89090496
2025-01-21T01:12:00Z,0
2025-01-21T02:24:00Z,0.51358587
2025-01-21T03:36:00Z,0.22740747
2025-01-21T04:12:00Z,0.69717366
2025-01-21T04:48:00Z,0.10749989
2025-01-21T05:24:00Z,0.075718
2025-01-21T06:00:00Z,0.44635236
2025-01-21T07:48:00Z,0.013681844
2025-01-21T08:24:00Z,0.92092294
2025-01-21T09:00:00Z,0
2025-01-21T09:36:00Z,0.6090128
2025-01-21T10:12:00Z,0.4481863
2025-01-21T10:48:00Z,0.7209936
2025-01-21T11:24:00Z,0.36403954
2025-01-21T13:12:00Z,0.46928817
2025-01-21T13:48:00Z,0.087872304
2025-01-21T14:24:00Z,0.9948759
2025-01-21T15:00:00Z,0
2025-01-21T15:36:00Z,0.6743299
2025-01-21T16:48:00Z,0.2801526
2025-01-21T18:00:00Z,0.7159835
2025-01-21T18:36:00Z,0.048177805
2025-01-21T19:12:00Z,0.6095282
2025-01-21T20:24:00Z,0.78167564
2025-01-21T21:00:00Z,0
2025-01-21T21:36:00Z,0.76407915
2025-01-21T22:12:00Z,0
2025-01-22T00:00:00Z,0.7294301
2025-01-22T01:12:00Z,0.29457277
2025-01-22T02:24:00Z,0.4025015
2025-01-22T04:12:00Z,0.18215576
2025-01-22T04:48:00Z,0.7383947
2025-01-22T06:00:00Z,0.040608823
2025-01-22T06:36:00Z,0.9358548
2025-01-22T07:12:00Z,0
2025-01-22T07:48:00Z,0.8100279
2025-01-22T08:24:00Z,0
2025-01-22T09:00:00Z,0.9165069
2025-01-22T09:36:00Z,0
2025-01-22T10:12:00Z,0.44612378
2025-01-22T10:48:00Z,0.13003711
2025-01-22T11:24:00Z,0.6328671
2025-01-22T12:36:00Z,0.86923903
2025-01-22T13:12:00Z,0
2025-01-22T13:48:00Z,0.81678206
2025-01-22T14:24:00Z,0
2025-01-22T15:36:00Z,0.87319344
2025-01-22T16:12:00Z,0
2025-01-22T17:24:00Z,0.14173913
2025-01-22T18:00:00Z,0.81807667
2025-01-22T18:36:00Z,0
2025-01-22T19:12:00Z,0.053509798
2025-01-22T19:48:00Z,0.898085
2025-01-22T20:24:00Z,0
2025-01-22T21:00:00Z,0.991041
2025-01-22T21:36:00Z,0
2025-01-22T22:12:00Z,0.7216776
2025-01-23T00:00:00Z,0.22735536
2025-01-23T00:36:00Z,0.45523652
2025-01-23T01:12:00Z,0.24352697
2025-01-23T01:48:00Z,0.8479505
2025-01-23T02:24:00Z,0
2025-01-23T03:36:00Z,0.7944198
2025-01-23T04:12:00Z,0
2025-01-23T04:48:00Z,0.9019426
2025-01-23T05:24:00Z,0
2025-01-23T06:36:00Z,0.04699449
2025-01-23T07:12:00Z,0.8001429
2025-01-23T07:48:00Z,0
2025-01-23T08:24:00Z,0.697951
2025-01-23T09:00:00Z,0.2143852
2025-01-23T10:12:00Z,0.17675008
2025-01-23T11:24:00Z,0.43807226
2025-01-23T12:00:00Z,0.9996055
2025-01-23T12:36:00Z,0
2025-01-23T13:12:00Z,0.8659292
2025-01-23T13:48:00Z,0
2025-01-23T14:24:00Z,0.02679299
2025-01-23T15:00:00Z,0.7292691
2025-01-23T15:36:00Z,0.872851
2025-01-23T16:12:00Z,0
2025-01-23T16:48:00Z,0.65293425
2025-01-23T17:24:00Z,0.07362772
2025-01-23T18:36:00Z,0.43555537
2025-01-23T19:12:00Z,0.9250469
2025-01-23T19:48:00Z,0
2025-01-23T21:00:00Z,0.9144767
2025-01-23T21:36:00Z,0
2025-01-23T22:48:00Z,0.90550673
2025-01-23T23:24:00Z,0
2025-01-24T00:00:00Z,0.7962693
2025-01-24T00:36:00Z,0
2025-01-24T01:48:00Z,0.9511888
2025-01-24T02:24:00Z,0
2025-01-24T04:12:00Z,0.6788098
2025-01-24T05:24:00Z,0.35493204
2025-01-24T06:36:00Z,0.8283481
2025-01-24T07:12:00Z,0
2025-01-24T08:24:00Z,0.8438361
2025-01-24T09:00:00Z,0
2025-01-24T10:48:00Z,0.6846936
2025-01-24T11:24:00Z,0.20096236
2025-01-24T13:12:00Z,0.85047823
2025-01-24T13:48:00Z,0
2025-01-24T15:00:00Z,0.9610728
2025-01-24T15:36:00Z,0
2025-01-24T16:12:00Z,0.5762613
2025-01-24T17:24:00Z,0.5141526
2025-01-24T18:00:00Z,0.09315462
2025-01-24T18:36:00Z,0.58422047
2025-01-24T19:48:00Z,0.6562766
2025-01-24T20:24:00Z,0.10184155
2025-01-24T21:00:00Z,0.66508955
2025-01-24T22:48:00Z,0.5528309
2025-01-24T23:24:00Z,0.7346029
2025-01-25T00:00:00Z,0.23507696
2025-01-25T00:36:00Z,0.99983656
2025-01-25T01:12:00Z,0
2025-01-25T03:00:00Z,0.8890625
2025-01-25T03:36:00Z,0
2025-01-25T05:24:00Z,0.2376046
2025-01-25T06:36:00Z,0.7109409
2025-01-25T07:12:00Z,0.7242989
2025-01-25T07:48:00Z,0.067253254
2025-01-25T08:24:00Z,0.47649106
2025-01-25T09:36:00Z,0.06613834
2025-01-25T10:12:00Z,0.96152824
2025-01-25T10:48:00Z,0
2025-01-25T12:00:00Z,0.57956773
2025-01-25T12:36:00Z,0.09422671
2025-01-25T13:12:00Z,0.891129
2025-01-25T13:48:00Z,0
2025-01-25T14:24:00Z,0.8247776
2025-01-25T15:00:00Z,0
2025-01-25T15:36:00Z,0.91346323
2025-01-25T16:12:00Z,0
2025-01-25T16:48:00Z,0.9348978
2025-01-25T17:24:00Z,0
2025-01-25T19:12:00Z,0.73371536
2025-01-25T19:48:00Z,0.46205074
2025-01-25T20:24:00Z,0.963528
2025-01-25T21:00:00Z,0
2025-01-25T21:36:00Z,0.8201125
2025-01-25T22:12:00Z,0
2025-01-25T23:24:00Z,0.7091919
2025-01-26T01:12:00Z,0.20927618
2025-01-26T03:00:00Z,0.50864446
2025-01-26T03:36:00Z,0.019976636
2025-01-26T04:48:00Z,0.9233749
2025-01-26T05:24:00Z,0
2025-01-26T06:00:00Z,0.94160616
2025-01-26T06:36:00Z,0
2025-01-26T07:12:00Z,0.15131588
2025-01-26T07:48:00Z,0.78802025
2025-01-26T08:24:00Z,0
2025-01-26T09:00:00Z,0.9083051
2025-01-26T09:36:00Z,0
2025-01-26T10:12:00Z,0.88596463
2025-01-26T10:48:00Z,0
2025-01-26T12:36:00Z,0.95596015
2025-01-26T13:12:00Z,0
2025-01-26T13:48:00Z,0.37886328
2025-01-26T14:24:00Z,0.05299668
2025-01-26T16:48:00Z,0.4445515
2025-01-26T17:24:00Z,0.9358994
2025-01-26T18:00:00Z,0
2025-01-26T18:36:00Z,0.50487244
2025-01-26T19:48:00Z,0.14202227
2025-01-26T20:24:00Z,0.9793744
2025-01-26T21:00:00Z,0
2025-01-26T21:36:00Z,0.75604314
2025-01-26T22:12:00Z,0
2025-01-26T23:24:00Z,0.9771837
2025-01-27T00:00:00Z,0
2025-01-27T01:12:00Z,0.5514551
2025-01-27T01:48:00Z,0.3451829
2025-01-27T02:24:00Z,0.69412124
2025-01-27T03:00:00Z,0.52391344
2025-01-27T03:36:00Z,0.94101745
2025-01-27T04:12:00Z,0
2025-01-27T05:24:00Z,0.6707841
2025-01-27T06:00:00Z,0.036326256
2025-01-27T07:48:00Z,0.09622796
2025-01-27T08:24:00Z,0.99355304
2025-01-27T09:00:00Z,0
2025-01-27T09:36:00Z,0.84892577
2025-01-27T10:12:00Z,0
2025-01-27T10:48:00Z,0.684477
2025-01-27T11:24:00Z,0.9419103
2025-01-27T12:00:00Z,0
2025-01-27T13:12:00Z,0.58216965
2025-01-27T13:48:00Z,0.15570904
2025-01-27T14:24:00Z,0.61635965
2025-01-27T15:00:00Z,0.020348372
2025-01-27T16:48:00Z,0.73157054
2025-01-27T18:00:00Z,0.018506793
2025-01-27T18:36:00Z,0.26428598
2025-01-27T19:12:00Z,0.067693524
2025-01-27T20:24:00Z,0.5899441
2025-01-27T22:12:00Z,0.6591508
2025-01-27T22:48:00Z,0.12122828
2025-01-27T23:24:00Z,0.8208108
2025-01-28T00:00:00Z,0
2025-01-28T01:48:00Z,0.39958978
2025-01-28T02:24:00Z,0.8184418
2025-01-28T03:00:00Z,0
2025-01-28T03:36:00Z,0.8545764
2025-01-28T04:12:00Z,0
2025-01-28T04:48:00Z,0.101180546
2025-01-28T05:24:00Z,0.88364995
2025-01-28T06:00:00Z,0
2025-01-28T06:36:00Z,0.5883261
2025-01-28T07:12:00Z,0.07391891
2025-01-28T07:48:00Z,0.55311006
2025-01-28T08:24:00Z,0.2890028
2025-01-28T09:00:00Z,0.5272738
2025-01-28T09:36:00Z,0.049509738
2025-01-28T10:12:00Z,0.7936087
2025-01-28T10:48:00Z,0
2025-01-28T11:24:00Z,0.6627158
2025-01-28T12:00:00Z,0.8091208
2025-01-28T12:36:00Z,0
2025-01-28T13:48:00Z,0.94878536
2025-01-28T14:24:00Z,0
2025-01-28T15:00:00Z,0.93341964
2025-01-28T15:36:00Z,0
2025-01-28T16:12:00Z,0.6818809
2025-01-28T18:00:00Z,0.52158767
2025-01-28T18:36:00Z,0.023794286
2025-01-28T19:12:00Z,0.86936504
2025-01-28T19:48:00Z,0
2025-01-28T20:24:00Z,0.081031784
2025-01-28T21:00:00Z,0.959735
2025-01-28T21:36:00Z,0
2025-01-28T22:12:00Z,0.647785
2025-01-28T22:48:00Z,0.24768786
2025-01-28T23:24:00Z,0.36292505
2025-01-29T00:00:00Z,0.008272911
2025-01-29T01:12:00Z,0.78105086
2025-01-29T01:48:00Z,0
2025-01-29T02:24:00Z,0.5312963
2025-01-29T03:00:00Z,0.051641632
2025-01-29T04:48:00Z,0.057177458
2025-01-29T05:24:00Z,0.8790068
2025-01-29T06:00:00Z,0
2025-01-29T06:36:00Z,0.96926826
2025-01-29T07:12:00Z,0
2025-01-29T07:48:00Z,0.3849091
2025-01-29T10:48:00Z,0.484435
2025-01-29T11:24:00Z,0.2081942
2025-01-29T12:00:00Z,0.9721534
2025-01-29T12:36:00Z,0
2025-01-29T14:24:00Z,0.726462
2025-01-29T15:00:00Z,0.2722589
2025-01-29T15:36:00Z,0.83550215
2025-01-29T16:12:00Z,0
2025-01-29T17:24:00Z,0.97840154
2025-01-29T18:00:00Z,0
2025-01-29T18:36:00Z,0.6932946
2025-01-29T19:12:00Z,0.83253616
2025-01-29T19:48:00Z,0
2025-01-29T21:00:00Z,0.9782478
2025-01-29T21:36:00Z,0
2025-01-29T22:48:00Z,0.8034795
2025-01-29T23:24:00Z,0
2025-01-30T00:36:00Z,0.09363918
2025-01-30T01:12:00Z,0.7881585
2025-01-30T01:48:00Z,0
2025-01-30T03:36:00Z,0.8544761
2025-01-30T04:12:00Z,0
2025-01-30T05:24:00Z,0.2166211
2025-01-30T06:00:00Z,0.6747882
2025-01-30T06:36:00Z,0.39815044
2025-01-30T07:12:00Z,0.6446477
2025-01-30T07:48:00Z,0.113717586
2025-01-30T08:24:00Z,0.9289276
2025-01-30T09:00:00Z,0
2025-01-30T09:36:00Z,0.70347905
2025-01-30T10:48:00Z,0.5657873
2025-01-30T11:24:00Z,0.83812517
2025-01-30T12:00:00Z,0
2025-01-30T12:36:00Z,0.8737129
2025-01-30T13:12:00Z,0
2025-01-30T13:48:00Z,0.9722158
2025-01-30T14:24:00Z,0
2025-01-30T15:36:00Z,0.71241796
2025-01-30T16:12:00Z,0.756804
2025-01-30T16:48:00Z,0
2025-01-30T17:24:00Z,0.30117038
2025-01-30T18:00:00Z,0.13533555
2025-01-30T18:36:00Z,0.74251854
2025-01-30T19:12:00Z,0.31467608
2025-01-30T19:48:00Z,0.70295733
2025-01-30T20:24:00Z,0.28987056
2025-01-30T21:00:00Z,0.71752113
2025-01-30T22:12:00Z,0.7659262
2025-01-30T22:48:00Z,0
2025-01-30T23:24:00Z,0.92660844
2025-01-31T00:00:00Z,0
2025-01-31T01:48:00Z,0.34234807
2025-01-31T02:24:00Z,0.9088466
2025-01-31T03:00:00Z,0
2025-01-31T04:12:00Z,0.5349219
2025-01-31T06:00:00Z,0.081881806
2025-01-31T07:12:00Z,0.77263767
2025-01-31T07:48:00Z,0
2025-01-31T08:24:00Z,0.6455912
2025-01-31T09:00:00Z,0.12082538
2025-01-31T10:12:00Z,0.8904353
2025-01-31T10:48:00Z,0
2025-01-31T11:24:00Z,0.5074397
2025-01-31T12:36:00Z,0.11557948
2025-01-31T14:24:00Z,0.67845845
2025-01-31T15:00:00Z,0.17283583
2025-01-31T15:36:00Z,0.8380627
2025-01-31T16:12:00Z,0
2025-01-31T16:48:00Z,0.46000743
2025-01-31T18:00:00Z,0.20824577
2025-01-31T18:36:00Z,0.77744037
2025-01-31T19:12:00Z,0
2025-01-31T21:36:00Z,0.27061397
2025-01-31T22:12:00Z,0.98109156
2025-01-31T22:48:00Z,0
2025-02-01T00:00:00Z,0.111612916
2025-02-01T00:36:00Z,0.89831036
2025-02-01T01:12:00Z,0
2025-02-01T01:48:00Z,0.45192242
2025-02-01T02:24:00Z,0.32162002
2025-02-01T03:00:00Z,0.908131
2025-02-01T03:36:00Z,0
2025-02-01T04:12:00Z,0.7568459
2025-02-01T04:48:00Z,0
2025-02-01T05:24:00Z,0.8446882
2025-02-01T06:00:00Z,0
2025-02-01T06:36:00Z,0.7793732
2025-02-01T07:12:00Z,0
2025-02-01T07:48:00Z,0.6089842
2025-02-01T08:24:00Z,0.12144258
2025-02-01T09:00:00Z,0.1293003
2025-02-01T09:36:00Z,0.80721056
2025-02-01T10:12:00Z,0
2025-02-01T10:48:00Z,0.8395717
2025-02-01T11:24:00Z,0
2025-02-01T12:00:00Z,0.9037646
2025-02-01T12:36:00Z,0
2025-02-01T13:12:00Z,0.9807231
2025-02-01T13:48:00Z,0
2025-02-01T15:00:00Z,0.434304
2025-02-01T15:36:00Z,0.25953168
2025-02-01T16:48:00Z,0.84097207
2025-02-01T17:24:00Z,0
2025-02-01T18:00:00Z,0.059492797
2025-02-01T18:36:00Z,0.534111
2025-02-01T19:48:00Z,0.4022128
2025-02-01T20:24:00Z,0.0032307617
2025-02-01T21:00:00Z,0.90493894
2025-02-01T21:36:00Z,0
2025-02-01T22:48:00Z,0.009974197
2025-02-01T23:24:00Z,0.9719266
2025-02-02T00:00:00Z,0
2025-02-02T01:12:00Z,0.9888332
2025-02-02T01:48:00Z,0
2025-02-02T02:24:00Z,0.7292622
2025-02-02T03:00:00Z,0.28202483
2025-02-02T04:12:00Z,0.5666259
2025-02-02T04:48:00Z,0.2510722
2025-02-02T05:24:00Z,0.8998926
2025-02-02T06:00:00Z,0
2025-02-02T06:36:00Z,0.4894515
2025-02-02T07:12:00Z,0.36043632
2025-02-02T07:48:00Z,0.725507
2025-02-02T09:00:00Z,0.024465468
2025-02-02T09:36:00Z,0.768421
2025-02-02T10:12:00Z,0
2025-02-02T11:24:00Z,0.71366346
2025-02-02T12:00:00Z,0.1606513
2025-02-02T12:36:00Z,0.5632285
2025-02-02T13:12:00Z,0.041116197
2025-02-02T14:24:00Z,0.89806265
2025-02-02T15:00:00Z,0
2025-02-02T15:36:00Z,0.5035932
2025-02-02T16:12:00Z,0.07886877
2025-02-02T16:48:00Z,0.80367637
2025-02-02T17:24:00Z,0
2025-02-02T18:00:00Z,0.5989958
2025-02-02T20:24:00Z,0.5915452
2025-02-02T21:00:00Z,0.30253083
2025-02-02T21:36:00Z,0.80433774
2025-02-02T22:12:00Z,0
2025-02-02T22:48:00Z,0.84172744
2025-02-02T23:24:00Z,0
2025-02-03T00:36:00Z,0.47258797
2025-02-03T01:12:00Z,0.13775897
2025-02-03T02:24:00Z,0.25075984
2025-02-03T03:00:00Z,0.08066001
2025-02-03T03:36:00Z,0.76043725
2025-02-03T04:12:00Z,0
2025-02-03T04:48:00Z,0.3713548
2025-02-03T05:24:00Z,0.27263647
2025-02-03T06:00:00Z,0.78517866
2025-02-03T06:36:00Z,0
2025-02-03T07:12:00Z,0.706728
2025-02-03T08:24:00Z,0.9676328
2025-02-03T09:00:00Z,0
2025-02-03T10:48:00Z,0.8525641
2025-02-03T11:24:00Z,0
2025-02-03T12:00:00Z,0.95233744
2025-02-03T12:36:00Z,0
2025-02-03T13:12:00Z,0.10736359
2025-02-03T13:48:00Z,0.7274494
2025-02-03T15:00:00Z,0.6120558
2025-02-03T15:36:00Z,0.24420908
2025-02-03T16:12:00Z,0.5319209
2025-02-03T16:48:00Z,0.06311562
2025-02-03T17:24:00Z,0.7897315
2025-02-03T18:00:00Z,0
2025-02-03T18:36:00Z,0.8291155
2025-02-03T19:12:00Z,0
2025-02-03T19:48:00Z,0.800756
2025-02-03T20:24:00Z,0
2025-02-03T21:36:00Z,0.5774216
2025-02-03T22:12:00Z,0.3020032
2025-02-03T22:48:00Z,0.6689985
2025-02-04T00:00:00Z,0.576757
2025-02-04T00:36:00Z,0.93194985
2025-02-04T01:12:00Z,0
2025-02-04T02:24:00Z,0.7103681
2025-02-04T03:00:00Z,0.5698286
2025-02-04T03:36:00Z,0.9096375
2025-02-04T04:12:00Z,0
2025-02-04T05:24:00Z,0.8995747
2025-02-04T06:00:00Z,0
2025-02-04T07:12:00Z,0.6456741
2025-02-04T07:48:00Z,0.28634086
2025-02-04T08:24:00Z,0.87913316
2025-02-04T09:00:00Z,0
2025-02-04T09:36:00Z,0.28410214
2025-02-04T11:24:00Z,0.07170683
2025-02-04T12:00:00Z,0.5068224
2025-02-04T12:36:00Z,0.22975862
2025-02-04T13:48:00Z,0.8337147
2025-02-04T14:24:00Z,0
2025-02-04T15:00:00Z,0.74786365
2025-02-04T15:36:00Z,0.6874595
2025-02-04T16:12:00Z,0.063387126
2025-02-04T17:24:00Z,0.53999966
2025-02-04T20:24:00Z,0.016081896
2025-02-04T21:00:00Z,0.5769877
2025-02-04T21:36:00Z,0.46609893
2025-02-04T22:12:00Z,0.78709
2025-02-04T22:48:00Z,0
2025-02-04T23:24:00Z,0.46694806
2025-02-05T00:36:00Z,0.020049453
2025-02-05T01:48:00Z,0.8621225
2025-02-05T02:24:00Z,0
2025-02-05T03:00:00Z,0.7804455
2025-02-05T03:36:00Z,0
2025-02-05T04:12:00Z,0.71343833
2025-02-05T04:48:00Z,0.99837935
2025-02-05T05:24:00Z,0
2025-02-05T06:00:00Z,0.7638072
2025-02-05T06:36:00Z,0
2025-02-05T07:12:00Z,0.849723
2025-02-05T07:48:00Z,0
2025-02-05T09:36:00Z,0.80045825
2025-02-05T10:12:00Z,0
2025-02-05T10:48:00Z,0.6678964
2025-02-05T12:00:00Z,0.85825676
2025-02-05T12:36:00Z,0
2025-02-05T13:12:00Z,0.63831025
2025-02-05T13:48:00Z,0.7830453
2025-02-05T14:24:00Z,0
2025-02-05T15:00:00Z,0.26392624
2025-02-05T15:36:00Z,0.94882834
2025-02-05T16:12:00Z,0
2025-02-05T16:48:00Z,0.82048666
2025-02-05T17:24:00Z,0
2025-02-05T18:36:00Z,0.97343016
2025-02-05T19:12:00Z,0
2025-02-05T21:36:00Z,0.9750915
2025-02-05T22:12:00Z,0
2025-02-05T22:48:00Z,0.7643914
2025-02-05T23:24:00Z,0
2025-02-06T00:00:00Z,0.84972966
2025-02-06T00:36:00Z,0
2025-02-06T01:12:00Z,0.093959935
2025-02-06T01:48:00Z,0.82423204
2025-02-06T02:24:00Z,0
2025-02-06T03:00:00Z,0.5209271
2025-02-06T04:12:00Z,0.17452292
2025-02-06T04:48:00Z,0.65997905
2025-02-06T06:00:00Z,0.14771418
2025-02-06T06:36:00Z,0.5065288
2025-02-06T07:12:00Z,0.011970858
2025-02-06T07:48:00Z,0.031224692
2025-02-06T08:24:00Z,0.9049209
2025-02-06T09:00:00Z,0
2025-02-06T10:12:00Z,0.9368184
2025-02-06T10:48:00Z,0
2025-02-06T11:24:00Z,0.061448433
2025-02-06T12:00:00Z,0.7310811
2025-02-06T12:36:00Z,0.9537826
2025-02-06T13:12:00Z,0
2025-02-06T13:48:00Z,0.561871
2025-02-06T14:24:00Z,0.271326
2025-02-06T15:36:00Z,0.9703534
2025-02-06T16:12:00Z,0
2025-02-06T16:48:00Z,0.8849696
2025-02-06T17:24:00Z,0
2025-02-06T18:00:00Z,0.9915252
2025-02-06T18:36:00Z,0
2025-02-06T19:12:00Z,0.43738037
2025-02-06T19:48:00Z,0.05235039
2025-02-06T20:24:00Z,0.9489821
2025-02-06T21:00:00Z,0
2025-02-06T22:12:00Z,0.8099543
2025-02-06T22:48:00Z,0
2025-02-07T00:00:00Z,0.6503948
2025-02-07T00:36:00Z,0.09094861
2025-02-07T01:12:00Z,0.84119135
2025-02-07T01:48:00Z,0
2025-02-07T03:00:00Z,0.6796785
2025-02-07T03:36:00Z,0.49083382
2025-02-07T04:12:00Z,0.8185136
2025-02-07T04:48:00Z,0
2025-02-07T05:24:00Z,0.873109
2025-02-07T06:00:00Z,0
2025-02-07T06:36:00Z,0.17032072
2025-02-07T07:12:00Z,0.939241
2025-02-07T07:48:00Z,0
2025-02-07T08:24:00Z,0.85870194
2025-02-07T09:00:00Z,0
2025-02-07T09:36:00Z,0.316791
2025-02-07T10:12:00Z,0.20206119
2025-02-07T10:48:00Z,0.88588583
2025-02-07T11:24:00Z,0
2025-02-07T12:36:00Z,0.7739003
2025-02-07T13:12:00Z,0
2025-02-07T13:48:00Z,0.5065063
2025-02-07T14:24:00Z,0.13030829
2025-02-07T16:12:00Z,0.3149964
2025-02-07T17:24:00Z,0.037992433
2025-02-07T18:00:00Z,0.25279024
2025-02-07T19:12:00Z,0.06647125
2025-02-07T19:48:00Z,0.95520514
2025-02-07T20:24:00Z,0
2025-02-07T21:00:00Z,0.86023414
2025-02-07T21:36:00Z,0
2025-02-07T22:48:00Z,0.87162614
2025-02-07T23:24:00Z,0
2025-02-08T00:00:00Z,0.7003806
2025-02-08T01:12:00Z,0.11773349
2025-02-08T02:24:00Z,0.37352452
2025-02-08T03:00:00Z,0.92364883
2025-02-08T03:36:00Z,0
2025-02-08T04:48:00Z,0.3531771
2025-02-08T05:24:00Z,0.9373286
2025-02-08T06:00:00Z,0
2025-02-08T06:36:00Z,0.5056715
2025-02-08T07:48:00Z,0.47375253
2025-02-08T08:24:00Z,0.7914262
2025-02-08T09:00:00Z,0
2025-02-08T10:12:00Z,0.8281627
2025-02-08T10:48:00Z,0
2025-02-08T12:00:00Z,0.677778
2025-02-08T12:36:00Z,0.42353618
2025-02-08T13:12:00Z,0.99689204
2025-02-08T13:48:00Z,0
2025-02-08T14:24:00Z,0.6365197
2025-02-08T15:00:00Z,0.031431306
2025-02-08T15:36:00Z,0.037512913
2025-02-08T16:12:00Z,0.5489986
2025-02-08T16:48:00Z,0.12879917
2025-02-08T17:24:00Z,0.7922791
2025-02-08T18:00:00Z,0
2025-02-08T20:24:00Z,0.76944566
2025-02-08T21:00:00Z,0
2025-02-08T21:36:00Z,0.15866233
2025-02-08T22:12:00Z,0.7401576
2025-02-08T23:24:00Z,0.39175946
2025-02-09T00:36:00Z,0.8346046
2025-02-09T01:12:00Z,0
2025-02-09T03:36:00Z,0.083596855
2025-02-09T04:12:00Z,0.47084704
2025-02-09T05:24:00Z,0.052492414
2025-02-09T06:00:00Z,0.915026
2025-02-09T06:36:00Z,0
2025-02-09T07:48:00Z,0.9214429
2025-02-09T08:24:00Z,0
2025-02-09T09:00:00Z,0.7136008
2025-02-09T09:36:00Z,0.13197403
2025-02-09T10:12:00Z,0.12386059
2025-02-09T10:48:00Z,0.6308137
2025-02-09T12:00:00Z,0.20685309
2025-02-09T13:12:00Z,0.8675221
2025-02-09T13:48:00Z,0
2025-02-09T15:00:00Z,0.56279325
2025-02-09T15:36:00Z,0.32807043
2025-02-09T16:48:00Z,0.39585066
2025-02-09T17:24:00Z,0.8678546
2025-02-09T18:00:00Z,0
2025-02-09T18:36:00Z,0.44271985
2025-02-09T19:12:00Z,0.0029670377
2025-02-09T19:48:00Z,0.56090546
2025-02-09T21:00:00Z,0.3031455
2025-02-09T21:36:00Z,0.6156158
2025-02-09T22:12:00Z,0.32625297
2025-02-09T22:48:00Z,0.6129834
2025-02-09T23:24:00Z,0.0022972375
2025-02-10T00:00:00Z,0.70354855
2025-02-10T01:48:00Z,0.37885848
2025-02-10T02:24:00Z,0.94900227
2025-02-10T03:00:00Z,0
2025-02-10T04:48:00Z,0.7820171
2025-02-10T05:24:00Z,0
2025-02-10T06:00:00Z,0.7854438
2025-02-10T06:36:00Z,0
2025-02-10T07:12:00Z,0.9027442
2025-02-10T07:48:00Z,0
2025-02-10T09:00:00Z,0.16797844
2025-02-10T09:36:00Z,0.88447785
2025-02-10T10:12:00Z,0
2025-02-10T10:48:00Z,0.748069
2025-02-10T11:24:00Z,0.51868284
2025-02-10T12:00:00Z,0.9643335
2025-02-10T12:36:00Z,0
2025-02-10T13:12:00Z,0.94451815
2025-02-10T13:48:00Z,0
2025-02-10T14:24:00Z,0.6837014
2025-02-10T15:00:00Z,0.438763
2025-02-10T16:48:00Z,0.06409671
2025-02-10T18:00:00Z,0.53775924
2025-02-10T18:36:00Z,0.03900833
2025-02-10T19:12:00Z,0.7131457
2025-02-10T20:24:00Z,0.09765965
2025-02-10T21:00:00Z,0.4998037
2025-02-10T21:36:00Z,0.22964709
2025-02-10T22:12:00Z,0.72114426
2025-02-10T22:48:00Z,0.7053287
2025-02-11T00:00:00Z,0.1715075
2025-02-11T00:36:00Z,0.34875256
2025-02-11T01:12:00Z,0.03925511
2025-02-11T01:48:00Z,0.8223353
2025-02-11T02:24:00Z,0
2025-02-11T03:36:00Z,0.5845082
2025-02-11T04:12:00Z,0.15846877
2025-02-11T05:24:00Z,0.38905025
2025-02-11T06:00:00Z,0.98323774
2025-02-11T06:36:00Z,0
2025-02-11T07:48:00Z,0.95572305
2025-02-11T08:24:00Z,0
2025-02-11T09:36:00Z,0.29169044
2025-02-11T10:12:00Z,0.98404133
2025-02-11T10:48:00Z,0
2025-02-11T12:00:00Z,0.5383222
2025-02-11T12:36:00Z,0.3341532
2025-02-11T13:12:00Z,0.68553513
2025-02-11T15:00:00Z,0.60226405
2025-02-11T15:36:00Z,0.024650114
2025-02-11T16:12:00Z,0.0597114
2025-02-11T16:48:00Z,0.7492136
2025-02-11T19:12:00Z,0.01735581
2025-02-11T20:24:00Z,0.48274177
2025-02-11T21:36:00Z,0.12310841
2025-02-11T22:12:00Z,0.62488127
2025-02-11T23:24:00Z,0.9612042
2025-02-12T00:00:00Z,0
2025-02-12T01:12:00Z,0.7301198
2025-02-12T01:48:00Z,0.0907613
2025-02-12T03:00:00Z,0.8791642
2025-02-12T03:36:00Z,0
2025-02-12T04:12:00Z,0.6517519
2025-02-12T04:48:00Z,0.12624586
2025-02-12T06:00:00Z,0.70015407
2025-02-12T06:36:00Z,0.36377862
2025-02-12T07:48:00Z,0.35815158
2025-02-12T09:00:00Z,0.07949427
2025-02-12T09:36:00Z,0.4314121
2025-02-12T10:12:00Z,0.06483408
2025-02-12T11:24:00Z,0.10819474
2025-02-12T12:36:00Z,0.93795615
2025-02-12T13:12:00Z,0
2025-02-12T15:36:00Z,0.14305843
2025-02-12T16:12:00Z,0.7171292
2025-02-12T18:00:00Z,0.94820696
2025-02-12T18:36:00Z,0
2025-02-12T19:12:00Z,0.45611206
2025-02-12T19:48:00Z,0.2973388
2025-02-12T20:24:00Z,0.7018857
2025-02-12T22:12:00Z,0.4741832
2025-02-12T22:48:00Z,0.12728031
2025-02-13T00:36:00Z,0.82684743
2025-02-13T01:12:00Z,0
2025-02-13T01:48:00Z,0.8991963
2025-02-13T02:24:00Z,0
2025-02-13T03:36:00Z,0.67560166
2025-02-13T04:48:00Z,0.91906863
2025-02-13T05:24:00Z,0
2025-02-13T06:36:00Z,0.7918943
2025-02-13T07:12:00Z,0
2025-02-13T08:24:00Z,0.95162064
2025-02-13T09:00:00Z,0
2025-02-13T09:36:00Z,0.08752445
2025-02-13T10:12:00Z,0.691113
2025-02-13T12:00:00Z,0.8724572
2025-02-13T12:36:00Z,0
2025-02-13T13:12:00Z,0.37083253
2025-02-13T13:48:00Z,0.2375266
2025-02-13T14:24:00Z,0.95895445
2025-02-13T15:00:00Z,0
2025-02-13T15:36:00Z,0.87555766
2025-02-13T16:12:00Z,0
2025-02-13T16:48:00Z,0.6409242
2025-02-13T18:00:00Z,0.22133079
2025-02-13T19:12:00Z,0.73618686
2025-02-13T20:24:00Z,0.0006523947
2025-02-13T21:36:00Z,0.88075566
2025-02-13T22:12:00Z,0
2025-02-13T23:24:00Z,0.6105665
2025-02-14T02:24:00Z,0.8275567
2025-02-14T03:00:00Z,0
2025-02-14T03:36:00Z,0.40995175
2025-02-14T06:00:00Z,0.0767179
2025-02-14T06:36:00Z,0.71760637
2025-02-14T07:12:00Z,0.23564348
2025-02-14T07:48:00Z,0.66970557
2025-02-14T08:24:00Z,0.28256062
2025-02-14T09:00:00Z,0.78317237
2025-02-14T09:36:00Z,0
2025-02-14T12:00:00Z,0.51402783
2025-02-14T12:36:00Z,0.94916236
2025-02-14T13:12:00Z,0
2025-02-14T13:48:00Z,0.57302177
2025-02-14T14:24:00Z,0.18128647
2025-02-14T16:12:00Z,0.46077973
2025-02-14T17:24:00Z,0.8774483
2025-02-14T18:00:00Z,0
2025-02-14T18:36:00Z,0.89215744
2025-02-14T19:12:00Z,0
2025-02-14T20:24:00Z,0.84677845
2025-02-14T21:00:00Z,0
2025-02-14T21:36:00Z,0.07421809
2025-02-14T22:12:00Z,0.7984452
2025-02-14T22:48:00Z,0
2025-02-15T00:00:00Z,0.8376767
2025-02-15T00:36:00Z,0
2025-02-15T01:48:00Z,0.7143336
2025-02-15T02:24:00Z,0.20553416
2025-02-15T03:36:00Z,0.43693024
2025-02-15T04:12:00Z,0.010540983
2025-02-15T04:48:00Z,0.6129689
2025-02-15T06:36:00Z,0.059160687
2025-02-15T07:12:00Z,0.72326165
2025-02-15T07:48:00Z,0.65703046
2025-02-15T08:24:00Z,0.1508778
2025-02-15T09:00:00Z,0.15512036
2025-02-15T09:36:00Z,0.91667104
2025-02-15T10:12:00Z,0
2025-02-15T12:00:00Z,0.54874384
2025-02-15T13:12:00Z,0.07976057
2025-02-15T15:00:00Z,0.4302676
2025-02-15T15:36:00Z,0.05677458
2025-02-15T16:12:00Z,0.9267194
2025-02-15T16:48:00Z,0
2025-02-15T19:12:00Z,0.6664467
2025-02-15T19:48:00Z,0.296194
2025-02-15T20:24:00Z,0.7058963
2025-02-15T21:00:00Z,0.26285732
2025-02-15T22:12:00Z,0.46213317
2025-02-15T22:48:00Z,0.2265527
2025-02-15T23:24:00Z,0.8718633
2025-02-16T00:00:00Z,0
2025-02-16T00:36:00Z,0.8893056
2025-02-16T01:12:00Z,0
2025-02-16T01:48:00Z,0.9364957
2025-02-16T02:24:00Z,0
2025-02-16T03:36:00Z,0.87807006
2025-02-16T04:12:00Z,0
2025-02-16T04:48:00Z,0.43577218
2025-02-16T05:24:00Z,0.13465473
2025-02-16T06:00:00Z,0.32312265
2025-02-16T06:36:00Z,0.9676781
2025-02-16T07:12:00Z,0
2025-02-16T08:24:00Z,0.8505358
2025-02-16T09:00:00Z,0
2025-02-16T10:12:00Z,0.9759668
2025-02-16T10:48:00Z,0
2025-02-16T11:24:00Z,0.6055484
2025-02-16T12:00:00Z,0.113890894
2025-02-16T13:12:00Z,0.9982264
2025-02-16T13:48:00Z,0
2025-02-16T14:24:00Z,0.7563634
2025-02-16T15:00:00Z,0
2025-02-16T16:12:00Z,0.6749499
2025-02-16T16:48:00Z,0.27753133
2025-02-16T17:24:00Z,0.9006417
2025-02-16T18:00:00Z,0
2025-02-16T18:36:00Z,0.9900611
2025-02-16T19:12:00Z,0
2025-02-16T19:48:00Z,0.6269412
2025-02-16T21:00:00Z,0.4122465
2025-02-16T21:36:00Z,0.7849088
2025-02-16T22:12:00Z,0
2025-02-16T22:48:00Z,0.85606
2025-02-16T23:24:00Z,0
2025-02-17T00:00:00Z,0.08850248
2025-02-17T00:36:00Z,0.66309226
2025-02-17T01:12:00Z,0.74904484
2025-02-17T01:48:00Z,0.10403877
2025-02-17T02:24:00Z,0.9901428
2025-02-17T03:00:00Z,0
2025-02-17T04:12:00Z,0.3659298
2025-02-17T04:48:00Z,0.25622505
2025-02-17T05:24:00Z,0.86865103
2025-02-17T06:00:00Z,0
2025-02-17T06:36:00Z,0.65837
2025-02-17T07:12:00Z,0.15810716
2025-02-17T09:00:00Z,0.16959895
2025-02-17T09:36:00Z,0.6998836
2025-02-17T10:12:00Z,0.30175927
2025-02-17T10:48:00Z,0.63877124
2025-02-17T12:00:00Z,0.035863098
2025-02-17T12:36:00Z,0.88749194
2025-02-17T13:12:00Z,0
2025-02-17T13:48:00Z,0.075296625
2025-02-17T14:24:00Z,0.8780066
2025-02-17T15:00:00Z,0
2025-02-17T15:36:00Z,0.6223624
2025-02-17T16:12:00Z,0.44031364
2025-02-17T16:48:00Z,0.83383864
2025-02-17T17:24:00Z,0
2025-02-17T18:00:00Z,0.47236818
2025-02-17T19:48:00Z,0.8244555
2025-02-17T20:24:00Z,0
2025-02-17T22:12:00Z,0.57354224
2025-02-17T22:48:00Z,0.06067595
2025-02-18T00:00:00Z,0.7366172
2025-02-18T01:12:00Z,0.07541006
2025-02-18T02:24:00Z,0.7710553
2025-02-18T03:00:00Z,0
2025-02-18T03:36:00Z,0.82829595
2025-02-18T04:12:00Z,0
2025-02-18T05:24:00Z,0.64204514
2025-02-18T07:12:00Z,0.21241179
2025-02-18T07:48:00Z,0.8702557
2025-02-18T08:24:00Z,0
2025-02-18T09:00:00Z,0.83806616
2025-02-18T09:36:00Z,0
2025-02-18T10:12:00Z,0.8151862
2025-02-18T10:48:00Z,0
2025-02-18T12:00:00Z,0.7698017
2025-02-18T12:36:00Z,0
2025-02-18T13:12:00Z,0.23533751
2025-02-18T13:48:00Z,0.94730514
2025-02-18T14:24:00Z,0
2025-02-18T15:00:00Z,0.39506122
2025-02-18T16:12:00Z,0.3560095
2025-02-18T16:48:00Z,0.85974526
2025-02-18T17:24:00Z,0
2025-02-18T18:00:00Z,0.87275153
2025-02-18T18:36:00Z,0
2025-02-18T19:12:00Z,0.56030196
2025-02-18T19:48:00Z,0.03058993
2025-02-18T22:12:00Z,0.30731025
2025-02-18T22:48:00Z,0.985613
2025-02-18T23:24:00Z,0
2025-02-19T00:00:00Z,0.4726918
2025-02-19T01:12:00Z,0.37032643
2025-02-19T01:48:00Z,0.76377887
2025-02-19T02:24:00Z,0
2025-02-19T03:00:00Z,0.94432914
2025-02-19T03:36:00Z,0
2025-02-19T04:48:00Z,0.23903157
2025-02-19T05:24:00Z,0.74632096
2025-02-19T08:24:00Z,0.3398618
2025-02-19T09:00:00Z,0.9826573
2025-02-19T09:36:00Z,0
2025-02-19T10:12:00Z,0.9247052
2025-02-19T10:48:00Z,0
2025-02-19T11:24:00Z,0.793664
2025-02-19T12:00:00Z,0
2025-02-19T13:12:00Z,0.7703101
2025-02-19T13:48:00Z,0
2025-02-19T14:24:00Z,0.9943165
2025-02-19T15:00:00Z,0
2025-02-19T15:36:00Z,0.78511244
2025-02-19T16:12:00Z,0
2025-02-19T16:48:00Z,0.6589467
2025-02-19T18:00:00Z,0.13639465
2025-02-19T19:48:00Z,0.30810505
2025-02-19T20:24:00Z,0.9303318
2025-02-19T21:00:00Z,0
2025-02-19T21:36:00Z,0.7180976
2025-02-19T22:48:00Z,0.7193766
2025-02-19T23:24:00Z,0.098243676
2025-02-20T00:00:00Z,0.58603644
2025-02-20T00:36:00Z,0.019194327
2025-02-20T01:12:00Z,0.42445385
2025-02-20T02:24:00Z,0.00047145365
2025-02-20T03:00:00Z,0.75031626
2025-02-20T03:36:00Z,0
2025-02-20T04:12:00Z,0.65557206
2025-02-20T05:24:00Z,0.33035433
2025-02-20T06:00:00Z,0.7629978
2025-02-20T06:36:00Z,0
2025-02-20T07:12:00Z,0.7113924
2025-02-20T07:48:00Z,0.9123811
2025-02-20T08:24:00Z,0
2025-02-20T09:36:00Z,0.54663855
2025-02-20T10:12:00Z,0.51920265
2025-02-20T10:48:00Z,0.92119896
2025-02-20T11:24:00Z,0
2025-02-20T12:36:00Z,0.7383841
2025-02-20T13:48:00Z,0.29844052
2025-02-20T15:00:00Z,0.880054
2025-02-20T15:36:00Z,0
2025-02-20T16:48:00Z,0.8092358
2025-02-20T17:24:00Z,0
2025-02-20T18:00:00Z,0.118142724
2025-02-20T18:36:00Z,0.99421877
2025-02-20T19:12:00Z,0
2025-02-20T19:48:00Z,0.58960724
2025-02-20T21:00:00Z,0.4272467
2025-02-20T21:36:00Z,0.9832068
2025-02-20T22:12:00Z,0
2025-02-20T22:48:00Z,0.036242865
2025-02-20T23:24:00Z,0.8623824
2025-02-21T00:00:00Z,0
2025-02-21T00:36:00Z,0.66848975
2025-02-21T01:12:00Z,0.035047125
2025-02-21T02:24:00Z,0.19308761
2025-02-21T03:00:00Z,0.7340278
2025-02-21T03:36:00Z,0.18432072
2025-02-21T04:12:00Z,0.87479293
2025-02-21T04:48:00Z,0
2025-02-21T05:24:00Z,0.6900975
2025-02-21T06:00:00Z,0.354738
2025-02-21T06:36:00Z,0.7698876
2025-02-21T07:12:00Z,0
2025-02-21T07:48:00Z,0.9940311
2025-02-21T08:24:00Z,0
2025-02-21T09:00:00Z,0.64195544
2025-02-21T09:36:00Z,0.55632097
2025-02-21T10:12:00Z,0.8926449
2025-02-21T10:48:00Z,0
2025-02-21T12:00:00Z,0.38283667
2025-02-21T12:36:00Z,0.9009539
2025-02-21T13:12:00Z,0
2025-02-21T13:48:00Z,0.34740025
2025-02-21T15:00:00Z,0.090680115
2025-02-21T16:48:00Z,0.7125597
2025-02-21T17:24:00Z,0.21821678
2025-02-21T18:36:00Z,0.18281989
2025-02-21T19:12:00Z,0.7239845
2025-02-21T21:00:00Z,0.18276131
2025-02-21T22:12:00Z,0.37359363
2025-02-21T23:24:00Z,0.007116498
2025-02-22T00:00:00Z,0.5969751
2025-02-22T00:36:00Z,0.2117571
2025-02-22T01:12:00Z,0.93272907
2025-02-22T01:48:00Z,0
2025-02-22T02:24:00Z,0.8733206
2025-02-22T03:00:00Z,0
2025-02-22T03:36:00Z,0.6019643
2025-02-22T04:48:00Z,0.3532276
2025-02-22T05:24:00Z,0.60895896
2025-02-22T06:00:00Z,0.07185696
2025-02-22T06:36:00Z,0.8889575
2025-02-22T07:12:00Z,0
2025-02-22T08:24:00Z,0.033746775
2025-02-22T10:12:00Z,0.7813937
2025-02-22T10:48:00Z,0
2025-02-22T11:24:00Z,0.5399404
2025-02-22T12:36:00Z,0.24046938
2025-02-22T13:12:00Z,0.61352295
2025-02-22T13:48:00Z,0.14303479
2025-02-22T14:24:00Z,0.11589954
2025-02-22T15:00:00Z,0.89618266
2025-02-22T15:36:00Z,0
2025-02-22T17:24:00Z,0.4612316
2025-02-22T19:12:00Z,0.82618105
2025-02-22T19:48:00Z,0
2025-02-22T20:24:00Z,0.44482002
2025-02-22T21:36:00Z,0.03896993
2025-02-22T22:12:00Z,0.64120924
2025-02-23T00:36:00Z,0.20058508
2025-02-23T01:12:00Z,0.87917536
2025-02-23T01:48:00Z,0
2025-02-23T02:24:00Z,0.4086625
2025-02-23T03:00:00Z,0.10038247
2025-02-23T03:36:00Z,0.7415248
2025-02-23T04:12:00Z,0.16817951
2025-02-23T04:48:00Z,0.8118688
2025-02-23T05:24:00Z,0
2025-02-23T06:00:00Z,0.4616932
2025-02-23T07:12:00Z,0.054618806
2025-02-23T07:48:00Z,0.74380463
2025-02-23T08:24:00Z,0.522846
2025-02-23T09:00:00Z,0.8781464
2025-02-23T09:36:00Z,0
2025-02-23T10:12:00Z,0.9693193
2025-02-23T10:48:00Z,0
2025-02-23T11:24:00Z,0.105542876
2025-02-23T12:00:00Z,0.63102585
2025-02-23T12:36:00Z,0.5731187
2025-02-23T13:12:00Z,0.08532472
2025-02-23T14:24:00Z,0.16947478
2025-02-23T15:00:00Z,0.91469073
2025-02-23T15:36:00Z,0
2025-02-23T16:12:00Z,0.80548346
2025-02-23T16:48:00Z,0
2025-02-23T17:24:00Z,0.75339
2025-02-23T18:00:00Z,0
2025-02-23T18:36:00Z,0.44727886
2025-02-23T19:48:00Z,0.7333286
2025-02-23T22:12:00Z,0.08386512
2025-02-23T23:24:00Z,0.10832674
2025-02-24T00:00:00Z,0.99292386
2025-02-24T00:36:00Z,0
2025-02-24T01:12:00Z,0.5271632
2025-02-24T03:36:00Z,0.33802003
2025-02-24T04:48:00Z,0.48035356
2025-02-24T07:48:00Z,0.03013147
2025-02-24T09:00:00Z,0.6552851
2025-02-24T09:36:00Z,0.046718597
2025-02-24T10:48:00Z,0.8554504
2025-02-24T11:24:00Z,0
2025-02-24T12:00:00Z,0.61071134
2025-02-24T13:48:00Z,0.28989485
2025-02-24T14:24:00Z,0.68271047
2025-02-24T15:00:00Z,0.33404624
2025-02-24T15:36:00Z,0.8096808
2025-02-24T16:12:00Z,0
2025-02-24T16:48:00Z,0.70186317
2025-02-24T18:00:00Z,0.6501699
2025-02-24T18:36:00Z,0.22984934
2025-02-24T19:48:00Z,0.8395748
2025-02-24T20:24:00Z,0
2025-02-24T21:36:00Z,0.78601277
2025-02-24T22:12:00Z,0
2025-02-24T22:48:00Z,0.7354871
2025-02-24T23:24:00Z,0.82722056
2025-02-25T00:00:00Z,0
2025-02-25T01:12:00Z,0.7227127
2025-02-25T01:48:00Z,0.24115476
2025-02-25T03:36:00Z,0.9619189
2025-02-25T04:12:00Z,0
2025-02-25T04:48:00Z,0.060170982
2025-02-25T05:24:00Z,0.9464645
2025-02-25T06:00:00Z,0
2025-02-25T06:36:00Z,0.81990933
2025-02-25T07:12:00Z,0
2025-02-25T07:48:00Z,0.5219078
2025-02-25T08:24:00Z,0.63629305
2025-02-25T09:00:00Z,0.08237749
2025-02-25T10:12:00Z,0.753401
2025-02-25T10:48:00Z,0
2025-02-25T11:24:00Z,0.7781886
2025-02-25T12:00:00Z,0
2025-02-25T15:00:00Z,0.53079695
2025-02-25T15:36:00Z,0.9764979
2025-02-25T16:12:00Z,0
2025-02-25T16:48:00Z,0.033562
2025-02-25T17:24:00Z,0.80922216
2025-02-25T18:00:00Z,0
2025-02-25T18:36:00Z,0.6456682
2025-02-25T19:12:00Z,0.4187194
2025-02-25T20:24:00Z,0.6787679
2025-02-25T22:48:00Z,0.20765686
2025-02-25T23:24:00Z,0.88850427
2025-02-26T00:00:00Z,0
2025-02-26T00:36:00Z,0.11351078
2025-02-26T01:12:00Z,0.81056273
2025-02-26T01:48:00Z,0
2025-02-26T04:12:00Z,0.9946053
2025-02-26T04:48:00Z,0
2025-02-26T05:24:00Z,0.96720815
2025-02-26T06:00:00Z,0
2025-02-26T06:36:00Z,0.0003278209
2025-02-26T07:12:00Z,0.8279442
2025-02-26T07:48:00Z,0
2025-02-26T08:24:00Z,0.8558248
2025-02-26T09:00:00Z,0
2025-02-26T10:12:00Z,0.35036913
2025-02-26T10:48:00Z,0.18125774
2025-02-26T12:00:00Z,0.8240002
2025-02-26T12:36:00Z,0
2025-02-26T13:12:00Z,0.7548153
2025-02-26T13:48:00Z,0
2025-02-26T15:00:00Z,0.17533444
2025-02-26T15:36:00Z,0.8409642
2025-02-26T16:12:00Z,0
2025-02-26T19:12:00Z,0.97898114
2025-02-26T19:48:00Z,0
2025-02-26T20:24:00Z,0.384644
2025-02-26T21:36:00Z,0.39218342
2025-02-26T22:12:00Z,0.8891216
2025-02-26T22:48:00Z,0
2025-02-26T23:24:00Z,0.7977636
2025-02-27T00:00:00Z,0
2025-02-27T00:36:00Z,0.9261071
2025-02-27T01:12:00Z,0
2025-02-27T01:48:00Z,0.79660165
2025-02-27T02:24:00Z,0
2025-02-27T04:48:00Z,0.8311112
2025-02-27T05:24:00Z,0
2025-02-27T06:36:00Z,0.82105696
2025-02-27T07:12:00Z,0
2025-02-27T08:24:00Z,0.8724626
2025-02-27T09:00:00Z,0
2025-02-27T09:36:00Z,0.8442077
2025-02-27T10:12:00Z,0
2025-02-27T12:00:00Z,0.9811345
2025-02-27T12:36:00Z,0
2025-02-27T13:12:00Z,0.73321044
2025-02-27T14:24:00Z,0.3877361
2025-02-27T15:00:00Z,0.63576156
2025-02-27T16:12:00Z,0.13626331
2025-02-27T16:48:00Z,0.4803563
2025-02-27T18:36:00Z,0.019196248
2025-02-27T19:12:00Z,0.6622677
2025-02-27T20:24:00Z,0.07168851
2025-02-27T21:00:00Z,0.72543466
2025-02-27T21:36:00Z,0.048398506
2025-02-27T23:24:00Z,0.49639514
2025-02-28T00:36:00Z,0.013419755
2025-02-28T01:12:00Z,0.81693965
2025-02-28T01:48:00Z,0
2025-02-28T03:36:00Z,0.4254563
2025-02-28T05:24:00Z,0.15579279
2025-02-28T06:00:00Z,0.86886936
2025-02-28T06:36:00Z,0
2025-02-28T07:12:00Z,0.35372853
2025-02-28T07:48:00Z,0.20262368
2025-02-28T08:24:00Z,0.8446593
2025-02-28T09:00:00Z,0
2025-02-28T10:12:00Z,0.84173656
2025-02-28T10:48:00Z,0
2025-02-28T12:00:00Z,0.80553764
2025-02-28T12:36:00Z,0
2025-02-28T14:24:00Z,0.9342571
2025-02-28T15:00:00Z,0
2025-02-28T15:36:00Z,0.97275805
2025-02-28T16:12:00Z,0
2025-02-28T16:48:00Z,0.0067864093
2025-02-28T17:24:00Z,0.9764641
2025-02-28T18:00:00Z,0
2025-02-28T18:36:00Z,0.7643215
2025-02-28T19:12:00Z,0
2025-02-28T20:24:00Z,0.57551056
2025-02-28T21:00:00Z,0.3907458
2025-02-28T21:36:00Z,0.7197689
2025-02-28T23:24:00Z,0.023047777
2025-03-01T00:00:00Z,0.28162673
2025-03-01T00:36:00Z,0.9844009
2025-03-01T01:12:00Z,0
2025-03-01T01:48:00Z,0.2797549
2025-03-01T02:24:00Z,0.09285842
2025-03-01T03:00:00Z,0.6231099
2025-03-01T03:36:00Z,0.0716358
2025-03-01T04:12:00Z,0.14943445
2025-03-01T04:48:00Z,0.9150285
2025-03-01T05:24:00Z,0
2025-03-01T06:00:00Z,0.8412474
2025-03-01T06:36:00Z,0
2025-03-01T08:24:00Z,0.3336199
2025-03-01T09:00:00Z,0.007387382
2025-03-01T09:36:00Z,0.53534263
2025-03-01T12:00:00Z,0.07276892
2025-03-01T12:36:00Z,0.07098369
2025-03-01T13:12:00Z,0.8093458
2025-03-01T13:48:00Z,0
2025-03-01T15:36:00Z,0.88388515
2025-03-01T16:12:00Z,0
2025-03-01T16:48:00Z,0.95543075
2025-03-01T17:24:00Z,0
2025-03-01T18:00:00Z,0.01596417
2025-03-01T18:36:00Z,0.7261928
2025-03-01T19:12:00Z,0.6738122
2025-03-01T19:48:00Z,0.10010379
2025-03-01T20:24:00Z,0.67802876
2025-03-01T21:00:00Z,0.22891255
2025-03-01T21:36:00Z,0.7473144
2025-03-01T22:12:00Z,0.3237549
2025-03-01T22:48:00Z,0.91825694
2025-03-01T23:24:00Z,0
2025-03-02T00:00:00Z,0.3170998
2025-03-02T00:36:00Z,0.016637666
2025-03-02T01:12:00Z,0.9228357
2025-03-02T01:48:00Z,0
2025-03-02T02:24:00Z,0.90167224
2025-03-02T03:00:00Z,0
2025-03-02T03:36:00Z,0.7510585
2025-03-02T04:12:00Z,0
2025-03-02T04:48:00Z,0.6680822
2025-03-02T05:24:00Z,0.0726794
2025-03-02T06:00:00Z,0.74308944
2025-03-02T06:36:00Z,0.90799016
2025-03-02T07:12:00Z,0
2025-03-02T07:48:00Z,0.77594084
2025-03-02T08:24:00Z,0
2025-03-02T09:00:00Z,0.46792817
2025-03-02T09:36:00Z,0.21532036
2025-03-02T10:12:00Z,0.40362203
2025-03-02T11:24:00Z,0.11654219
2025-03-02T12:00:00Z,0.4748229
2025-03-02T15:00:00Z,0.1476346
2025-03-02T15:36:00Z,0.7025204
2025-03-02T16:12:00Z,0.06895504
2025-03-02T16:48:00Z,0.634466
2025-03-02T18:00:00Z,0.4736056
2025-03-02T18:36:00Z,0.037581977
2025-03-02T19:48:00Z,0.8775431
2025-03-02T20:24:00Z,0
2025-03-02T21:00:00Z,0.57658345
2025-03-02T21:36:00Z,0.2586993
2025-03-02T22:48:00Z,0.73829854
2025-03-02T23:24:00Z,0.28411308
2025-03-03T00:36:00Z,0.3314836
2025-03-03T01:12:00Z,0.99224806
2025-03-03T01:48:00Z,0
2025-03-03T02:24:00Z,0.8033191
2025-03-03T03:00:00Z,0
2025-03-03T03:36:00Z,0.63235897
2025-03-03T04:48:00Z,0.5731513
2025-03-03T05:24:00Z,0.90432376
2025-03-03T06:00:00Z,0
2025-03-03T06:36:00Z,0.107130066
2025-03-03T07:12:00Z,0.61811227
2025-03-03T07:48:00Z,0.23038344
2025-03-03T08:24:00Z,0.9244188
2025-03-03T09:00:00Z,0
2025-03-03T10:12:00Z,0.9568658
2025-03-03T10:48:00Z,0
2025-03-03T11:24:00Z,0.6183096
2025-03-03T13:12:00Z,0.21517369
2025-03-03T14:24:00Z,0.24613905
2025-03-03T15:00:00Z,0.588266
2025-03-03T16:48:00Z,0.008542807
2025-03-03T17:24:00Z,0.861602
2025-03-03T18:00:00Z,0
2025-03-03T18:36:00Z,0.84090304
2025-03-03T19:12:00Z,0
2025-03-03T19:48:00Z,0.85845983
2025-03-03T20:24:00Z,0
2025-03-03T21:00:00Z,0.9572756
2025-03-03T21:36:00Z,0
2025-03-03T22:12:00Z,0.9827068
2025-03-03T22:48:00Z,0
2025-03-03T23:24:00Z,0.6976018
2025-03-04T00:00:00Z,0.65239394
2025-03-04T00:36:00Z,0.031713117
2025-03-04T01:12:00Z,0.80477065
2025-03-04T01:48:00Z,0
2025-03-04T02:24:00Z,0.06680788
2025-03-04T03:00:00Z,0.73841435
2025-03-04T04:12:00Z,0.07634198
2025-03-04T04:48:00Z,0.54476166
2025-03-04T05:24:00Z,0.5776677
2025-03-04T06:00:00Z,0.13647248
2025-03-04T06:36:00Z,0.70623374
2025-03-04T07:12:00Z,0.43147466
2025-03-04T07:48:00Z,0.7880248
2025-03-04T08:24:00Z,0
2025-03-04T09:00:00Z,0.69698775
2025-03-04T10:48:00Z,0.12646554
2025-03-04T12:00:00Z,0.6971427
2025-03-04T13:12:00Z,0.21602018
2025-03-04T14:24:00Z,0.9788026
2025-03-04T15:00:00Z,0
2025-03-04T15:36:00Z,0.72303754
2025-03-04T16:48:00Z,0.054551378
2025-03-04T17:24:00Z,0.91591626
2025-03-04T18:00:00Z,0
2025-03-04T18:36:00Z,0.21073021
2025-03-04T19:12:00Z,0.953107
2025-03-04T19:48:00Z,0
2025-03-04T20:24:00Z,0.51197755
2025-03-04T21:36:00Z,0.742164
2025-03-04T22:12:00Z,0.5279288
2025-03-04T22:48:00Z,0.8754249
2025-03-04T23:24:00Z,0
2025-03-05T00:00:00Z,0.8038944
2025-03-05T00:36:00Z,0
2025-03-05T01:12:00Z,0.70421106
2025-03-05T01:48:00Z,0.77803737
2025-03-05T02:24:00Z,0
2025-03-05T03:00:00Z,0.89357096
2025-03-05T03:36:00Z,0
2025-03-05T04:12:00Z,0.79810673
2025-03-05T04:48:00Z,0
2025-03-05T05:24:00Z,0.5691431
2025-03-05T06:00:00Z,0.120413944
2025-03-05T06:36:00Z,0.70823216
2025-03-05T07:12:00Z,0.22697707
2025-03-05T07:48:00Z,0.24309362
2025-03-05T08:24:00Z,0.9242315
2025-03-05T09:00:00Z,0
2025-03-05T09:36:00Z,0.2967981
2025-03-05T10:12:00Z,0.056048278
2025-03-05T12:36:00Z,0.07281414
2025-03-05T13:48:00Z,0.80938315
2025-03-05T14:24:00Z,0
2025-03-05T15:00:00Z,0.74401206
2025-03-05T16:12:00Z,0.025331289
2025-03-05T16:48:00Z,0.8441513
2025-03-05T17:24:00Z,0
2025-03-05T18:00:00Z,0.62587845
2025-03-05T18:36:00Z,0.10058832
2025-03-05T19:12:00Z,0.634173
2025-03-05T19:48:00Z,0.13319996
2025-03-05T21:00:00Z,0.21572256
2025-03-05T21:36:00Z,0.9764578
2025-03-05T22:12:00Z,0
2025-03-05T22:48:00Z,0.6154006
2025-03-05T23:24:00Z,0.09742911
2025-03-06T00:00:00Z,0.7152195
2025-03-06T00:36:00Z,0.7881432
2025-03-06T01:12:00Z,0
2025-03-06T01:48:00Z,0.9095284
2025-03-06T02:24:00Z,0
2025-03-06T03:00:00Z,0.27986825
2025-03-06T03:36:00Z,0.9798939
2025-03-06T04:12:00Z,0
2025-03-06T04:48:00Z,0.6840522
2025-03-06T06:00:00Z,0.044730645
2025-03-06T06:36:00Z,0.64830357
2025-03-06T07:12:00Z,0.26282448
2025-03-06T08:24:00Z,0.9657072
2025-03-06T09:00:00Z,0
2025-03-06T09:36:00Z,0.9013471
2025-03-06T10:12:00Z,0
2025-03-06T10:48:00Z,0.7023807
2025-03-06T11:24:00Z,0.96761733
2025-03-06T12:00:00Z,0
2025-03-06T13:12:00Z,0.45013002
2025-03-06T13:48:00Z,0.19298863
2025-03-06T14:24:00Z,0.84424055
2025-03-06T15:00:00Z,0
2025-03-06T15:36:00Z,0.09163441
2025-03-06T16:12:00Z,0.7965109
2025-03-06T16:48:00Z,0
2025-03-06T17:24:00Z,0.8349055
2025-03-06T18:00:00Z,0
