Timestamp,Value
2024-10-01T17:24:00Z,0.7696239
2024-10-01T18:00:00Z,0
2024-10-01T18:36:00Z,0.56428486
2024-10-01T19:12:00Z,0.11808303
2024-10-01T19:48:00Z,0.66466206
2024-10-01T20:24:00Z,0.38479096
2024-10-01T21:00:00Z,0.81538576
2024-10-01T21:36:00Z,0
2024-10-01T22:12:00Z,0.4506095
2024-10-01T22:48:00Z,0.18954383
2024-10-01T23:24:00Z,0.9269522
2024-10-02T00:00:00Z,0
2024-10-02T00:36:00Z,0.94204086
2024-10-02T01:12:00Z,0
2024-10-02T02:24:00Z,0.17045212
2024-10-02T03:00:00Z,0.9214444
2024-10-02T03:36:00Z,0
2024-10-02T04:48:00Z,0.57850575
2024-10-02T06:00:00Z,0.0055896207
2024-10-02T06:36:00Z,0.35042283
2024-10-02T07:12:00Z,0.07791534
2024-10-02T07:48:00Z,0.7563558
2024-10-02T08:24:00Z,0
2024-10-02T09:00:00Z,0.8582643
2024-10-02T09:36:00Z,0
2024-10-02T10:48:00Z,0.5386982
2024-10-02T11:24:00Z,0.4589458
2024-10-02T12:00:00Z,0.9378149
2024-10-02T12:36:00Z,0
2024-10-02T13:48:00Z,0.8386469
2024-10-02T14:24:00Z,0
2024-10-02T15:36:00Z,0.16090281
2024-10-02T18:36:00Z,0.7945337
2024-10-02T19:12:00Z,0
2024-10-02T19:48:00Z,0.8213402
2024-10-02T20:24:00Z,0
2024-10-02T21:00:00Z,0.71946377
2024-10-02T22:12:00Z,0.15170826
2024-10-02T23:24:00Z,0.8061969
2024-10-03T00:00:00Z,0
2024-10-03T00:36:00Z,0.020004634
2024-10-03T01:12:00Z,0.5700416
2024-10-03T02:24:00Z,0.6711072
2024-10-03T03:00:00Z,0.1011629
2024-10-03T04:12:00Z,0.5597172
2024-10-03T06:00:00Z,0.30003738
2024-10-03T07:48:00Z,0.8511328
2024-10-03T08:24:00Z,0
2024-10-03T10:12:00Z,0.63403374
2024-10-03T11:24:00Z,0.13584022
2024-10-03T13:12:00Z,0.9163919
2024-10-03T13:48:00Z,0
2024-10-03T14:24:00Z,0.12342655
2024-10-03T15:00:00Z,0.7201773
2024-10-03T16:12:00Z,0.50212115
2024-10-03T16:48:00Z,0.9755496
2024-10-03T17:24:00Z,0
2024-10-03T18:00:00Z,0.8516937
2024-10-03T18:36:00Z,0
2024-10-03T19:48:00Z,0.79808646
2024-10-03T20:24:00Z,0
2024-10-03T22:12:00Z,0.5440854
2024-10-04T00:00:00Z,0.69187975
2024-10-04T00:36:00Z,0.07788658
2024-10-04T02:24:00Z,0.23816518
2024-10-04T03:00:00Z,0.59745854
2024-10-04T04:12:00Z,0.1207531
2024-10-04T04:48:00Z,0.6161223
2024-10-04T07:12:00Z,0.492956
2024-10-04T07:48:00Z,0.9360536
2024-10-04T08:24:00Z,0
2024-10-04T09:36:00Z,0.95520246
2024-10-04T10:12:00Z,0
2024-10-04T11:24:00Z,0.70019007
2024-10-04T12:00:00Z,0.4639365
2024-10-04T12:36:00Z,0.98099834
2024-10-04T13:12:00Z,0
2024-10-04T13:48:00Z,0.88553244
2024-10-04T14:24:00Z,0
2024-10-04T15:00:00Z,0.6408577
2024-10-04T15:36:00Z,0.7879227
2024-10-04T16:12:00Z,0
2024-10-04T16:48:00Z,0.35873792
2024-10-04T18:00:00Z,0.47124723
2024-10-04T19:12:00Z,0.81611896
2024-10-04T19:48:00Z,0
2024-10-04T20:24:00Z,0.9706856
2024-10-04T21:00:00Z,0
2024-10-04T22:12:00Z,0.88952357
2024-10-04T22:48:00Z,0
2024-10-04T23:24:00Z,0.8341855
2024-10-05T00:00:00Z,0
2024-10-05T00:36:00Z,0.10856849
2024-10-05T01:12:00Z,0.7214104
2024-10-05T02:24:00Z,0.12560168
2024-10-05T03:36:00Z,0.63512397
2024-10-05T04:48:00Z,0.68007344
2024-10-05T05:24:00Z,0.13421808
2024-10-05T07:12:00Z,0.8333789
2024-10-05T07:48:00Z,0
2024-10-05T09:00:00Z,0.70063585
2024-10-05T10:48:00Z,0.78702044
2024-10-05T11:24:00Z,0
2024-10-05T12:00:00Z,0.7257877
2024-10-05T13:12:00Z,0.23022498
2024-10-05T14:24:00Z,0.591754
2024-10-05T16:12:00Z,0.0008065202
2024-10-05T16:48:00Z,0.81828487
2024-10-05T17:24:00Z,0
2024-10-05T18:00:00Z,0.24291074
2024-10-05T18:36:00Z,0.96636724
2024-10-05T19:12:00Z,0
2024-10-05T19:48:00Z,0.4850048
2024-10-05T20:24:00Z,0.040936958
2024-10-05T21:36:00Z,0.9226264
2024-10-05T22:12:00Z,0
2024-10-05T23:24:00Z,0.46279627
2024-10-06T00:36:00Z,0.051180188
2024-10-06T01:12:00Z,0.3423436
2024-10-06T02:24:00Z,0.19615716
2024-10-06T03:00:00Z,0.877536
2024-10-06T03:36:00Z,0
2024-10-06T04:48:00Z,0.75283474
2024-10-06T05:24:00Z,0
2024-10-06T06:00:00Z,0.45213926
2024-10-06T07:12:00Z,0.19579811
2024-10-06T07:48:00Z,0.82830465
2024-10-06T08:24:00Z,0
2024-10-06T09:36:00Z,0.5577962
2024-10-06T10:12:00Z,0.5579783
2024-10-06T10:48:00Z,0.06725784
2024-10-06T12:36:00Z,0.91518706
2024-10-06T13:12:00Z,0
2024-10-06T13:48:00Z,0.19421703
2024-10-06T14:24:00Z,0.82567066
2024-10-06T15:00:00Z,0
2024-10-06T16:48:00Z,0.8839023
2024-10-06T17:24:00Z,0
2024-10-06T18:00:00Z,0.17986761
2024-10-06T18:36:00Z,0.83386093
2024-10-06T19:12:00Z,0
2024-10-06T19:48:00Z,0.8803376
2024-10-06T20:24:00Z,0
2024-10-06T21:00:00Z,0.89363086
2024-10-06T21:36:00Z,0
2024-10-06T22:12:00Z,0.514039
2024-10-06T23:24:00Z,0.46710673
2024-10-07T00:00:00Z,0.8320801
2024-10-07T00:36:00Z,0
2024-10-07T01:12:00Z,0.5988703
2024-10-07T01:48:00Z,0.261469
2024-10-07T03:00:00Z,0.56823695
2024-10-07T04:12:00Z,0.0070832716
2024-10-07T04:48:00Z,0.40839905
2024-10-07T06:00:00Z,0.043456364
2024-10-07T06:36:00Z,0.84801674
2024-10-07T07:12:00Z,0
2024-10-07T07:48:00Z,0.30698165
2024-10-07T08:24:00Z,0.006385446
2024-10-07T09:36:00Z,0.033662394
2024-10-07T10:12:00Z,0.8765944
2024-10-07T10:48:00Z,0
2024-10-07T12:00:00Z,0.9831158
2024-10-07T12:36:00Z,0
2024-10-07T13:12:00Z,0.9280979
2024-10-07T13:48:00Z,0
2024-10-07T14:24:00Z,0.9624079
2024-10-07T15:00:00Z,0
2024-10-07T16:12:00Z,0.02018036
2024-10-07T17:24:00Z,0.88654757
2024-10-07T18:00:00Z,0
2024-10-07T19:48:00Z,0.45149678
2024-10-07T20:24:00Z,0.2126008
2024-10-07T21:00:00Z,0.8389873
2024-10-07T21:36:00Z,0
2024-10-07T22:12:00Z,0.50336236
2024-10-07T22:48:00Z,0.06432439
2024-10-08T00:36:00Z,0.44027802
2024-10-08T01:12:00Z,0.87555516
2024-10-08T01:48:00Z,0
2024-10-08T02:24:00Z,0.9425865
2024-10-08T03:00:00Z,0
2024-10-08T03:36:00Z,0.5636385
2024-10-08T05:24:00Z,0.35962477
2024-10-08T06:36:00Z,0.3002533
2024-10-08T07:48:00Z,0.611205
2024-10-08T08:24:00Z,0.14403391
2024-10-08T09:36:00Z,0.47773913
2024-10-08T10:12:00Z,0.38764703
2024-10-08T10:48:00Z,0.8306462
2024-10-08T11:24:00Z,0
2024-10-08T12:00:00Z,0.5704762
2024-10-08T12:36:00Z,0.23609903
2024-10-08T13:12:00Z,0.9711776
2024-10-08T13:48:00Z,0
2024-10-08T14:24:00Z,0.9249706
2024-10-08T15:00:00Z,0
2024-10-08T17:24:00Z,0.9873067
2024-10-08T18:00:00Z,0
2024-10-08T18:36:00Z,0.83730716
2024-10-08T19:12:00Z,0
2024-10-08T19:48:00Z,0.7178262
2024-10-08T20:24:00Z,0.5362178
2024-10-08T21:00:00Z,0.829073
2024-10-08T21:36:00Z,0
2024-10-08T22:12:00Z,0.6995129
2024-10-08T22:48:00Z,0.7583167
2024-10-08T23:24:00Z,0
2024-10-09T00:00:00Z,0.6299919
2024-10-09T00:36:00Z,0.09570907
2024-10-09T01:12:00Z,0.86025447
2024-10-09T01:48:00Z,0
2024-10-09T03:00:00Z,0.5518047
2024-10-09T04:12:00Z,0.027399145
2024-10-09T05:24:00Z,0.88276345
2024-10-09T06:00:00Z,0
2024-10-09T06:36:00Z,0.87375504
2024-10-09T07:12:00Z,0
2024-10-09T07:48:00Z,0.65966785
2024-10-09T10:12:00Z,0.23946798
2024-10-09T11:24:00Z,0.16665393
2024-10-09T12:00:00Z,0.8087821
2024-10-09T12:36:00Z,0
2024-10-09T13:12:00Z,0.7118668
2024-10-09T13:48:00Z,0.8323373
2024-10-09T14:24:00Z,0
2024-10-09T15:00:00Z,0.027248638
2024-10-09T15:36:00Z,0.4782161
2024-10-09T16:48:00Z,0.12705223
2024-10-09T17:24:00Z,0.99059546
2024-10-09T18:00:00Z,0
2024-10-09T19:12:00Z,0.23696955
2024-10-09T19:48:00Z,0.06698235
2024-10-09T20:24:00Z,0.90977216
2024-10-09T21:00:00Z,0
2024-10-09T21:36:00Z,0.42431512
2024-10-09T22:12:00Z,0.42537928
2024-10-09T22:48:00Z,0.82728744
2024-10-09T23:24:00Z,0
2024-10-10T00:00:00Z,0.554147
2024-10-10T02:24:00Z,0.25306758
2024-10-10T04:12:00Z,0.7501939
2024-10-10T04:48:00Z,0
2024-10-10T06:00:00Z,0.75290364
2024-10-10T06:36:00Z,0
2024-10-10T07:48:00Z,0.69721234
2024-10-10T10:12:00Z,0.1999612
2024-10-10T10:48:00Z,0.7574392
2024-10-10T11:24:00Z,0
2024-10-10T12:36:00Z,0.81052357
2024-10-10T13:12:00Z,0
2024-10-10T13:48:00Z,0.045037106
2024-10-10T14:24:00Z,0.9214372
2024-10-10T15:00:00Z,0
2024-10-10T15:36:00Z,0.6547987
2024-10-10T16:12:00Z,0.0665556
2024-10-10T18:00:00Z,0.2174204
2024-10-10T19:12:00Z,0.8558907
2024-10-10T19:48:00Z,0
2024-10-10T20:24:00Z,0.78555316
2024-10-10T21:00:00Z,0
2024-10-10T21:36:00Z,0.7026096
2024-10-10T22:48:00Z,0.029044854
2024-10-10T23:24:00Z,0.21222246
2024-10-11T00:00:00Z,0.82279634
2024-10-11T00:36:00Z,0
2024-10-11T01:12:00Z,0.8360434
2024-10-11T01:48:00Z,0
2024-10-11T03:36:00Z,0.33355343
2024-10-11T04:12:00Z,0.007903341
2024-10-11T04:48:00Z,0.93445385
2024-10-11T05:24:00Z,0
2024-10-11T06:00:00Z,0.030707162
2024-10-11T06:36:00Z,0.6445929
2024-10-11T07:12:00Z,0.113489814
2024-10-11T08:24:00Z,0.42555928
2024-10-11T09:00:00Z,0.7484359
2024-10-11T10:12:00Z,0.5343083
2024-10-11T10:48:00Z,0.89239234
2024-10-11T11:24:00Z,0
2024-10-11T12:36:00Z,0.6912743
2024-10-11T13:12:00Z,0.27856869
2024-10-11T13:48:00Z,0.9427688
2024-10-11T14:24:00Z,0
2024-10-11T15:00:00Z,0.612159
2024-10-11T15:36:00Z,0.33730832
2024-10-11T16:12:00Z,0.7776498
2024-10-11T16:48:00Z,0
2024-10-11T18:00:00Z,0.849299
2024-10-11T18:36:00Z,0
2024-10-11T19:12:00Z,0.5213696
2024-10-11T20:24:00Z,0.29765284
2024-10-11T21:00:00Z,0.9922001
2024-10-11T21:36:00Z,0
2024-10-11T23:24:00Z,0.61147195
2024-10-12T00:00:00Z,0.4244196
2024-10-12T00:36:00Z,0.9636724
2024-10-12T01:12:00Z,0
2024-10-12T01:48:00Z,0.7090637
2024-10-12T03:36:00Z,0.5013308
2024-10-12T04:12:00Z,0.7505878
2024-10-12T04:48:00Z,0
2024-10-12T05:24:00Z,0.07833018
2024-10-12T06:00:00Z,0.8492506
2024-10-12T06:36:00Z,0
2024-10-12T07:48:00Z,0.9819431
2024-10-12T08:24:00Z,0
2024-10-12T09:00:00Z,0.13065663
2024-10-12T09:36:00Z,0.8420383
2024-10-12T10:12:00Z,0
2024-10-12T10:48:00Z,0.95637405
2024-10-12T11:24:00Z,0
2024-10-12T12:00:00Z,0.9601659
2024-10-12T12:36:00Z,0
2024-10-12T13:12:00Z,0.8551613
2024-10-12T13:48:00Z,0
2024-10-12T14:24:00Z,0.94797885
2024-10-12T15:00:00Z,0
2024-10-12T16:12:00Z,0.79632205
2024-10-12T16:48:00Z,0
2024-10-12T18:00:00Z,0.9298063
2024-10-12T18:36:00Z,0
2024-10-12T19:48:00Z,0.81247276
2024-10-12T20:24:00Z,0
2024-10-12T21:36:00Z,0.8330158
2024-10-12T22:12:00Z,0
2024-10-12T22:48:00Z,0.7488978
2024-10-13T01:12:00Z,0.07082923
2024-10-13T01:48:00Z,0.9557461
2024-10-13T02:24:00Z,0
2024-10-13T03:36:00Z,0.8834271
2024-10-13T04:12:00Z,0
2024-10-13T05:24:00Z,0.845884
2024-10-13T06:00:00Z,0
2024-10-13T06:36:00Z,0.73550576
2024-10-13T07:48:00Z,0.22274852
2024-10-13T09:00:00Z,0.68437773
2024-10-13T09:36:00Z,0.31572452
2024-10-13T10:12:00Z,0.49421948
2024-10-13T10:48:00Z,0.2679683
2024-10-13T12:36:00Z,0.31474388
2024-10-13T13:12:00Z,0.8638611
2024-10-13T13:48:00Z,0
2024-10-13T14:24:00Z,0.8797688
2024-10-13T15:00:00Z,0
2024-10-13T15:36:00Z,0.4984793
2024-10-13T16:12:00Z,0.08610383
2024-10-13T17:24:00Z,0.19904938
2024-10-13T18:00:00Z,0.6126574
2024-10-13T18:36:00Z,0.2768272
2024-10-13T19:12:00Z,0.80131364
2024-10-13T19:48:00Z,0
2024-10-13T20:24:00Z,0.5128325
2024-10-13T21:00:00Z,0.37473634
2024-10-13T21:36:00Z,0.92342675
2024-10-13T22:12:00Z,0
2024-10-13T22:48:00Z,0.62597555
2024-10-13T23:24:00Z,0.84485084
2024-10-14T00:00:00Z,0
2024-10-14T01:12:00Z,0.5626699
2024-10-14T03:00:00Z,0.6553575
2024-10-14T03:36:00Z,0.049944263
2024-10-14T04:12:00Z,0.7428856
2024-10-14T04:48:00Z,0.12374298
2024-10-14T06:36:00Z,0.15165448
2024-10-14T07:48:00Z,0.78498447
2024-10-14T08:24:00Z,0
2024-10-14T09:00:00Z,0.88542205
2024-10-14T09:36:00Z,0
2024-10-14T10:12:00Z,0.57307386
2024-10-14T12:00:00Z,0.81148624
2024-10-14T12:36:00Z,0
2024-10-14T13:48:00Z,0.58925587
2024-10-14T14:24:00Z,0.06960242
2024-10-14T15:36:00Z,0.90590334
2024-10-14T16:12:00Z,0
2024-10-14T16:48:00Z,0.92024297
2024-10-14T17:24:00Z,0
2024-10-14T18:00:00Z,0.76020557
2024-10-14T18:36:00Z,0
2024-10-14T19:12:00Z,0.42610344
2024-10-14T20:24:00Z,0.42807418
2024-10-14T21:00:00Z,0.80072147
2024-10-14T21:36:00Z,0
2024-10-14T23:24:00Z,0.4415739
2024-10-15T00:00:00Z,0.19889444
2024-10-15T00:36:00Z,0.72749954
2024-10-15T01:12:00Z,0.30804694
2024-10-15T01:48:00Z,0.65534115
2024-10-15T02:24:00Z,0.2752743
2024-10-15T03:36:00Z,0.10196527
2024-10-15T04:12:00Z,0.8918268
2024-10-15T04:48:00Z,0
2024-10-15T05:24:00Z,0.80990493
2024-10-15T06:00:00Z,0
2024-10-15T06:36:00Z,0.01515816
2024-10-15T07:12:00Z,0.995025
2024-10-15T07:48:00Z,0
2024-10-15T08:24:00Z,0.019187389
2024-10-15T09:00:00Z,0.9626079
2024-10-15T09:36:00Z,0
2024-10-15T10:12:00Z,0.9150156
2024-10-15T10:48:00Z,0
2024-10-15T11:24:00Z,0.5169002
2024-10-15T12:00:00Z,0.22364157
2024-10-15T12:36:00Z,0.9278337
2024-10-15T13:12:00Z,0
2024-10-15T13:48:00Z,0.9493517
2024-10-15T14:24:00Z,0
2024-10-15T16:12:00Z,0.9195813
2024-10-15T16:48:00Z,0
2024-10-15T17:24:00Z,0.17860045
2024-10-15T18:00:00Z,0.92433786
2024-10-15T18:36:00Z,0
2024-10-15T20:24:00Z,0.70510775
2024-10-15T21:00:00Z,0.37893417
2024-10-15T21:36:00Z,0.5338609
2024-10-15T22:12:00Z,0.17576085
2024-10-15T23:24:00Z,0.1499336
2024-10-16T00:36:00Z,0.9735068
2024-10-16T01:12:00Z,0
2024-10-16T01:48:00Z,0.7541568
2024-10-16T02:24:00Z,0
2024-10-16T03:00:00Z,0.881817
2024-10-16T03:36:00Z,0
2024-10-16T04:12:00Z,0.79866576
2024-10-16T04:48:00Z,0
2024-10-16T05:24:00Z,0.5436747
2024-10-16T06:00:00Z,0.6829784
2024-10-16T06:36:00Z,0.41203675
2024-10-16T07:12:00Z,0.9522303
2024-10-16T07:48:00Z,0
2024-10-16T08:24:00Z,0.60207695
2024-10-16T09:00:00Z,0.4669585
2024-10-16T09:36:00Z,0.95779073
2024-10-16T10:12:00Z,0
2024-10-16T10:48:00Z,0.4449104
2024-10-16T13:12:00Z,0.1988577
2024-10-16T13:48:00Z,0.89997107
2024-10-16T14:24:00Z,0
2024-10-16T15:00:00Z,0.5140877
2024-10-16T16:12:00Z,0.3773546
2024-10-16T16:48:00Z,0.9145276
2024-10-16T17:24:00Z,0
2024-10-16T18:36:00Z,0.119073994
2024-10-16T19:48:00Z,0.99594146
2024-10-16T20:24:00Z,0
2024-10-16T21:36:00Z,0.16703802
2024-10-16T22:12:00Z,0.63167316
2024-10-16T22:48:00Z,0.12321303
2024-10-16T23:24:00Z,0.906442
2024-10-17T00:00:00Z,0
2024-10-17T01:12:00Z,0.9061134
2024-10-17T01:48:00Z,0
2024-10-17T02:24:00Z,0.8071757
2024-10-17T03:00:00Z,0
2024-10-17T03:36:00Z,0.8071611
2024-10-17T04:12:00Z,0
2024-10-17T04:48:00Z,0.7039677
2024-10-17T06:00:00Z,0.06763828
2024-10-17T07:12:00Z,0.93416685
2024-10-17T07:48:00Z,0
2024-10-17T09:00:00Z,0.9401497
2024-10-17T09:36:00Z,0
2024-10-17T10:12:00Z,0.9997656
2024-10-17T10:48:00Z,0
2024-10-17T11:24:00Z,0.50654835
2024-10-17T12:00:00Z,0.049641423
2024-10-17T12:36:00Z,0.41981357
2024-10-17T13:12:00Z,0.30924642
2024-10-17T13:48:00Z,0.9517487
2024-10-17T14:24:00Z,0
2024-10-17T15:00:00Z,0.8741633
2024-10-17T15:36:00Z,0
2024-10-17T16:12:00Z,0.4235728
2024-10-17T16:48:00Z,0.44311494
2024-10-17T17:24:00Z,0.89869463
2024-10-17T18:00:00Z,0
2024-10-17T19:48:00Z,0.34933063
2024-10-17T20:24:00Z,0.76845086
2024-10-17T21:00:00Z,0
2024-10-17T23:24:00Z,0.9562888
2024-10-18T00:00:00Z,0
2024-10-18T00:36:00Z,0.20768957
2024-10-18T01:12:00Z,0.0019651637
2024-10-18T01:48:00Z,0.9704038
2024-10-18T02:24:00Z,0
2024-10-18T04:12:00Z,0.99586403
2024-10-18T04:48:00Z,0
2024-10-18T05:24:00Z,0.051677346
2024-10-18T06:00:00Z,0.6377347
2024-10-18T07:12:00Z,0.6171385
2024-10-18T08:24:00Z,0.13121942
2024-10-18T10:12:00Z,0.8638764
2024-10-18T10:48:00Z,0
2024-10-18T12:00:00Z,0.57511616
2024-10-18T12:36:00Z,0.20744252
2024-10-18T13:12:00Z,0.3932627
2024-10-18T13:48:00Z,0.9842044
2024-10-18T14:24:00Z,0
2024-10-18T15:00:00Z,0.07715449
2024-10-18T16:12:00Z,0.8547824
2024-10-18T16:48:00Z,0
2024-10-18T18:00:00Z,0.649076
2024-10-18T18:36:00Z,0.20787498
2024-10-18T19:12:00Z,0.78062445
2024-10-18T19:48:00Z,0
2024-10-18T20:24:00Z,0.67324066
2024-10-18T21:36:00Z,0.14540565
2024-10-18T23:24:00Z,0.46040648
2024-10-19T00:00:00Z,0.27716172
2024-10-19T00:36:00Z,0.6940363
2024-10-19T01:12:00Z,0.26001644
2024-10-19T02:24:00Z,0.7745793
2024-10-19T03:00:00Z,0
2024-10-19T03:36:00Z,0.95869535
2024-10-19T04:12:00Z,0
2024-10-19T04:48:00Z,0.7862163
2024-10-19T05:24:00Z,0
2024-10-19T06:36:00Z,0.7255445
2024-10-19T07:48:00Z,0.10105252
2024-10-19T08:24:00Z,0.53594536
2024-10-19T09:00:00Z,0.053473122
2024-10-19T09:36:00Z,0.5447299
2024-10-19T10:12:00Z,0.08127746
2024-10-19T12:00:00Z,0.05713415
2024-10-19T13:12:00Z,0.8593151
2024-10-19T13:48:00Z,0
2024-10-19T15:00:00Z,0.21948197
2024-10-19T15:36:00Z,0.8935267
2024-10-19T16:12:00Z,0
2024-10-19T16:48:00Z,0.85745186
2024-10-19T17:24:00Z,0
2024-10-19T18:36:00Z,0.7663981
2024-10-19T19:12:00Z,0
2024-10-19T19:48:00Z,0.5610086
2024-10-19T21:36:00Z,0.576455
2024-10-19T22:48:00Z,0.18465038
2024-10-19T23:24:00Z,0.545094
2024-10-20T00:36:00Z,0.53868604
2024-10-20T01:12:00Z,0.006045185
2024-10-20T01:48:00Z,0.7308493
2024-10-20T02:24:00Z,0.32445604
2024-10-20T03:36:00Z,0.8363706
2024-10-20T04:12:00Z,0
2024-10-20T05:24:00Z,0.6854866
2024-10-20T06:00:00Z,0.40143976
2024-10-20T06:36:00Z,0.747504
2024-10-20T07:12:00Z,0.5331178
2024-10-20T07:48:00Z,0.89237416
2024-10-20T08:24:00Z,0
2024-10-20T09:00:00Z,0.25728327
2024-10-20T09:36:00Z,0.9156766
2024-10-20T10:12:00Z,0
2024-10-20T10:48:00Z,0.7867299
2024-10-20T11:24:00Z,0
2024-10-20T12:36:00Z,0.0979415
2024-10-20T13:48:00Z,0.84120333
2024-10-20T14:24:00Z,0
2024-10-20T16:12:00Z,0.449707
2024-10-20T16:48:00Z,0.8810526
2024-10-20T17:24:00Z,0
2024-10-20T18:00:00Z,0.6661093
2024-10-20T18:36:00Z,0.81223714
2024-10-20T19:12:00Z,0
2024-10-20T20:24:00Z,0.39125028
2024-10-20T21:00:00Z,0.07223741
2024-10-20T21:36:00Z,0.7896363
2024-10-20T22:12:00Z,0
2024-10-20T23:24:00Z,0.08712961
2024-10-21T00:00:00Z,0.91640216
2024-10-21T00:36:00Z,0
2024-10-21T01:12:00Z,0.99085134
2024-10-21T01:48:00Z,0
2024-10-21T02:24:00Z,0.59708303
2024-10-21T03:00:00Z,0.006043852
2024-10-21T04:12:00Z,0.3905178
2024-10-21T04:48:00Z,0.85592985
2024-10-21T05:24:00Z,0
2024-10-21T06:36:00Z,0.5824425
2024-10-21T07:48:00Z,0.5623705
2024-10-21T08:24:00Z,0.73569924
2024-10-21T09:00:00Z,0.21575142
2024-10-21T10:12:00Z,0.08468617
2024-10-21T12:00:00Z,0.72296476
2024-10-21T12:36:00Z,0.06564468
2024-10-21T13:12:00Z,0.699202
2024-10-21T14:24:00Z,0.5817743
2024-10-21T15:00:00Z,0.21109866
2024-10-21T15:36:00Z,0.9925679
2024-10-21T16:12:00Z,0
2024-10-21T17:24:00Z,0.8983007
2024-10-21T18:00:00Z,0
2024-10-21T18:36:00Z,0.8190976
2024-10-21T19:12:00Z,0
2024-10-21T19:48:00Z,0.065972894
2024-10-21T20:24:00Z,0.98243415
2024-10-21T21:00:00Z,0
2024-10-21T21:36:00Z,0.010219023
2024-10-21T22:12:00Z,0.92923695
2024-10-21T22:48:00Z,0
2024-10-22T01:48:00Z,0.9812752
2024-10-22T02:24:00Z,0
2024-10-22T03:00:00Z,0.0458181
2024-10-22T03:36:00Z,0.9839176
2024-10-22T04:12:00Z,0
2024-10-22T05:24:00Z,0.74313134
2024-10-22T06:00:00Z,0.4544935
2024-10-22T06:36:00Z,0.8508562
2024-10-22T07:12:00Z,0
2024-10-22T07:48:00Z,0.6408784
2024-10-22T09:36:00Z,0.08321053
2024-10-22T10:12:00Z,0.68898296
2024-10-22T10:48:00Z,0.09476522
2024-10-22T11:24:00Z,0.049227796
2024-10-22T12:00:00Z,0.9806505
2024-10-22T12:36:00Z,0
2024-10-22T13:12:00Z,0.5328173
2024-10-22T13:48:00Z,0.20098092
2024-10-22T14:24:00Z,0.836686
2024-10-22T15:00:00Z,0
2024-10-22T15:36:00Z,0.62023443
2024-10-22T16:48:00Z,0.6833184
2024-10-22T17:24:00Z,0.03561757
2024-10-22T18:00:00Z,0.83668494
2024-10-22T18:36:00Z,0
2024-10-22T19:12:00Z,0.082055315
2024-10-22T19:48:00Z,0.95612013
2024-10-22T20:24:00Z,0
2024-10-22T21:00:00Z,0.9702988
2024-10-22T21:36:00Z,0
2024-10-22T22:12:00Z,0.7293927
2024-10-22T23:24:00Z,0.2670877
2024-10-23T00:00:00Z,0.47474346
2024-10-23T01:12:00Z,0.095872924
2024-10-23T03:00:00Z,0.5895698
2024-10-23T03:36:00Z,0.54264313
2024-10-23T04:12:00Z,0.06840926
2024-10-23T05:24:00Z,0.514005
2024-10-23T06:00:00Z,0.19485575
2024-10-23T06:36:00Z,0.9764775
2024-10-23T07:12:00Z,0
2024-10-23T07:48:00Z,0.7491373
2024-10-23T08:24:00Z,0.47484332
2024-10-23T09:00:00Z,0.9510529
2024-10-23T09:36:00Z,0
2024-10-23T10:12:00Z,0.83621734
2024-10-23T10:48:00Z,0
2024-10-23T13:12:00Z,0.48880053
2024-10-23T14:24:00Z,0.2535126
2024-10-23T15:36:00Z,0.7179668
2024-10-23T16:48:00Z,0.27992916
2024-10-23T17:24:00Z,0.60526085
2024-10-23T18:00:00Z,0.07678532
2024-10-23T19:12:00Z,0.18446088
2024-10-23T20:24:00Z,0.3538178
2024-10-23T21:00:00Z,0.6113306
2024-10-23T21:36:00Z,0.4218953
2024-10-23T22:12:00Z,0.8338932
2024-10-23T22:48:00Z,0
2024-10-23T23:24:00Z,0.8785407
2024-10-24T00:00:00Z,0
2024-10-24T00:36:00Z,0.05182729
2024-10-24T01:12:00Z,0.756925
2024-10-24T01:48:00Z,0
2024-10-24T04:48:00Z,0.781285
2024-10-24T05:24:00Z,0
2024-10-24T06:00:00Z,0.94349945
2024-10-24T06:36:00Z,0
2024-10-24T07:12:00Z,0.5843407
2024-10-24T07:48:00Z,0.15107287
2024-10-24T08:24:00Z,0.9198241
2024-10-24T09:00:00Z,0
2024-10-24T10:12:00Z,0.7840359
2024-10-24T10:48:00Z,0
2024-10-24T12:00:00Z,0.7490033
2024-10-24T12:36:00Z,0.08531805
2024-10-24T13:12:00Z,0.89934415
2024-10-24T13:48:00Z,0
2024-10-24T15:00:00Z,0.76286066
2024-10-24T15:36:00Z,0
2024-10-24T16:12:00Z,0.6584828
2024-10-24T16:48:00Z,0.028287796
2024-10-24T17:24:00Z,0.9371698
2024-10-24T18:00:00Z,0
2024-10-24T18:36:00Z,0.29251856
2024-10-24T19:12:00Z,0.13594384
2024-10-24T19:48:00Z,0.92617774
2024-10-24T20:24:00Z,0
2024-10-24T21:00:00Z,0.70824736
2024-10-25T00:00:00Z,0.054253884
2024-10-25T00:36:00Z,0.863659
2024-10-25T01:12:00Z,0
2024-10-25T02:24:00Z,0.88603365
2024-10-25T03:00:00Z,0
2024-10-25T03:36:00Z,0.009609665
2024-10-25T04:12:00Z,0.7882661
2024-10-25T04:48:00Z,0
2024-10-25T06:00:00Z,0.89153636
2024-10-25T06:36:00Z,0
2024-10-25T09:00:00Z,0.82282555
2024-10-25T09:36:00Z,0
2024-10-25T10:48:00Z,0.8151599
2024-10-25T11:24:00Z,0
2024-10-25T13:12:00Z,0.6663781
2024-10-25T14:24:00Z,0.7770419
2024-10-25T15:00:00Z,0
2024-10-25T15:36:00Z,0.9078665
2024-10-25T16:12:00Z,0
2024-10-25T18:36:00Z,0.93375134
2024-10-25T19:12:00Z,0
2024-10-25T19:48:00Z,0.4064849
2024-10-25T20:24:00Z,0.0075892718
2024-10-25T21:00:00Z,0.4671489
2024-10-25T21:36:00Z,0.03101145
2024-10-25T22:48:00Z,0.43489408
2024-10-25T23:24:00Z,0.06812858
2024-10-26T01:48:00Z,0.5020834
2024-10-26T02:24:00Z,0.25102127
2024-10-26T03:36:00Z,0.98102355
2024-10-26T04:12:00Z,0
2024-10-26T05:24:00Z,0.19216146
2024-10-26T06:00:00Z,0.78400725
2024-10-26T06:36:00Z,0
2024-10-26T09:00:00Z,0.32923773
2024-10-26T09:36:00Z,0.72549844
2024-10-26T10:48:00Z,0.7721239
2024-10-26T11:24:00Z,0
2024-10-26T12:00:00Z,0.9159347
2024-10-26T12:36:00Z,0
2024-10-26T13:12:00Z,0.26772526
2024-10-26T14:24:00Z,0.017021446
2024-10-26T15:00:00Z,0.71554816
2024-10-26T16:48:00Z,0.48126972
2024-10-26T17:24:00Z,0.82911307
2024-10-26T18:00:00Z,0
2024-10-26T18:36:00Z,0.6268988
2024-10-26T19:12:00Z,0.085032456
2024-10-26T21:00:00Z,0.23923516
2024-10-26T22:12:00Z,0.9347987
2024-10-26T22:48:00Z,0
2024-10-26T23:24:00Z,0.30894208
2024-10-27T00:36:00Z,0.06654498
2024-10-27T01:12:00Z,0.5820338
2024-10-27T01:48:00Z,0.39458767
2024-10-27T02:24:00Z,0.8426537
2024-10-27T03:00:00Z,0
2024-10-27T03:36:00Z,0.7688697
2024-10-27T04:12:00Z,0
2024-10-27T04:48:00Z,0.6148495
2024-10-27T05:24:00Z,0.7627988
2024-10-27T06:00:00Z,0
2024-10-27T06:36:00Z,0.40774316
2024-10-27T07:12:00Z,0.02203299
2024-10-27T09:00:00Z,0.43721136
2024-10-27T09:36:00Z,0.35206035
2024-10-27T10:12:00Z,0.90310615
2024-10-27T10:48:00Z,0
2024-10-27T11:24:00Z,0.9031286
2024-10-27T12:00:00Z,0
2024-10-27T13:48:00Z,0.61620533
2024-10-27T14:24:00Z,0.40584093
2024-10-27T15:00:00Z,0.9939403
2024-10-27T15:36:00Z,0
2024-10-27T16:12:00Z,0.6701382
2024-10-27T16:48:00Z,0.3371782
2024-10-27T17:24:00Z,0.84031355
2024-10-27T18:00:00Z,0
2024-10-27T18:36:00Z,0.382013
2024-10-27T19:48:00Z,0.36831847
2024-10-27T20:24:00Z,0.8206236
2024-10-27T21:00:00Z,0
2024-10-27T23:24:00Z,0.8880732
2024-10-28T00:00:00Z,0
2024-10-28T01:12:00Z,0.7629878
2024-10-28T01:48:00Z,0
2024-10-28T03:00:00Z,0.3892602
2024-10-28T04:12:00Z,0.10003316
2024-10-28T04:48:00Z,0.70993906
2024-10-28T05:24:00Z,0.062792644
2024-10-28T06:00:00Z,0.79209214
2024-10-28T06:36:00Z,0
2024-10-28T07:12:00Z,0.9369249
2024-10-28T07:48:00Z,0
2024-10-28T09:00:00Z,0.87088525
2024-10-28T09:36:00Z,0
2024-10-28T10:12:00Z,0.03756688
2024-10-28T10:48:00Z,0.98388445
2024-10-28T11:24:00Z,0
2024-10-28T12:00:00Z,0.8212312
2024-10-28T12:36:00Z,0
2024-10-28T13:12:00Z,0.39141586
2024-10-28T13:48:00Z,0.13491866
2024-10-28T14:24:00Z,0.93873096
2024-10-28T15:00:00Z,0
2024-10-28T16:12:00Z,0.449105
2024-10-28T16:48:00Z,0.34389412
2024-10-28T17:24:00Z,0.8755325
2024-10-28T18:00:00Z,0
2024-10-28T19:12:00Z,0.90782017
2024-10-28T19:48:00Z,0
2024-10-28T21:00:00Z,0.4715496
2024-10-28T22:12:00Z,0.1596155
2024-10-28T22:48:00Z,0.89589
2024-10-28T23:24:00Z,0
2024-10-29T00:00:00Z,0.6931025
2024-10-29T02:24:00Z,0.53203183
2024-10-29T04:12:00Z,0.12641925
2024-10-29T04:48:00Z,0.7255247
2024-10-29T05:24:00Z,0.2379916
2024-10-29T06:00:00Z,0.18748619
2024-10-29T06:36:00Z,0.95114833
2024-10-29T07:12:00Z,0
2024-10-29T07:48:00Z,0.93861514
2024-10-29T08:24:00Z,0
2024-10-29T09:00:00Z,0.8202224
2024-10-29T09:36:00Z,0
2024-10-29T10:12:00Z,0.01827204
2024-10-29T11:24:00Z,0.938856
2024-10-29T12:00:00Z,0
2024-10-29T13:12:00Z,0.088702016
2024-10-29T14:24:00Z,0.92231077
2024-10-29T15:00:00Z,0
2024-10-29T16:12:00Z,0.82738626
2024-10-29T16:48:00Z,0
2024-10-29T17:24:00Z,0.8795507
2024-10-29T18:00:00Z,0
2024-10-29T18:36:00Z,0.6509282
2024-10-29T19:12:00Z,0.49234807
2024-10-29T19:48:00Z,0.83440655
2024-10-29T20:24:00Z,0
2024-10-29T21:36:00Z,0.57810694
2024-10-29T22:48:00Z,0.021865977
2024-10-29T23:24:00Z,0.8005056
2024-10-30T00:00:00Z,0
2024-10-30T00:36:00Z,0.7773094
2024-10-30T01:12:00Z,0
2024-10-30T01:48:00Z,0.12664688
2024-10-30T02:24:00Z,0.7172851
2024-10-30T03:00:00Z,0.08706908
2024-10-30T03:36:00Z,0.81319
2024-10-30T04:12:00Z,0
2024-10-30T04:48:00Z,0.0348508
2024-10-30T05:24:00Z,0.5797811
2024-10-30T06:00:00Z,0.3638396
2024-10-30T06:36:00Z,0.8110879
2024-10-30T07:12:00Z,0
2024-10-30T07:48:00Z,0.46585128
2024-10-30T08:24:00Z,0.030253574
2024-10-30T09:00:00Z,0.7166843
2024-10-30T10:12:00Z,0.32411772
2024-10-30T10:48:00Z,0.80408275
2024-10-30T11:24:00Z,0
2024-10-30T13:12:00Z,0.86028403
2024-10-30T13:48:00Z,0
2024-10-30T15:36:00Z,0.9166907
2024-10-30T16:12:00Z,0
2024-10-30T16:48:00Z,0.6421199
2024-10-30T18:00:00Z,0.24663045
2024-10-30T18:36:00Z,0.8071995
2024-10-30T19:12:00Z,0
2024-10-30T19:48:00Z,0.9686862
2024-10-30T20:24:00Z,0
2024-10-30T21:00:00Z,0.4235267
2024-10-30T22:12:00Z,0.053395305
2024-10-30T22:48:00Z,0.72930443
2024-10-31T00:00:00Z,0.6420331
2024-10-31T00:36:00Z,0.9420001
2024-10-31T01:12:00Z,0
2024-10-31T02:24:00Z,0.8988603
2024-10-31T03:00:00Z,0
2024-10-31T03:36:00Z,0.897984
2024-10-31T04:12:00Z,0
2024-10-31T04:48:00Z,0.6780231
2024-10-31T05:24:00Z,0.7194971
2024-10-31T06:00:00Z,0.04757444
2024-10-31T07:12:00Z,0.79921883
2024-10-31T07:48:00Z,0
2024-10-31T08:24:00Z,0.5132366
2024-10-31T09:00:00Z,0.16238238
2024-10-31T10:12:00Z,0.85373497
2024-10-31T10:48:00Z,0
2024-10-31T11:24:00Z,0.9680855
2024-10-31T12:00:00Z,0
2024-10-31T13:12:00Z,0.91155
2024-10-31T13:48:00Z,0
2024-10-31T14:24:00Z,0.7724424
2024-10-31T15:00:00Z,0
2024-10-31T15:36:00Z,0.84367955
2024-10-31T16:12:00Z,0
2024-10-31T17:24:00Z,0.37563533
2024-10-31T18:00:00Z,0.0061350064
2024-10-31T18:36:00Z,0.97718173
2024-10-31T19:12:00Z,0
2024-10-31T19:48:00Z,0.6696283
2024-10-31T20:24:00Z,0.2379774
2024-10-31T21:00:00Z,0.78565764
2024-10-31T21:36:00Z,0
2024-10-31T22:48:00Z,0.18978223
2024-10-31T23:24:00Z,0.6243079
2024-11-01T00:00:00Z,0.38847
2024-11-01T01:12:00Z,0.78829813
2024-11-01T01:48:00Z,0
2024-11-01T02:24:00Z,0.97391456
2024-11-01T03:00:00Z,0
2024-11-01T03:36:00Z,0.5900084
2024-11-01T04:48:00Z,0.98731023
2024-11-01T05:24:00Z,0
2024-11-01T06:36:00Z,0.052412946
2024-11-01T07:12:00Z,0.6885304
2024-11-01T07:48:00Z,0.83434355
2024-11-01T08:24:00Z,0
2024-11-01T09:00:00Z,0.9126084
2024-11-01T09:36:00Z,0
2024-11-01T10:12:00Z,0.95950156
2024-11-01T10:48:00Z,0
2024-11-01T11:24:00Z,0.67193913
2024-11-01T12:00:00Z,0.73579586
2024-11-01T12:36:00Z,0.15678477
2024-11-01T13:12:00Z,0.8220371
2024-11-01T13:48:00Z,0
2024-11-01T14:24:00Z,0.029351419
2024-11-01T15:00:00Z,0.84360826
2024-11-01T15:36:00Z,0
2024-11-01T16:12:00Z,0.9216657
2024-11-01T16:48:00Z,0
2024-11-01T17:24:00Z,0.924405
2024-11-01T18:00:00Z,0
2024-11-01T18:36:00Z,0.8522073
2024-11-01T19:12:00Z,0
2024-11-01T19:48:00Z,0.09562461
2024-11-01T20:24:00Z,0.9008793
2024-11-01T21:00:00Z,0
2024-11-01T21:36:00Z,0.8803832
2024-11-01T22:12:00Z,0
2024-11-01T22:48:00Z,0.6003352
2024-11-01T23:24:00Z,0.49418968
2024-11-02T00:00:00Z,0.90147984
2024-11-02T00:36:00Z,0
2024-11-02T01:12:00Z,0.8187699
2024-11-02T01:48:00Z,0
2024-11-02T02:24:00Z,0.8902402
2024-11-02T03:00:00Z,0
2024-11-02T04:12:00Z,0.9984973
2024-11-02T04:48:00Z,0
2024-11-02T05:24:00Z,0.70528924
2024-11-02T06:00:00Z,0.8591007
2024-11-02T06:36:00Z,0
2024-11-02T07:12:00Z,0.8020769
2024-11-02T07:48:00Z,0
2024-11-02T09:00:00Z,0.9904412
2024-11-02T09:36:00Z,0
2024-11-02T10:48:00Z,0.90973586
2024-11-02T11:24:00Z,0
2024-11-02T12:00:00Z,0.61405164
2024-11-02T12:36:00Z,0.20587322
2024-11-02T14:24:00Z,0.6163633
2024-11-02T15:36:00Z,0.123372965
2024-11-02T16:12:00Z,0.8164592
2024-11-02T16:48:00Z,0
2024-11-02T17:24:00Z,0.33159503
2024-11-02T18:00:00Z,0.10505164
2024-11-02T18:36:00Z,0.9304871
2024-11-02T19:12:00Z,0
2024-11-02T19:48:00Z,0.49675012
2024-11-02T20:24:00Z,0.4121573
2024-11-02T21:00:00Z,0.95429885
2024-11-02T21:36:00Z,0
2024-11-02T22:12:00Z,0.88398933
2024-11-02T22:48:00Z,0
2024-11-02T23:24:00Z,0.909034
2024-11-03T00:00:00Z,0
2024-11-03T00:36:00Z,0.84163916
2024-11-03T01:12:00Z,0
2024-11-03T01:48:00Z,0.5017052
2024-11-03T02:24:00Z,0.20482665
2024-11-03T03:00:00Z,0.70672077
2024-11-03T03:36:00Z,0.009576116
2024-11-03T04:48:00Z,0.77021354
2024-11-03T05:24:00Z,0
2024-11-03T06:00:00Z,0.6858955
2024-11-03T06:36:00Z,0.22536638
2024-11-03T07:12:00Z,0.29028818
2024-11-03T07:48:00Z,0.8273271
2024-11-03T08:24:00Z,0
2024-11-03T09:00:00Z,0.32975626
2024-11-03T09:36:00Z,0.13832898
2024-11-03T10:12:00Z,0.73237395
2024-11-03T10:48:00Z,0.75409883
2024-11-03T11:24:00Z,0
2024-11-03T12:00:00Z,0.5402706
2024-11-03T13:12:00Z,0.50990516
2024-11-03T13:48:00Z,0.900225
2024-11-03T14:24:00Z,0
2024-11-03T16:12:00Z,0.97666574
2024-11-03T16:48:00Z,0
2024-11-03T17:24:00Z,0.8571094
2024-11-03T18:00:00Z,0
2024-11-03T18:36:00Z,0.18408537
2024-11-03T19:12:00Z,0.89204884
2024-11-03T19:48:00Z,0
2024-11-03T21:00:00Z,0.19809382
2024-11-03T21:36:00Z,0.8346052
2024-11-03T22:12:00Z,0
2024-11-03T23:24:00Z,0.38754034
2024-11-04T00:00:00Z,0.020459445
2024-11-04T01:12:00Z,0.014312069
2024-11-04T02:24:00Z,0.6341634
2024-11-04T03:00:00Z,0.17194895
2024-11-04T04:12:00Z,0.88605595
2024-11-04T04:48:00Z,0
2024-11-04T06:00:00Z,0.51036346
2024-11-04T07:12:00Z,0.6853493
2024-11-04T07:48:00Z,0.3610247
2024-11-04T08:24:00Z,0.49730104
2024-11-04T09:36:00Z,0.19107768
2024-11-04T10:12:00Z,0.7624531
2024-11-04T10:48:00Z,0
2024-11-04T12:36:00Z,0.3251414
2024-11-04T13:48:00Z,0.06652188
2024-11-04T14:24:00Z,0.8963576
2024-11-04T15:00:00Z,0
2024-11-04T16:12:00Z,0.32102442
2024-11-04T18:36:00Z,0.24628018
2024-11-04T19:12:00Z,0.06987168
2024-11-04T19:48:00Z,0.5342802
2024-11-04T20:24:00Z,0.5152636
2024-11-04T21:00:00Z,0.9539376
2024-11-04T21:36:00Z,0
2024-11-04T22:48:00Z,0.6993021
2024-11-05T00:00:00Z,0.9760833
2024-11-05T00:36:00Z,0
2024-11-05T01:48:00Z,0.70513517
2024-11-05T03:00:00Z,0.9273841
2024-11-05T03:36:00Z,0
2024-11-05T04:48:00Z,0.6798353
2024-11-05T05:24:00Z,0.16924277
2024-11-05T06:36:00Z,0.11283847
2024-11-05T07:12:00Z,0.54530907
2024-11-05T08:24:00Z,0.31291318
2024-11-05T09:00:00Z,0.83822834
2024-11-05T09:36:00Z,0
2024-11-05T10:12:00Z,0.651385
2024-11-05T11:24:00Z,0.17621128
2024-11-05T12:36:00Z,0.7510316
2024-11-05T13:12:00Z,0
2024-11-05T13:48:00Z,0.94154286
2024-11-05T14:24:00Z,0
2024-11-05T15:00:00Z,0.95503014
2024-11-05T15:36:00Z,0
2024-11-05T16:48:00Z,0.5500685
2024-11-05T17:24:00Z,0.07675221
2024-11-05T18:00:00Z,0.90001065
2024-11-05T18:36:00Z,0
2024-11-05T19:12:00Z,0.58646363
2024-11-05T20:24:00Z,0.73465264
2024-11-05T21:00:00Z,0.0015008287
2024-11-05T22:12:00Z,0.6801018
2024-11-05T22:48:00Z,0.2759991
2024-11-05T23:24:00Z,0.8478093
2024-11-06T00:00:00Z,0
2024-11-06T00:36:00Z,0.83029014
2024-11-06T01:12:00Z,0
2024-11-06T01:48:00Z,0.7580501
2024-11-06T02:24:00Z,0
2024-11-06T03:00:00Z,0.5607363
2024-11-06T04:48:00Z,0.7903217
2024-11-06T05:24:00Z,0
2024-11-06T06:00:00Z,0.9069542
2024-11-06T06:36:00Z,0
2024-11-06T07:48:00Z,0.75137436
2024-11-06T08:24:00Z,0
2024-11-06T09:36:00Z,0.74355865
2024-11-06T10:12:00Z,0.28712493
2024-11-06T11:24:00Z,0.78776646
2024-11-06T12:00:00Z,0
2024-11-06T13:12:00Z,0.87404567
2024-11-06T13:48:00Z,0
2024-11-06T14:24:00Z,0.70825857
2024-11-06T16:12:00Z,0.1282984
2024-11-06T17:24:00Z,0.6811232
2024-11-06T18:00:00Z,0.31012124
2024-11-06T18:36:00Z,0.7368829
2024-11-06T19:48:00Z,0.22345287
2024-11-06T21:00:00Z,0.005019765
2024-11-06T21:36:00Z,0.8393001
2024-11-06T22:12:00Z,0
2024-11-06T22:48:00Z,0.6703988
2024-11-07T00:00:00Z,0.7863834
2024-11-07T00:36:00Z,0
2024-11-07T01:12:00Z,0.53669834
2024-11-07T01:48:00Z,0.040161848
2024-11-07T03:36:00Z,0.41662985
2024-11-07T04:12:00Z,0.18686724
2024-11-07T06:00:00Z,0.65391237
2024-11-07T06:36:00Z,0.22427772
2024-11-07T07:48:00Z,0.07279638
2024-11-07T09:00:00Z,0.94828486
2024-11-07T09:36:00Z,0
2024-11-07T10:12:00Z,0.98132783
2024-11-07T10:48:00Z,0
2024-11-07T11:24:00Z,0.4143462
2024-11-07T12:00:00Z,0.0508835
2024-11-07T12:36:00Z,0.83708483
2024-11-07T13:12:00Z,0
2024-11-07T14:24:00Z,0.7434106
2024-11-07T15:36:00Z,0.28072795
2024-11-07T16:12:00Z,0.9097369
2024-11-07T16:48:00Z,0
2024-11-07T17:24:00Z,0.61000735
2024-11-07T18:36:00Z,0.087216
2024-11-07T19:12:00Z,0.85888046
2024-11-07T19:48:00Z,0
2024-11-07T20:24:00Z,0.51754624
2024-11-07T22:12:00Z,0.6195153
2024-11-07T22:48:00Z,0.08379553
2024-11-08T00:36:00Z,0.13042498
2024-11-08T01:48:00Z,0.8891751
2024-11-08T02:24:00Z,0
2024-11-08T03:00:00Z,0.9121258
2024-11-08T03:36:00Z,0
2024-11-08T04:12:00Z,0.19601278
2024-11-08T04:48:00Z,0.8506394
2024-11-08T05:24:00Z,0
2024-11-08T06:00:00Z,0.17894581
2024-11-08T06:36:00Z,0.80386
2024-11-08T07:12:00Z,0
2024-11-08T10:12:00Z,0.8770904
2024-11-08T10:48:00Z,0
2024-11-08T11:24:00Z,0.82252085
2024-11-08T12:00:00Z,0
2024-11-08T12:36:00Z,0.7511269
2024-11-08T13:12:00Z,0
2024-11-08T13:48:00Z,0.0099085
2024-11-08T14:24:00Z,0.6420019
2024-11-08T15:00:00Z,0.8383843
2024-11-08T15:36:00Z,0
2024-11-08T16:12:00Z,0.71656823
2024-11-08T16:48:00Z,0.8508778
2024-11-08T17:24:00Z,0
2024-11-08T18:00:00Z,0.8884545
2024-11-08T18:36:00Z,0
2024-11-08T19:12:00Z,0.52273726
2024-11-08T19:48:00Z,0.3222786
2024-11-08T20:24:00Z,0.9413253
2024-11-08T21:00:00Z,0
2024-11-08T23:24:00Z,0.7532776
2024-11-09T00:00:00Z,0
2024-11-09T00:36:00Z,0.7208913
2024-11-09T01:12:00Z,0.21194263
2024-11-09T02:24:00Z,0.104999185
2024-11-09T03:36:00Z,0.4218099
2024-11-09T04:48:00Z,0.22182363
2024-11-09T05:24:00Z,0.8792666
2024-11-09T06:00:00Z,0
2024-11-09T07:12:00Z,0.47442067
2024-11-09T08:24:00Z,0.62882656
2024-11-09T09:00:00Z,0.328068
2024-11-09T09:36:00Z,0.9154055
2024-11-09T10:12:00Z,0
2024-11-09T10:48:00Z,0.7801833
2024-11-09T11:24:00Z,0
2024-11-09T12:36:00Z,0.430487
2024-11-09T13:48:00Z,0.5859443
2024-11-09T14:24:00Z,0.23764119
2024-11-09T15:36:00Z,0.5221544
2024-11-09T16:12:00Z,0.06541097
2024-11-09T16:48:00Z,0.71273905
2024-11-09T17:24:00Z,0.854831
2024-11-09T18:00:00Z,0
2024-11-09T18:36:00Z,0.43879092
2024-11-09T20:24:00Z,0.10045496
2024-11-09T21:00:00Z,0.76530075
2024-11-09T21:36:00Z,0
2024-11-09T22:12:00Z,0.09432781
2024-11-09T22:48:00Z,0.8929263
2024-11-09T23:24:00Z,0
2024-11-10T00:00:00Z,0.8846591
2024-11-10T00:36:00Z,0
2024-11-10T01:48:00Z,0.8054858
2024-11-10T02:24:00Z,0
2024-11-10T03:36:00Z,0.95405376
2024-11-10T04:12:00Z,0
2024-11-10T04:48:00Z,0.08535414
2024-11-10T05:24:00Z,0.98159987
2024-11-10T06:00:00Z,0
2024-11-10T06:36:00Z,0.08025086
2024-11-10T07:12:00Z,0.83820426
2024-11-10T07:48:00Z,0
2024-11-10T08:24:00Z,0.96219
2024-11-10T09:00:00Z,0
2024-11-10T09:36:00Z,0.65387017
2024-11-10T10:12:00Z,0.20471293
2024-11-10T11:24:00Z,0.7059657
2024-11-10T12:00:00Z,0.01725754
2024-11-10T13:48:00Z,0.45024228
2024-11-10T14:24:00Z,0.095007464
2024-11-10T15:00:00Z,0.92979825
2024-11-10T15:36:00Z,0
2024-11-10T16:12:00Z,0.86740154
2024-11-10T16:48:00Z,0
2024-11-10T17:24:00Z,0.5359325
2024-11-10T18:00:00Z,0.035137225
2024-11-10T19:12:00Z,0.41448894
2024-11-10T20:24:00Z,0.6081335
2024-11-10T21:00:00Z,0.86623675
2024-11-10T21:36:00Z,0
2024-11-10T23:24:00Z,0.47878957
2024-11-11T00:00:00Z,0.0040331823
2024-11-11T00:36:00Z,0.8862042
2024-11-11T01:12:00Z,0
2024-11-11T03:00:00Z,0.8203206
2024-11-11T03:36:00Z,0
2024-11-11T04:48:00Z,0.04061202
2024-11-11T05:24:00Z,0.77465
2024-11-11T06:00:00Z,0
2024-11-11T06:36:00Z,0.9403501
2024-11-11T07:12:00Z,0
2024-11-11T07:48:00Z,0.016746422
2024-11-11T08:24:00Z,0.7861908
2024-11-11T09:00:00Z,0
2024-11-11T09:36:00Z,0.875768
2024-11-11T10:12:00Z,0
2024-11-11T10:48:00Z,0.029519612
2024-11-11T11:24:00Z,0.97580314
2024-11-11T12:00:00Z,0
2024-11-11T13:12:00Z,0.8383174
2024-11-11T13:48:00Z,0
2024-11-11T15:00:00Z,0.7215289
2024-11-11T16:12:00Z,0.03332536
2024-11-11T16:48:00Z,0.10384641
2024-11-11T17:24:00Z,0.7963468
2024-11-11T18:00:00Z,0
2024-11-11T19:12:00Z,0.95004576
2024-11-11T19:48:00Z,0
2024-11-11T21:00:00Z,0.7905204
2024-11-11T21:36:00Z,0
2024-11-11T22:12:00Z,0.8714453
2024-11-11T22:48:00Z,0
2024-11-11T23:24:00Z,0.8292743
2024-11-12T00:00:00Z,0
2024-11-12T00:36:00Z,0.46204317
2024-11-12T01:48:00Z,0.11951913
2024-11-12T03:00:00Z,0.35008484
2024-11-12T04:12:00Z,0.18272237
2024-11-12T04:48:00Z,0.17143446
2024-11-12T05:24:00Z,0.6302154
2024-11-12T06:00:00Z,0.08012279
2024-11-12T07:12:00Z,0.08080991
2024-11-12T07:48:00Z,0.90702474
2024-11-12T08:24:00Z,0
2024-11-12T09:36:00Z,0.22039965
2024-11-12T10:12:00Z,0.8235396
2024-11-12T10:48:00Z,0
2024-11-12T12:36:00Z,0.675738
2024-11-12T13:12:00Z,0.2690652
2024-11-12T13:48:00Z,0.7760333
2024-11-12T14:24:00Z,0
2024-11-12T15:36:00Z,0.18122484
2024-11-12T16:12:00Z,0.94835347
2024-11-12T16:48:00Z,0
2024-11-12T18:00:00Z,0.35139647
2024-11-12T18:36:00Z,0.13771227
2024-11-12T19:12:00Z,0.64756346
2024-11-12T19:48:00Z,0.19699913
2024-11-12T21:00:00Z,0.027673371
2024-11-12T21:36:00Z,0.2736588
2024-11-12T22:12:00Z,0.98370326
2024-11-12T22:48:00Z,0
2024-11-12T23:24:00Z,0.96442056
2024-11-13T00:00:00Z,0
2024-11-13T00:36:00Z,0.6346291
2024-11-13T01:12:00Z,0.2416435
2024-11-13T01:48:00Z,0.75371814
2024-11-13T02:24:00Z,0
2024-11-13T03:00:00Z,0.6966396
2024-11-13T03:36:00Z,0.08471398
2024-11-13T04:12:00Z,0.67434686
2024-11-13T04:48:00Z,0.18721774
2024-11-13T05:24:00Z,0.7162202
2024-11-13T06:36:00Z,0.09447472
2024-11-13T07:12:00Z,0.6818619
2024-11-13T08:24:00Z,0.6574371
2024-11-13T09:00:00Z,0.19626738
2024-11-13T09:36:00Z,0.8600711
2024-11-13T10:12:00Z,0
2024-11-13T11:24:00Z,0.9611045
2024-11-13T12:00:00Z,0
2024-11-13T12:36:00Z,0.8980488
2024-11-13T13:12:00Z,0
2024-11-13T13:48:00Z,0.7353455
2024-11-13T14:24:00Z,0.12717766
2024-11-13T15:00:00Z,0.9744514
2024-11-13T15:36:00Z,0
2024-11-13T16:12:00Z,0.42932558
2024-11-13T16:48:00Z,0.18666515
2024-11-13T17:24:00Z,0.80934244
2024-11-13T18:00:00Z,0
2024-11-13T19:12:00Z,0.57176936
2024-11-13T21:00:00Z,0.43430912
2024-11-13T21:36:00Z,0.78108925
2024-11-13T22:12:00Z,0
2024-11-13T22:48:00Z,0.19455178
2024-11-13T23:24:00Z,0.97515196
2024-11-14T00:00:00Z,0
2024-11-14T01:12:00Z,0.981304
2024-11-14T01:48:00Z,0
2024-11-14T03:00:00Z,0.46273094
2024-11-14T04:48:00Z,0.08673602
2024-11-14T06:00:00Z,0.9929131
2024-11-14T06:36:00Z,0
2024-11-14T07:12:00Z,0.966228
2024-11-14T07:48:00Z,0
2024-11-14T09:00:00Z,0.61152303
2024-11-14T09:36:00Z,0.21138191
2024-11-14T10:12:00Z,0.6115718
2024-11-14T11:24:00Z,0.05605551
2024-11-14T13:48:00Z,0.45904845
2024-11-14T14:24:00Z,0.97136444
2024-11-14T15:00:00Z,0
2024-11-14T15:36:00Z,0.7160756
2024-11-14T16:48:00Z,0.08001736
2024-11-14T18:00:00Z,0.19109777
2024-11-14T18:36:00Z,0.6639829
2024-11-14T19:12:00Z,0.22221647
2024-11-14T19:48:00Z,0.5605674
2024-11-14T20:24:00Z,0.091974035
2024-11-14T21:00:00Z,0.8277147
2024-11-14T21:36:00Z,0
2024-11-14T23:24:00Z,0.50679743
2024-11-15T00:00:00Z,0.00081130536
2024-11-15T02:24:00Z,0.66069585
2024-11-15T03:00:00Z,0.060503248
2024-11-15T05:24:00Z,0.92382264
2024-11-15T06:00:00Z,0
2024-11-15T07:48:00Z,0.20560792
2024-11-15T08:24:00Z,0.84443367
2024-11-15T09:00:00Z,0
2024-11-15T10:12:00Z,0.92622167
2024-11-15T10:48:00Z,0
2024-11-15T11:24:00Z,0.519549
2024-11-15T12:36:00Z,0.3883879
2024-11-15T13:12:00Z,0.8253741
2024-11-15T13:48:00Z,0
2024-11-15T14:24:00Z,0.664791
2024-11-15T15:00:00Z,0.45823714
2024-11-15T15:36:00Z,0.7444355
2024-11-15T16:48:00Z,0.8003125
2024-11-15T17:24:00Z,0
2024-11-15T18:00:00Z,0.4798634
2024-11-15T19:48:00Z,0.068107665
2024-11-15T21:00:00Z,0.3564707
2024-11-15T21:36:00Z,0.82392716
2024-11-15T22:12:00Z,0
2024-11-15T22:48:00Z,0.7352534
2024-11-15T23:24:00Z,0.04921437
2024-11-16T02:24:00Z,0.6025627
2024-11-16T03:00:00Z,0.055593126
2024-11-16T04:12:00Z,0.6721154
2024-11-16T04:48:00Z,0.34335703
2024-11-16T05:24:00Z,0.64567494
2024-11-16T06:36:00Z,0.25935194
2024-11-16T07:12:00Z,0.8021691
2024-11-16T07:48:00Z,0
2024-11-16T08:24:00Z,0.8778384
2024-11-16T09:00:00Z,0
2024-11-16T09:36:00Z,0.675206
2024-11-16T10:12:00Z,0.37008658
2024-11-16T11:24:00Z,0.7200502
2024-11-16T12:00:00Z,0.43487975
2024-11-16T13:12:00Z,0.9606542
2024-11-16T13:48:00Z,0
2024-11-16T14:24:00Z,0.9759118
2024-11-16T15:00:00Z,0
2024-11-16T17:24:00Z,0.53588957
2024-11-16T18:00:00Z,0.2239783
2024-11-16T19:12:00Z,0.61101687
2024-11-16T20:24:00Z,0.1369769
2024-11-16T21:00:00Z,0.6936241
2024-11-16T21:36:00Z,0.18679798
2024-11-16T22:48:00Z,0.57444596
2024-11-17T00:36:00Z,0.76100665
2024-11-17T01:12:00Z,0
2024-11-17T01:48:00Z,0.11380829
2024-11-17T02:24:00Z,0.6817812
2024-11-17T03:36:00Z,0.9905181
2024-11-17T04:12:00Z,0
2024-11-17T07:12:00Z,0.89587075
2024-11-17T07:48:00Z,0
2024-11-17T08:24:00Z,0.7026992
2024-11-17T09:00:00Z,0.808641
2024-11-17T09:36:00Z,0
2024-11-17T10:12:00Z,0.6593884
2024-11-17T11:24:00Z,0.29893062
2024-11-17T12:00:00Z,0.91427904
2024-11-17T12:36:00Z,0
2024-11-17T13:12:00Z,0.9477913
2024-11-17T13:48:00Z,0
2024-11-17T15:00:00Z,0.8903149
2024-11-17T15:36:00Z,0
2024-11-17T16:48:00Z,0.45967308
2024-11-17T18:00:00Z,0.28338644
2024-11-17T19:12:00Z,0.8717889
2024-11-17T19:48:00Z,0
2024-11-17T20:24:00Z,0.8748266
2024-11-17T21:00:00Z,0
2024-11-17T21:36:00Z,0.979426
2024-11-17T22:12:00Z,0
2024-11-17T22:48:00Z,0.077151924
2024-11-17T23:24:00Z,0.7218868
2024-11-18T00:00:00Z,0.7764181
2024-11-18T00:36:00Z,0
2024-11-18T01:48:00Z,0.002308467
2024-11-18T02:24:00Z,0.62635
2024-11-18T03:00:00Z,0.32800132
2024-11-18T04:48:00Z,0.75309855
2024-11-18T05:24:00Z,0
2024-11-18T06:00:00Z,0.8619639
2024-11-18T06:36:00Z,0
2024-11-18T07:12:00Z,0.97013617
2024-11-18T07:48:00Z,0
2024-11-18T08:24:00Z,0.6944657
2024-11-18T09:00:00Z,0.0045842063
2024-11-18T09:36:00Z,0.929048
2024-11-18T10:12:00Z,0
2024-11-18T10:48:00Z,0.85950154
2024-11-18T11:24:00Z,0
2024-11-18T12:00:00Z,0.6400188
2024-11-18T13:12:00Z,0.74812627
2024-11-18T13:48:00Z,0.95162845
2024-11-18T14:24:00Z,0
2024-11-18T15:00:00Z,0.74895513
2024-11-18T15:36:00Z,0.83804625
2024-11-18T16:12:00Z,0
2024-11-18T16:48:00Z,0.77934504
2024-11-18T17:24:00Z,0
2024-11-18T19:12:00Z,0.20749043
2024-11-18T19:48:00Z,0.83042186
2024-11-18T20:24:00Z,0
2024-11-18T21:36:00Z,0.78680384
2024-11-18T22:12:00Z,0
2024-11-18T23:24:00Z,0.6926887
2024-11-19T00:00:00Z,0.2778688
2024-11-19T01:12:00Z,0.64336765
2024-11-19T01:48:00Z,0.12366267
2024-11-19T03:00:00Z,0.5374114
2024-11-19T04:12:00Z,0.39389163
2024-11-19T05:24:00Z,0.8544447
2024-11-19T06:00:00Z,0
2024-11-19T06:36:00Z,0.14224419
2024-11-19T07:12:00Z,0.8995135
2024-11-19T07:48:00Z,0
2024-11-19T09:36:00Z,0.71865475
2024-11-19T10:12:00Z,0.44320005
2024-11-19T10:48:00Z,0.5845506
2024-11-19T11:24:00Z,0.18954074
2024-11-19T12:00:00Z,0.88953656
2024-11-19T12:36:00Z,0
2024-11-19T13:48:00Z,0.80843055
2024-11-19T14:24:00Z,0
2024-11-19T15:36:00Z,0.9997013
2024-11-19T16:12:00Z,0
2024-11-19T16:48:00Z,0.5951928
2024-11-19T18:36:00Z,0.7672307
2024-11-19T19:12:00Z,0
2024-11-19T19:48:00Z,0.727479
2024-11-19T20:24:00Z,0.32810274
2024-11-19T21:36:00Z,0.85132945
2024-11-19T22:12:00Z,0
2024-11-19T22:48:00Z,0.76147276
2024-11-19T23:24:00Z,0
2024-11-20T00:36:00Z,0.5696549
2024-11-20T01:12:00Z,0.09039875
2024-11-20T03:00:00Z,0.87271655
2024-11-20T03:36:00Z,0
2024-11-20T04:48:00Z,0.8935916
2024-11-20T05:24:00Z,0
2024-11-20T06:36:00Z,0.8652592
2024-11-20T07:12:00Z,0
2024-11-20T09:00:00Z,0.69124
2024-11-20T09:36:00Z,0.14501703
2024-11-20T10:12:00Z,0.7686876
2024-11-20T10:48:00Z,0
2024-11-20T13:12:00Z,0.24438354
2024-11-20T13:48:00Z,0.7724148
2024-11-20T14:24:00Z,0
2024-11-20T15:36:00Z,0.5545222
2024-11-20T16:12:00Z,0.23892502
2024-11-20T16:48:00Z,0.6421345
2024-11-20T17:24:00Z,0.35984388
2024-11-20T19:12:00Z,0.56435645
2024-11-20T19:48:00Z,0.19808578
2024-11-20T20:24:00Z,0.8659572
2024-11-20T21:00:00Z,0
2024-11-20T21:36:00Z,0.995945
2024-11-20T22:12:00Z,0
2024-11-20T23:24:00Z,0.6737543
2024-11-21T00:00:00Z,0.4073009
2024-11-21T01:12:00Z,0.53974235
2024-11-21T01:48:00Z,0.36298636
2024-11-21T02:24:00Z,0.98905796
2024-11-21T03:00:00Z,0
2024-11-21T04:48:00Z,0.9863595
2024-11-21T05:24:00Z,0
2024-11-21T06:00:00Z,0.062111016
2024-11-21T06:36:00Z,0.96487296
2024-11-21T07:12:00Z,0
2024-11-21T08:24:00Z,0.20433113
2024-11-21T09:00:00Z,0.6837039
2024-11-21T09:36:00Z,0.27960864
2024-11-21T10:48:00Z,0.61830866
2024-11-21T11:24:00Z,0.20951927
2024-11-21T12:00:00Z,0.88076794
2024-11-21T12:36:00Z,0
2024-11-21T13:12:00Z,0.4790562
2024-11-21T13:48:00Z,0.030064791
2024-11-21T14:24:00Z,0.71784925
2024-11-21T15:00:00Z,0.21150422
2024-11-21T15:36:00Z,0.69593877
2024-11-21T16:12:00Z,0.14739221
2024-11-21T16:48:00Z,0.84393287
2024-11-21T17:24:00Z,0
2024-11-21T18:00:00Z,0.7254746
2024-11-21T19:12:00Z,0.9782984
2024-11-21T19:48:00Z,0
2024-11-21T20:24:00Z,0.5547629
2024-11-21T22:12:00Z,0.85603845
2024-11-21T22:48:00Z,0
2024-11-21T23:24:00Z,0.8304369
2024-11-22T00:00:00Z,0
2024-11-22T00:36:00Z,0.105573244
2024-11-22T01:12:00Z,0.9115726
2024-11-22T01:48:00Z,0
2024-11-22T02:24:00Z,0.33835867
2024-11-22T03:00:00Z,0.072364785
2024-11-22T04:48:00Z,0.70934105
2024-11-22T05:24:00Z,0.46415615
2024-11-22T06:00:00Z,0.06961719
2024-11-22T07:48:00Z,0.9762242
2024-11-22T08:24:00Z,0
2024-11-22T10:12:00Z,0.56860244
2024-11-22T11:24:00Z,0.5159448
2024-11-22T12:00:00Z,0.846322
2024-11-22T12:36:00Z,0
2024-11-22T13:48:00Z,0.4321027
2024-11-22T14:24:00Z,0.97545457
2024-11-22T15:00:00Z,0
2024-11-22T15:36:00Z,0.62571585
2024-11-22T16:12:00Z,0.826954
2024-11-22T16:48:00Z,0
2024-11-22T18:36:00Z,0.097079255
2024-11-22T19:12:00Z,0.7751701
2024-11-22T19:48:00Z,0
2024-11-22T20:24:00Z,0.8977017
2024-11-22T21:00:00Z,0
2024-11-22T21:36:00Z,0.58890355
2024-11-22T22:12:00Z,0.1139005
2024-11-22T23:24:00Z,0.70390725
2024-11-23T00:36:00Z,0.13856666
2024-11-23T01:12:00Z,0.4805832
2024-11-23T02:24:00Z,0.013901833
2024-11-23T03:00:00Z,0.874272
2024-11-23T03:36:00Z,0
2024-11-23T04:12:00Z,0.79136664
2024-11-23T04:48:00Z,0
2024-11-23T05:24:00Z,0.9477957
2024-11-23T06:00:00Z,0
2024-11-23T07:12:00Z,0.35770535
2024-11-23T07:48:00Z,0.3027443
2024-11-23T08:24:00Z,0.8074462
2024-11-23T09:00:00Z,0
2024-11-23T10:12:00Z,0.9531717
2024-11-23T10:48:00Z,0
2024-11-23T11:24:00Z,0.67677367
2024-11-23T12:36:00Z,0.21970597
2024-11-23T13:12:00Z,0.9092592
2024-11-23T13:48:00Z,0
2024-11-23T15:36:00Z,0.95571667
2024-11-23T16:12:00Z,0
2024-11-23T16:48:00Z,0.6717201
2024-11-23T18:00:00Z,0.18161902
2024-11-23T19:12:00Z,0.6416728
2024-11-23T20:24:00Z,0.1006342
2024-11-23T21:00:00Z,0.6177492
2024-11-23T22:12:00Z,0.28379372
2024-11-23T23:24:00Z,0.94453
2024-11-24T00:00:00Z,0
2024-11-24T00:36:00Z,0.48733783
2024-11-24T01:48:00Z,0.20077397
2024-11-24T03:36:00Z,0.30911562
2024-11-24T04:48:00Z,0.9232469
2024-11-24T05:24:00Z,0
2024-11-24T06:00:00Z,0.9458834
2024-11-24T06:36:00Z,0
2024-11-24T07:12:00Z,0.6385305
2024-11-24T07:48:00Z,0.24626853
2024-11-24T08:24:00Z,0.6218183
2024-11-24T09:00:00Z,0.22809872
2024-11-24T09:36:00Z,0.85961646
2024-11-24T10:12:00Z,0
2024-11-24T10:48:00Z,0.6254655
2024-11-24T11:24:00Z,0.0435711
2024-11-24T12:00:00Z,0.64122075
2024-11-24T12:36:00Z,0.46837887
2024-11-24T13:12:00Z,0.715905
2024-11-24T13:48:00Z,0.27550414
2024-11-24T14:24:00Z,0.71186644
2024-11-24T15:00:00Z,0.37435785
2024-11-24T15:36:00Z,0.750213
2024-11-24T16:12:00Z,0
2024-11-24T16:48:00Z,0.6945023
2024-11-24T17:24:00Z,0.8931855
2024-11-24T18:00:00Z,0
2024-11-24T18:36:00Z,0.6658236
2024-11-24T20:24:00Z,0.5024479
2024-11-24T21:00:00Z,0.917559
2024-11-24T21:36:00Z,0
2024-11-24T22:12:00Z,0.6528791
2024-11-24T22:48:00Z,0.1856592
2024-11-24T23:24:00Z,0.8972278
2024-11-25T00:00:00Z,0
2024-11-25T01:48:00Z,0.7914167
2024-11-25T02:24:00Z,0
2024-11-25T03:00:00Z,0.95198894
2024-11-25T03:36:00Z,0
2024-11-25T04:48:00Z,0.3129128
2024-11-25T05:24:00Z,0.15861471
2024-11-25T06:00:00Z,0.63647026
2024-11-25T07:12:00Z,0.8426035
2024-11-25T07:48:00Z,0
2024-11-25T10:12:00Z,0.07766099
2024-11-25T10:48:00Z,0.84088564
2024-11-25T11:24:00Z,0
2024-11-25T12:36:00Z,0.6239815
2024-11-25T13:12:00Z,0.16210353
2024-11-25T14:24:00Z,0.9386728
2024-11-25T15:00:00Z,0
2024-11-25T15:36:00Z,0.23315537
2024-11-25T16:12:00Z,0.8676768
2024-11-25T16:48:00Z,0
2024-11-25T17:24:00Z,0.8238784
2024-11-25T18:00:00Z,0
2024-11-25T18:36:00Z,0.9767299
2024-11-25T19:12:00Z,0
2024-11-25T22:12:00Z,0.82303494
2024-11-25T22:48:00Z,0
2024-11-26T01:12:00Z,0.29218146
2024-11-26T01:48:00Z,0.05426751
2024-11-26T02:24:00Z,0.9531346
2024-11-26T03:00:00Z,0
2024-11-26T03:36:00Z,0.4885718
2024-11-26T04:48:00Z,0.11581574
2024-11-26T06:00:00Z,0.48543322
2024-11-26T07:12:00Z,0.08236329
2024-11-26T08:24:00Z,0.7035588
2024-11-26T09:00:00Z,0.2841658
2024-11-26T09:36:00Z,0.9162945
2024-11-26T10:12:00Z,0
2024-11-26T10:48:00Z,0.9431141
2024-11-26T11:24:00Z,0
2024-11-26T12:00:00Z,0.9396652
2024-11-26T12:36:00Z,0
2024-11-26T13:12:00Z,0.78550196
2024-11-26T13:48:00Z,0
2024-11-26T14:24:00Z,0.76872545
2024-11-26T15:00:00Z,0
2024-11-26T15:36:00Z,0.5654128
2024-11-26T16:12:00Z,0.50722003
2024-11-26T16:48:00Z,0.011998632
2024-11-26T18:00:00Z,0.19096267
2024-11-26T18:36:00Z,0.9461992
2024-11-26T19:12:00Z,0
2024-11-26T20:24:00Z,0.2731711
2024-11-26T21:00:00Z,0.081768006
2024-11-26T21:36:00Z,0.69439626
2024-11-26T22:12:00Z,0.7515549
2024-11-26T22:48:00Z,0
2024-11-26T23:24:00Z,0.7769715
2024-11-27T00:00:00Z,0
2024-11-27T01:12:00Z,0.7832112
2024-11-27T01:48:00Z,0
2024-11-27T02:24:00Z,0.3347715
2024-11-27T03:36:00Z,0.05722
2024-11-27T04:12:00Z,0.8313568
2024-11-27T04:48:00Z,0
2024-11-27T05:24:00Z,0.6347099
2024-11-27T06:00:00Z,0.063370675
2024-11-27T06:36:00Z,0.8743576
2024-11-27T07:12:00Z,0
2024-11-27T07:48:00Z,0.7556651
2024-11-27T08:24:00Z,0
2024-11-27T09:00:00Z,0.86521333
2024-11-27T09:36:00Z,0
2024-11-27T10:12:00Z,0.7516856
2024-11-27T10:48:00Z,0
2024-11-27T11:24:00Z,0.16298799
2024-11-27T12:00:00Z,0.8818641
2024-11-27T12:36:00Z,0
2024-11-27T13:48:00Z,0.91495144
2024-11-27T14:24:00Z,0
2024-11-27T15:36:00Z,0.2334359
2024-11-27T16:48:00Z,0.6683621
2024-11-27T17:24:00Z,0.2006087
2024-11-27T20:24:00Z,0.6858424
2024-11-27T21:00:00Z,0.03626508
2024-11-27T21:36:00Z,0.8854898
2024-11-27T22:12:00Z,0
2024-11-28T01:12:00Z,0.75535774
2024-11-28T01:48:00Z,0
2024-11-28T03:00:00Z,0.6452157
2024-11-28T03:36:00Z,0.07121638
2024-11-28T04:12:00Z,0.18165411
2024-11-28T04:48:00Z,0.9896351
2024-11-28T05:24:00Z,0
2024-11-28T07:48:00Z,0.9715276
2024-11-28T08:24:00Z,0
2024-11-28T09:00:00Z,0.17323412
2024-11-28T09:36:00Z,0.7467743
2024-11-28T10:12:00Z,0.020365583
2024-11-28T10:48:00Z,0.6596954
2024-11-28T11:24:00Z,0.11220406
2024-11-28T12:00:00Z,0.8664986
2024-11-28T12:36:00Z,0
2024-11-28T13:12:00Z,0.7955736
2024-11-28T13:48:00Z,0
2024-11-28T14:24:00Z,0.84581846
2024-11-28T15:00:00Z,0
2024-11-28T15:36:00Z,0.58393943
2024-11-28T16:48:00Z,0.46335104
2024-11-28T17:24:00Z,0.14313072
2024-11-28T18:36:00Z,0.9313386
2024-11-28T19:12:00Z,0
2024-11-28T20:24:00Z,0.40162063
2024-11-28T21:00:00Z,0.39637163
2024-11-28T21:36:00Z,0.92079794
2024-11-28T22:12:00Z,0
2024-11-28T22:48:00Z,0.71348554
2024-11-28T23:24:00Z,0.8284198
2024-11-29T00:00:00Z,0
2024-11-29T01:48:00Z,0.23999703
2024-11-29T02:24:00Z,0.9718628
2024-11-29T03:00:00Z,0
2024-11-29T04:48:00Z,0.8643009
2024-11-29T05:24:00Z,0
2024-11-29T06:00:00Z,0.55194366
2024-11-29T07:12:00Z,0.49740583
2024-11-29T08:24:00Z,0.7942201
2024-11-29T09:00:00Z,0
2024-11-29T09:36:00Z,0.21808134
2024-11-29T10:12:00Z,0.8900875
2024-11-29T10:48:00Z,0
2024-11-29T11:24:00Z,0.73632634
2024-11-29T12:00:00Z,0.8701183
2024-11-29T12:36:00Z,0
2024-11-29T15:00:00Z,0.8287585
2024-11-29T15:36:00Z,0
2024-11-29T16:12:00Z,0.9473775
2024-11-29T16:48:00Z,0
2024-11-29T17:24:00Z,0.47269893
2024-11-29T18:36:00Z,0.004640783
2024-11-29T19:12:00Z,0.9967736
2024-11-29T19:48:00Z,0
2024-11-29T21:00:00Z,0.9832551
2024-11-29T21:36:00Z,0
2024-11-29T22:48:00Z,0.6952494
2024-11-30T01:48:00Z,0.0419605
2024-11-30T03:36:00Z,0.3914953
2024-11-30T04:48:00Z,0.0830668
2024-11-30T05:24:00Z,0.4003408
2024-11-30T06:00:00Z,0.010136921
2024-11-30T06:36:00Z,0.89428747
2024-11-30T07:12:00Z,0
2024-11-30T07:48:00Z,0.73086697
2024-11-30T08:24:00Z,0.56244236
2024-11-30T09:00:00Z,0.9026396
2024-11-30T09:36:00Z,0
2024-11-30T10:12:00Z,0.74844956
2024-11-30T10:48:00Z,0.3800104
2024-11-30T11:24:00Z,0.75709814
2024-11-30T12:00:00Z,0
2024-11-30T12:36:00Z,0.13558072
2024-11-30T13:12:00Z,0.8102449
2024-11-30T13:48:00Z,0
2024-11-30T14:24:00Z,0.6253408
2024-11-30T15:36:00Z,0.8787587
2024-11-30T16:12:00Z,0
2024-11-30T16:48:00Z,0.725059
2024-11-30T17:24:00Z,0.46518838
2024-11-30T18:00:00Z,0.7313072
2024-11-30T18:36:00Z,0.37731752
2024-11-30T19:12:00Z,0.8392015
2024-11-30T19:48:00Z,0
2024-11-30T20:24:00Z,0.7719312
2024-11-30T21:00:00Z,0
2024-11-30T22:12:00Z,0.5717971
2024-11-30T22:48:00Z,0.20547931
2024-12-01T00:00:00Z,0.21647413
2024-12-01T00:36:00Z,0.898582
2024-12-01T01:12:00Z,0
2024-12-01T01:48:00Z,0.1332807
2024-12-01T02:24:00Z,0.88793725
2024-12-01T03:00:00Z,0
2024-12-01T04:12:00Z,0.96884024
2024-12-01T04:48:00Z,0
2024-12-01T06:36:00Z,0.98874384
2024-12-01T07:12:00Z,0
2024-12-01T09:00:00Z,0.84089565
2024-12-01T09:36:00Z,0
2024-12-01T11:24:00Z,0.037797313
2024-12-01T12:36:00Z,0.9355758
2024-12-01T13:12:00Z,0
2024-12-01T14:24:00Z,0.8231187
2024-12-01T15:00:00Z,0
2024-12-01T16:12:00Z,0.7777795
2024-12-01T16:48:00Z,0
2024-12-01T17:24:00Z,0.7891731
2024-12-01T18:00:00Z,0
2024-12-01T18:36:00Z,0.64840204
2024-12-01T19:12:00Z,0.57827896
2024-12-01T19:48:00Z,0.98484796
2024-12-01T20:24:00Z,0
2024-12-01T21:00:00Z,0.5940754
2024-12-01T21:36:00Z,0.20010705
2024-12-01T22:12:00Z,0.99875337
2024-12-01T22:48:00Z,0
2024-12-01T23:24:00Z,0.5605641
2024-12-02T00:00:00Z,0.50734854
2024-12-02T00:36:00Z,0.92946315
2024-12-02T01:12:00Z,0
2024-12-02T03:00:00Z,0.20313886
2024-12-02T03:36:00Z,0.80204445
2024-12-02T04:12:00Z,0
2024-12-02T05:24:00Z,0.9206277
2024-12-02T06:00:00Z,0
2024-12-02T06:36:00Z,0.6406569
2024-12-02T07:12:00Z,0.2416193
2024-12-02T09:00:00Z,0.77571946
2024-12-02T09:36:00Z,0
2024-12-02T11:24:00Z,0.63924307
2024-12-02T12:00:00Z,0.25135487
2024-12-02T13:12:00Z,0.40142453
2024-12-02T13:48:00Z,0.9143345
2024-12-02T14:24:00Z,0
2024-12-02T15:00:00Z,0.04133016
2024-12-02T16:12:00Z,0.96093535
2024-12-02T16:48:00Z,0
2024-12-02T17:24:00Z,0.49904597
2024-12-02T18:00:00Z,0.19201097
2024-12-02T18:36:00Z,0.8489083
2024-12-02T19:12:00Z,0
2024-12-02T19:48:00Z,0.5513588
2024-12-02T22:12:00Z,0.5672137
2024-12-02T23:24:00Z,0.061451424
2024-12-03T00:00:00Z,0.9546347
2024-12-03T00:36:00Z,0
2024-12-03T01:12:00Z,0.05340624
2024-12-03T01:48:00Z,0.8766413
2024-12-03T02:24:00Z,0
2024-12-03T03:00:00Z,0.6064863
2024-12-03T03:36:00Z,0.026453199
2024-12-03T04:12:00Z,0.62614065
2024-12-03T05:24:00Z,0.968736
2024-12-03T06:00:00Z,0
2024-12-03T06:36:00Z,0.87191963
2024-12-03T07:12:00Z,0
2024-12-03T07:48:00Z,0.010738443
2024-12-03T08:24:00Z,0.42364874
2024-12-03T09:00:00Z,0.21175739
2024-12-03T09:36:00Z,0.83139443
2024-12-03T10:12:00Z,0
2024-12-03T10:48:00Z,0.72666365
2024-12-03T11:24:00Z,0.19708763
2024-12-03T12:36:00Z,0.9188464
2024-12-03T13:12:00Z,0
2024-12-03T13:48:00Z,0.54106665
2024-12-03T14:24:00Z,0.5447619
2024-12-03T15:00:00Z,0.98977226
2024-12-03T15:36:00Z,0
2024-12-03T16:12:00Z,0
2024-12-03T16:48:00Z,0.5921311
2024-12-03T17:24:00Z,0.7750437
2024-12-03T18:00:00Z,0
2024-12-03T19:12:00Z,0.12559032
2024-12-03T19:48:00Z,0.76206905
2024-12-03T20:24:00Z,0
2024-12-03T21:00:00Z,0.80722946
2024-12-03T21:36:00Z,0
2024-12-03T22:12:00Z,0.3334564
2024-12-03T22:48:00Z,0.08892812
2024-12-03T23:24:00Z,0.86593133
2024-12-04T00:00:00Z,0
2024-12-04T01:12:00Z,0.80537164
2024-12-04T01:48:00Z,0
2024-12-04T02:24:00Z,0.88183653
2024-12-04T03:00:00Z,0
2024-12-04T03:36:00Z,0.6179368
2024-12-04T04:12:00Z,0.2536073
2024-12-04T04:48:00Z,0.7052388
2024-12-04T05:24:00Z,0.03354151
2024-12-04T06:00:00Z,0.73866946
2024-12-04T07:12:00Z,0.70366484
2024-12-04T07:48:00Z,0.18274377
2024-12-04T08:24:00Z,0.7194196
2024-12-04T09:00:00Z,0.12997955
2024-12-04T09:36:00Z,0.6565504
2024-12-04T10:12:00Z,0.10095269
2024-12-04T10:48:00Z,0.36716247
2024-12-04T12:00:00Z,0.09578709
2024-12-04T12:36:00Z,0.99839395
2024-12-04T13:12:00Z,0
2024-12-04T13:48:00Z,0.5965551
2024-12-04T15:00:00Z,0.05369023
2024-12-04T15:36:00Z,0.3614877
2024-12-04T16:12:00Z,0.15003559
2024-12-04T16:48:00Z,0.82732546
2024-12-04T17:24:00Z,0
2024-12-04T18:00:00Z,0.6339322
2024-12-04T18:36:00Z,0.36814392
2024-12-04T19:48:00Z,0.59961563
2024-12-04T21:00:00Z,0.046929747
2024-12-04T21:36:00Z,0.47439468
2024-12-04T22:12:00Z,0.49956465
2024-12-04T22:48:00Z,0.009531695
2024-12-04T23:24:00Z,0.57577443
2024-12-05T00:00:00Z,0.66816425
2024-12-05T00:36:00Z,0.001451788
2024-12-05T01:48:00Z,0.35942325
2024-12-05T02:24:00Z,0.9494063
2024-12-05T03:00:00Z,0
2024-12-05T04:48:00Z,0.65942556
2024-12-05T05:24:00Z,0.29675266
2024-12-05T06:00:00Z,0.78338736
2024-12-05T06:36:00Z,0
2024-12-05T07:48:00Z,0.98499197
2024-12-05T08:24:00Z,0
2024-12-05T09:00:00Z,0.005674916
2024-12-05T10:12:00Z,0.9650526
2024-12-05T10:48:00Z,0
2024-12-05T12:00:00Z,0.82650685
2024-12-05T12:36:00Z,0
2024-12-05T13:12:00Z,0.988893
2024-12-05T13:48:00Z,0
2024-12-05T16:12:00Z,0.7272371
2024-12-05T16:48:00Z,0.17579618
2024-12-05T17:24:00Z,0.41741344
2024-12-05T18:00:00Z,0.11589518
2024-12-05T18:36:00Z,0.7735806
2024-12-05T19:12:00Z,0
2024-12-05T19:48:00Z,0.98254263
2024-12-05T20:24:00Z,0
2024-12-05T21:36:00Z,0.6511881
2024-12-05T22:12:00Z,0.39439794
2024-12-05T22:48:00Z,0.84937894
2024-12-05T23:24:00Z,0
2024-12-06T00:00:00Z,0.5698317
2024-12-06T00:36:00Z,0.082276754
2024-12-06T01:12:00Z,0.5847614
2024-12-06T02:24:00Z,0.09248449
2024-12-06T03:00:00Z,0.9283856
2024-12-06T03:36:00Z,0
2024-12-06T04:12:00Z,0.7418425
2024-12-06T04:48:00Z,0.9388678
2024-12-06T05:24:00Z,0
2024-12-06T06:36:00Z,0.95012367
2024-12-06T07:12:00Z,0
2024-12-06T07:48:00Z,0.66999876
2024-12-06T08:24:00Z,0.19077031
2024-12-06T09:00:00Z,0.5847467
2024-12-06T09:36:00Z,0.30519682
2024-12-06T10:12:00Z,0.95109063
2024-12-06T10:48:00Z,0
2024-12-06T12:00:00Z,0.23162821
2024-12-06T12:36:00Z,0.8660276
2024-12-06T13:12:00Z,0
2024-12-06T14:24:00Z,0.3990668
2024-12-06T15:00:00Z,0.94568884
2024-12-06T15:36:00Z,0
2024-12-06T16:12:00Z,0.48595095
2024-12-06T16:48:00Z,0.0007545892
2024-12-06T17:24:00Z,0.8328741
2024-12-06T18:00:00Z,0
2024-12-06T18:36:00Z,0.74585027
2024-12-06T19:12:00Z,0.042794257
2024-12-06T19:48:00Z,0.67275333
2024-12-06T22:48:00Z,0.31441522
2024-12-07T00:00:00Z,0.81768197
2024-12-07T00:36:00Z,0
2024-12-07T01:48:00Z,0.2861313
2024-12-07T03:36:00Z,0.70485765
2024-12-07T04:12:00Z,0.49420702
2024-12-07T05:24:00Z,0.9258572
2024-12-07T06:00:00Z,0
2024-12-07T06:36:00Z,0.76417685
2024-12-07T07:12:00Z,0
2024-12-07T07:48:00Z,0.9101763
2024-12-07T08:24:00Z,0
2024-12-07T09:00:00Z,0.96373916
2024-12-07T09:36:00Z,0
2024-12-07T10:12:00Z,0.9145042
2024-12-07T10:48:00Z,0
2024-12-07T11:24:00Z,0.82972723
2024-12-07T12:00:00Z,0
2024-12-07T12:36:00Z,0.7333891
2024-12-07T14:24:00Z,0.41759282
2024-12-07T15:00:00Z,0.8030428
2024-12-07T15:36:00Z,0
2024-12-07T16:12:00Z,0.9388158
2024-12-07T16:48:00Z,0
2024-12-07T17:24:00Z,0.9492629
2024-12-07T18:00:00Z,0
2024-12-07T18:36:00Z,0.8439352
2024-12-07T19:12:00Z,0
2024-12-07T19:48:00Z,0.9313586
2024-12-07T20:24:00Z,0
2024-12-07T21:00:00Z,0.989974
2024-12-07T21:36:00Z,0
2024-12-07T22:12:00Z,0.5288737
2024-12-07T23:24:00Z,0.7859019
2024-12-08T00:00:00Z,0
2024-12-08T00:36:00Z,0.71127886
2024-12-08T03:00:00Z,0.28229237
2024-12-08T03:36:00Z,0.8560976
2024-12-08T04:12:00Z,0
2024-12-08T05:24:00Z,0.8915307
2024-12-08T06:00:00Z,0
2024-12-08T06:36:00Z,0.8177507
2024-12-08T07:12:00Z,0
2024-12-08T07:48:00Z,0.44464952
2024-12-08T09:36:00Z,0.23323059
2024-12-08T10:12:00Z,0.75464606
2024-12-08T10:48:00Z,0
2024-12-08T11:24:00Z,0.74824804
2024-12-08T13:48:00Z,0.33295336
2024-12-08T14:24:00Z,0.94218504
2024-12-08T15:00:00Z,0
2024-12-08T15:36:00Z,0.51091105
2024-12-08T16:48:00Z,0.13338481
2024-12-08T17:24:00Z,0.34288314
2024-12-08T18:00:00Z,0.1467607
2024-12-08T18:36:00Z,0.9804363
2024-12-08T19:12:00Z,0
2024-12-08T19:48:00Z,0.8764751
2024-12-08T20:24:00Z,0
2024-12-08T21:00:00Z,0.17680867
2024-12-08T21:36:00Z,0.8489285
2024-12-08T22:12:00Z,0
2024-12-09T00:00:00Z,0.773003
2024-12-09T00:36:00Z,0
2024-12-09T01:12:00Z,0.36526167
2024-12-09T01:48:00Z,0.26374987
2024-12-09T02:24:00Z,0.80856544
2024-12-09T03:00:00Z,0
2024-12-09T03:36:00Z,0.5698786
2024-12-09T04:48:00Z,0.25536105
2024-12-09T05:24:00Z,0.8454615
2024-12-09T06:00:00Z,0
2024-12-09T06:36:00Z,0.8305063
2024-12-09T07:12:00Z,0
2024-12-09T07:48:00Z,0.7658553
2024-12-09T08:24:00Z,0
2024-12-09T09:00:00Z,0.06363317
2024-12-09T09:36:00Z,0.72998905
2024-12-09T10:12:00Z,0.9031345
2024-12-09T10:48:00Z,0
2024-12-09T11:24:00Z,0.55899346
2024-12-09T12:36:00Z,0.9431945
2024-12-09T13:12:00Z,0
2024-12-09T15:00:00Z,0.9529615
2024-12-09T15:36:00Z,0
2024-12-09T16:12:00Z,0.62999135
2024-12-09T16:48:00Z,0.059707016
2024-12-09T18:00:00Z,0.60122204
2024-12-09T18:36:00Z,0.3094309
2024-12-09T19:12:00Z,0.5537172
2024-12-09T19:48:00Z,0.11930314
2024-12-09T20:24:00Z,0.74300927
2024-12-09T21:00:00Z,0.90040404
2024-12-09T21:36:00Z,0
2024-12-09T22:48:00Z,0.9903717
2024-12-09T23:24:00Z,0
2024-12-10T00:00:00Z,0.7796978
2024-12-10T00:36:00Z,0
2024-12-10T01:48:00Z,0.0836256
2024-12-10T03:00:00Z,0.59270024
2024-12-10T03:36:00Z,0.22309145
2024-12-10T04:48:00Z,0.5917326
2024-12-10T05:24:00Z,0.0027280753
2024-12-10T06:00:00Z,0.8169685
2024-12-10T06:36:00Z,0
2024-12-10T07:48:00Z,0.7446591
2024-12-10T08:24:00Z,0.037036803
2024-12-10T09:00:00Z,0.47856474
2024-12-10T09:36:00Z,0.07211791
2024-12-10T10:48:00Z,0.67449564
2024-12-10T11:24:00Z,0.16891187
2024-12-10T12:36:00Z,0.8205471
2024-12-10T13:12:00Z,0
2024-12-10T14:24:00Z,0.082723804
2024-12-10T15:00:00Z,0.75263196
2024-12-10T15:36:00Z,0
2024-12-10T16:48:00Z,0.08174037
2024-12-10T17:24:00Z,0.7215392
2024-12-10T18:00:00Z,0.84815127
2024-12-10T18:36:00Z,0
2024-12-10T21:36:00Z,0.30495635
2024-12-10T22:12:00Z,0.66578525
2024-12-10T23:24:00Z,0.08232643
2024-12-11T00:36:00Z,0.99381256
2024-12-11T01:12:00Z,0
2024-12-11T01:48:00Z,0.2805694
2024-12-11T02:24:00Z,0.15254305
2024-12-11T03:00:00Z,0.7069381
2024-12-11T03:36:00Z,0.68502444
2024-12-11T04:12:00Z,0.059597053
2024-12-11T04:48:00Z,0.7775898
2024-12-11T05:24:00Z,0
2024-12-11T06:00:00Z,0.871268
2024-12-11T06:36:00Z,0
2024-12-11T07:12:00Z,0.65139544
2024-12-11T09:00:00Z,0.2733138
2024-12-11T10:12:00Z,0.099031776
2024-12-11T11:24:00Z,0.23696807
2024-12-11T12:00:00Z,0.8524619
2024-12-11T12:36:00Z,0
2024-12-11T13:12:00Z,0.94496137
2024-12-11T13:48:00Z,0
2024-12-11T14:24:00Z,0.7505518
2024-12-11T15:00:00Z,0
2024-12-11T16:12:00Z,0.9571012
2024-12-11T16:48:00Z,0
2024-12-11T17:24:00Z,0.4983999
2024-12-11T18:00:00Z,0.0045280484
2024-12-11T18:36:00Z,0.7171595
2024-12-11T19:12:00Z,0.7511294
2024-12-11T19:48:00Z,0
2024-12-11T20:24:00Z,0.9924792
2024-12-11T21:00:00Z,0
2024-12-11T21:36:00Z,0.60462797
2024-12-11T22:12:00Z,0.7799487
2024-12-11T22:48:00Z,0
2024-12-11T23:24:00Z,0.93935406
2024-12-12T00:00:00Z,0
2024-12-12T01:48:00Z,0.9766038
2024-12-12T02:24:00Z,0
2024-12-12T03:36:00Z,0.19900988
2024-12-12T04:48:00Z,0.88316715
2024-12-12T05:24:00Z,0
2024-12-12T06:36:00Z,0.50400096
2024-12-12T07:12:00Z,0.3742755
2024-12-12T07:48:00Z,0.7764604
2024-12-12T08:24:00Z,0
2024-12-12T09:00:00Z,0.90374124
2024-12-12T09:36:00Z,0
2024-12-12T10:12:00Z,0.56710565
2024-12-12T11:24:00Z,0.6615565
2024-12-12T12:00:00Z,0.03382999
2024-12-12T13:12:00Z,0.95458174
2024-12-12T13:48:00Z,0
2024-12-12T14:24:00Z,0.33817235
2024-12-12T16:12:00Z,0.12282697
2024-12-12T16:48:00Z,0.86607957
2024-12-12T17:24:00Z,0
2024-12-12T18:00:00Z,0.45335162
2024-12-12T19:12:00Z,0.8359045
2024-12-12T19:48:00Z,0
2024-12-12T20:24:00Z,0.3749822
2024-12-12T21:00:00Z,0.064050965
2024-12-12T21:36:00Z,0.5168368
2024-12-12T22:12:00Z,0.08087541
2024-12-12T22:48:00Z,0.4012059
2024-12-12T23:24:00Z,0.30483097
2024-12-13T00:00:00Z,0.99104613
2024-12-13T00:36:00Z,0
2024-12-13T01:12:00Z,0.577246
2024-12-13T01:48:00Z,0.4523657
2024-12-13T02:24:00Z,0.7820003
2024-12-13T03:00:00Z,0
2024-12-13T04:12:00Z,0.97482324
2024-12-13T04:48:00Z,0
2024-12-13T05:24:00Z,0.045305688
2024-12-13T06:36:00Z,0.91849923
2024-12-13T07:12:00Z,0
2024-12-13T07:48:00Z,0.77591944
2024-12-13T08:24:00Z,0
2024-12-13T09:00:00Z,0.8416732
2024-12-13T09:36:00Z,0
2024-12-13T10:48:00Z,0.9453806
2024-12-13T11:24:00Z,0
2024-12-13T12:00:00Z,0.90542936
2024-12-13T12:36:00Z,0
2024-12-13T13:12:00Z,0.86910486
2024-12-13T13:48:00Z,0
2024-12-13T14:24:00Z,0.22698553
2024-12-13T15:00:00Z,0.9862552
2024-12-13T15:36:00Z,0
2024-12-13T16:48:00Z,0.67728
2024-12-13T17:24:00Z,0.2048866
2024-12-13T18:00:00Z,0.6922818
2024-12-13T19:48:00Z,0.01350996
2024-12-13T20:24:00Z,0.79598975
2024-12-13T21:00:00Z,0
2024-12-13T21:36:00Z,0.19077069
2024-12-13T22:12:00Z,0.90222996
2024-12-13T22:48:00Z,0
2024-12-13T23:24:00Z,0.30802226
2024-12-14T00:00:00Z,0.0050139693
2024-12-14T00:36:00Z,0.5338032
2024-12-14T01:48:00Z,0.47862324
2024-12-14T02:24:00Z,0.8278053
2024-12-14T03:00:00Z,0
2024-12-14T03:36:00Z,0.6553734
2024-12-14T04:12:00Z,0.40082476
2024-12-14T04:48:00Z,0.77009374
2024-12-14T05:24:00Z,0
2024-12-14T06:00:00Z,0.6448756
2024-12-14T06:36:00Z,0.011608856
2024-12-14T07:48:00Z,0.781631
2024-12-14T08:24:00Z,0
2024-12-14T10:12:00Z,0.83921146
2024-12-14T10:48:00Z,0
2024-12-14T12:00:00Z,0.3649218
2024-12-14T13:48:00Z,0.012089797
2024-12-14T14:24:00Z,0.8672339
2024-12-14T15:00:00Z,0
2024-12-14T15:36:00Z,0.74131227
2024-12-14T16:48:00Z,0.31121764
2024-12-14T18:00:00Z,0.8041221
2024-12-14T18:36:00Z,0
2024-12-14T19:12:00Z,0.48122314
2024-12-14T20:24:00Z,0.20882808
2024-12-14T21:00:00Z,0.91521454
2024-12-14T21:36:00Z,0
2024-12-14T22:48:00Z,0.526497
2024-12-15T00:36:00Z,0.024006516
2024-12-15T01:12:00Z,0.6187847
2024-12-15T01:48:00Z,0.2455647
2024-12-15T03:00:00Z,0.50344557
2024-12-15T03:36:00Z,0.2215785
2024-12-15T04:48:00Z,0.53062457
2024-12-15T06:00:00Z,0.445234
2024-12-15T06:36:00Z,0.0936636
2024-12-15T07:12:00Z,0.72604513
2024-12-15T07:48:00Z,0.082813695
2024-12-15T09:00:00Z,0.075406216
2024-12-15T10:12:00Z,0.761272
2024-12-15T10:48:00Z,0
2024-12-15T11:24:00Z,0.791981
2024-12-15T12:00:00Z,0
2024-12-15T12:36:00Z,0.6978752
2024-12-15T13:12:00Z,0.1487325
2024-12-15T13:48:00Z,0.9308282
2024-12-15T14:24:00Z,0
2024-12-15T15:36:00Z,0.9313092
2024-12-15T16:12:00Z,0
2024-12-15T18:36:00Z,0.917409
2024-12-15T19:12:00Z,0
2024-12-15T19:48:00Z,0.9143698
2024-12-15T20:24:00Z,0
2024-12-15T22:12:00Z,0.9522475
2024-12-15T22:48:00Z,0
2024-12-15T23:24:00Z,0.47912136
2024-12-16T01:48:00Z,0.09215161
2024-12-16T03:00:00Z,0.9447926
2024-12-16T03:36:00Z,0
2024-12-16T04:48:00Z,0.042541653
2024-12-16T05:24:00Z,0.6099495
2024-12-16T06:00:00Z,0.20615092
2024-12-16T06:36:00Z,0.68625015
2024-12-16T07:12:00Z,0.3252373
2024-12-16T08:24:00Z,0.8851561
2024-12-16T09:00:00Z,0
2024-12-16T10:12:00Z,0.80259645
2024-12-16T10:48:00Z,0
2024-12-16T11:24:00Z,0.98876846
2024-12-16T12:00:00Z,0
2024-12-16T13:48:00Z,0.88421893
2024-12-16T14:24:00Z,0
2024-12-16T15:00:00Z,0.63918513
2024-12-16T15:36:00Z,0.7651708
2024-12-16T16:12:00Z,0
2024-12-16T16:48:00Z,0.9394924
2024-12-16T17:24:00Z,0
2024-12-16T18:00:00Z,0.5465334
2024-12-16T18:36:00Z,0.34797573
2024-12-16T19:12:00Z,0.9373448
2024-12-16T19:48:00Z,0
2024-12-16T20:24:00Z,0.7138371
2024-12-16T21:36:00Z,0.89954513
2024-12-16T22:12:00Z,0
2024-12-16T22:48:00Z,0.4779369
2024-12-16T23:24:00Z,0.09467679
2024-12-17T00:00:00Z,0.71316546
2024-12-17T00:36:00Z,0.36513895
2024-12-17T01:12:00Z,0.8259189
2024-12-17T01:48:00Z,0
2024-12-17T02:24:00Z,0.92072827
2024-12-17T03:00:00Z,0
2024-12-17T04:48:00Z,0.048618447
2024-12-17T05:24:00Z,0.9501462
2024-12-17T06:00:00Z,0
2024-12-17T07:12:00Z,0.70135206
2024-12-17T07:48:00Z,0.025100496
2024-12-17T09:00:00Z,0.04745502
2024-12-17T10:12:00Z,0.8313427
2024-12-17T10:48:00Z,0
2024-12-17T12:00:00Z,0.40892965
2024-12-17T12:36:00Z,0.981598
2024-12-17T13:12:00Z,0
2024-12-17T13:48:00Z,0.95725864
2024-12-17T14:24:00Z,0
2024-12-17T15:36:00Z,0.5342613
2024-12-17T16:12:00Z,0.24531816
2024-12-17T16:48:00Z,0.67303914
2024-12-17T18:00:00Z,0.7917419
2024-12-17T18:36:00Z,0
2024-12-17T19:12:00Z,0.42301217
2024-12-17T21:36:00Z,0.1632066
2024-12-17T22:12:00Z,0.5253273
2024-12-17T22:48:00Z,0.15815382
2024-12-17T23:24:00Z,0.9348772
2024-12-18T00:00:00Z,0
2024-12-18T01:12:00Z,0.987276
2024-12-18T01:48:00Z,0
2024-12-18T03:00:00Z,0.6445108
2024-12-18T03:36:00Z,0.14812626
2024-12-18T04:48:00Z,0.28969675
2024-12-18T05:24:00Z,0.7473038
2024-12-18T06:00:00Z,0.19421674
2024-12-18T07:12:00Z,0.2042223
2024-12-18T08:24:00Z,0.73448956
2024-12-18T09:00:00Z,0.60355484
2024-12-18T09:36:00Z,0.926574
2024-12-18T10:12:00Z,0
2024-12-18T10:48:00Z,0.30973607
2024-12-18T11:24:00Z,0.0011039679
2024-12-18T12:00:00Z,0.59768367
2024-12-18T12:36:00Z,0.3899919
2024-12-18T13:12:00Z,0.7784883
2024-12-18T13:48:00Z,0
2024-12-18T14:24:00Z,0.63239366
2024-12-18T15:00:00Z,0.78416926
2024-12-18T15:36:00Z,0
2024-12-18T16:48:00Z,0.60110044
2024-12-18T17:24:00Z,0.037311226
2024-12-18T18:36:00Z,0.5375672
2024-12-18T19:12:00Z,0.080656484
2024-12-18T20:24:00Z,0.88839346
2024-12-18T21:00:00Z,0
2024-12-18T21:36:00Z,0.16146068
2024-12-18T22:12:00Z,0.8635048
2024-12-18T22:48:00Z,0
2024-12-18T23:24:00Z,0.7332247
2024-12-19T00:00:00Z,0.025509011
2024-12-19T01:12:00Z,0.89354074
2024-12-19T01:48:00Z,0
2024-12-19T02:24:00Z,0.18624832
2024-12-19T03:00:00Z,0.9072578
2024-12-19T03:36:00Z,0
2024-12-19T04:12:00Z,0.7866723
2024-12-19T04:48:00Z,0
2024-12-19T06:36:00Z,0.24825571
2024-12-19T08:24:00Z,0.055310465
2024-12-19T09:00:00Z,0.953464
2024-12-19T09:36:00Z,0
2024-12-19T10:12:00Z,0.91352355
2024-12-19T10:48:00Z,0
2024-12-19T11:24:00Z,0.79156595
2024-12-19T12:00:00Z,0
2024-12-19T12:36:00Z,0.00021701632
2024-12-19T13:12:00Z,0.67732173
2024-12-19T13:48:00Z,0.031821582
2024-12-19T14:24:00Z,0.36057818
2024-12-19T15:00:00Z,0.10044341
2024-12-19T15:36:00Z,0.84306383
2024-12-19T16:12:00Z,0
2024-12-19T16:48:00Z,0.90470046
2024-12-19T17:24:00Z,0
2024-12-19T18:00:00Z,0.38015726
2024-12-19T19:12:00Z,0.05186013
2024-12-19T21:00:00Z,0.44624656
2024-12-19T21:36:00Z,0.21950573
2024-12-19T22:12:00Z,0.97474444
2024-12-19T22:48:00Z,0
2024-12-19T23:24:00Z,0.6449153
2024-12-20T00:36:00Z,0.64183664
2024-12-20T01:12:00Z,0.025005223
2024-12-20T01:48:00Z,0.3613849
2024-12-20T02:24:00Z,0.03381905
2024-12-20T07:12:00Z,0.7943904
2024-12-20T07:48:00Z,0
2024-12-20T08:24:00Z,0.64068365
2024-12-20T09:36:00Z,0.985766
2024-12-20T10:12:00Z,0
2024-12-20T10:48:00Z,0.51406926
2024-12-20T11:24:00Z,0.30000517
2024-12-20T12:00:00Z,0.8737115
2024-12-20T12:36:00Z,0
2024-12-20T13:48:00Z,0.9834384
2024-12-20T14:24:00Z,0
2024-12-20T15:36:00Z,0.22973618
2024-12-20T16:48:00Z,0.9260684
2024-12-20T17:24:00Z,0
2024-12-20T18:00:00Z,0.82676274
2024-12-20T18:36:00Z,0
2024-12-20T20:24:00Z,0.6448425
2024-12-20T21:00:00Z,0.06760043
2024-12-20T21:36:00Z,0.92013216
2024-12-20T22:12:00Z,0
2024-12-20T23:24:00Z,0.9040878
2024-12-21T00:00:00Z,0
2024-12-21T01:12:00Z,0.5383868
2024-12-21T04:48:00Z,0.094984435
2024-12-21T05:24:00Z,0.8747225
2024-12-21T06:00:00Z,0
2024-12-21T08:24:00Z,0.4870042
2024-12-21T10:12:00Z,0.3798656
2024-12-21T10:48:00Z,0.8069924
2024-12-21T11:24:00Z,0
2024-12-21T13:12:00Z,0.34474134
2024-12-21T13:48:00Z,0.12943476
2024-12-21T14:24:00Z,0.60551846
2024-12-21T16:48:00Z,0.1536249
2024-12-21T17:24:00Z,0.7571665
2024-12-21T18:00:00Z,0
2024-12-21T19:12:00Z,0.7960926
2024-12-21T19:48:00Z,0
2024-12-21T21:00:00Z,0.46035638
2024-12-21T21:36:00Z,0.51291585
2024-12-21T22:12:00Z,0.010063734
2024-12-21T22:48:00Z,0.89105546
2024-12-21T23:24:00Z,0
2024-12-22T00:00:00Z,0.03799367
2024-12-22T00:36:00Z,0.8662658
2024-12-22T01:12:00Z,0
2024-12-22T01:48:00Z,0.8739813
2024-12-22T02:24:00Z,0
2024-12-22T03:00:00Z,0.044643432
2024-12-22T03:36:00Z,0.8395588
2024-12-22T04:12:00Z,0
2024-12-22T04:48:00Z,0.7677394
2024-12-22T05:24:00Z,0
2024-12-22T06:36:00Z,0.9048269
2024-12-22T07:12:00Z,0
2024-12-22T08:24:00Z,0.32285905
2024-12-22T09:00:00Z,0.9846026
2024-12-22T09:36:00Z,0
2024-12-22T10:12:00Z,0.71365774
2024-12-22T10:48:00Z,0.8198998
2024-12-22T11:24:00Z,0
2024-12-22T12:00:00Z,0.16335729
2024-12-22T12:36:00Z,0.9662807
2024-12-22T13:12:00Z,0
2024-12-22T14:24:00Z,0.8457886
2024-12-22T15:00:00Z,0
2024-12-22T18:00:00Z,0.34031814
2024-12-22T19:12:00Z,0.7665465
2024-12-22T19:48:00Z,0
2024-12-22T22:12:00Z,0.6108529
2024-12-22T22:48:00Z,0.36126855
2024-12-22T23:24:00Z,0.95012003
2024-12-23T00:00:00Z,0
2024-12-23T00:36:00Z,0.73618424
2024-12-23T01:12:00Z,0.9233909
2024-12-23T01:48:00Z,0
2024-12-23T02:24:00Z,0.11750049
2024-12-23T03:00:00Z,0.78198797
2024-12-23T03:36:00Z,0
2024-12-23T04:12:00Z,0.66578317
2024-12-23T04:48:00Z,0.6683475
2024-12-23T05:24:00Z,0.06811752
2024-12-23T06:00:00Z,0.56769526
2024-12-23T08:24:00Z,0.41250277
2024-12-23T09:00:00Z,0.82077676
2024-12-23T09:36:00Z,0
2024-12-23T10:12:00Z,0.0026638368
2024-12-23T11:24:00Z,0.99811226
2024-12-23T12:00:00Z,0
2024-12-23T12:36:00Z,0.44325042
2024-12-23T14:24:00Z,0.34242114
2024-12-23T15:00:00Z,0.6123695
2024-12-23T15:36:00Z,0.33125618
2024-12-23T16:12:00Z,0.61267734
2024-12-23T16:48:00Z,0.418036
2024-12-23T17:24:00Z,0.9893313
2024-12-23T18:00:00Z,0
2024-12-23T18:36:00Z,0.089082226
2024-12-23T19:12:00Z,0.6930284
2024-12-23T21:36:00Z,0.658378
2024-12-23T22:12:00Z,0.1747999
2024-12-23T23:24:00Z,0.8146734
2024-12-24T00:00:00Z,0
2024-12-24T00:36:00Z,0.10165741
2024-12-24T01:12:00Z,0.73579645
2024-12-24T02:24:00Z,0.3531347
2024-12-24T03:00:00Z,0.27474287
2024-12-24T03:36:00Z,0.7559313
2024-12-24T04:12:00Z,0
2024-12-24T04:48:00Z,0.14955223
2024-12-24T05:24:00Z,0.78202796
2024-12-24T06:00:00Z,0
2024-12-24T06:36:00Z,0.4224788
2024-12-24T07:48:00Z,0.13256986
2024-12-24T08:24:00Z,0.4304702
2024-12-24T09:00:00Z,0.15180221
2024-12-24T09:36:00Z,0.79038775
2024-12-24T10:12:00Z,0
2024-12-24T10:48:00Z,0.58329403
2024-12-24T11:24:00Z,0.11095444
2024-12-24T12:00:00Z,0.7896861
2024-12-24T12:36:00Z,0
2024-12-24T13:48:00Z,0.7368285
2024-12-24T14:24:00Z,0.042114444
2024-12-24T15:00:00Z,0.71077216
2024-12-24T15:36:00Z,0.92734647
2024-12-24T16:12:00Z,0
2024-12-24T16:48:00Z,0.826122
2024-12-24T17:24:00Z,0
2024-12-24T18:36:00Z,0.3332984
2024-12-24T19:12:00Z,0.8473025
2024-12-24T19:48:00Z,0
2024-12-24T20:24:00Z,0.9505548
2024-12-24T21:00:00Z,0
2024-12-24T21:36:00Z,0.84922034
2024-12-24T22:12:00Z,0
2024-12-24T22:48:00Z,0.6659766
2024-12-24T23:24:00Z,0.43152103
2024-12-25T00:36:00Z,0.59326005
2024-12-25T02:24:00Z,0.38676584
2024-12-25T03:00:00Z,0.89963645
2024-12-25T03:36:00Z,0
2024-12-25T04:12:00Z,0.59544206
2024-12-25T04:48:00Z,0.34250283
2024-12-25T05:24:00Z,0.9600472
2024-12-25T06:00:00Z,0
2024-12-25T06:36:00Z,0.75521666
2024-12-25T07:12:00Z,0
2024-12-25T08:24:00Z,0.8676012
2024-12-25T09:00:00Z,0
2024-12-25T09:36:00Z,0.54122686
2024-12-25T11:24:00Z,0.7567968
2024-12-25T12:00:00Z,0
2024-12-25T12:36:00Z,0.26246548
2024-12-25T13:12:00Z,0.00074274186
2024-12-25T13:48:00Z,0.503394
2024-12-25T15:00:00Z,0.16844419
2024-12-25T15:36:00Z,0.3417765
2024-12-25T16:12:00Z,0.021653498
2024-12-25T17:24:00Z,0.8431331
2024-12-25T18:00:00Z,0
2024-12-25T18:36:00Z,0.9505923
2024-12-25T19:12:00Z,0
2024-12-25T20:24:00Z,0.5560401
2024-12-25T23:24:00Z,0.19754082
2024-12-26T00:00:00Z,0.5828187
2024-12-26T01:12:00Z,0.6739118
2024-12-26T01:48:00Z,0.015658902
2024-12-26T02:24:00Z,0.9361659
2024-12-26T03:00:00Z,0
2024-12-26T04:12:00Z,0.66792774
2024-12-26T04:48:00Z,0.7599513
2024-12-26T05:24:00Z,0
2024-12-26T06:00:00Z,0.7237542
2024-12-26T07:12:00Z,0.3309816
2024-12-26T07:48:00Z,0.08145522
2024-12-26T08:24:00Z,0.84778696
2024-12-26T09:00:00Z,0
2024-12-26T09:36:00Z,0.906393
2024-12-26T10:12:00Z,0
2024-12-26T10:48:00Z,0.85763496
2024-12-26T11:24:00Z,0
2024-12-26T12:00:00Z,0.90873945
2024-12-26T12:36:00Z,0
2024-12-26T13:12:00Z,0.6727389
2024-12-26T15:00:00Z,0.2916365
2024-12-26T15:36:00Z,0.90754294
2024-12-26T16:12:00Z,0
2024-12-26T16:48:00Z,0.9207138
2024-12-26T17:24:00Z,0
2024-12-26T18:00:00Z,0.5700372
2024-12-26T19:12:00Z,0.011238782
2024-12-26T20:24:00Z,0.61744136
2024-12-26T21:00:00Z,0.024063941
2024-12-26T22:12:00Z,0.93944377
2024-12-26T22:48:00Z,0
2024-12-27T00:36:00Z,0.13095708
2024-12-27T01:12:00Z,0.81578004
2024-12-27T01:48:00Z,0
2024-12-27T03:00:00Z,0.8203085
2024-12-27T03:36:00Z,0
2024-12-27T04:48:00Z,0.2566338
2024-12-27T05:24:00Z,0.8724684
2024-12-27T06:00:00Z,0
2024-12-27T06:36:00Z,0.46600503
2024-12-27T08:24:00Z,0.044653036
2024-12-27T09:36:00Z,0.95553
2024-12-27T10:12:00Z,0
2024-12-27T10:48:00Z,0.66587085
2024-12-27T11:24:00Z,0.35119963
2024-12-27T12:00:00Z,0.6717078
2024-12-27T12:36:00Z,0.44806686
2024-12-27T13:12:00Z,0.6895343
2024-12-27T13:48:00Z,0.17476247
2024-12-27T14:24:00Z,0.48922664
2024-12-27T15:00:00Z,0.25564796
2024-12-27T15:36:00Z,0.7094151
2024-12-27T16:12:00Z,0.43502396
2024-12-27T16:48:00Z,0.879248
2024-12-27T17:24:00Z,0
2024-12-27T18:00:00Z,0.12532005
2024-12-27T18:36:00Z,0.6665855
2024-12-27T19:12:00Z,0.03156789
2024-12-27T19:48:00Z,0.8688087
2024-12-27T20:24:00Z,0
2024-12-27T21:00:00Z,0.7925948
2024-12-27T21:36:00Z,0
2024-12-27T22:12:00Z,0.61174387
2024-12-27T22:48:00Z,0.15401393
2024-12-27T23:24:00Z,0.825247
2024-12-28T00:00:00Z,0
2024-12-28T00:36:00Z,0.68359613
2024-12-28T01:12:00Z,0.87765133
2024-12-28T01:48:00Z,0
2024-12-28T02:24:00Z,0.98638135
2024-12-28T03:00:00Z,0
2024-12-28T04:48:00Z,0.23249157
2024-12-28T06:00:00Z,0.7477138
2024-12-28T06:36:00Z,0.2640796
2024-12-28T07:12:00Z,0.3992859
2024-12-28T07:48:00Z,0.046829447
2024-12-28T08:24:00Z,0.5911095
2024-12-28T09:00:00Z,0.14368492
2024-12-28T09:36:00Z,0.8801319
2024-12-28T10:12:00Z,0
2024-12-28T10:48:00Z,0.8517554
2024-12-28T11:24:00Z,0
2024-12-28T12:00:00Z,0.5719842
2024-12-28T13:48:00Z,0.8021679
2024-12-28T14:24:00Z,0
2024-12-28T15:00:00Z,0.6684986
2024-12-28T16:12:00Z,0.77658874
2024-12-28T16:48:00Z,0
2024-12-28T17:24:00Z,0.2969738
2024-12-28T18:00:00Z,0.12877029
2024-12-28T19:12:00Z,0.55248475
2024-12-28T19:48:00Z,0.45196912
2024-12-28T20:24:00Z,0.8624924
2024-12-28T21:00:00Z,0
2024-12-28T21:36:00Z,0.67228353
2024-12-28T22:12:00Z,0.773999
2024-12-28T22:48:00Z,0
2024-12-28T23:24:00Z,0.30991012
2024-12-29T00:36:00Z,0.010099898
2024-12-29T01:12:00Z,0.84878206
2024-12-29T01:48:00Z,0
2024-12-29T02:24:00Z,0.7732536
2024-12-29T03:00:00Z,0
2024-12-29T03:36:00Z,0.6446332
2024-12-29T04:48:00Z,0.68717515
2024-12-29T05:24:00Z,0.16453932
2024-12-29T07:12:00Z,0.6317432
2024-12-29T07:48:00Z,0.17259686
2024-12-29T08:24:00Z,0.80731106
2024-12-29T09:00:00Z,0
2024-12-29T10:12:00Z,0.5818441
2024-12-29T11:24:00Z,0.847307
2024-12-29T12:00:00Z,0
2024-12-29T13:12:00Z,0.3886699
2024-12-29T13:48:00Z,0.23711795
2024-12-29T14:24:00Z,0.7831764
2024-12-29T15:00:00Z,0
2024-12-29T15:36:00Z,0.42744124
2024-12-29T16:48:00Z,0.10790807
2024-12-29T17:24:00Z,0.55947286
2024-12-29T18:36:00Z,0.13768826
2024-12-29T19:12:00Z,0.70540434
2024-12-29T21:00:00Z,0.12907812
2024-12-29T22:12:00Z,0.91369885
2024-12-29T22:48:00Z,0
2024-12-29T23:24:00Z,0.9107552
2024-12-30T00:00:00Z,0
2024-12-30T00:36:00Z,0.6633099
2024-12-30T01:48:00Z,0.31934118
2024-12-30T02:24:00Z,0.6625529
2024-12-30T03:00:00Z,0.1642403
2024-12-30T04:12:00Z,0.8448171
2024-12-30T04:48:00Z,0
2024-12-30T05:24:00Z,0.6514429
2024-12-30T06:36:00Z,0.29867297
2024-12-30T07:48:00Z,0.39229387
2024-12-30T08:24:00Z,0.07840303
2024-12-30T09:00:00Z,0.45720068
2024-12-30T09:36:00Z,0.067288086
2024-12-30T11:24:00Z,0.7953456
2024-12-30T12:00:00Z,0
2024-12-30T12:36:00Z,0.903407
2024-12-30T13:12:00Z,0
2024-12-30T15:00:00Z,0.9528518
2024-12-30T15:36:00Z,0
2024-12-30T17:24:00Z,0.9956185
2024-12-30T18:00:00Z,0
2024-12-30T18:36:00Z,0.86754787
2024-12-30T19:12:00Z,0
2024-12-30T19:48:00Z,0.88098896
2024-12-30T20:24:00Z,0
2024-12-30T21:36:00Z,0.6422911
2024-12-30T22:12:00Z,0.032967586
2024-12-30T23:24:00Z,0.34873873
2024-12-31T00:00:00Z,0.13170272
2024-12-31T00:36:00Z,0.70875084
2024-12-31T01:12:00Z,0.87542665
2024-12-31T01:48:00Z,0
2024-12-31T03:00:00Z,0.89482546
2024-12-31T03:36:00Z,0
2024-12-31T04:12:00Z,0.87352246
2024-12-31T04:48:00Z,0
2024-12-31T05:24:00Z,0.53734493
2024-12-31T07:48:00Z,0.91855854
2024-12-31T08:24:00Z,0
2024-12-31T09:00:00Z,0.56387335
2024-12-31T09:36:00Z,0.01968744
2024-12-31T10:12:00Z,0.6169398
2024-12-31T12:00:00Z,0.41201758
2024-12-31T12:36:00Z,0.9493602
2024-12-31T13:12:00Z,0
2024-12-31T13:48:00Z,0.052173965
2024-12-31T14:24:00Z,0.7605277
2024-12-31T15:00:00Z,0
2024-12-31T15:36:00Z,0.74537313
2024-12-31T16:48:00Z,0.23253414
2024-12-31T17:24:00Z,0.65417236
2024-12-31T18:00:00Z,0.051169626
2024-12-31T18:36:00Z,0.042062778
2024-12-31T19:12:00Z,0.8094128
2024-12-31T19:48:00Z,0
2024-12-31T20:24:00Z,0.66821927
2024-12-31T21:00:00Z,0.83874536
2024-12-31T21:36:00Z,0
2024-12-31T22:12:00Z,0.66666573
2024-12-31T22:48:00Z,0.82216537
2024-12-31T23:24:00Z,0
2025-01-01T01:12:00Z,0.93504906
2025-01-01T01:48:00Z,0
2025-01-01T03:36:00Z,0.9888018
2025-01-01T04:12:00Z,0
2025-01-01T04:48:00Z,0.38425946
2025-01-01T05:24:00Z,0.024022177
2025-01-01T07:12:00Z,0.6272736
2025-01-01T08:24:00Z,0.095805265
2025-01-01T09:00:00Z,0.4183894
2025-01-01T10:12:00Z,0.2660949
2025-01-01T10:48:00Z,0.82594234
2025-01-01T11:24:00Z,0
2025-01-01T13:48:00Z,0.6569586
2025-01-01T14:24:00Z,0.10236721
2025-01-01T15:00:00Z,0.7349503
2025-01-01T15:36:00Z,0.17792955
2025-01-01T16:48:00Z,0.015819302
2025-01-01T18:00:00Z,0.9871806
2025-01-01T18:36:00Z,0
2025-01-01T19:48:00Z,0.38866684
2025-01-01T20:24:00Z,0.94928634
2025-01-01T21:00:00Z,0
2025-01-01T21:36:00Z,0.9917399
2025-01-01T22:12:00Z,0
2025-01-01T23:24:00Z,0.21562493
2025-01-02T00:00:00Z,0.6615713
2025-01-02T00:36:00Z,0.17347296
2025-01-02T01:48:00Z,0.6317871
2025-01-02T03:00:00Z,0.078059226
2025-01-02T03:36:00Z,0.78502476
2025-01-02T04:12:00Z,0
2025-01-02T05:24:00Z,0.9111796
2025-01-02T06:00:00Z,0
2025-01-02T06:36:00Z,0.7866357
2025-01-02T07:12:00Z,0
2025-01-02T09:00:00Z,0.8668552
2025-01-02T09:36:00Z,0
2025-01-02T11:24:00Z,0.86373794
2025-01-02T12:00:00Z,0
2025-01-02T13:48:00Z,0.83900225
2025-01-02T14:24:00Z,0
2025-01-02T15:00:00Z,0.8818998
2025-01-02T15:36:00Z,0
2025-01-02T16:12:00Z,0.55300635
2025-01-02T18:00:00Z,0.19162454
2025-01-02T18:36:00Z,0.3236516
2025-01-02T19:12:00Z,0.025739698
2025-01-02T19:48:00Z,0.7781358
2025-01-02T20:24:00Z,0
2025-01-02T21:00:00Z,0.4703112
2025-01-02T21:36:00Z,0.2953784
2025-01-02T22:12:00Z,0.73065245
2025-01-02T23:24:00Z,0.8513839
2025-01-03T00:00:00Z,0
2025-01-03T00:36:00Z,0.97571546
2025-01-03T01:12:00Z,0
2025-01-03T02:24:00Z,0.8369996
2025-01-03T03:00:00Z,0
2025-01-03T04:12:00Z,0.35602885
2025-01-03T04:48:00Z,0.8501595
2025-01-03T05:24:00Z,0
2025-01-03T06:00:00Z,0.69076204
2025-01-03T07:48:00Z,0.37006238
2025-01-03T09:00:00Z,0.4264783
2025-01-03T09:36:00Z,0.056017578
2025-01-03T10:12:00Z,0.27863204
2025-01-03T10:48:00Z,0.0063729603
2025-01-03T11:24:00Z,0.40697145
2025-01-03T12:36:00Z,0.12812218
2025-01-03T13:12:00Z,0.762965
2025-01-03T13:48:00Z,0
2025-01-03T14:24:00Z,0.96837354
2025-01-03T15:00:00Z,0
2025-01-03T15:36:00Z,0.22547847
2025-01-03T16:12:00Z,0.8971312
2025-01-03T16:48:00Z,0
2025-01-03T18:00:00Z,0.24881145
2025-01-03T18:36:00Z,0.84345007
2025-01-03T19:12:00Z,0
2025-01-03T19:48:00Z,0.7346663
2025-01-03T21:00:00Z,0.06719269
2025-01-03T22:12:00Z,0.80305225
2025-01-03T22:48:00Z,0
2025-01-03T23:24:00Z,0.5833601
2025-01-04T00:00:00Z,0.047279157
2025-01-04T00:36:00Z,0.96010154
2025-01-04T01:12:00Z,0
2025-01-04T02:24:00Z,0.7207054
2025-01-04T03:36:00Z,0.18937437
2025-01-04T04:48:00Z,0.33607158
2025-01-04T05:24:00Z,0.1343362
2025-01-04T06:00:00Z,0.45450026
2025-01-04T06:36:00Z,0.0055812728
2025-01-04T07:48:00Z,0.7586085
2025-01-04T08:24:00Z,0
2025-01-04T09:00:00Z,0.16138706
2025-01-04T09:36:00Z,0.99743706
2025-01-04T10:12:00Z,0
2025-01-04T10:48:00Z,0.896256
2025-01-04T11:24:00Z,0
2025-01-04T12:00:00Z,0.6212107
2025-01-04T12:36:00Z,0.15695348
2025-01-04T13:12:00Z,0.17883496
2025-01-04T13:48:00Z,0.66834193
2025-01-04T14:24:00Z,0.1282741
2025-01-04T15:00:00Z,0.5703941
2025-01-04T16:12:00Z,0.7523401
2025-01-04T16:48:00Z,0
2025-01-04T17:24:00Z,0.8609744
2025-01-04T18:00:00Z,0
2025-01-04T18:36:00Z,0.50730026
2025-01-04T19:48:00Z,0.8869266
2025-01-04T20:24:00Z,0
2025-01-04T21:00:00Z,0.4785212
2025-01-04T21:36:00Z,0.30309618
2025-01-04T22:12:00Z,0.92740077
2025-01-04T22:48:00Z,0
2025-01-04T23:24:00Z,0.60563546
2025-01-05T00:00:00Z,0.25109848
2025-01-05T00:36:00Z,0.9366585
2025-01-05T01:12:00Z,0
2025-01-05T02:24:00Z,0.77822584
2025-01-05T03:00:00Z,0
2025-01-05T03:36:00Z,0.7212569
2025-01-05T04:48:00Z,0.06834856
2025-01-05T05:24:00Z,0.8355905
2025-01-05T06:00:00Z,0
2025-01-05T06:36:00Z,0.6861911
2025-01-05T07:12:00Z,0.9578512
2025-01-05T07:48:00Z,0
2025-01-05T08:24:00Z,0.48651963
2025-01-05T09:00:00Z,0.4685515
2025-01-05T09:36:00Z,0.043009426
2025-01-05T10:48:00Z,0.19295669
2025-01-05T12:00:00Z,0.8951322
2025-01-05T12:36:00Z,0
2025-01-05T13:48:00Z,0.8510024
2025-01-05T14:24:00Z,0
2025-01-05T15:00:00Z,0.4749761
2025-01-05T15:36:00Z,0.2237024
2025-01-05T16:12:00Z,0.87558407
2025-01-05T16:48:00Z,0
2025-01-05T19:48:00Z,0.40231195
2025-01-05T21:00:00Z,0.42434254
2025-01-05T21:36:00Z,0.012357173
2025-01-05T22:12:00Z,0.22346579
2025-01-05T22:48:00Z,0.949251
2025-01-05T23:24:00Z,0
2025-01-06T01:12:00Z,0.5813839
2025-01-06T01:48:00Z,0.020821165
2025-01-06T03:00:00Z,0.8055637
2025-01-06T03:36:00Z,0
2025-01-06T04:12:00Z,0.9617825
2025-01-06T04:48:00Z,0
2025-01-06T05:24:00Z,0.4158578
2025-01-06T06:00:00Z,0.004939083
2025-01-06T06:36:00Z,0.43347576
2025-01-06T07:48:00Z,0.040002447
2025-01-06T08:24:00Z,0.67469466
2025-01-06T09:36:00Z,0.14899586
2025-01-06T10:12:00Z,0.5892991
2025-01-06T10:48:00Z,0.23654315
2025-01-06T12:00:00Z,0.17652106
2025-01-06T13:12:00Z,0.57198924
2025-01-06T13:48:00Z,0.15441778
2025-01-06T15:00:00Z,0.6228421
2025-01-06T15:36:00Z,0.09215508
2025-01-06T16:48:00Z,0.05891833
2025-01-06T17:24:00Z,0.8374464
2025-01-06T18:00:00Z,0
2025-01-06T19:12:00Z,0.24877174
2025-01-06T19:48:00Z,0.788162
2025-01-06T20:24:00Z,0
2025-01-06T21:00:00Z,0.5406983
2025-01-06T22:12:00Z,9.778608e-05
2025-01-06T23:24:00Z,0.97509897
2025-01-07T00:00:00Z,0
2025-01-07T01:48:00Z,0.9142256
2025-01-07T02:24:00Z,0
2025-01-07T03:00:00Z,0.47823703
2025-01-07T04:12:00Z,0.31106573
2025-01-07T04:48:00Z,0.66114753
2025-01-07T06:00:00Z,0.27014446
2025-01-07T06:36:00Z,0.75219125
2025-01-07T07:12:00Z,0
2025-01-07T09:00:00Z,0.9079264
2025-01-07T09:36:00Z,0
2025-01-07T10:12:00Z,0.90805495
2025-01-07T10:48:00Z,0
2025-01-07T12:36:00Z,0.8100492
2025-01-07T13:12:00Z,0
2025-01-07T14:24:00Z,0.59101176
2025-01-07T16:12:00Z,0.019926433
2025-01-07T16:48:00Z,0.031937275
2025-01-07T17:24:00Z,0.8240991
2025-01-07T18:00:00Z,0
2025-01-07T18:36:00Z,0.4741059
2025-01-07T19:12:00Z,0.3316111
2025-01-07T19:48:00Z,0.75715196
2025-01-07T20:24:00Z,0
2025-01-07T21:00:00Z,0.3048861
2025-01-07T21:36:00Z,0.1184845
2025-01-07T22:12:00Z,0.76287216
2025-01-07T22:48:00Z,0
2025-01-08T00:00:00Z,0.83390284
2025-01-08T00:36:00Z,0
2025-01-08T01:12:00Z,0.8809338
2025-01-08T01:48:00Z,0
2025-01-08T02:24:00Z,0.9020598
2025-01-08T03:00:00Z,0
2025-01-08T04:48:00Z,0.795997
2025-01-08T05:24:00Z,0
2025-01-08T06:36:00Z,0.8792926
2025-01-08T07:12:00Z,0
2025-01-08T08:24:00Z,0.77217966
2025-01-08T09:00:00Z,0
2025-01-08T10:48:00Z,0.9571863
2025-01-08T11:24:00Z,0
2025-01-08T12:00:00Z,0.05754604
2025-01-08T12:36:00Z,0.8322671
2025-01-08T13:12:00Z,0
2025-01-08T13:48:00Z,0.019326981
2025-01-08T14:24:00Z,0.9869436
2025-01-08T15:00:00Z,0
2025-01-08T15:36:00Z,0.55452687
2025-01-08T16:12:00Z,0.2508589
2025-01-08T16:48:00Z,0.79231787
2025-01-08T17:24:00Z,0
2025-01-08T18:00:00Z,0.7853918
2025-01-08T18:36:00Z,0
2025-01-08T19:48:00Z,0.1537093
2025-01-08T21:00:00Z,0.8684814
2025-01-08T21:36:00Z,0
2025-01-08T22:48:00Z,0.62961787
2025-01-09T00:00:00Z,0.1291896
2025-01-09T01:12:00Z,0.66051936
2025-01-09T02:24:00Z,0.04140469
2025-01-09T03:36:00Z,0.32023907
2025-01-09T04:12:00Z,0.13405557
2025-01-09T05:24:00Z,0.8045379
2025-01-09T06:00:00Z,0
2025-01-09T07:12:00Z,0.5535469
2025-01-09T08:24:00Z,0.48214057
2025-01-09T09:00:00Z,0.8328357
2025-01-09T09:36:00Z,0
2025-01-09T10:12:00Z,0.38532743
2025-01-09T11:24:00Z,0.18870719
2025-01-09T12:36:00Z,0.7914516
2025-01-09T13:12:00Z,0
2025-01-09T13:48:00Z,0.88605607
2025-01-09T14:24:00Z,0
2025-01-09T15:00:00Z,0.06585081
2025-01-09T15:36:00Z,0.8150209
2025-01-09T16:12:00Z,0
2025-01-09T16:48:00Z,0.73699844
2025-01-09T17:24:00Z,0.20548865
2025-01-09T18:00:00Z,0.8319524
2025-01-09T18:36:00Z,0
2025-01-09T19:12:00Z,0.6979559
2025-01-09T19:48:00Z,0.9373751
2025-01-09T20:24:00Z,0
2025-01-09T21:00:00Z,0.29375148
2025-01-09T22:48:00Z,0.027986493
2025-01-09T23:24:00Z,0.30062342
2025-01-10T00:00:00Z,0.16858384
2025-01-10T00:36:00Z,0.8170775
2025-01-10T01:12:00Z,0
2025-01-10T01:48:00Z,0.08910799
2025-01-10T02:24:00Z,0.60591537
2025-01-10T03:36:00Z,0.094409004
2025-01-10T04:48:00Z,0.97581524
2025-01-10T05:24:00Z,0
2025-01-10T08:24:00Z,0.81868255
2025-01-10T09:00:00Z,0
2025-01-10T10:48:00Z,0.11764224
2025-01-10T11:24:00Z,0.6639242
2025-01-10T12:36:00Z,0.10734071
2025-01-10T13:12:00Z,0.8494409
2025-01-10T13:48:00Z,0
2025-01-10T16:12:00Z,0.78273433
2025-01-10T16:48:00Z,0
2025-01-10T18:00:00Z,0.67179763
2025-01-10T18:36:00Z,0.29317924
2025-01-10T19:48:00Z,0.8253169
2025-01-10T20:24:00Z,0
2025-01-10T21:00:00Z,0.6457261
2025-01-10T21:36:00Z,0.46834195
2025-01-10T22:12:00Z,0.7771744
2025-01-10T22:48:00Z,0
2025-01-10T23:24:00Z,0.6771716
2025-01-11T00:36:00Z,0.25051036
2025-01-11T01:12:00Z,0.84265214
2025-01-11T01:48:00Z,0
2025-01-11T02:24:00Z,0.6894742
2025-01-11T03:36:00Z,0.5800702
2025-01-11T04:12:00Z,0.85168374
2025-01-11T04:48:00Z,0
2025-01-11T06:00:00Z,0.5924398
2025-01-11T06:36:00Z,0.13785873
2025-01-11T07:48:00Z,0.68420434
2025-01-11T09:00:00Z,0.4431401
2025-01-11T09:36:00Z,0.8070622
2025-01-11T10:12:00Z,0
2025-01-11T10:48:00Z,0.76032394
2025-01-11T11:24:00Z,0
2025-01-11T13:12:00Z,0.4479608
2025-01-11T13:48:00Z,0.91793853
2025-01-11T14:24:00Z,0
2025-01-11T15:36:00Z,0.8398554
2025-01-11T16:12:00Z,0
2025-01-11T17:24:00Z,0.20021448
2025-01-11T18:00:00Z,0.71672916
2025-01-11T18:36:00Z,0.7933149
2025-01-11T19:12:00Z,0
2025-01-11T19:48:00Z,0.19629186
2025-01-11T20:24:00Z,0.9222069
2025-01-11T21:00:00Z,0
2025-01-11T22:48:00Z,0.79632217
2025-01-11T23:24:00Z,0
2025-01-12T01:12:00Z,0.9424116
2025-01-12T01:48:00Z,0
2025-01-12T02:24:00Z,0.43336612
2025-01-12T03:36:00Z,0.3336748
2025-01-12T04:48:00Z,0.6870738
2025-01-12T05:24:00Z,0.29312325
2025-01-12T07:48:00Z,0.029272467
2025-01-12T08:24:00Z,0.8265942
2025-01-12T09:00:00Z,0
2025-01-12T09:36:00Z,0.79133195
2025-01-12T10:12:00Z,0
2025-01-12T10:48:00Z,0.78282285
2025-01-12T11:24:00Z,0
2025-01-12T12:00:00Z,0.4935189
2025-01-12T13:12:00Z,0.22586286
2025-01-12T14:24:00Z,0.23519346
2025-01-12T15:00:00Z,0.84227645
2025-01-12T15:36:00Z,0
2025-01-12T16:12:00Z,0.70078725
2025-01-12T16:48:00Z,0.32694495
2025-01-12T18:36:00Z,0.87975025
2025-01-12T19:12:00Z,0
2025-01-12T19:48:00Z,0.97500426
2025-01-12T20:24:00Z,0
2025-01-12T21:00:00Z,0.69716346
2025-01-12T21:36:00Z,0.36654586
2025-01-12T22:48:00Z,0.79348505
2025-01-12T23:24:00Z,0
2025-01-13T00:00:00Z,0.56172
2025-01-13T00:36:00Z,0.6845141
2025-01-13T01:12:00Z,0.18331912
2025-01-13T01:48:00Z,0.61583614
2025-01-13T03:36:00Z,0.29578024
2025-01-13T04:48:00Z,0.89971304
2025-01-13T05:24:00Z,0
2025-01-13T06:00:00Z,0.92344654
2025-01-13T06:36:00Z,0
2025-01-13T07:48:00Z,0.7909225
2025-01-13T08:24:00Z,0
2025-01-13T09:00:00Z,0.5242077
2025-01-13T09:36:00Z,0.3556566
2025-01-13T10:12:00Z,0.9197723
2025-01-13T10:48:00Z,0
2025-01-13T11:24:00Z,0.42879155
2025-01-13T12:36:00Z,0.18611954
2025-01-13T13:12:00Z,0.52915627
2025-01-13T13:48:00Z,0.27148587
2025-01-13T14:24:00Z,0.7470452
2025-01-13T15:36:00Z,0.11698032
2025-01-13T16:48:00Z,0.62989277
2025-01-13T17:24:00Z,0.27460405
2025-01-13T18:00:00Z,0.6696204
2025-01-13T18:36:00Z,0.2017206
2025-01-13T19:12:00Z,0.9537193
2025-01-13T19:48:00Z,0
2025-01-13T20:24:00Z,0.67657274
2025-01-13T21:36:00Z,0.7939924
2025-01-13T22:12:00Z,0
2025-01-13T22:48:00Z,0.07554211
2025-01-13T23:24:00Z,0.82703817
2025-01-14T00:00:00Z,0
2025-01-14T00:36:00Z,0.89352286
2025-01-14T01:12:00Z,0
2025-01-14T01:48:00Z,0.36806083
2025-01-14T02:24:00Z,0.13942195
2025-01-14T03:00:00Z,0.88531655
2025-01-14T03:36:00Z,0
2025-01-14T04:48:00Z,0.7121465
2025-01-14T05:24:00Z,0.9717713
2025-01-14T06:00:00Z,0
2025-01-14T06:36:00Z,0.76248795
2025-01-14T07:12:00Z,0
2025-01-14T08:24:00Z,0.88319695
2025-01-14T09:00:00Z,0
2025-01-14T10:12:00Z,0.4820274
2025-01-14T11:24:00Z,0.017388487
2025-01-14T12:00:00Z,0.9290318
2025-01-14T12:36:00Z,0
2025-01-14T13:12:00Z,0.5960082
2025-01-14T15:00:00Z,0.06335225
2025-01-14T15:36:00Z,0.11682094
2025-01-14T16:12:00Z,0.8293794
2025-01-14T16:48:00Z,0
2025-01-14T18:36:00Z,0.8167902
2025-01-14T19:12:00Z,0
2025-01-14T19:48:00Z,0.855875
2025-01-14T20:24:00Z,0
2025-01-14T21:36:00Z,0.87659943
2025-01-14T22:12:00Z,0
2025-01-14T22:48:00Z,0.9063494
2025-01-14T23:24:00Z,0
2025-01-15T00:00:00Z,0.11610114
2025-01-15T00:36:00Z,0.7125044
2025-01-15T01:12:00Z,0.5115883
2025-01-15T01:48:00Z,0.7598684
2025-01-15T02:24:00Z,0
2025-01-15T03:00:00Z,0.8391522
2025-01-15T03:36:00Z,0
2025-01-15T04:12:00Z,0.077824585
2025-01-15T04:48:00Z,0.70239323
2025-01-15T05:24:00Z,0.7099047
2025-01-15T06:00:00Z,0.24232674
2025-01-15T06:36:00Z,0.8604044
2025-01-15T07:12:00Z,0
2025-01-15T08:24:00Z,0.55613965
2025-01-15T11:24:00Z,0.08819495
2025-01-15T12:00:00Z,0.91575587
2025-01-15T12:36:00Z,0
2025-01-15T13:12:00Z,0.08396948
2025-01-15T13:48:00Z,0.66167957
2025-01-15T15:00:00Z,0.29986402
2025-01-15T15:36:00Z,0.93324184
2025-01-15T16:12:00Z,0
2025-01-15T18:00:00Z,0.025504783
2025-01-15T18:36:00Z,0.913874
2025-01-15T19:12:00Z,0
2025-01-15T19:48:00Z,0.28945005
2025-01-15T20:24:00Z,0.0064432635
2025-01-15T21:00:00Z,0.8187648
2025-01-15T21:36:00Z,0
2025-01-15T22:12:00Z,0.71442974
2025-01-16T00:36:00Z,0.3974102
2025-01-16T01:12:00Z,0.03144658
2025-01-16T02:24:00Z,0.33953547
2025-01-16T03:00:00Z,0.058953993
2025-01-16T04:48:00Z,0.82106435
2025-01-16T05:24:00Z,0
2025-01-16T06:00:00Z,0.014774139
2025-01-16T06:36:00Z,0.828801
2025-01-16T07:12:00Z,0
2025-01-16T07:48:00Z,0.6002663
2025-01-16T09:36:00Z,0.5963552
2025-01-16T10:12:00Z,0.22452861
2025-01-16T10:48:00Z,0.9568426
2025-01-16T11:24:00Z,0
2025-01-16T12:00:00Z,0.9903638
2025-01-16T12:36:00Z,0
2025-01-16T13:48:00Z,0.15204117
2025-01-16T14:24:00Z,0.85680264
2025-01-16T15:00:00Z,0
2025-01-16T15:36:00Z,0.96992826
2025-01-16T16:12:00Z,0
2025-01-16T16:48:00Z,0.5165441
2025-01-16T19:48:00Z,0.14172943
2025-01-16T22:12:00Z,0.68724924
2025-01-16T22:48:00Z,0.09637945
2025-01-16T23:24:00Z,0.15077944
2025-01-17T00:00:00Z,0.92201346
2025-01-17T00:36:00Z,0
2025-01-17T02:24:00Z,0.8490131
2025-01-17T03:00:00Z,0
2025-01-17T03:36:00Z,0.027336532
2025-01-17T04:12:00Z,0.8575231
2025-01-17T04:48:00Z,0
2025-01-17T05:24:00Z,0.6228233
2025-01-17T06:36:00Z,0.93951577
2025-01-17T07:12:00Z,0
2025-01-17T07:48:00Z,0.67646414
2025-01-17T08:24:00Z,0.63833797
2025-01-17T09:00:00Z,0.09680645
2025-01-17T09:36:00Z,0.45067567
2025-01-17T10:48:00Z,0.17076309
2025-01-17T11:24:00Z,0.9389821
2025-01-17T12:00:00Z,0
2025-01-17T12:36:00Z,0.005464011
2025-01-17T13:12:00Z,0.8380389
2025-01-17T13:48:00Z,0
2025-01-17T15:00:00Z,0.36148962
2025-01-17T15:36:00Z,0.1485288
2025-01-17T16:12:00Z,0.9561369
2025-01-17T16:48:00Z,0
2025-01-17T17:24:00Z,0.40170842
2025-01-17T18:00:00Z,0.05287998
2025-01-17T18:36:00Z,0.7894318
2025-01-17T19:12:00Z,0
2025-01-17T19:48:00Z,0.060211632
2025-01-17T20:24:00Z,0.9569869
2025-01-17T21:00:00Z,0
2025-01-17T22:12:00Z,0.9349484
2025-01-17T22:48:00Z,0
2025-01-18T00:36:00Z,0.6124873
2025-01-18T02:24:00Z,0.24176538
2025-01-18T03:00:00Z,0.67203593
2025-01-18T04:48:00Z,0.5308392
2025-01-18T05:24:00Z,0.20742846
2025-01-18T06:00:00Z,0.998134
2025-01-18T06:36:00Z,0
2025-01-18T07:12:00Z,0.74772054
2025-01-18T07:48:00Z,0.98341686
2025-01-18T08:24:00Z,0
2025-01-18T09:00:00Z,0.967471
2025-01-18T09:36:00Z,0
2025-01-18T10:12:00Z,0.72158945
2025-01-18T10:48:00Z,0.049994014
2025-01-18T12:00:00Z,0.8987653
2025-01-18T12:36:00Z,0
2025-01-18T13:12:00Z,0.9010579
2025-01-18T13:48:00Z,0
2025-01-18T14:24:00Z,0.37409997
2025-01-18T15:36:00Z,0.22117543
2025-01-18T16:48:00Z,0.87616193
2025-01-18T17:24:00Z,0
2025-01-18T18:36:00Z,0.6845137
2025-01-18T19:48:00Z,0.45003214
2025-01-18T20:24:00Z,0.77156377
2025-01-18T21:00:00Z,0
2025-01-18T22:12:00Z,0.32909247
2025-01-18T22:48:00Z,0.9481892
2025-01-18T23:24:00Z,0
2025-01-19T00:00:00Z,0.8726801
2025-01-19T00:36:00Z,0
2025-01-19T01:12:00Z,0.50768197
2025-01-19T02:24:00Z,0.40096435
2025-01-19T03:00:00Z,0.71693385
2025-01-19T03:36:00Z,0.044628937
2025-01-19T04:48:00Z,0.2036928
2025-01-19T05:24:00Z,0.8255299
2025-01-19T06:00:00Z,0
2025-01-19T06:36:00Z,0.6946939
2025-01-19T07:12:00Z,0.04198048
2025-01-19T08:24:00Z,0.22191598
2025-01-19T09:00:00Z,0.9699034
2025-01-19T09:36:00Z,0
2025-01-19T10:48:00Z,0.8641335
2025-01-19T11:24:00Z,0
2025-01-19T13:48:00Z,0.5641227
2025-01-19T14:24:00Z,0.21078208
2025-01-19T15:00:00Z,0.88785297
2025-01-19T15:36:00Z,0
2025-01-19T16:12:00Z,0.47624177
2025-01-19T16:48:00Z,0.14317763
2025-01-19T18:36:00Z,0.77054006
2025-01-19T19:12:00Z,0
2025-01-19T19:48:00Z,0.84482425
2025-01-19T20:24:00Z,0
2025-01-19T22:12:00Z,0.97826415
2025-01-19T22:48:00Z,0
2025-01-20T01:12:00Z,0.81800723
2025-01-20T01:48:00Z,0
2025-01-20T02:24:00Z,0.8017512
2025-01-20T03:00:00Z,0
2025-01-20T03:36:00Z,0.7641663
2025-01-20T04:12:00Z,0
2025-01-20T04:48:00Z,0.51704764
2025-01-20T05:24:00Z,0.18671577
2025-01-20T06:00:00Z,0.80139655
2025-01-20T06:36:00Z,0
2025-01-20T08:24:00Z,0.48424524
2025-01-20T10:12:00Z,0.19501379
2025-01-20T10:48:00Z,0.8403969
2025-01-20T11:24:00Z,0
2025-01-20T12:00:00Z,0.47216198
2025-01-20T13:12:00Z,0.1936231
2025-01-20T13:48:00Z,0.8223667
2025-01-20T14:24:00Z,0
2025-01-20T15:36:00Z,0.23187849
2025-01-20T16:12:00Z,0.9017917
2025-01-20T16:48:00Z,0
2025-01-20T18:00:00Z,0.97339493
2025-01-20T18:36:00Z,0
2025-01-20T19:12:00Z,0.48979893
2025-01-20T20:24:00Z,0.008964535
2025-01-20T21:00:00Z,0.66101027
2025-01-20T21:36:00Z,0.35380536
2025-01-20T22:12:00Z,0.8322426
2025-01-20T22:48:00Z,0
2025-01-20T23:24:00Z,0.9239646
2025-01-21T00:00:00Z,0
2025-01-21T00:36:00Z,0.91912764
2025-01-21T01:12:00Z,0
2025-01-21T01:48:00Z,0.11540837
2025-01-21T02:24:00Z,0.73161966
2025-01-21T03:36:00Z,0.82733816
2025-01-21T04:12:00Z,0
2025-01-21T04:48:00Z,0.9492337
2025-01-21T05:24:00Z,0
2025-01-21T06:00:00Z,0.37459934
2025-01-21T07:12:00Z,0.17609383
2025-01-21T08:24:00Z,0.9222831
2025-01-21T09:00:00Z,0
2025-01-21T09:36:00Z,0.45782074
2025-01-21T10:48:00Z,0.29415175
2025-01-21T11:24:00Z,0.6339126
2025-01-21T12:36:00Z,0.58437026
2025-01-21T13:12:00Z,0.890198
2025-01-21T13:48:00Z,0
2025-01-21T14:24:00Z,0.8944038
2025-01-21T15:00:00Z,0
2025-01-21T16:12:00Z,0.38312244
2025-01-21T16:48:00Z,0.9376023
2025-01-21T17:24:00Z,0
2025-01-21T18:00:00Z,0.8013942
2025-01-21T18:36:00Z,0
2025-01-21T19:12:00Z,0.652586
2025-01-21T19:48:00Z,0.060520332
2025-01-21T20:24:00Z,0.654886
2025-01-21T21:00:00Z,0.8085258
2025-01-21T21:36:00Z,0
2025-01-21T22:12:00Z,0.74361265
2025-01-21T22:48:00Z,0.31220043
2025-01-22T00:00:00Z,0.9582163
2025-01-22T00:36:00Z,0
2025-01-22T01:48:00Z,0.76304656
2025-01-22T02:24:00Z,0
2025-01-22T03:36:00Z,0.76289356
2025-01-22T04:12:00Z,0
2025-01-22T04:48:00Z,0.89676344
2025-01-22T05:24:00Z,0
2025-01-22T06:00:00Z,0.46753785
2025-01-22T06:36:00Z,0.047355615
2025-01-22T07:12:00Z,0.4325451
2025-01-22T07:48:00Z,0.31141493
2025-01-22T09:00:00Z,0.69919354
2025-01-22T09:36:00Z,0.031017123
2025-01-22T10:12:00Z,0.7668521
2025-01-22T10:48:00Z,0
2025-01-22T11:24:00Z,0.31292707
2025-01-22T13:12:00Z,0.028540628
2025-01-22T13:48:00Z,0.4507431
2025-01-22T14:24:00Z,0.13339768
2025-01-22T15:00:00Z,0.22576246
2025-01-22T15:36:00Z,0.74035954
2025-01-22T16:48:00Z,0.8040704
2025-01-22T17:24:00Z,0
2025-01-22T18:36:00Z,0.73401624
2025-01-22T19:12:00Z,0.7704965
2025-01-22T19:48:00Z,0
2025-01-22T20:24:00Z,0.5248908
2025-01-22T21:00:00Z,0.1709197
2025-01-22T21:36:00Z,0.7869685
2025-01-22T22:12:00Z,0
2025-01-22T23:24:00Z,0.15623419
2025-01-23T00:00:00Z,0.5685359
2025-01-23T01:12:00Z,0.19826609
2025-01-23T01:48:00Z,0.42949057
2025-01-23T02:24:00Z,0.016046057
2025-01-23T03:36:00Z,0.25040296
2025-01-23T04:12:00Z,0.05943018
2025-01-23T04:48:00Z,0.71086204
2025-01-23T06:00:00Z,0.33619717
2025-01-23T07:48:00Z,0.42504936
2025-01-23T08:24:00Z,0.21954414
2025-01-23T09:00:00Z,0.777788
2025-01-23T09:36:00Z,0
2025-01-23T10:48:00Z,0.26615927
2025-01-23T12:00:00Z,0.14017183
2025-01-23T13:48:00Z,0.12313427
2025-01-23T14:24:00Z,0.6726522
2025-01-23T15:00:00Z,0.58074087
2025-01-23T15:36:00Z,0.03561294
2025-01-23T17:24:00Z,0.4342687
2025-01-23T18:36:00Z,0.7934851
2025-01-23T19:12:00Z,0
2025-01-23T20:24:00Z,0.071877316
2025-01-23T21:00:00Z,0.83984935
2025-01-23T21:36:00Z,0
2025-01-23T22:12:00Z,0.7732267
2025-01-23T22:48:00Z,0
2025-01-23T23:24:00Z,0.38726178
2025-01-24T02:24:00Z,0.5780221
2025-01-24T03:00:00Z,0.07730787
2025-01-24T04:12:00Z,0.486945
2025-01-24T05:24:00Z,0.5178232
2025-01-24T06:00:00Z,0.8036433
2025-01-24T06:36:00Z,0
2025-01-24T08:24:00Z,0.9522051
2025-01-24T09:00:00Z,0
2025-01-24T09:36:00Z,0.7430298
2025-01-24T10:12:00Z,0.8881104
2025-01-24T10:48:00Z,0
2025-01-24T12:00:00Z,0.7317189
2025-01-24T12:36:00Z,0.825551
2025-01-24T13:12:00Z,0
2025-01-24T13:48:00Z,0.7995125
2025-01-24T14:24:00Z,0
2025-01-24T16:12:00Z,0.76102567
2025-01-24T16:48:00Z,0
2025-01-24T18:00:00Z,0.07058208
2025-01-24T18:36:00Z,0.8928675
2025-01-24T19:12:00Z,0
2025-01-24T19:48:00Z,0.8213783
2025-01-24T20:24:00Z,0
2025-01-24T21:00:00Z,0.700573
2025-01-24T21:36:00Z,0.74423826
2025-01-24T22:12:00Z,0.30224448
2025-01-24T22:48:00Z,0.8684675
2025-01-24T23:24:00Z,0
2025-01-25T00:00:00Z,0.9893245
2025-01-25T00:36:00Z,0
2025-01-25T01:12:00Z,0.50782746
2025-01-25T01:48:00Z,0.25683978
2025-01-25T02:24:00Z,0.84747964
2025-01-25T03:00:00Z,0
2025-01-25T03:36:00Z,0.8205486
2025-01-25T04:12:00Z,0
2025-01-25T05:24:00Z,0.7673546
2025-01-25T06:00:00Z,0
2025-01-25T06:36:00Z,0.70979726
2025-01-25T07:12:00Z,0.34958157
2025-01-25T07:48:00Z,0.88165367
2025-01-25T08:24:00Z,0
2025-01-25T09:00:00Z,0.76131517
2025-01-25T09:36:00Z,0
2025-01-25T10:12:00Z,0.7192312
2025-01-25T10:48:00Z,0.29317108
2025-01-25T12:36:00Z,0.55540985
2025-01-25T13:12:00Z,0.53396916
2025-01-25T13:48:00Z,0.030829683
2025-01-25T14:24:00Z,0.13820066
2025-01-25T15:00:00Z,0.96651226
2025-01-25T15:36:00Z,0
2025-01-25T16:12:00Z,0.9774272
2025-01-25T16:48:00Z,0
2025-01-25T17:24:00Z,0.94252855
2025-01-25T18:00:00Z,0
2025-01-25T18:36:00Z,0.99897385
2025-01-25T19:12:00Z,0
2025-01-25T20:24:00Z,0.98421043
2025-01-25T21:00:00Z,0
2025-01-25T22:12:00Z,0.70041543
2025-01-26T00:00:00Z,0.25514135
2025-01-26T00:36:00Z,0.67055494
2025-01-26T02:24:00Z,0.065862596
2025-01-26T03:00:00Z,0.41544595
2025-01-26T03:36:00Z,0.27565938
2025-01-26T04:12:00Z,0.7769067
2025-01-26T04:48:00Z,0
2025-01-26T05:24:00Z,0.14918149
2025-01-26T06:00:00Z,0.89648175
2025-01-26T06:36:00Z,0
2025-01-26T07:12:00Z,0.844465
2025-01-26T07:48:00Z,0
2025-01-26T08:24:00Z,0.81282514
2025-01-26T09:00:00Z,0
2025-01-26T09:36:00Z,0.9106802
2025-01-26T10:12:00Z,0
2025-01-26T12:00:00Z,0.62894595
2025-01-26T12:36:00Z,0.27425998
2025-01-26T13:12:00Z,0.74038893
2025-01-26T13:48:00Z,0.6726501
2025-01-26T14:24:00Z,0.110568956
2025-01-26T15:36:00Z,0.4803698
2025-01-26T16:48:00Z,0.056480814
2025-01-26T18:36:00Z,0.8451914
2025-01-26T19:12:00Z,0
2025-01-26T19:48:00Z,0.65632904
2025-01-26T21:00:00Z,0.5131916
2025-01-26T21:36:00Z,0.7932489
2025-01-26T22:12:00Z,0
2025-01-26T22:48:00Z,0.052153025
2025-01-26T23:24:00Z,0.6987711
2025-01-27T01:48:00Z,0.6020587
2025-01-27T02:24:00Z,0.32526258
2025-01-27T03:00:00Z,0.69440234
2025-01-27T04:12:00Z,0.29620385
2025-01-27T06:00:00Z,0.23819195
2025-01-27T06:36:00Z,0.69221914
2025-01-27T09:00:00Z,0.46866414
2025-01-27T09:36:00Z,0.09284096
2025-01-27T10:12:00Z,0.79174376
2025-01-27T10:48:00Z,0
2025-01-27T12:00:00Z,0.24731252
2025-01-27T12:36:00Z,0.9541022
2025-01-27T13:12:00Z,0
2025-01-27T13:48:00Z,0.609602
2025-01-27T14:24:00Z,0.8125752
2025-01-27T15:00:00Z,0
2025-01-27T16:48:00Z,0.6928855
2025-01-27T17:24:00Z,0.011401633
2025-01-27T18:00:00Z,0.8330482
2025-01-27T18:36:00Z,0
2025-01-27T19:12:00Z,0.15892276
2025-01-27T19:48:00Z,0.96855414
2025-01-27T20:24:00Z,0
2025-01-27T21:00:00Z,0.67853904
2025-01-27T21:36:00Z,0.94472945
2025-01-27T22:12:00Z,0
2025-01-27T22:48:00Z,0.7992542
2025-01-27T23:24:00Z,0
2025-01-28T00:36:00Z,0.2600195
2025-01-28T01:12:00Z,0.12758686
2025-01-28T01:48:00Z,0.62891906
2025-01-28T03:36:00Z,0.33209178
2025-01-28T04:12:00Z,0.80927664
2025-01-28T04:48:00Z,0
2025-01-28T07:48:00Z,0.75538075
2025-01-28T08:24:00Z,0
2025-01-28T09:00:00Z,0.84664834
2025-01-28T09:36:00Z,0
2025-01-28T10:12:00Z,0.2720806
2025-01-28T11:24:00Z,0.0038459986
2025-01-28T12:00:00Z,0.8976187
2025-01-28T12:36:00Z,0
2025-01-28T13:12:00Z,0.78259856
2025-01-28T13:48:00Z,0
2025-01-28T14:24:00Z,0.89189446
2025-01-28T15:00:00Z,0
2025-01-28T16:48:00Z,0.63580126
2025-01-28T18:00:00Z,0.15957433
2025-01-28T18:36:00Z,0.5969351
2025-01-28T19:12:00Z,0.2272814
2025-01-28T19:48:00Z,0.75061315
2025-01-28T20:24:00Z,0
2025-01-28T22:12:00Z,0.8939116
2025-01-28T22:48:00Z,0
2025-01-28T23:24:00Z,0.77867913
2025-01-29T00:00:00Z,0
2025-01-29T00:36:00Z,0.4651512
2025-01-29T01:12:00Z,0.51335925
2025-01-29T01:48:00Z,0.038316455
2025-01-29T03:00:00Z,0.8194644
2025-01-29T03:36:00Z,0
2025-01-29T04:12:00Z,0.018996596
2025-01-29T04:48:00Z,0.90434384
2025-01-29T05:24:00Z,0
2025-01-29T06:00:00Z,0.38775507
2025-01-29T06:36:00Z,0.014795267
2025-01-29T07:12:00Z,0.98372954
2025-01-29T07:48:00Z,0
2025-01-29T08:24:00Z,0.5386867
2025-01-29T09:36:00Z,0.24175091
2025-01-29T10:48:00Z,0.8251196
2025-01-29T11:24:00Z,0
2025-01-29T12:00:00Z,0.046539973
2025-01-29T13:12:00Z,0.9589093
2025-01-29T13:48:00Z,0
2025-01-29T15:36:00Z,0.6855126
2025-01-29T16:12:00Z,0.2392946
2025-01-29T16:48:00Z,0.90082365
2025-01-29T17:24:00Z,0
2025-01-29T18:00:00Z,0.05727824
2025-01-29T18:36:00Z,0.5682325
2025-01-29T19:48:00Z,0.958754
2025-01-29T20:24:00Z,0
2025-01-29T21:36:00Z,0.7624382
2025-01-29T22:12:00Z,0
2025-01-29T22:48:00Z,0.6991481
2025-01-29T23:24:00Z,0.77070147
2025-01-30T00:00:00Z,0
2025-01-30T01:12:00Z,0.21016726
2025-01-30T01:48:00Z,0.11371055
2025-01-30T02:24:00Z,0.8526822
2025-01-30T03:00:00Z,0
2025-01-30T03:36:00Z,0.58249193
2025-01-30T04:12:00Z,0.10504707
2025-01-30T04:48:00Z,0.71497774
2025-01-30T05:24:00Z,0.91687274
2025-01-30T06:00:00Z,0
2025-01-30T06:36:00Z,0.59130144
2025-01-30T07:12:00Z,0.028843606
2025-01-30T09:00:00Z,0.8541471
2025-01-30T09:36:00Z,0
2025-01-30T11:24:00Z,0.6441216
2025-01-30T12:00:00Z,0.06262576
2025-01-30T13:48:00Z,0.7941098
2025-01-30T14:24:00Z,0
2025-01-30T15:00:00Z,0.8662133
2025-01-30T15:36:00Z,0
2025-01-30T16:12:00Z,0.010973347
2025-01-30T16:48:00Z,0.5738637
2025-01-30T18:00:00Z,0.5444786
2025-01-30T18:36:00Z,0.94718313
2025-01-30T19:12:00Z,0
2025-01-30T20:24:00Z,0.7884309
2025-01-30T21:00:00Z,0
2025-01-30T22:12:00Z,0.5473507
2025-01-30T23:24:00Z,0.14218299
2025-01-31T00:36:00Z,0.74012023
2025-01-31T03:36:00Z,0.00078534056
2025-01-31T05:24:00Z,0.5493333
2025-01-31T06:36:00Z,0.38392192
2025-01-31T07:48:00Z,0.53011376
2025-01-31T09:00:00Z,0.21710047
2025-01-31T09:36:00Z,0.6511841
2025-01-31T10:12:00Z,0.41479152
2025-01-31T11:24:00Z,0.91837734
2025-01-31T12:00:00Z,0
2025-01-31T12:36:00Z,0.36836612
2025-01-31T13:12:00Z,0.26932552
2025-01-31T13:48:00Z,0.7317289
2025-01-31T14:24:00Z,0.7288935
2025-01-31T15:00:00Z,0.28787765
2025-01-31T15:36:00Z,0.80930007
2025-01-31T16:12:00Z,0
2025-01-31T16:48:00Z,0.7993248
2025-01-31T17:24:00Z,0
2025-01-31T18:00:00Z,0.615426
2025-01-31T18:36:00Z,0.08711584
2025-01-31T19:12:00Z,0.07370762
2025-01-31T19:48:00Z,0.74264693
2025-01-31T21:00:00Z,0.65168697
2025-01-31T22:12:00Z,0.008313446
2025-01-31T22:48:00Z,0.48679662
2025-02-01T00:36:00Z,0.16499892
2025-02-01T01:12:00Z,0.8319993
2025-02-01T01:48:00Z,0
2025-02-01T02:24:00Z,0.8604106
2025-02-01T03:00:00Z,0
2025-02-01T04:48:00Z,0.6981613
2025-02-01T05:24:00Z,0.026125293
2025-02-01T06:36:00Z,0.7586053
2025-02-01T07:12:00Z,0
2025-02-01T07:48:00Z,0.75856566
2025-02-01T08:24:00Z,0
2025-02-01T09:00:00Z,0.36681494
2025-02-01T10:12:00Z,0.019382188
2025-02-01T11:24:00Z,0.96348673
2025-02-01T12:00:00Z,0
2025-02-01T13:12:00Z,0.82951415
2025-02-01T13:48:00Z,0
2025-02-01T14:24:00Z,0.54331785
2025-02-01T15:00:00Z,0.6228121
2025-02-01T15:36:00Z,0.25315306
2025-02-01T16:12:00Z,0.66310245
2025-02-01T16:48:00Z,0.19598436
2025-02-01T18:00:00Z,0.7027438
2025-02-01T18:36:00Z,0.50220114
2025-02-01T19:12:00Z,0.8268928
2025-02-01T19:48:00Z,0
2025-02-01T20:24:00Z,0.4487672
2025-02-01T22:48:00Z,0.19456986
2025-02-01T23:24:00Z,0.82834864
2025-02-02T00:00:00Z,0
2025-02-02T00:36:00Z,0.59455514
2025-02-02T02:24:00Z,0.53472656
2025-02-02T03:00:00Z,0.93822175
2025-02-02T03:36:00Z,0
2025-02-02T04:48:00Z,0.1705894
2025-02-02T05:24:00Z,0.7482118
2025-02-02T06:00:00Z,0.7915138
2025-02-02T06:36:00Z,0
2025-02-02T08:24:00Z,0.5155086
2025-02-02T10:12:00Z,0.28415263
2025-02-02T10:48:00Z,0.8077642
2025-02-02T11:24:00Z,0
2025-02-02T12:00:00Z,0.67611694
2025-02-02T12:36:00Z,0.9508497
2025-02-02T13:12:00Z,0
2025-02-02T13:48:00Z,0.6080216
2025-02-02T15:00:00Z,0.30668694
2025-02-02T15:36:00Z,0.92876923
2025-02-02T16:12:00Z,0
2025-02-02T16:48:00Z,0.9910964
2025-02-02T17:24:00Z,0
2025-02-02T18:00:00Z,0.6982289
2025-02-02T18:36:00Z,0.9936483
2025-02-02T19:12:00Z,0
2025-02-02T21:36:00Z,0.6727797
2025-02-02T22:12:00Z,0.3730865
2025-02-02T22:48:00Z,0.9973661
2025-02-02T23:24:00Z,0
2025-02-03T01:12:00Z,0.98463535
2025-02-03T01:48:00Z,0
2025-02-03T03:00:00Z,0.4282419
2025-02-03T03:36:00Z,0.26490396
2025-02-03T04:12:00Z,0.8765466
2025-02-03T04:48:00Z,0
2025-02-03T05:24:00Z,0.021116497
2025-02-03T06:00:00Z,0.6634118
2025-02-03T06:36:00Z,0.55935687
2025-02-03T07:12:00Z,0.9824964
2025-02-03T07:48:00Z,0
2025-02-03T09:36:00Z,0.020194871
2025-02-03T10:48:00Z,0.61080736
2025-02-03T11:24:00Z,0.4593567
2025-02-03T12:00:00Z,0.7805743
2025-02-03T12:36:00Z,0
2025-02-03T13:12:00Z,0.506685
2025-02-03T13:48:00Z,0.111381255
2025-02-03T15:00:00Z,0.88765144
2025-02-03T15:36:00Z,0
2025-02-03T16:12:00Z,0.8125161
2025-02-03T16:48:00Z,0
2025-02-03T17:24:00Z,0.99837536
2025-02-03T18:00:00Z,0
2025-02-03T18:36:00Z,0.58928394
2025-02-03T19:48:00Z,0.06175105
2025-02-03T20:24:00Z,0.90415275
2025-02-03T21:00:00Z,0
2025-02-03T21:36:00Z,0.6956584
2025-02-03T22:12:00Z,0.21195152
2025-02-04T00:00:00Z,0.8269974
2025-02-04T00:36:00Z,0
2025-02-04T02:24:00Z,0.5130018
2025-02-04T03:00:00Z,0.23927398
2025-02-04T04:12:00Z,0.75104606
2025-02-04T04:48:00Z,0
2025-02-04T06:00:00Z,0.81213945
2025-02-04T06:36:00Z,0
2025-02-04T07:48:00Z,0.80981004
2025-02-04T08:24:00Z,0
2025-02-04T10:12:00Z,0.77735615
2025-02-04T10:48:00Z,0
2025-02-04T11:24:00Z,0.4713472
2025-02-04T12:36:00Z,0.30191562
2025-02-04T13:12:00Z,0.56781656
2025-02-04T13:48:00Z,0.22375044
2025-02-04T14:24:00Z,0.57569826
2025-02-04T15:00:00Z,0.095479146
2025-02-04T16:12:00Z,0.17104526
2025-02-04T16:48:00Z,0.6748334
2025-02-04T17:24:00Z,0.26907215
2025-02-04T18:00:00Z,0.77331746
2025-02-04T18:36:00Z,0
2025-02-04T19:12:00Z,0.9156796
2025-02-04T19:48:00Z,0
2025-02-04T21:36:00Z,0.6517091
2025-02-04T22:12:00Z,0.09952872
2025-02-04T23:24:00Z,0.9917722
2025-02-05T00:00:00Z,0
2025-02-05T01:48:00Z,0.85521024
2025-02-05T02:24:00Z,0
2025-02-05T03:00:00Z,0.8422689
2025-02-05T03:36:00Z,0
2025-02-05T04:12:00Z,0.83302945
2025-02-05T04:48:00Z,0
2025-02-05T06:36:00Z,0.6444337
2025-02-05T08:24:00Z,0.13681072
2025-02-05T09:00:00Z,0.6093645
2025-02-05T10:48:00Z,0.36384994
2025-02-05T11:24:00Z,0.94260997
2025-02-05T12:00:00Z,0
2025-02-05T12:36:00Z,0.7397575
2025-02-05T13:12:00Z,0.28203273
2025-02-05T13:48:00Z,0.81270134
2025-02-05T14:24:00Z,0
2025-02-05T15:00:00Z,0.8323612
2025-02-05T15:36:00Z,0
2025-02-05T16:48:00Z,0.49997422
2025-02-05T18:36:00Z,0.067978635
2025-02-05T19:12:00Z,0.9904595
2025-02-05T19:48:00Z,0
2025-02-05T21:00:00Z,0.7276511
2025-02-05T21:36:00Z,0.061838895
2025-02-05T23:24:00Z,0.2785438
2025-02-06T00:00:00Z,0.736889
2025-02-06T00:36:00Z,0.07360703
2025-02-06T01:48:00Z,0.8142638
2025-02-06T02:24:00Z,0
2025-02-06T03:00:00Z,0.66822463
2025-02-06T03:36:00Z,0.36307132
2025-02-06T04:12:00Z,0.8632265
2025-02-06T04:48:00Z,0
2025-02-06T06:00:00Z,0.20597917
2025-02-06T06:36:00Z,0.70381796
2025-02-06T07:12:00Z,0.040924713
2025-02-06T07:48:00Z,0.4176255
2025-02-06T08:24:00Z,0.08898066
2025-02-06T09:36:00Z,0.9178358
2025-02-06T10:12:00Z,0
2025-02-06T12:00:00Z,0.94914246
2025-02-06T12:36:00Z,0
2025-02-06T13:12:00Z,0.70546305
2025-02-06T13:48:00Z,0.05464974
2025-02-06T15:36:00Z,0.90266997
2025-02-06T16:12:00Z,0
2025-02-06T16:48:00Z,0.65141886
2025-02-06T17:24:00Z,0.72814757
2025-02-06T18:36:00Z,0.078147605
2025-02-06T19:48:00Z,0.7096485
2025-02-06T21:00:00Z,0.15503629
2025-02-06T21:36:00Z,0.68042004
2025-02-06T22:12:00Z,0.124316
2025-02-06T23:24:00Z,0.9128269
2025-02-07T00:00:00Z,0
2025-02-07T00:36:00Z,0.058658835
2025-02-07T01:12:00Z,0.59024763
2025-02-07T02:24:00Z,0.48987415
2025-02-07T03:00:00Z,0.9682695
2025-02-07T03:36:00Z,0
2025-02-07T04:12:00Z,0.45712835
2025-02-07T04:48:00Z,0.13744023
2025-02-07T05:24:00Z,0.78744096
2025-02-07T06:00:00Z,0
2025-02-07T07:12:00Z,0.6954571
2025-02-07T07:48:00Z,0.77595437
2025-02-07T08:24:00Z,0
2025-02-07T11:24:00Z,0.7362778
2025-02-07T12:00:00Z,0.22580996
2025-02-07T12:36:00Z,0.42222396
2025-02-07T13:12:00Z,0.16763523
2025-02-07T13:48:00Z,0.6394915
2025-02-07T14:24:00Z,0.071372
2025-02-07T15:00:00Z,0.8235279
2025-02-07T15:36:00Z,0
2025-02-07T16:12:00Z,0.8391282
2025-02-07T16:48:00Z,0
2025-02-07T17:24:00Z,0.6494694
2025-02-07T18:00:00Z,0.79988134
2025-02-07T18:36:00Z,0
2025-02-07T19:12:00Z,0.19744043
2025-02-07T19:48:00Z,0.7973414
2025-02-07T20:24:00Z,0
2025-02-07T22:48:00Z,0.57703364
2025-02-07T23:24:00Z,0.91337055
2025-02-08T00:00:00Z,0
2025-02-08T00:36:00Z,0.43812358
2025-02-08T01:12:00Z,0.21958497
2025-02-08T02:24:00Z,0.9089393
2025-02-08T03:00:00Z,0
2025-02-08T03:36:00Z,0.84290904
2025-02-08T04:12:00Z,0
2025-02-08T04:48:00Z,0.3565356
2025-02-08T05:24:00Z,0.048457116
2025-02-08T06:36:00Z,0.884006
2025-02-08T07:12:00Z,0
2025-02-08T07:48:00Z,0.9594405
2025-02-08T08:24:00Z,0
2025-02-08T09:36:00Z,0.88187474
2025-02-08T10:12:00Z,0
2025-02-08T10:48:00Z,0.87013173
2025-02-08T11:24:00Z,0
2025-02-08T12:00:00Z,0.765286
2025-02-08T12:36:00Z,0
2025-02-08T14:24:00Z,0.2621667
2025-02-08T15:00:00Z,0.74434507
2025-02-08T15:36:00Z,0.30506703
2025-02-08T16:12:00Z,0.7024011
2025-02-08T17:24:00Z,0.30322567
2025-02-08T18:00:00Z,0.9935995
2025-02-08T18:36:00Z,0
2025-02-08T19:48:00Z,0.92652345
2025-02-08T20:24:00Z,0
2025-02-08T21:36:00Z,0.5346017
2025-02-08T22:48:00Z,0.21119565
2025-02-09T00:00:00Z,0.46540725
2025-02-09T00:36:00Z,0.05895516
2025-02-09T01:12:00Z,0.36420685
2025-02-09T02:24:00Z,0.19047725
2025-02-09T03:00:00Z,0.9895549
2025-02-09T03:36:00Z,0
2025-02-09T04:12:00Z,0.7168676
2025-02-09T04:48:00Z,0.915463
2025-02-09T05:24:00Z,0
2025-02-09T06:00:00Z,0.40711772
2025-02-09T07:12:00Z,0.054850385
2025-02-09T08:24:00Z,0.66476756
2025-02-09T09:00:00Z,0.2494047
2025-02-09T09:36:00Z,0.3630724
2025-02-09T10:12:00Z,0.9449909
2025-02-09T10:48:00Z,0
2025-02-09T12:00:00Z,0.40597516
2025-02-09T13:12:00Z,0.010822861
2025-02-09T13:48:00Z,0.38655317
2025-02-09T15:00:00Z,0.08196032
2025-02-09T15:36:00Z,0.7331821
2025-02-09T16:12:00Z,0.22454326
2025-02-09T16:48:00Z,0.95901537
2025-02-09T17:24:00Z,0
2025-02-09T18:00:00Z,0.1809349
2025-02-09T18:36:00Z,0.8467164
2025-02-09T19:12:00Z,0
2025-02-09T20:24:00Z,0.6653206
2025-02-09T21:00:00Z,0.3796292
2025-02-09T21:36:00Z,0.93282366
2025-02-09T22:12:00Z,0
2025-02-09T22:48:00Z,0.092213795
2025-02-09T23:24:00Z,0.63719326
2025-02-10T00:00:00Z,0.36089408
2025-02-10T00:36:00Z,0.89430916
2025-02-10T01:12:00Z,0
2025-02-10T02:24:00Z,0.54034764
2025-02-10T03:00:00Z,0.039225213
2025-02-10T04:48:00Z,0.3730357
2025-02-10T05:24:00Z,0.1329613
2025-02-10T06:00:00Z,0.64872515
2025-02-10T06:36:00Z,0.44614306
2025-02-10T07:48:00Z,0.8959428
2025-02-10T08:24:00Z,0
2025-02-10T09:00:00Z,0.80092186
2025-02-10T09:36:00Z,0
2025-02-10T10:12:00Z,0.3908402
2025-02-10T10:48:00Z,0.3719672
2025-02-10T11:24:00Z,0.76016396
2025-02-10T12:00:00Z,0
2025-02-10T13:12:00Z,0.7186903
2025-02-10T13:48:00Z,0.38549796
2025-02-10T15:00:00Z,0.84697187
2025-02-10T15:36:00Z,0
2025-02-10T16:48:00Z,0.8333956
2025-02-10T17:24:00Z,0
2025-02-10T18:00:00Z,0.5701066
2025-02-10T18:36:00Z,0.7268465
2025-02-10T19:48:00Z,0.045522414
2025-02-10T21:00:00Z,0.94144905
2025-02-10T21:36:00Z,0
2025-02-10T22:48:00Z,0.8800414
2025-02-10T23:24:00Z,0
2025-02-11T01:12:00Z,0.14543857
2025-02-11T02:24:00Z,0.90982807
2025-02-11T03:00:00Z,0
2025-02-11T03:36:00Z,0.17989917
2025-02-11T04:12:00Z,0.97550946
2025-02-11T04:48:00Z,0
2025-02-11T05:24:00Z,0.48912194
2025-02-11T06:00:00Z,0.3496854
2025-02-11T06:36:00Z,0.63274467
2025-02-11T07:12:00Z,0.42495033
2025-02-11T07:48:00Z,0.89727324
2025-02-11T08:24:00Z,0
2025-02-11T09:00:00Z,0.6740328
2025-02-11T09:36:00Z,0.23206607
2025-02-11T10:48:00Z,0.93735373
2025-02-11T11:24:00Z,0
2025-02-11T12:00:00Z,0.3448279
2025-02-11T13:12:00Z,0.22817986
2025-02-11T14:24:00Z,0.5255051
2025-02-11T15:00:00Z,0.07154603
2025-02-11T15:36:00Z,0.7537707
2025-02-11T16:12:00Z,0
2025-02-11T16:48:00Z,0.2673486
2025-02-11T18:00:00Z,0.16994776
2025-02-11T18:36:00Z,0.72513497
2025-02-11T20:24:00Z,0.33966106
2025-02-11T21:36:00Z,0.82907075
2025-02-11T22:12:00Z,0
2025-02-11T23:24:00Z,0.2785476
2025-02-12T00:00:00Z,0.85641795
2025-02-12T00:36:00Z,0
2025-02-12T01:48:00Z,0.29851818
2025-02-12T02:24:00Z,0.05135735
2025-02-12T03:00:00Z,0.6537217
2025-02-12T06:00:00Z,0.33642766
2025-02-12T07:12:00Z,0.28148746
2025-02-12T07:48:00Z,0.8929617
2025-02-12T08:24:00Z,0
2025-02-12T09:36:00Z,0.013898269
2025-02-12T10:12:00Z,0.74629325
2025-02-12T12:36:00Z,0.49472624
2025-02-12T13:12:00Z,0.7545585
2025-02-12T13:48:00Z,0
2025-02-12T14:24:00Z,0.77736664
2025-02-12T15:00:00Z,0
2025-02-12T16:12:00Z,0.7209569
2025-02-12T16:48:00Z,0.72493666
2025-02-12T17:24:00Z,0.28183037
2025-02-12T18:36:00Z,0.37027493
2025-02-12T20:24:00Z,0.020266116
2025-02-12T21:00:00Z,0.7057621
2025-02-12T21:36:00Z,0.8492107
2025-02-12T22:12:00Z,0
2025-02-13T00:36:00Z,0.75008947
2025-02-13T01:12:00Z,0
2025-02-13T01:48:00Z,0.6455477
2025-02-13T03:00:00Z,0.28193423
2025-02-13T06:36:00Z,0.50208396
2025-02-13T07:12:00Z,0.6584183
2025-02-13T07:48:00Z,0.008177565
2025-02-13T08:24:00Z,0.9973704
2025-02-13T09:00:00Z,0
2025-02-13T09:36:00Z,0.99158937
2025-02-13T10:12:00Z,0
2025-02-13T11:24:00Z,0.7290816
2025-02-13T12:00:00Z,0.1808305
2025-02-13T12:36:00Z,0.15814646
2025-02-13T13:12:00Z,0.96355015
2025-02-13T13:48:00Z,0
2025-02-13T15:00:00Z,0.28193554
2025-02-13T15:36:00Z,0.9115047
2025-02-13T16:12:00Z,0
2025-02-13T16:48:00Z,0.9370721
2025-02-13T17:24:00Z,0
2025-02-13T18:00:00Z,0.44916806
2025-02-13T19:48:00Z,0.29616615
2025-02-13T21:36:00Z,0.87467664
2025-02-13T22:12:00Z,0
2025-02-13T22:48:00Z,0.8990307
2025-02-13T23:24:00Z,0
2025-02-14T00:00:00Z,0.087347925
2025-02-14T00:36:00Z,0.80263126
2025-02-14T01:12:00Z,0
2025-02-14T03:00:00Z,0.4685161
2025-02-14T04:12:00Z,0.2732873
2025-02-14T04:48:00Z,0.9580842
2025-02-14T05:24:00Z,0
2025-02-14T06:36:00Z,0.9007763
2025-02-14T07:12:00Z,0
2025-02-14T07:48:00Z,0.24043094
2025-02-14T08:24:00Z,0.8887739
2025-02-14T09:00:00Z,0
2025-02-14T10:12:00Z,0.8470128
2025-02-14T10:48:00Z,0
2025-02-14T11:24:00Z,0.74553406
2025-02-14T12:36:00Z,0.32933438
2025-02-14T13:12:00Z,0.93918186
2025-02-14T13:48:00Z,0
2025-02-14T14:24:00Z,0.40287495
2025-02-14T15:36:00Z,0.41710916
2025-02-14T16:12:00Z,0.8202638
2025-02-14T16:48:00Z,0
2025-02-14T18:36:00Z,0.5440132
2025-02-14T19:12:00Z,0.13026246
2025-02-14T19:48:00Z,0.8123906
2025-02-14T20:24:00Z,0
2025-02-14T21:00:00Z,0.58514124
2025-02-14T21:36:00Z,0.29477447
2025-02-14T22:12:00Z,0.8315666
2025-02-14T22:48:00Z,0
2025-02-14T23:24:00Z,0.8940753
2025-02-15T00:00:00Z,0
2025-02-15T00:36:00Z,0.030380195
2025-02-15T01:12:00Z,0.6196703
2025-02-15T03:00:00Z,0.76945627
2025-02-15T03:36:00Z,0
2025-02-15T04:12:00Z,0.8838752
2025-02-15T04:48:00Z,0
2025-02-15T05:24:00Z,0.8964361
2025-02-15T06:00:00Z,0
2025-02-15T06:36:00Z,0.8923662
2025-02-15T07:12:00Z,0
2025-02-15T07:48:00Z,0.45862132
2025-02-15T08:24:00Z,0.13030529
2025-02-15T10:48:00Z,0.17738065
2025-02-15T11:24:00Z,0.6769047
2025-02-15T12:00:00Z,0.37274152
2025-02-15T12:36:00Z,0.5781687
2025-02-15T13:12:00Z,0.18929367
2025-02-15T14:24:00Z,0.67861956
2025-02-15T15:00:00Z,0.014269218
2025-02-15T15:36:00Z,0.5174433
2025-02-15T16:12:00Z,0.109793365
2025-02-15T17:24:00Z,0.23252234
2025-02-15T18:00:00Z,0.8370811
2025-02-15T18:36:00Z,0
2025-02-15T19:12:00Z,0.4115434
2025-02-15T22:12:00Z,0.6921132
2025-02-15T22:48:00Z,0.8234061
2025-02-15T23:24:00Z,0
2025-02-16T00:00:00Z,0.34376472
2025-02-16T01:12:00Z,0.03358269
2025-02-16T01:48:00Z,0.6021161
2025-02-16T02:24:00Z,0.057927206
2025-02-16T03:00:00Z,0.5390408
2025-02-16T03:36:00Z,0.4392373
2025-02-16T04:12:00Z,0.7834124
2025-02-16T04:48:00Z,0
2025-02-16T05:24:00Z,0.87843496
2025-02-16T06:00:00Z,0
2025-02-16T06:36:00Z,0.87706083
2025-02-16T07:12:00Z,0
2025-02-16T08:24:00Z,0.102632694
2025-02-16T09:00:00Z,0.67742
2025-02-16T09:36:00Z,0.23793352
2025-02-16T10:12:00Z,0.49514788
2025-02-16T10:48:00Z,0.029676877
2025-02-16T11:24:00Z,0.3100523
2025-02-16T13:12:00Z,0.047751896
2025-02-16T15:36:00Z,0.2510833
2025-02-16T16:12:00Z,0.5632928
2025-02-16T16:48:00Z,0.103198975
2025-02-16T18:00:00Z,0.1640492
2025-02-16T18:36:00Z,0.67445165
2025-02-16T19:48:00Z,0.3434765
2025-02-16T21:00:00Z,0.9303841
2025-02-16T21:36:00Z,0
2025-02-16T22:12:00Z,0.89493346
2025-02-16T22:48:00Z,0
2025-02-17T00:00:00Z,0.47906047
2025-02-17T00:36:00Z,0.22304331
2025-02-17T01:12:00Z,0.8758435
2025-02-17T01:48:00Z,0
2025-02-17T04:12:00Z,0.24989511
2025-02-17T04:48:00Z,0.62118626
2025-02-17T05:24:00Z,0.21646082
2025-02-17T06:00:00Z,0.8298225
2025-02-17T06:36:00Z,0
2025-02-17T07:12:00Z,0.28241846
2025-02-17T07:48:00Z,0.115233965
2025-02-17T08:24:00Z,0.7944042
2025-02-17T09:00:00Z,0
2025-02-17T09:36:00Z,0.2108952
2025-02-17T10:12:00Z,0.9775656
2025-02-17T10:48:00Z,0
2025-02-17T12:00:00Z,0.49912164
2025-02-17T12:36:00Z,0.16370678
2025-02-17T13:48:00Z,0.67020035
2025-02-17T14:24:00Z,0.1187043
2025-02-17T15:36:00Z,0.9032874
2025-02-17T16:12:00Z,0
2025-02-17T17:24:00Z,0.6189493
2025-02-17T18:00:00Z,0.47652546
2025-02-17T18:36:00Z,0.93660945
2025-02-17T19:12:00Z,0
2025-02-17T21:00:00Z,0.92007023
2025-02-17T21:36:00Z,0
2025-02-17T22:12:00Z,0.48884097
2025-02-17T22:48:00Z,0.15028168
2025-02-17T23:24:00Z,0.7516114
2025-02-18T00:00:00Z,0
2025-02-18T01:48:00Z,0.9257354
2025-02-18T02:24:00Z,0
2025-02-18T03:00:00Z,0.79676825
2025-02-18T03:36:00Z,0
2025-02-18T04:12:00Z,0.429593
2025-02-18T04:48:00Z,0.04192397
2025-02-18T06:00:00Z,0.014641618
2025-02-18T06:36:00Z,0.87439597
2025-02-18T07:12:00Z,0
2025-02-18T07:48:00Z,0.009337824
2025-02-18T08:24:00Z,0.7619123
2025-02-18T09:00:00Z,0
2025-02-18T09:36:00Z,0.6999642
2025-02-18T10:12:00Z,0.1781911
2025-02-18T11:24:00Z,0.68697906
2025-02-18T12:36:00Z,0.56137687
2025-02-18T13:12:00Z,0.8425868
2025-02-18T13:48:00Z,0
2025-02-18T14:24:00Z,0.91714305
2025-02-18T15:00:00Z,0
2025-02-18T16:12:00Z,0.9766432
2025-02-18T16:48:00Z,0
2025-02-18T17:24:00Z,0.4939123
2025-02-18T18:00:00Z,0.19486226
2025-02-18T18:36:00Z,0.92777675
2025-02-18T19:12:00Z,0
2025-02-18T20:24:00Z,0.8819426
2025-02-18T21:00:00Z,0
2025-02-18T23:24:00Z,0.44892192
2025-02-19T00:00:00Z,0.95050865
2025-02-19T00:36:00Z,0
2025-02-19T01:12:00Z,0.40612143
2025-02-19T01:48:00Z,0.16095197
2025-02-19T03:00:00Z,0.7934877
2025-02-19T03:36:00Z,0
2025-02-19T04:12:00Z,0.82448405
2025-02-19T04:48:00Z,0
2025-02-19T05:24:00Z,0.46059477
2025-02-19T07:12:00Z,0.75552475
2025-02-19T07:48:00Z,0
2025-02-19T08:24:00Z,0.83829564
2025-02-19T09:00:00Z,0
2025-02-19T09:36:00Z,0.58654493
2025-02-19T10:12:00Z,0.0815794
2025-02-19T10:48:00Z,0.9639292
2025-02-19T11:24:00Z,0
2025-02-19T12:36:00Z,0.7497563
2025-02-19T13:12:00Z,0.020955158
2025-02-19T13:48:00Z,0.69564176
2025-02-19T15:00:00Z,0.48079318
2025-02-19T15:36:00Z,0.71340084
2025-02-19T16:48:00Z,0.5386173
2025-02-19T17:24:00Z,0.8343467
2025-02-19T18:00:00Z,0
2025-02-19T19:12:00Z,0.8239907
2025-02-19T19:48:00Z,0
2025-02-19T22:12:00Z,0.82375216
2025-02-19T22:48:00Z,0
2025-02-19T23:24:00Z,0.6253827
2025-02-20T00:00:00Z,0.036165398
2025-02-20T00:36:00Z,0.029216578
2025-02-20T01:12:00Z,0.6031442
2025-02-20T01:48:00Z,0.069132715
2025-02-20T03:00:00Z,0.7614225
2025-02-20T03:36:00Z,0
2025-02-20T04:12:00Z,0.09047239
2025-02-20T05:24:00Z,0.9450316
2025-02-20T06:00:00Z,0
2025-02-20T06:36:00Z,0.09642043
2025-02-20T07:12:00Z,0.9315019
2025-02-20T07:48:00Z,0
2025-02-20T09:36:00Z,0.20584968
2025-02-20T10:12:00Z,0.81475115
2025-02-20T10:48:00Z,0
2025-02-20T12:00:00Z,0.42885125
2025-02-20T12:36:00Z,0.046465103
2025-02-20T13:48:00Z,0.4620994
2025-02-20T14:24:00Z,0.13829479
2025-02-20T15:00:00Z,0.82183564
2025-02-20T15:36:00Z,0
2025-02-20T16:12:00Z,0.2990831
2025-02-20T16:48:00Z,0.019036232
2025-02-20T17:24:00Z,0.6767016
2025-02-20T18:36:00Z,0.038688157
2025-02-20T19:48:00Z,0.72061634
2025-02-20T20:24:00Z,0.1962853
2025-02-20T21:00:00Z,0.9275786
2025-02-20T21:36:00Z,0
2025-02-20T22:12:00Z,0.5480175
2025-02-21T00:00:00Z,0.43748388
2025-02-21T00:36:00Z,0.7631841
2025-02-21T01:12:00Z,0
2025-02-21T01:48:00Z,0.003997769
2025-02-21T02:24:00Z,0.7261818
2025-02-21T03:00:00Z,0.3179235
2025-02-21T05:24:00Z,0.5633243
2025-02-21T06:00:00Z,0.15730718
2025-02-21T07:12:00Z,0.68269545
2025-02-21T07:48:00Z,0.031366553
2025-02-21T09:00:00Z,0.6946581
2025-02-21T09:36:00Z,0.8918813
2025-02-21T10:12:00Z,0
2025-02-21T11:24:00Z,0.9269925
2025-02-21T12:00:00Z,0
2025-02-21T13:12:00Z,0.9915194
2025-02-21T13:48:00Z,0
2025-02-21T14:24:00Z,0.49367717
2025-02-21T15:00:00Z,0.44724128
2025-02-21T15:36:00Z,0.90914637
2025-02-21T16:12:00Z,0
2025-02-21T16:48:00Z,0.84977657
2025-02-21T17:24:00Z,0
2025-02-21T18:00:00Z,0.44221267
2025-02-21T18:36:00Z,0.25252044
2025-02-21T19:48:00Z,0.96827793
2025-02-21T20:24:00Z,0
2025-02-21T21:36:00Z,0.39263976
2025-02-21T22:12:00Z,0.03283867
2025-02-21T22:48:00Z,0.48053655
2025-02-21T23:24:00Z,0.0013768803
2025-02-22T00:00:00Z,0.89936227
2025-02-22T00:36:00Z,0
2025-02-22T02:24:00Z,0.84027797
2025-02-22T03:00:00Z,0
2025-02-22T03:36:00Z,0.9713797
2025-02-22T04:12:00Z,0
2025-02-22T04:48:00Z,0.9079943
2025-02-22T05:24:00Z,0
2025-02-22T06:00:00Z,0.9168791
2025-02-22T06:36:00Z,0
2025-02-22T07:12:00Z,0.89464456
2025-02-22T07:48:00Z,0
2025-02-22T08:24:00Z,0.8608083
2025-02-22T09:00:00Z,0
2025-02-22T09:36:00Z,0.017531047
2025-02-22T10:12:00Z,0.5016122
2025-02-22T11:24:00Z,0.073698126
2025-02-22T12:00:00Z,0.23119606
2025-02-22T12:36:00Z,0.7913314
2025-02-22T13:12:00Z,0
2025-02-22T15:36:00Z,0.7911563
2025-02-22T16:12:00Z,0
2025-02-22T16:48:00Z,0.839097
2025-02-22T17:24:00Z,0
2025-02-22T18:36:00Z,0.20241527
2025-02-22T19:12:00Z,0.97998065
2025-02-22T19:48:00Z,0
2025-02-22T20:24:00Z,0.9236521
2025-02-22T21:00:00Z,0
2025-02-22T22:48:00Z,0.85216206
2025-02-22T23:24:00Z,0
2025-02-23T00:00:00Z,0.87749726
2025-02-23T00:36:00Z,0
2025-02-23T01:12:00Z,0.73869234
2025-02-23T01:48:00Z,0.25050312
2025-02-23T02:24:00Z,0.8210028
2025-02-23T03:00:00Z,0
2025-02-23T04:12:00Z,0.9981618
2025-02-23T04:48:00Z,0
2025-02-23T06:00:00Z,0.6055997
2025-02-23T06:36:00Z,0.18613242
2025-02-23T07:12:00Z,0.990636
2025-02-23T07:48:00Z,0
2025-02-23T08:24:00Z,0.86268044
2025-02-23T09:00:00Z,0
2025-02-23T10:48:00Z,0.54243183
2025-02-23T12:36:00Z,0.07650162
2025-02-23T13:12:00Z,0.8660782
2025-02-23T13:48:00Z,0
2025-02-23T15:00:00Z,0.65113133
2025-02-23T16:12:00Z,0.31248906
2025-02-23T17:24:00Z,0.46361774
2025-02-23T18:00:00Z,0.07274681
2025-02-23T19:12:00Z,0.35147598
2025-02-23T19:48:00Z,0.9729407
2025-02-23T20:24:00Z,0
2025-02-23T21:00:00Z,0.4966305
2025-02-23T23:24:00Z,0.3176933
2025-02-24T00:00:00Z,0.9570674
2025-02-24T00:36:00Z,0
2025-02-24T02:24:00Z,0.9080782
2025-02-24T03:00:00Z,0
2025-02-24T03:36:00Z,0.7336961
2025-02-24T04:48:00Z,0.6778772
2025-02-24T05:24:00Z,0.09324802
2025-02-24T06:36:00Z,0.90555054
2025-02-24T07:12:00Z,0
2025-02-24T07:48:00Z,0.16035745
2025-02-24T08:24:00Z,0.76246476
2025-02-24T09:00:00Z,0
2025-02-24T09:36:00Z,0.7034819
2025-02-24T10:12:00Z,0.08166694
2025-02-24T11:24:00Z,0.03191274
2025-02-24T12:00:00Z,0.55846953
2025-02-24T13:12:00Z,0.3454227
2025-02-24T13:48:00Z,0.87604946
2025-02-24T14:24:00Z,0
2025-02-24T15:00:00Z,0.97516394
2025-02-24T15:36:00Z,0
2025-02-24T16:12:00Z,0.08751203
2025-02-24T16:48:00Z,0.81823725
2025-02-24T17:24:00Z,0
2025-02-24T18:36:00Z,0.44829422
2025-02-24T19:12:00Z,0.301971
2025-02-24T21:00:00Z,0.7899856
2025-02-24T21:36:00Z,0
2025-02-24T22:12:00Z,0.69299126
2025-02-24T22:48:00Z,0.38478377
2025-02-24T23:24:00Z,0.97357035
2025-02-25T00:00:00Z,0
2025-02-25T00:36:00Z,0.8644022
2025-02-25T01:12:00Z,0
2025-02-25T01:48:00Z,0.94612336
2025-02-25T02:24:00Z,0
2025-02-25T03:00:00Z,0.08721399
2025-02-25T03:36:00Z,0.8496507
2025-02-25T04:12:00Z,0
2025-02-25T04:48:00Z,0.6425779
2025-02-25T05:24:00Z,0.03107025
2025-02-25T06:00:00Z,0.67223495
2025-02-25T06:36:00Z,0.15955414
2025-02-25T07:12:00Z,0.7241837
2025-02-25T07:48:00Z,0.09728944
2025-02-25T08:24:00Z,0.5266467
2025-02-25T09:00:00Z,0.1712663
2025-02-25T09:36:00Z,0.80179214
2025-02-25T10:12:00Z,0
2025-02-25T10:48:00Z,0.83556235
2025-02-25T11:24:00Z,0
2025-02-25T12:00:00Z,0.96923053
2025-02-25T12:36:00Z,0
2025-02-25T13:48:00Z,0.73764914
2025-02-25T14:24:00Z,0.1359658
2025-02-25T15:36:00Z,0.61190814
2025-02-25T17:24:00Z,0.5462679
2025-02-25T18:00:00Z,0.80203825
2025-02-25T18:36:00Z,0
2025-02-25T19:12:00Z,0.8089164
2025-02-25T19:48:00Z,0
2025-02-25T20:24:00Z,0.9027129
2025-02-25T21:00:00Z,0
2025-02-25T21:36:00Z,0.9054157
2025-02-25T22:12:00Z,0
2025-02-25T22:48:00Z,0.95912474
2025-02-25T23:24:00Z,0
2025-02-26T00:00:00Z,0.90393037
2025-02-26T00:36:00Z,0
2025-02-26T01:12:00Z,0.8959077
2025-02-26T01:48:00Z,0
2025-02-26T03:00:00Z,0.76041055
2025-02-26T03:36:00Z,0
2025-02-26T04:48:00Z,0.9224114
2025-02-26T05:24:00Z,0
2025-02-26T07:12:00Z,0.8483169
2025-02-26T07:48:00Z,0
2025-02-26T08:24:00Z,0.71765375
2025-02-26T09:00:00Z,0.32233843
2025-02-26T09:36:00Z,0.3667498
2025-02-26T10:12:00Z,0.8472781
2025-02-26T10:48:00Z,0
2025-02-26T11:24:00Z,0.5893481
2025-02-26T12:36:00Z,0.2294898
2025-02-26T13:48:00Z,0.9335981
2025-02-26T14:24:00Z,0
2025-02-26T15:36:00Z,0.13012151
2025-02-26T16:12:00Z,0.8956448
2025-02-26T16:48:00Z,0
2025-02-26T17:24:00Z,0.6394075
2025-02-26T18:00:00Z,0.8269831
2025-02-26T18:36:00Z,0
2025-02-26T19:12:00Z,0.7150659
2025-02-26T19:48:00Z,0.25777403
2025-02-26T21:36:00Z,0.94700986
2025-02-26T22:12:00Z,0
2025-02-26T22:48:00Z,0.5965834
2025-02-26T23:24:00Z,0.5210071
2025-02-27T00:00:00Z,0.9277517
2025-02-27T00:36:00Z,0
2025-02-27T01:48:00Z,0.88393825
2025-02-27T02:24:00Z,0
2025-02-27T03:00:00Z,0.84057635
2025-02-27T03:36:00Z,0
2025-02-27T04:12:00Z,0.94939846
2025-02-27T04:48:00Z,0
2025-02-27T06:00:00Z,0.6528072
2025-02-27T06:36:00Z,0.19367498
2025-02-27T07:12:00Z,0.31591952
2025-02-27T07:48:00Z,0.025921708
2025-02-27T08:24:00Z,0.6747312
2025-02-27T09:00:00Z,0.41254646
2025-02-27T10:48:00Z,0.79609203
2025-02-27T11:24:00Z,0
2025-02-27T12:36:00Z,0.6911916
2025-02-27T14:24:00Z,0.7815899
2025-02-27T15:00:00Z,0
2025-02-27T16:48:00Z,0.5176051
2025-02-27T18:00:00Z,0.054633263
2025-02-27T18:36:00Z,0.9750815
2025-02-27T19:12:00Z,0
2025-02-27T19:48:00Z,0.8453928
2025-02-27T20:24:00Z,0
2025-02-27T21:36:00Z,0.83301365
2025-02-27T22:12:00Z,0
2025-02-27T22:48:00Z,0.809112
2025-02-27T23:24:00Z,0
2025-02-28T00:00:00Z,0.77113444
2025-02-28T00:36:00Z,0
2025-02-28T01:48:00Z,0.9581219
2025-02-28T02:24:00Z,0
2025-02-28T03:36:00Z,0.9891762
2025-02-28T04:12:00Z,0
2025-02-28T04:48:00Z,0.9238107
2025-02-28T05:24:00Z,0
2025-02-28T06:00:00Z,0.76884973
2025-02-28T06:36:00Z,0
2025-02-28T07:48:00Z,0.0031599188
2025-02-28T09:00:00Z,0.73609614
2025-02-28T10:12:00Z,0.027770165
2025-02-28T10:48:00Z,0.90885043
2025-02-28T11:24:00Z,0
2025-02-28T13:12:00Z,0.5609139
2025-02-28T14:24:00Z,0.06947933
2025-02-28T15:00:00Z,0.87980705
2025-02-28T15:36:00Z,0
2025-02-28T16:12:00Z,0.3302269
2025-02-28T18:00:00Z,0.23773247
2025-02-28T18:36:00Z,0.8714591
2025-02-28T19:12:00Z,0
2025-02-28T19:48:00Z,0.4498919
2025-02-28T20:24:00Z,0.026054824
2025-02-28T21:00:00Z,0.02931401
2025-02-28T21:36:00Z,0.5603814
2025-02-28T22:12:00Z,0.559207
2025-02-28T22:48:00Z,0.96158457
2025-02-28T23:24:00Z,0
2025-03-01T00:36:00Z,0.42317042
2025-03-01T01:48:00Z,0.013111734
2025-03-01T03:36:00Z,0.54977536
2025-03-01T04:12:00Z,0.010194779
2025-03-01T04:48:00Z,0.59495217
2025-03-01T06:36:00Z,0.86632305
2025-03-01T07:12:00Z,0
2025-03-01T07:48:00Z,0.24666257
2025-03-01T08:24:00Z,0.06623672
2025-03-01T09:36:00Z,0.7427013
2025-03-01T11:24:00Z,0.9040688
2025-03-01T12:00:00Z,0
2025-03-01T12:36:00Z,0.046798956
2025-03-01T13:12:00Z,0.74143124
2025-03-01T13:48:00Z,0.108970284
2025-03-01T14:24:00Z,0.36788207
2025-03-01T15:36:00Z,0.0033861129
2025-03-01T16:48:00Z,0.28448656
2025-03-01T17:24:00Z,0.9442368
2025-03-01T18:00:00Z,0
2025-03-01T18:36:00Z,0.52129316
2025-03-01T19:48:00Z,0.12235511
2025-03-01T20:24:00Z,0.7635731
2025-03-01T21:00:00Z,0
2025-03-01T21:36:00Z,0.57768834
2025-03-01T22:12:00Z,0.16596796
2025-03-01T23:24:00Z,0.5217978
2025-03-02T00:00:00Z,0.077833794
2025-03-02T00:36:00Z,0.36831045
2025-03-02T01:12:00Z,0.24435435
2025-03-02T01:48:00Z,0.7059917
2025-03-02T02:24:00Z,0.06013386
2025-03-02T03:00:00Z,0.5230909
2025-03-02T03:36:00Z,0.005692535
2025-03-02T04:12:00Z,0.731009
2025-03-02T05:24:00Z,0.48564106
2025-03-02T06:00:00Z,0.8966479
2025-03-02T06:36:00Z,0
2025-03-02T07:48:00Z,0.21375605
2025-03-02T08:24:00Z,0.9784598
2025-03-02T09:00:00Z,0
2025-03-02T10:12:00Z,0.8936548
2025-03-02T10:48:00Z,0
2025-03-02T11:24:00Z,0.8300582
2025-03-02T12:00:00Z,0
2025-03-02T12:36:00Z,0.38284415
2025-03-02T13:48:00Z,0.016765935
2025-03-02T15:00:00Z,0.8943186
2025-03-02T15:36:00Z,0
2025-03-02T16:48:00Z,0.01171248
2025-03-02T17:24:00Z,0.70064586
2025-03-02T19:12:00Z,0.12322439
2025-03-02T22:12:00Z,0.63653785
2025-03-02T22:48:00Z,0.32420447
2025-03-03T00:00:00Z,0.7753391
2025-03-03T00:36:00Z,0
2025-03-03T01:12:00Z,0.6584235
2025-03-03T01:48:00Z,0.23436637
2025-03-03T03:00:00Z,0.7250042
2025-03-03T04:12:00Z,0.20076145
2025-03-03T04:48:00Z,0.92234755
2025-03-03T05:24:00Z,0
2025-03-03T07:12:00Z,0.9690094
2025-03-03T07:48:00Z,0
2025-03-03T12:00:00Z,0.40372235
2025-03-03T12:36:00Z,0.7461757
2025-03-03T13:12:00Z,0.5354937
2025-03-03T13:48:00Z,0.8066412
2025-03-03T14:24:00Z,0
2025-03-03T15:00:00Z,0.8108836
2025-03-03T15:36:00Z,0
2025-03-03T16:12:00Z,0.26325297
2025-03-03T18:00:00Z,0.18922193
2025-03-03T19:12:00Z,0.46090755
2025-03-03T19:48:00Z,0.27628303
2025-03-03T20:24:00Z,0.5486385
2025-03-03T21:00:00Z,0.11555133
2025-03-03T21:36:00Z,0.9814071
2025-03-03T22:12:00Z,0
2025-03-03T22:48:00Z,0.88593775
2025-03-03T23:24:00Z,0
2025-03-04T00:00:00Z,0.78949666
2025-03-04T00:36:00Z,0
2025-03-04T01:12:00Z,0.45251092
2025-03-04T01:48:00Z,0.17298098
2025-03-04T02:24:00Z,0.50520366
2025-03-04T03:00:00Z,0.28122655
2025-03-04T03:36:00Z,0.7416514
2025-03-04T04:12:00Z,0.032095052
2025-03-04T04:48:00Z,0.8139973
2025-03-04T05:24:00Z,0
2025-03-04T06:00:00Z,0.80449414
2025-03-04T06:36:00Z,0
2025-03-04T08:24:00Z,0.71682185
2025-03-04T10:12:00Z,0.52681106
2025-03-04T12:00:00Z,0.44197413
2025-03-04T13:12:00Z,0.7950341
2025-03-04T13:48:00Z,0
2025-03-04T15:00:00Z,0.86769646
2025-03-04T15:36:00Z,0
2025-03-04T16:48:00Z,0.0424461
2025-03-04T18:00:00Z,0.89989734
2025-03-04T18:36:00Z,0
2025-03-04T19:12:00Z,0.34779328
2025-03-04T19:48:00Z,0.16277535
2025-03-04T21:00:00Z,0.82606745
2025-03-04T21:36:00Z,0
2025-03-04T22:12:00Z,0.7313509
2025-03-04T22:48:00Z,0.9299936
2025-03-04T23:24:00Z,0
2025-03-05T00:36:00Z,0.658461
2025-03-05T02:24:00Z,0.06418736
2025-03-05T03:00:00Z,0.55671906
2025-03-05T03:36:00Z,0.043940548
2025-03-05T04:12:00Z,0.38070858
2025-03-05T04:48:00Z,0.10364142
2025-03-05T06:00:00Z,0.9504806
2025-03-05T06:36:00Z,0
2025-03-05T07:12:00Z,0.703455
2025-03-05T07:48:00Z,0.15901513
2025-03-05T09:00:00Z,0.76602685
2025-03-05T09:36:00Z,0
2025-03-05T11:24:00Z,0.83705604
2025-03-05T12:00:00Z,0
2025-03-05T12:36:00Z,0.797852
2025-03-05T13:12:00Z,0
2025-03-05T13:48:00Z,0.51685923
2025-03-05T15:00:00Z,0.7404047
2025-03-05T15:36:00Z,0.25827
2025-03-05T18:00:00Z,0.5549573
2025-03-05T18:36:00Z,0.42038965
2025-03-05T19:12:00Z,0.6989759
2025-03-05T19:48:00Z,0.19461536
2025-03-05T20:24:00Z,0.78925943
2025-03-05T21:00:00Z,0
2025-03-05T21:36:00Z,0.84549004
2025-03-05T22:12:00Z,0
2025-03-05T22:48:00Z,0.9627488
2025-03-05T23:24:00Z,0
2025-03-06T00:00:00Z,0.27023482
2025-03-06T01:12:00Z,0.039104115
2025-03-06T01:48:00Z,0.67742515
2025-03-06T02:24:00Z,0.18937515
2025-03-06T03:00:00Z,0.5623215
2025-03-06T03:36:00Z,0.3495228
2025-03-06T04:12:00Z,0.7510876
2025-03-06T04:48:00Z,0
2025-03-06T05:24:00Z,0.7428198
2025-03-06T06:00:00Z,0.1831677
2025-03-06T06:36:00Z,0.9301355
2025-03-06T07:12:00Z,0
2025-03-06T08:24:00Z,0.70459634
2025-03-06T09:00:00Z,0.15037148
2025-03-06T09:36:00Z,0.95655733
2025-03-06T10:12:00Z,0
2025-03-06T12:00:00Z,0.52482116
2025-03-06T12:36:00Z,0.8906724
2025-03-06T13:12:00Z,0
2025-03-06T13:48:00Z,0.3253009
2025-03-06T14:24:00Z,0.09716497
2025-03-06T15:00:00Z,0.4507088
2025-03-06T16:12:00Z,0.37553442
2025-03-06T16:48:00Z,0.82143384
2025-03-06T17:24:00Z,0
2025-03-06T18:00:00Z,0.8636606
