Timestamp,Value
2024-10-01T17:24:00Z,0
2024-10-01T18:36:00Z,0.30588126
2024-10-01T19:12:00Z,0.10097972
2024-10-01T19:48:00Z,0.9372612
2024-10-01T20:24:00Z,0
2024-10-01T21:00:00Z,0.7127847
2024-10-01T22:12:00Z,0.42694628
2024-10-01T22:48:00Z,0.85005665
2024-10-01T23:24:00Z,0
2024-10-02T00:00:00Z,0.80261505
2024-10-02T00:36:00Z,0
2024-10-02T01:12:00Z,0.19405568
2024-10-02T01:48:00Z,0.83160275
2024-10-02T02:24:00Z,0
2024-10-02T03:00:00Z,0.9827895
2024-10-02T03:36:00Z,0
2024-10-02T04:12:00Z,0.46628168
2024-10-02T06:00:00Z,0.8242869
2024-10-02T06:36:00Z,0
2024-10-02T07:12:00Z,0.6614747
2024-10-02T10:12:00Z,0.085611776
2024-10-02T11:24:00Z,0.7604847
2024-10-02T12:00:00Z,0
2024-10-02T13:12:00Z,0.42383254
2024-10-02T13:48:00Z,0.00054930616
2024-10-02T14:24:00Z,0.7122612
2024-10-02T15:00:00Z,0.16453809
2024-10-02T16:12:00Z,0.54272497
2024-10-02T17:24:00Z,0.025769738
2024-10-02T18:00:00Z,0.84116095
2024-10-02T18:36:00Z,0
2024-10-02T19:48:00Z,0.91184634
2024-10-02T20:24:00Z,0
2024-10-02T21:36:00Z,0.97459036
2024-10-02T22:12:00Z,0
2024-10-02T22:48:00Z,0.9844926
2024-10-02T23:24:00Z,0
2024-10-03T00:36:00Z,0.19582894
2024-10-03T01:12:00Z,0.8242253
2024-10-03T01:48:00Z,0
2024-10-03T02:24:00Z,0.86658365
2024-10-03T03:00:00Z,0
2024-10-03T03:36:00Z,0.75007963
2024-10-03T04:12:00Z,0
2024-10-03T05:24:00Z,0.71823335
2024-10-03T06:00:00Z,0.22273867
2024-10-03T06:36:00Z,0.81457704
2024-10-03T07:12:00Z,0
2024-10-03T08:24:00Z,0.89505106
2024-10-03T09:00:00Z,0
2024-10-03T09:36:00Z,0.8564749
2024-10-03T10:12:00Z,0
2024-10-03T11:24:00Z,0.7047539
2024-10-03T13:12:00Z,0.051171787
2024-10-03T13:48:00Z,0.99154145
2024-10-03T14:24:00Z,0
2024-10-03T15:36:00Z,0.78801656
2024-10-03T16:12:00Z,0
2024-10-03T16:48:00Z,0.5735828
2024-10-03T18:36:00Z,0.23851033
2024-10-03T19:12:00Z,0.91932374
2024-10-03T19:48:00Z,0
2024-10-03T20:24:00Z,0.57567537
2024-10-03T21:00:00Z,0.013511535
2024-10-03T21:36:00Z,0.07401479
2024-10-03T22:12:00Z,0.58523387
2024-10-03T22:48:00Z,0.86067456
2024-10-03T23:24:00Z,0
2024-10-04T01:12:00Z,0.7010811
2024-10-04T02:24:00Z,0.17440428
2024-10-04T03:00:00Z,0.63750476
2024-10-04T04:12:00Z,0.8305159
2024-10-04T04:48:00Z,0
2024-10-04T06:36:00Z,0.4957317
2024-10-04T07:12:00Z,0.96352494
2024-10-04T07:48:00Z,0
2024-10-04T08:24:00Z,0.79887986
2024-10-04T09:00:00Z,0
2024-10-04T09:36:00Z,0.93463767
2024-10-04T10:12:00Z,0
2024-10-04T10:48:00Z,0.6839785
2024-10-04T11:24:00Z,0.10712136
2024-10-04T12:00:00Z,0.22702995
2024-10-04T12:36:00Z,0.8393851
2024-10-04T13:12:00Z,0
2024-10-04T14:24:00Z,0.7545978
2024-10-04T15:00:00Z,0
2024-10-04T15:36:00Z,0.3214054
2024-10-04T16:12:00Z,0.1802731
2024-10-04T16:48:00Z,0.56447065
2024-10-04T18:00:00Z,0.18826884
2024-10-04T18:36:00Z,0.1010019
2024-10-04T19:12:00Z,0.54272276
2024-10-04T19:48:00Z,0.10689887
2024-10-04T20:24:00Z,0.22304887
2024-10-04T21:00:00Z,0.90220124
2024-10-04T21:36:00Z,0
2024-10-04T22:48:00Z,0.3437639
2024-10-04T23:24:00Z,0.9911308
2024-10-05T00:00:00Z,0
2024-10-05T01:12:00Z,0.1743263
2024-10-05T01:48:00Z,0.7832518
2024-10-05T02:24:00Z,0
2024-10-05T03:00:00Z,0.727511
2024-10-05T03:36:00Z,0.9213856
2024-10-05T04:12:00Z,0
2024-10-05T04:48:00Z,0.7895507
2024-10-05T05:24:00Z,0
2024-10-05T06:00:00Z,0.5643986
2024-10-05T06:36:00Z,0.71604943
2024-10-05T07:12:00Z,0.26160142
2024-10-05T08:24:00Z,0.9922263
2024-10-05T09:00:00Z,0
2024-10-05T09:36:00Z,0.8037596
2024-10-05T10:12:00Z,0
2024-10-05T10:48:00Z,0.84123755
2024-10-05T11:24:00Z,0
2024-10-05T12:00:00Z,0.7107577
2024-10-05T12:36:00Z,0.16303936
2024-10-05T13:12:00Z,0.64761245
2024-10-05T13:48:00Z,0.3619308
2024-10-05T14:24:00Z,0.93257254
2024-10-05T15:00:00Z,0
2024-10-05T15:36:00Z,0.439797
2024-10-05T16:12:00Z,0.1746903
2024-10-05T16:48:00Z,0.5604342
2024-10-05T18:00:00Z,0.09357509
2024-10-05T18:36:00Z,0.9659848
2024-10-05T19:12:00Z,0
2024-10-05T19:48:00Z,0.5845349
2024-10-05T20:24:00Z,0.0033135572
2024-10-05T21:00:00Z,0.96724075
2024-10-05T21:36:00Z,0
2024-10-05T22:12:00Z,0.6673886
2024-10-05T22:48:00Z,0.04950559
2024-10-06T00:00:00Z,0.9420143
2024-10-06T00:36:00Z,0
2024-10-06T01:12:00Z,0.7730494
2024-10-06T01:48:00Z,0
2024-10-06T02:24:00Z,0.031656668
2024-10-06T03:00:00Z,0.85408837
2024-10-06T03:36:00Z,0
2024-10-06T04:12:00Z,0.58501244
2024-10-06T05:24:00Z,0.28808096
2024-10-06T06:00:00Z,0.9353642
2024-10-06T06:36:00Z,0
2024-10-06T07:48:00Z,0.20246783
2024-10-06T08:24:00Z,0.6140532
2024-10-06T09:00:00Z,0.18755852
2024-10-06T10:48:00Z,0.45131987
2024-10-06T11:24:00Z,0.69825006
2024-10-06T12:00:00Z,0.22529404
2024-10-06T12:36:00Z,0.7123437
2024-10-06T13:48:00Z,0.7177868
2024-10-06T16:12:00Z,0.03638914
2024-10-06T17:24:00Z,0.75183827
2024-10-06T18:00:00Z,0
2024-10-06T18:36:00Z,0.7882448
2024-10-06T19:12:00Z,0
2024-10-06T19:48:00Z,0.49815622
2024-10-06T20:24:00Z,0.045411974
2024-10-06T21:36:00Z,0.19825532
2024-10-06T22:12:00Z,0.88219905
2024-10-06T22:48:00Z,0
2024-10-07T00:00:00Z,0.079001054
2024-10-07T00:36:00Z,0.9952675
2024-10-07T01:12:00Z,0
2024-10-07T01:48:00Z,0.8331741
2024-10-07T02:24:00Z,0
2024-10-07T03:00:00Z,0.78992474
2024-10-07T03:36:00Z,0
2024-10-07T04:12:00Z,0.74855113
2024-10-07T04:48:00Z,0.30449155
2024-10-07T06:00:00Z,0.99220365
2024-10-07T06:36:00Z,0
2024-10-07T07:12:00Z,0.73692185
2024-10-07T08:24:00Z,0.09674216
2024-10-07T09:00:00Z,0.99097717
2024-10-07T09:36:00Z,0
2024-10-07T10:48:00Z,0.9461625
2024-10-07T11:24:00Z,0
2024-10-07T13:48:00Z,0.7541692
2024-10-07T14:24:00Z,0
2024-10-07T15:36:00Z,0.7855433
2024-10-07T16:12:00Z,0
2024-10-07T17:24:00Z,0.86596644
2024-10-07T18:00:00Z,0
2024-10-07T18:36:00Z,0.5194988
2024-10-07T19:48:00Z,0.45874852
2024-10-07T20:24:00Z,0.73288506
2024-10-07T21:36:00Z,0.4003615
2024-10-07T22:12:00Z,0.9159129
2024-10-07T22:48:00Z,0
2024-10-07T23:24:00Z,0.8437622
2024-10-08T00:00:00Z,0
2024-10-08T01:12:00Z,0.8406216
2024-10-08T01:48:00Z,0
2024-10-08T04:12:00Z,0.59467417
2024-10-08T04:48:00Z,0.17133483
2024-10-08T05:24:00Z,0.90174747
2024-10-08T06:00:00Z,0
2024-10-08T06:36:00Z,0.1250107
2024-10-08T07:12:00Z,0.90912235
2024-10-08T07:48:00Z,0
2024-10-08T08:24:00Z,0.8579817
2024-10-08T09:00:00Z,0
2024-10-08T09:36:00Z,0.1999183
2024-10-08T10:12:00Z,0.8184631
2024-10-08T10:48:00Z,0
2024-10-08T11:24:00Z,0.35454613
2024-10-08T12:00:00Z,0.14347574
2024-10-08T12:36:00Z,0.5463495
2024-10-08T15:00:00Z,0.26495102
2024-10-08T16:12:00Z,0.91953224
2024-10-08T16:48:00Z,0
2024-10-08T17:24:00Z,0.9675708
2024-10-08T18:00:00Z,0
2024-10-08T19:12:00Z,0.9165102
2024-10-08T19:48:00Z,0
2024-10-08T20:24:00Z,0.8792797
2024-10-08T21:00:00Z,0
2024-10-08T21:36:00Z,0.16870318
2024-10-08T22:12:00Z,0.8252549
2024-10-08T22:48:00Z,0
2024-10-08T23:24:00Z,0.6407033
2024-10-09T00:36:00Z,0.88422674
2024-10-09T01:12:00Z,0
2024-10-09T03:00:00Z,0.78453946
2024-10-09T03:36:00Z,0
2024-10-09T04:12:00Z,0.76495844
2024-10-09T04:48:00Z,0
2024-10-09T05:24:00Z,0.6441713
2024-10-09T06:00:00Z,0.06461686
2024-10-09T06:36:00Z,0.72428226
2024-10-09T07:12:00Z,0.9354235
2024-10-09T07:48:00Z,0
2024-10-09T09:36:00Z,0.5911448
2024-10-09T11:24:00Z,0.2641961
2024-10-09T13:12:00Z,0.37764633
2024-10-09T13:48:00Z,0.027876286
2024-10-09T14:24:00Z,0.7815186
2024-10-09T15:00:00Z,0
2024-10-09T15:36:00Z,0.04007033
2024-10-09T16:12:00Z,0.83385426
2024-10-09T16:48:00Z,0
2024-10-09T17:24:00Z,0.38464156
2024-10-09T19:48:00Z,0.34258544
2024-10-09T20:24:00Z,0.69052213
2024-10-09T21:00:00Z,0.34578347
2024-10-09T21:36:00Z,0.7796138
2024-10-09T22:12:00Z,0
2024-10-09T22:48:00Z,0.81674814
2024-10-09T23:24:00Z,0
2024-10-10T00:00:00Z,0.8868055
2024-10-10T00:36:00Z,0
2024-10-10T01:12:00Z,0.7553834
2024-10-10T01:48:00Z,0
2024-10-10T02:24:00Z,0.11519079
2024-10-10T03:00:00Z,0.64116096
2024-10-10T03:36:00Z,0.70308
2024-10-10T04:12:00Z,0.24733901
2024-10-10T04:48:00Z,0.7566632
2024-10-10T05:24:00Z,0
2024-10-10T06:00:00Z,0.9311042
2024-10-10T06:36:00Z,0
2024-10-10T07:12:00Z,0.69726956
2024-10-10T07:48:00Z,0.0798364
2024-10-10T08:24:00Z,0.28289175
2024-10-10T09:00:00Z,0.8998999
2024-10-10T09:36:00Z,0
2024-10-10T10:12:00Z,0.90062267
2024-10-10T10:48:00Z,0
2024-10-10T11:24:00Z,0.8972823
2024-10-10T12:00:00Z,0
2024-10-10T13:48:00Z,0.89471304
2024-10-10T14:24:00Z,0
2024-10-10T15:00:00Z,0.97628576
2024-10-10T15:36:00Z,0
2024-10-10T17:24:00Z,0.8232444
2024-10-10T18:00:00Z,0
2024-10-10T19:48:00Z,0.41467926
2024-10-10T20:24:00Z,0.06458953
2024-10-10T21:00:00Z,0.7372748
2024-10-10T23:24:00Z,0.51859367
2024-10-11T00:00:00Z,0.9024533
2024-10-11T00:36:00Z,0
2024-10-11T01:12:00Z,0.7438786
2024-10-11T03:00:00Z,0.6187424
2024-10-11T03:36:00Z,0.85263336
2024-10-11T04:12:00Z,0
2024-10-11T05:24:00Z,0.81609887
2024-10-11T06:00:00Z,0
2024-10-11T06:36:00Z,0.62711257
2024-10-11T07:48:00Z,0.39380562
2024-10-11T08:24:00Z,0.7549666
2024-10-11T09:00:00Z,0
2024-10-11T09:36:00Z,0.48260307
2024-10-11T10:12:00Z,0.41999274
2024-10-11T10:48:00Z,0.8239864
2024-10-11T11:24:00Z,0
2024-10-11T13:48:00Z,0.81218576
2024-10-11T14:24:00Z,0
2024-10-11T16:12:00Z,0.80031705
2024-10-11T16:48:00Z,0
2024-10-11T18:36:00Z,0.92081285
2024-10-11T19:12:00Z,0
2024-10-11T19:48:00Z,0.97680116
2024-10-11T20:24:00Z,0
2024-10-11T21:00:00Z,0.72407806
2024-10-11T22:48:00Z,0.09520349
2024-10-12T00:00:00Z,0.2521413
2024-10-12T01:48:00Z,0.41327468
2024-10-12T02:24:00Z,0.77823067
2024-10-12T03:00:00Z,0
2024-10-12T03:36:00Z,0.94084984
2024-10-12T04:12:00Z,0
2024-10-12T04:48:00Z,0.95464957
2024-10-12T05:24:00Z,0
2024-10-12T06:00:00Z,0.92055714
2024-10-12T06:36:00Z,0
2024-10-12T07:48:00Z,0.9344536
2024-10-12T08:24:00Z,0
2024-10-12T09:36:00Z,0.7613095
2024-10-12T10:12:00Z,0
2024-10-12T10:48:00Z,0.7378444
2024-10-12T11:24:00Z,0.045379467
2024-10-12T12:00:00Z,0.5932548
2024-10-12T13:12:00Z,0.54817575
2024-10-12T13:48:00Z,0.9853527
2024-10-12T14:24:00Z,0
2024-10-12T15:00:00Z,0.8545412
2024-10-12T15:36:00Z,0
2024-10-12T16:12:00Z,0.9168998
2024-10-12T16:48:00Z,0
2024-10-12T18:36:00Z,0.95796597
2024-10-12T19:12:00Z,0
2024-10-12T20:24:00Z,0.32578045
2024-10-12T21:36:00Z,0.0010617645
2024-10-12T22:48:00Z,0.9592809
2024-10-12T23:24:00Z,0
2024-10-13T00:00:00Z,0.748919
2024-10-13T01:12:00Z,0.25627628
2024-10-13T01:48:00Z,0.9870169
2024-10-13T02:24:00Z,0
2024-10-13T03:00:00Z,0.6831885
2024-10-13T03:36:00Z,0.8393589
2024-10-13T04:12:00Z,0
2024-10-13T04:48:00Z,0.93485045
2024-10-13T05:24:00Z,0
2024-10-13T06:00:00Z,0.049337134
2024-10-13T06:36:00Z,0.9620034
2024-10-13T07:12:00Z,0
2024-10-13T07:48:00Z,0.8237266
2024-10-13T08:24:00Z,0
2024-10-13T10:12:00Z,0.7828586
2024-10-13T10:48:00Z,0
2024-10-13T12:36:00Z,0.9444771
2024-10-13T13:12:00Z,0
2024-10-13T13:48:00Z,0.7188114
2024-10-13T15:00:00Z,0.35256115
2024-10-13T15:36:00Z,0.9703182
2024-10-13T16:12:00Z,0
2024-10-13T16:48:00Z,0.5399683
2024-10-13T17:24:00Z,0.62785506
2024-10-13T18:00:00Z,0.26336634
2024-10-13T19:12:00Z,0.3334336
2024-10-13T19:48:00Z,0.7184141
2024-10-13T20:24:00Z,0.55196494
2024-10-13T21:00:00Z,0.9555648
2024-10-13T21:36:00Z,0
2024-10-13T22:12:00Z,0.15671428
2024-10-13T22:48:00Z,0.89623696
2024-10-13T23:24:00Z,0
2024-10-14T00:00:00Z,0.09793423
2024-10-14T00:36:00Z,0.76033634
2024-10-14T01:12:00Z,0
2024-10-14T01:48:00Z,0.91900647
2024-10-14T02:24:00Z,0
2024-10-14T03:00:00Z,0.74307233
2024-10-14T04:12:00Z,0.3853778
2024-10-14T04:48:00Z,0.67251587
2024-10-14T05:24:00Z,0.42846733
2024-10-14T06:00:00Z,0.752682
2024-10-14T06:36:00Z,0
2024-10-14T07:48:00Z,0.5992694
2024-10-14T10:48:00Z,0.21249245
2024-10-14T12:00:00Z,0.13629226
2024-10-14T12:36:00Z,0.6495166
2024-10-14T13:12:00Z,0.34861803
2024-10-14T14:24:00Z,0.69283336
2024-10-14T15:00:00Z,0.08403532
2024-10-14T15:36:00Z,0.0076543777
2024-10-14T16:12:00Z,0.6828526
2024-10-14T16:48:00Z,0.75855356
2024-10-14T17:24:00Z,0
2024-10-14T18:00:00Z,0.6106048
2024-10-14T18:36:00Z,0.7582935
2024-10-14T19:12:00Z,0
2024-10-14T19:48:00Z,0.3300234
2024-10-14T20:24:00Z,0.08923643
2024-10-14T21:00:00Z,0.9644043
2024-10-14T21:36:00Z,0
2024-10-14T22:48:00Z,0.72160333
2024-10-14T23:24:00Z,0.19460844
2024-10-15T00:36:00Z,0.28665805
2024-10-15T01:12:00Z,0.81228054
2024-10-15T01:48:00Z,0
2024-10-15T02:24:00Z,0.6084948
2024-10-15T03:00:00Z,0.12491142
2024-10-15T03:36:00Z,0.9803198
2024-10-15T04:12:00Z,0
2024-10-15T04:48:00Z,0.94011945
2024-10-15T05:24:00Z,0
2024-10-15T06:00:00Z,0.9405819
2024-10-15T06:36:00Z,0
2024-10-15T07:48:00Z,0.050365604
2024-10-15T09:36:00Z,0.95715976
2024-10-15T10:12:00Z,0
2024-10-15T11:24:00Z,0.37844625
2024-10-15T12:00:00Z,0.9698927
2024-10-15T12:36:00Z,0
2024-10-15T13:12:00Z,0.10917317
2024-10-15T13:48:00Z,0.8828376
2024-10-15T14:24:00Z,0
2024-10-15T15:00:00Z,0.5253161
2024-10-15T15:36:00Z,0.11155318
2024-10-15T16:12:00Z,0.097978
2024-10-15T16:48:00Z,0.7642834
2024-10-15T17:24:00Z,0
2024-10-15T18:00:00Z,0.6347391
2024-10-15T18:36:00Z,0.10442698
2024-10-15T22:12:00Z,0.69703925
2024-10-15T22:48:00Z,0.9142893
2024-10-15T23:24:00Z,0
2024-10-16T00:36:00Z,0.71424973
2024-10-16T01:12:00Z,0.11578713
2024-10-16T02:24:00Z,0.023760527
2024-10-16T03:00:00Z,0.6250904
2024-10-16T03:36:00Z,0.14885966
2024-10-16T04:12:00Z,0.47248024
2024-10-16T04:48:00Z,0.023885336
2024-10-16T06:00:00Z,0.72411
2024-10-16T06:36:00Z,0.0118607525
2024-10-16T07:48:00Z,0.6701328
2024-10-16T09:00:00Z,0.055746377
2024-10-16T09:36:00Z,0.88166803
2024-10-16T10:12:00Z,0
2024-10-16T10:48:00Z,0.68713826
2024-10-16T12:00:00Z,0.01762127
2024-10-16T12:36:00Z,0.966006
2024-10-16T13:12:00Z,0
2024-10-16T13:48:00Z,0.08348159
2024-10-16T14:24:00Z,0.7173466
2024-10-16T15:00:00Z,0.022517543
2024-10-16T15:36:00Z,0.96945727
2024-10-16T16:12:00Z,0
2024-10-16T16:48:00Z,0.8998854
2024-10-16T17:24:00Z,0
2024-10-16T18:00:00Z,0.6666887
2024-10-16T18:36:00Z,0.33512464
2024-10-16T19:48:00Z,0.9611765
2024-10-16T20:24:00Z,0
2024-10-16T21:00:00Z,0.98371613
2024-10-16T21:36:00Z,0
2024-10-16T22:12:00Z,0.88406473
2024-10-16T22:48:00Z,0
2024-10-16T23:24:00Z,0.9148179
2024-10-17T00:00:00Z,0
2024-10-17T00:36:00Z,0.9024285
2024-10-17T01:12:00Z,0
2024-10-17T01:48:00Z,0.80218005
2024-10-17T02:24:00Z,0
2024-10-17T03:36:00Z,0.8268768
2024-10-17T04:12:00Z,0
2024-10-17T04:48:00Z,0.14554277
2024-10-17T05:24:00Z,0.73988134
2024-10-17T06:36:00Z,0.026163062
2024-10-17T07:48:00Z,0.29118234
2024-10-17T08:24:00Z,0.93795216
2024-10-17T09:00:00Z,0
2024-10-17T09:36:00Z,0.03977415
2024-10-17T10:12:00Z,0.68980956
2024-10-17T10:48:00Z,0.70359
2024-10-17T11:24:00Z,0.17139351
2024-10-17T12:36:00Z,0.25270155
2024-10-17T13:12:00Z,0.901507
2024-10-17T13:48:00Z,0
2024-10-17T14:24:00Z,0.7233522
2024-10-17T15:00:00Z,0.40510577
2024-10-17T16:12:00Z,0.93830884
2024-10-17T16:48:00Z,0
2024-10-17T17:24:00Z,0.85279465
2024-10-17T18:00:00Z,0
2024-10-17T18:36:00Z,0.06887491
2024-10-17T19:12:00Z,0.7702474
2024-10-17T19:48:00Z,0
2024-10-17T20:24:00Z,0.64039254
2024-10-17T21:00:00Z,0.51082253
2024-10-17T21:36:00Z,0.9427044
2024-10-17T22:12:00Z,0
2024-10-17T22:48:00Z,0.7206217
2024-10-18T00:00:00Z,0.13289377
2024-10-18T00:36:00Z,0.7034221
2024-10-18T01:12:00Z,0.3889805
2024-10-18T01:48:00Z,0.5442322
2024-10-18T02:24:00Z,0.11519274
2024-10-18T04:12:00Z,0.94430697
2024-10-18T04:48:00Z,0
2024-10-18T05:24:00Z,0.9379388
2024-10-18T06:00:00Z,0
2024-10-18T06:36:00Z,0.9774653
2024-10-18T07:12:00Z,0
2024-10-18T07:48:00Z,0.06433976
2024-10-18T08:24:00Z,0.99635446
2024-10-18T09:00:00Z,0
2024-10-18T09:36:00Z,0.9314594
2024-10-18T10:12:00Z,0
2024-10-18T11:24:00Z,0.5051502
2024-10-18T12:00:00Z,0.40082464
2024-10-18T12:36:00Z,0.7840151
2024-10-18T13:12:00Z,0
2024-10-18T13:48:00Z,0.6507937
2024-10-18T15:00:00Z,0.51930314
2024-10-18T15:36:00Z,0.9635682
2024-10-18T16:12:00Z,0
2024-10-18T16:48:00Z,0.340766
2024-10-18T17:24:00Z,0.17451967
2024-10-18T18:00:00Z,0.9101361
2024-10-18T18:36:00Z,0
2024-10-18T19:12:00Z,0.5477238
2024-10-18T19:48:00Z,0.5539362
2024-10-18T20:24:00Z,0.07322425
2024-10-18T21:00:00Z,0.91002154
2024-10-18T21:36:00Z,0
2024-10-18T22:48:00Z,0.88767755
2024-10-18T23:24:00Z,0
2024-10-19T00:00:00Z,0.6635151
2024-10-19T00:36:00Z,0.14744431
2024-10-19T01:48:00Z,0.092927404
2024-10-19T03:00:00Z,0.64738244
2024-10-19T03:36:00Z,0.096101336
2024-10-19T04:12:00Z,0.5144771
2024-10-19T05:24:00Z,0.77486575
2024-10-19T06:00:00Z,0
2024-10-19T07:48:00Z,0.75160515
2024-10-19T08:24:00Z,0
2024-10-19T09:00:00Z,0.79147196
2024-10-19T09:36:00Z,0
2024-10-19T10:12:00Z,0.43732417
2024-10-19T10:48:00Z,0.12296567
2024-10-19T12:00:00Z,0.99748045
2024-10-19T12:36:00Z,0
2024-10-19T13:12:00Z,0.85940516
2024-10-19T13:48:00Z,0
2024-10-19T14:24:00Z,0.7008185
2024-10-19T15:00:00Z,0.17302246
2024-10-19T15:36:00Z,0.90655375
2024-10-19T16:12:00Z,0
2024-10-19T16:48:00Z,0.92858106
2024-10-19T17:24:00Z,0
2024-10-19T18:00:00Z,0.77182865
2024-10-19T18:36:00Z,0
2024-10-19T19:12:00Z,0.7746554
2024-10-19T19:48:00Z,0
2024-10-19T20:24:00Z,0.74118423
2024-10-19T21:00:00Z,0.06707152
2024-10-19T22:12:00Z,0.43492204
2024-10-19T22:48:00Z,0.46854553
2024-10-19T23:24:00Z,0.9373772
2024-10-20T00:00:00Z,0
2024-10-20T00:36:00Z,0.52922016
2024-10-20T01:48:00Z,0.460942
2024-10-20T02:24:00Z,0.09786505
2024-10-20T03:36:00Z,0.79430217
2024-10-20T04:12:00Z,0
2024-10-20T04:48:00Z,0.8450514
2024-10-20T05:24:00Z,0
2024-10-20T06:36:00Z,0.86289084
2024-10-20T07:12:00Z,0
2024-10-20T07:48:00Z,0.9915516
2024-10-20T08:24:00Z,0
2024-10-20T09:36:00Z,0.9304089
2024-10-20T10:12:00Z,0
2024-10-20T13:48:00Z,0.5829162
2024-10-20T15:00:00Z,0.095937826
2024-10-20T15:36:00Z,0.4479842
2024-10-20T16:12:00Z,0.2955094
2024-10-20T16:48:00Z,0.55875903
2024-10-20T17:24:00Z,0.09415654
2024-10-20T19:12:00Z,0.69385594
2024-10-20T19:48:00Z,0.15849833
2024-10-20T21:00:00Z,0.58658767
2024-10-20T21:36:00Z,0.41834584
2024-10-20T22:12:00Z,0.9007212
2024-10-20T22:48:00Z,0
2024-10-20T23:24:00Z,0.3937902
2024-10-21T00:00:00Z,0.21340187
2024-10-21T00:36:00Z,0.7636985
2024-10-21T01:12:00Z,0
2024-10-21T03:00:00Z,0.4677179
2024-10-21T03:36:00Z,0.9892169
2024-10-21T04:12:00Z,0
2024-10-21T04:48:00Z,0.6961402
2024-10-21T05:24:00Z,0.45130637
2024-10-21T06:36:00Z,0.66209507
2024-10-21T07:12:00Z,0.14758348
2024-10-21T07:48:00Z,0.6939873
2024-10-21T09:00:00Z,0.047732953
2024-10-21T09:36:00Z,0.979961
2024-10-21T10:12:00Z,0
2024-10-21T11:24:00Z,0.75360173
2024-10-21T12:00:00Z,0
2024-10-21T15:00:00Z,0.84154534
2024-10-21T15:36:00Z,0
2024-10-21T16:12:00Z,0.82041013
2024-10-21T16:48:00Z,0
2024-10-21T17:24:00Z,0.6980387
2024-10-21T18:00:00Z,0.2149378
2024-10-21T18:36:00Z,0.4372855
2024-10-21T19:12:00Z,0.008090594
2024-10-21T20:24:00Z,0.73087794
2024-10-21T21:00:00Z,0.24888265
2024-10-21T22:12:00Z,0.6780958
2024-10-21T23:24:00Z,0.9403856
2024-10-22T00:00:00Z,0
2024-10-22T00:36:00Z,0.30191588
2024-10-22T01:48:00Z,0.051613387
2024-10-22T02:24:00Z,0.641036
2024-10-22T03:36:00Z,0.119088456
2024-10-22T04:12:00Z,0.10135541
2024-10-22T04:48:00Z,0.9830746
2024-10-22T05:24:00Z,0
2024-10-22T06:00:00Z,0.61005896
2024-10-22T06:36:00Z,0.47382516
2024-10-22T07:12:00Z,0.7455112
2024-10-22T08:24:00Z,0.7516255
2024-10-22T09:00:00Z,0
2024-10-22T10:12:00Z,0.98243314
2024-10-22T10:48:00Z,0
2024-10-22T11:24:00Z,0.87372565
2024-10-22T12:00:00Z,0
2024-10-22T12:36:00Z,0.8800246
2024-10-22T13:12:00Z,0
2024-10-22T14:24:00Z,0.12937969
2024-10-22T15:00:00Z,0.8791208
2024-10-22T15:36:00Z,0
2024-10-22T16:48:00Z,0.8882141
2024-10-22T17:24:00Z,0
2024-10-22T18:00:00Z,0.73536104
2024-10-22T18:36:00Z,0.26580808
2024-10-22T19:48:00Z,0.016250636
2024-10-22T21:00:00Z,0.88816124
2024-10-22T21:36:00Z,0
2024-10-22T23:24:00Z,0.020313999
2024-10-23T00:00:00Z,0.67752606
2024-10-23T00:36:00Z,0.72767603
2024-10-23T01:12:00Z,0.2213308
2024-10-23T01:48:00Z,0.6158576
2024-10-23T03:00:00Z,0.17010589
2024-10-23T03:36:00Z,0.9992108
2024-10-23T04:12:00Z,0
2024-10-23T04:48:00Z,0.011771012
2024-10-23T05:24:00Z,0.8198528
2024-10-23T06:00:00Z,0
2024-10-23T06:36:00Z,0.59462667
2024-10-23T09:36:00Z,0.660656
2024-10-23T10:12:00Z,0.105598204
2024-10-23T11:24:00Z,0.8619295
2024-10-23T12:00:00Z,0
2024-10-23T12:36:00Z,0.5453935
2024-10-23T13:48:00Z,0.7525533
2024-10-23T14:24:00Z,0
2024-10-23T15:36:00Z,0.76228815
2024-10-23T16:12:00Z,0
2024-10-23T16:48:00Z,0.6887684
2024-10-23T17:24:00Z,0.29206464
2024-10-23T18:00:00Z,0.6315453
2024-10-23T19:12:00Z,0.59563696
2024-10-23T19:48:00Z,0.18570523
2024-10-23T20:24:00Z,0.19309558
2024-10-23T21:36:00Z,0.8770546
2024-10-23T22:12:00Z,0
2024-10-23T22:48:00Z,0.5361806
2024-10-23T23:24:00Z,0.13680188
2024-10-24T00:36:00Z,0.88550377
2024-10-24T01:12:00Z,0
2024-10-24T01:48:00Z,0.88164383
2024-10-24T02:24:00Z,0
2024-10-24T03:00:00Z,0.45350152
2024-10-24T04:12:00Z,0.23292434
2024-10-24T05:24:00Z,0.8814803
2024-10-24T06:00:00Z,0
2024-10-24T06:36:00Z,0.9311668
2024-10-24T07:12:00Z,0
2024-10-24T07:48:00Z,0.7105685
2024-10-24T09:00:00Z,0.6830628
2024-10-24T09:36:00Z,0.3685913
2024-10-24T10:12:00Z,0.888544
2024-10-24T10:48:00Z,0
2024-10-24T12:00:00Z,0.024982817
2024-10-24T12:36:00Z,0.6688339
2024-10-24T13:48:00Z,0.5131486
2024-10-24T14:24:00Z,0.8670496
2024-10-24T15:00:00Z,0
2024-10-24T15:36:00Z,0.60043484
2024-10-24T16:48:00Z,0.53892684
2024-10-24T17:24:00Z,0.09669941
2024-10-24T18:00:00Z,0.23736908
2024-10-24T18:36:00Z,0.79101115
2024-10-24T19:12:00Z,0
2024-10-24T20:24:00Z,0.32642987
2024-10-24T21:00:00Z,0.04669406
2024-10-24T21:36:00Z,0.80338115
2024-10-24T22:12:00Z,0
2024-10-24T22:48:00Z,0.36844245
2024-10-24T23:24:00Z,0.045282595
2024-10-25T00:00:00Z,0.6609611
2024-10-25T01:12:00Z,0.60612035
2024-10-25T01:48:00Z,0.9486489
2024-10-25T02:24:00Z,0
2024-10-25T03:36:00Z,0.30232197
2024-10-25T04:12:00Z,0.11013369
2024-10-25T04:48:00Z,0.82609034
2024-10-25T05:24:00Z,0
2024-10-25T07:12:00Z,0.83676034
2024-10-25T07:48:00Z,0
2024-10-25T09:00:00Z,0.5515556
2024-10-25T09:36:00Z,0.06842455
2024-10-25T10:12:00Z,0.55392027
2024-10-25T12:00:00Z,0.55515224
2024-10-25T12:36:00Z,0.0024351147
2024-10-25T13:12:00Z,0.05791922
2024-10-25T13:48:00Z,0.82991177
2024-10-25T14:24:00Z,0
2024-10-25T15:36:00Z,0.9271338
2024-10-25T16:12:00Z,0
2024-10-25T16:48:00Z,0.8280941
2024-10-25T17:24:00Z,0
2024-10-25T18:00:00Z,0.685189
2024-10-25T18:36:00Z,0.24502051
2024-10-25T19:48:00Z,0.88046205
2024-10-25T20:24:00Z,0
2024-10-25T21:00:00Z,0.92945206
2024-10-25T21:36:00Z,0
2024-10-25T22:48:00Z,0.69891393
2024-10-26T00:00:00Z,0.43373635
2024-10-26T01:12:00Z,0.7105349
2024-10-26T01:48:00Z,0.19015156
2024-10-26T02:24:00Z,0.62260014
2024-10-26T03:00:00Z,0.38188905
2024-10-26T04:12:00Z,0.8683933
2024-10-26T04:48:00Z,0
2024-10-26T06:00:00Z,0.3742205
2024-10-26T07:12:00Z,0.1160668
2024-10-26T08:24:00Z,0.9970448
2024-10-26T09:00:00Z,0
2024-10-26T09:36:00Z,0.56570053
2024-10-26T10:12:00Z,0.20416555
2024-10-26T10:48:00Z,0.82699275
2024-10-26T11:24:00Z,0
2024-10-26T13:48:00Z,0.36515883
2024-10-26T14:24:00Z,0.8811152
2024-10-26T15:00:00Z,0
2024-10-26T16:12:00Z,0.1256431
2024-10-26T16:48:00Z,0.84764135
2024-10-26T17:24:00Z,0
2024-10-26T18:00:00Z,0.87995785
2024-10-26T18:36:00Z,0
2024-10-26T19:48:00Z,0.68803376
2024-10-26T21:00:00Z,0.20835152
2024-10-26T22:48:00Z,0.056899607
2024-10-26T23:24:00Z,0.8162572
2024-10-27T00:00:00Z,0
2024-10-27T00:36:00Z,0.72011083
2024-10-27T01:12:00Z,0.58275384
2024-10-27T01:48:00Z,0.89184636
2024-10-27T02:24:00Z,0
2024-10-27T03:00:00Z,0.96721774
2024-10-27T03:36:00Z,0
2024-10-27T04:48:00Z,0.6457213
2024-10-27T05:24:00Z,0.22400144
2024-10-27T06:00:00Z,0.9991972
2024-10-27T06:36:00Z,0
2024-10-27T07:48:00Z,0.7038479
2024-10-27T09:00:00Z,0.2978405
2024-10-27T09:36:00Z,0.2775091
2024-10-27T10:12:00Z,0.76438487
2024-10-27T10:48:00Z,0
2024-10-27T13:12:00Z,0.30490813
2024-10-27T13:48:00Z,0.9171523
2024-10-27T14:24:00Z,0
2024-10-27T15:36:00Z,0.12753049
2024-10-27T16:12:00Z,0.9127401
2024-10-27T16:48:00Z,0
2024-10-27T17:24:00Z,0.96995693
2024-10-27T18:00:00Z,0
2024-10-27T19:12:00Z,0.8032995
2024-10-27T19:48:00Z,0
2024-10-27T20:24:00Z,0.6684666
2024-10-27T21:00:00Z,0.90187675
2024-10-27T21:36:00Z,0
2024-10-27T22:12:00Z,0.7888672
2024-10-27T22:48:00Z,0
2024-10-27T23:24:00Z,0.818369
2024-10-28T00:00:00Z,0
2024-10-28T00:36:00Z,0.9024566
2024-10-28T01:12:00Z,0
2024-10-28T01:48:00Z,0.8147646
2024-10-28T02:24:00Z,0
2024-10-28T03:00:00Z,0.34116364
2024-10-28T03:36:00Z,0.082044885
2024-10-28T04:48:00Z,0.57313854
2024-10-28T05:24:00Z,0.19464439
2024-10-28T06:00:00Z,0.99500024
2024-10-28T06:36:00Z,0
2024-10-28T07:48:00Z,0.9351604
2024-10-28T08:24:00Z,0
2024-10-28T09:36:00Z,0.9768445
2024-10-28T10:12:00Z,0
2024-10-28T11:24:00Z,0.9456379
2024-10-28T12:00:00Z,0
2024-10-28T13:12:00Z,0.24473181
2024-10-28T13:48:00Z,0.7914543
2024-10-28T14:24:00Z,0
2024-10-28T15:36:00Z,0.15519233
2024-10-28T16:12:00Z,0.9770501
2024-10-28T16:48:00Z,0
2024-10-28T17:24:00Z,0.9778391
2024-10-28T18:00:00Z,0
2024-10-28T20:24:00Z,0.22325608
2024-10-28T21:00:00Z,0.8304838
2024-10-28T21:36:00Z,0
2024-10-28T23:24:00Z,0.7862608
2024-10-29T00:00:00Z,0
2024-10-29T01:12:00Z,0.26488885
2024-10-29T01:48:00Z,0.88820976
2024-10-29T02:24:00Z,0
2024-10-29T03:36:00Z,0.9847167
2024-10-29T04:12:00Z,0
2024-10-29T04:48:00Z,0.95811033
2024-10-29T05:24:00Z,0
2024-10-29T06:00:00Z,0.467543
2024-10-29T06:36:00Z,0.1976722
2024-10-29T07:48:00Z,0.7588763
2024-10-29T08:24:00Z,0
2024-10-29T09:00:00Z,0.9191619
2024-10-29T09:36:00Z,0
2024-10-29T10:12:00Z,0.71672904
2024-10-29T10:48:00Z,0.13497397
2024-10-29T12:00:00Z,0.7303448
2024-10-29T12:36:00Z,0.19078931
2024-10-29T13:48:00Z,0.16965812
2024-10-29T14:24:00Z,0.9138453
2024-10-29T15:00:00Z,0
2024-10-29T15:36:00Z,0.113327645
2024-10-29T16:12:00Z,0.95193005
2024-10-29T16:48:00Z,0
2024-10-29T18:00:00Z,0.8723735
2024-10-29T18:36:00Z,0
2024-10-29T19:12:00Z,0.90544385
2024-10-29T19:48:00Z,0
2024-10-29T21:00:00Z,0.72244686
2024-10-29T22:12:00Z,0.27958375
2024-10-29T22:48:00Z,0.8506409
2024-10-29T23:24:00Z,0
2024-10-30T00:00:00Z,0.98472255
2024-10-30T00:36:00Z,0
2024-10-30T01:48:00Z,0.767321
2024-10-30T02:24:00Z,0
2024-10-30T03:36:00Z,0.24376124
2024-10-30T04:12:00Z,0.68844956
2024-10-30T06:00:00Z,0.16062778
2024-10-30T07:12:00Z,0.32657567
2024-10-30T07:48:00Z,0.8069463
2024-10-30T08:24:00Z,0
2024-10-30T10:12:00Z,0.5130236
2024-10-30T11:24:00Z,0.16490847
2024-10-30T12:00:00Z,0.6657239
2024-10-30T13:12:00Z,0.54417115
2024-10-30T13:48:00Z,0.8451656
2024-10-30T14:24:00Z,0
2024-10-30T15:00:00Z,0.033656895
2024-10-30T15:36:00Z,0.8525184
2024-10-30T16:12:00Z,0
2024-10-30T18:36:00Z,0.29038432
2024-10-30T19:12:00Z,0.82192147
2024-10-30T19:48:00Z,0
2024-10-30T21:36:00Z,0.30876637
2024-10-30T22:12:00Z,0.74133843
2024-10-31T00:00:00Z,0.120427474
2024-10-31T00:36:00Z,0.7250289
2024-10-31T02:24:00Z,0.22062248
2024-10-31T04:12:00Z,0.0859592
2024-10-31T05:24:00Z,0.92401445
2024-10-31T06:00:00Z,0
2024-10-31T07:12:00Z,0.2960293
2024-10-31T07:48:00Z,0.12878144
2024-10-31T09:00:00Z,0.8745242
2024-10-31T09:36:00Z,0
2024-10-31T10:12:00Z,0.8349376
2024-10-31T10:48:00Z,0
2024-10-31T12:00:00Z,0.9586646
2024-10-31T12:36:00Z,0
2024-10-31T14:24:00Z,0.8547664
2024-10-31T15:00:00Z,0
2024-10-31T15:36:00Z,0.8436381
2024-10-31T16:12:00Z,0
2024-10-31T16:48:00Z,0.99553853
2024-10-31T17:24:00Z,0
2024-10-31T18:00:00Z,0.49899435
2024-10-31T18:36:00Z,0.028054446
2024-10-31T19:12:00Z,0.82392865
2024-10-31T19:48:00Z,0
2024-10-31T20:24:00Z,0.8218112
2024-10-31T21:00:00Z,0
2024-10-31T21:36:00Z,0.639208
2024-10-31T22:48:00Z,0.3989121
2024-10-31T23:24:00Z,0.60875636
2024-11-01T00:00:00Z,0.35220122
2024-11-01T00:36:00Z,0.7093573
2024-11-01T01:48:00Z,0.56233203
2024-11-01T02:24:00Z,0.067923166
2024-11-01T03:00:00Z,0.4661844
2024-11-01T04:48:00Z,0.24232107
2024-11-01T05:24:00Z,0.928476
2024-11-01T06:00:00Z,0
2024-11-01T06:36:00Z,0.44345897
2024-11-01T07:48:00Z,0.28737548
2024-11-01T08:24:00Z,0.8565843
2024-11-01T09:00:00Z,0
2024-11-01T09:36:00Z,0.6561105
2024-11-01T10:12:00Z,0.39855948
2024-11-01T10:48:00Z,0.77744055
2024-11-01T11:24:00Z,0
2024-11-01T12:00:00Z,0.82716495
2024-11-01T12:36:00Z,0
2024-11-01T13:12:00Z,0.82876754
2024-11-01T13:48:00Z,0
2024-11-01T14:24:00Z,0.67909676
2024-11-01T15:36:00Z,0.74963516
2024-11-01T16:12:00Z,0.1826521
2024-11-01T16:48:00Z,0.9366623
2024-11-01T17:24:00Z,0
2024-11-01T19:48:00Z,0.8368818
2024-11-01T20:24:00Z,0
2024-11-01T21:00:00Z,0.73301613
2024-11-01T21:36:00Z,0.95545316
2024-11-01T22:12:00Z,0
2024-11-01T23:24:00Z,0.92963123
2024-11-02T00:00:00Z,0
2024-11-02T01:12:00Z,0.89091414
2024-11-02T01:48:00Z,0
2024-11-02T02:24:00Z,0.72209215
2024-11-02T03:00:00Z,0.14132592
2024-11-02T04:12:00Z,0.8733144
2024-11-02T04:48:00Z,0
2024-11-02T05:24:00Z,0.69513196
2024-11-02T06:00:00Z,0.66436565
2024-11-02T06:36:00Z,0.15984237
2024-11-02T07:12:00Z,0.7692667
2024-11-02T07:48:00Z,0
2024-11-02T09:00:00Z,0.44324744
2024-11-02T10:48:00Z,0.2102202
2024-11-02T11:24:00Z,0.8167397
2024-11-02T12:00:00Z,0
2024-11-02T12:36:00Z,0.9195154
2024-11-02T13:12:00Z,0
2024-11-02T13:48:00Z,0.63371307
2024-11-02T14:24:00Z,0.2782432
2024-11-02T15:00:00Z,0.9452076
2024-11-02T15:36:00Z,0
2024-11-02T16:12:00Z,0.016317237
2024-11-02T16:48:00Z,0.60247564
2024-11-02T17:24:00Z,0.3840066
2024-11-02T18:00:00Z,0.8744635
2024-11-02T18:36:00Z,0
2024-11-02T19:12:00Z,0.9060237
2024-11-02T19:48:00Z,0
2024-11-02T20:24:00Z,0.516343
2024-11-02T21:36:00Z,0.32501018
2024-11-02T22:12:00Z,0.88789433
2024-11-02T22:48:00Z,0
2024-11-03T00:00:00Z,0.46409822
2024-11-03T00:36:00Z,0.55240166
2024-11-03T01:12:00Z,0.15557773
2024-11-03T01:48:00Z,0.568938
2024-11-03T03:36:00Z,0.009980971
2024-11-03T04:12:00Z,0.17866811
2024-11-03T04:48:00Z,0.8261943
2024-11-03T05:24:00Z,0
2024-11-03T06:00:00Z,0.6480484
2024-11-03T07:12:00Z,0.38526013
2024-11-03T07:48:00Z,0.670318
2024-11-03T08:24:00Z,0.23665312
2024-11-03T09:00:00Z,0.9615713
2024-11-03T09:36:00Z,0
2024-11-03T10:12:00Z,0.51537496
2024-11-03T10:48:00Z,0.117522776
2024-11-03T12:00:00Z,0.80146927
2024-11-03T12:36:00Z,0
2024-11-03T13:48:00Z,0.86073947
2024-11-03T14:24:00Z,0
2024-11-03T15:00:00Z,0.8721346
2024-11-03T15:36:00Z,0
2024-11-03T16:12:00Z,0.50634736
2024-11-03T17:24:00Z,0.08270832
2024-11-03T18:00:00Z,0.6518066
2024-11-03T19:12:00Z,0.31959286
2024-11-03T20:24:00Z,0.40001073
2024-11-03T21:00:00Z,0.04833973
2024-11-03T21:36:00Z,0.9529615
2024-11-03T22:12:00Z,0
2024-11-03T22:48:00Z,0.9414542
2024-11-03T23:24:00Z,0
2024-11-04T00:36:00Z,0.9386391
2024-11-04T01:12:00Z,0
2024-11-04T01:48:00Z,0.21208784
2024-11-04T02:24:00Z,0.9424402
2024-11-04T03:00:00Z,0
2024-11-04T03:36:00Z,0.78730893
2024-11-04T04:12:00Z,0
2024-11-04T05:24:00Z,0.7425218
2024-11-04T06:00:00Z,0.6679011
2024-11-04T06:36:00Z,0.1750022
2024-11-04T08:24:00Z,0.7979299
2024-11-04T09:00:00Z,0
2024-11-04T10:48:00Z,0.34446618
2024-11-04T11:24:00Z,0.96287227
2024-11-04T12:00:00Z,0
2024-11-04T13:12:00Z,0.87563765
2024-11-04T13:48:00Z,0
2024-11-04T14:24:00Z,0.79791903
2024-11-04T15:00:00Z,0
2024-11-04T15:36:00Z,0.8298337
2024-11-04T16:12:00Z,0
2024-11-04T17:24:00Z,0.7315419
2024-11-04T18:36:00Z,0.62980956
2024-11-04T19:12:00Z,0.9129217
2024-11-04T19:48:00Z,0
2024-11-04T20:24:00Z,0.9704551
2024-11-04T21:00:00Z,0
2024-11-04T21:36:00Z,0.85643625
2024-11-04T22:12:00Z,0
2024-11-04T22:48:00Z,0.6374878
2024-11-05T00:00:00Z,0.869982
2024-11-05T00:36:00Z,0
2024-11-05T01:12:00Z,0.5524114
2024-11-05T02:24:00Z,0.8400862
2024-11-05T03:00:00Z,0
2024-11-05T04:12:00Z,0.8169811
2024-11-05T04:48:00Z,0
2024-11-05T06:00:00Z,0.4758376
2024-11-05T06:36:00Z,0.33130533
2024-11-05T07:12:00Z,0.8531734
2024-11-05T07:48:00Z,0
2024-11-05T08:24:00Z,0.78729093
2024-11-05T09:00:00Z,0
2024-11-05T09:36:00Z,0.7078473
2024-11-05T10:12:00Z,0.76108676
2024-11-05T10:48:00Z,0
2024-11-05T12:00:00Z,0.033547122
2024-11-05T12:36:00Z,0.5946913
2024-11-05T14:24:00Z,0.015913473
2024-11-05T15:00:00Z,0.6265275
2024-11-05T15:36:00Z,0.7475309
2024-11-05T16:12:00Z,0.23177071
2024-11-05T16:48:00Z,0.12489468
2024-11-05T18:00:00Z,0.7754253
2024-11-05T18:36:00Z,0
2024-11-05T20:24:00Z,0.07061177
2024-11-05T21:00:00Z,0.8651211
2024-11-05T21:36:00Z,0
2024-11-05T22:12:00Z,0.67412114
2024-11-05T22:48:00Z,0.07899945
2024-11-05T23:24:00Z,0.80456746
2024-11-06T00:00:00Z,0
2024-11-06T01:12:00Z,0.82152396
2024-11-06T01:48:00Z,0
2024-11-06T03:00:00Z,0.55193585
2024-11-06T04:12:00Z,0.6223226
2024-11-06T05:24:00Z,0.12341791
2024-11-06T06:36:00Z,0.8853925
2024-11-06T07:12:00Z,0
2024-11-06T07:48:00Z,0.97177994
2024-11-06T08:24:00Z,0
2024-11-06T09:00:00Z,0.96727496
2024-11-06T09:36:00Z,0
2024-11-06T13:12:00Z,0.7629055
2024-11-06T13:48:00Z,0
2024-11-06T14:24:00Z,0.72407
2024-11-06T15:36:00Z,0.617466
2024-11-06T16:12:00Z,0.9346218
2024-11-06T16:48:00Z,0
2024-11-06T17:24:00Z,0.64367545
2024-11-06T18:00:00Z,0.43438074
2024-11-06T18:36:00Z,0.7844055
2024-11-06T19:12:00Z,0
2024-11-06T19:48:00Z,0.49272436
2024-11-06T21:00:00Z,0.85424894
2024-11-06T21:36:00Z,0
2024-11-06T23:24:00Z,0.15724973
2024-11-07T00:00:00Z,0.9845671
2024-11-07T00:36:00Z,0
2024-11-07T01:12:00Z,0.5501219
2024-11-07T03:00:00Z,0.04059961
2024-11-07T03:36:00Z,0.24695627
2024-11-07T04:12:00Z,0.88314253
2024-11-07T04:48:00Z,0
2024-11-07T05:24:00Z,0.5666945
2024-11-07T06:00:00Z,0.027449006
2024-11-07T06:36:00Z,0.83024096
2024-11-07T07:12:00Z,0
2024-11-07T08:24:00Z,0.68178767
2024-11-07T09:36:00Z,0.9732322
2024-11-07T10:12:00Z,0
2024-11-07T10:48:00Z,0.60970724
2024-11-07T11:24:00Z,0.38265622
2024-11-07T12:00:00Z,0.9500547
2024-11-07T12:36:00Z,0
2024-11-07T13:48:00Z,0.07386831
2024-11-07T14:24:00Z,0.72483444
2024-11-07T15:36:00Z,0.24576809
2024-11-07T16:12:00Z,0.8385387
2024-11-07T16:48:00Z,0
2024-11-07T17:24:00Z,0.37396246
2024-11-07T18:00:00Z,0.48484775
2024-11-07T18:36:00Z,0.09068278
2024-11-07T21:00:00Z,0.4924455
2024-11-07T23:24:00Z,0.45185596
2024-11-08T00:00:00Z,0.6877944
2024-11-08T00:36:00Z,0.43089235
2024-11-08T01:48:00Z,0.46123186
2024-11-08T02:24:00Z,0.08259846
2024-11-08T03:36:00Z,0.8090155
2024-11-08T04:12:00Z,0
2024-11-08T04:48:00Z,0.06839959
2024-11-08T05:24:00Z,0.81039506
2024-11-08T06:00:00Z,0
2024-11-08T06:36:00Z,0.59926975
2024-11-08T07:12:00Z,0.124859504
2024-11-08T07:48:00Z,0.47939074
2024-11-08T09:00:00Z,0.4576092
2024-11-08T09:36:00Z,0.028619854
2024-11-08T10:12:00Z,0.7329645
2024-11-08T11:24:00Z,0.14810272
2024-11-08T12:00:00Z,0.56840587
2024-11-08T13:12:00Z,0.46422073
2024-11-08T13:48:00Z,0.73899734
2024-11-08T14:24:00Z,0.45850414
2024-11-08T15:00:00Z,0.94888633
2024-11-08T15:36:00Z,0
2024-11-08T16:12:00Z,0.94284666
2024-11-08T16:48:00Z,0
2024-11-08T18:00:00Z,0.96345145
2024-11-08T18:36:00Z,0
2024-11-08T19:48:00Z,0.91312546
2024-11-08T20:24:00Z,0
2024-11-08T22:48:00Z,0.45346233
2024-11-08T23:24:00Z,0.8029969
2024-11-09T00:00:00Z,0
2024-11-09T00:36:00Z,0.23605943
2024-11-09T01:12:00Z,0.9244175
2024-11-09T01:48:00Z,0
2024-11-09T04:12:00Z,0.3161648
2024-11-09T04:48:00Z,0.09097651
2024-11-09T06:00:00Z,0.45798707
2024-11-09T06:36:00Z,0.065168425
2024-11-09T07:48:00Z,0.44939637
2024-11-09T08:24:00Z,0.26237303
2024-11-09T09:36:00Z,0.77108663
2024-11-09T10:12:00Z,0
2024-11-09T10:48:00Z,0.5244802
2024-11-09T11:24:00Z,0.14588946
2024-11-09T12:36:00Z,0.8446407
2024-11-09T13:12:00Z,0
2024-11-09T13:48:00Z,0.90889984
2024-11-09T14:24:00Z,0
2024-11-09T15:00:00Z,0.016731868
2024-11-09T15:36:00Z,0.59696066
2024-11-09T16:12:00Z,0.056746397
2024-11-09T16:48:00Z,0.7047977
2024-11-09T17:24:00Z,0.16700217
2024-11-09T18:00:00Z,0.04481533
2024-11-09T19:12:00Z,0.929786
2024-11-09T19:48:00Z,0
2024-11-09T20:24:00Z,0.69778085
2024-11-09T21:00:00Z,0.21461356
2024-11-09T21:36:00Z,0.5065149
2024-11-09T22:12:00Z,0.27251846
2024-11-09T22:48:00Z,0.96764445
2024-11-09T23:24:00Z,0
2024-11-10T00:36:00Z,0.70000654
2024-11-10T01:48:00Z,0.15626858
2024-11-10T03:00:00Z,0.37201717
2024-11-10T04:48:00Z,0.06628894
2024-11-10T05:24:00Z,0.9470059
2024-11-10T06:00:00Z,0
2024-11-10T06:36:00Z,0.5608909
2024-11-10T07:48:00Z,0.14685982
2024-11-10T09:00:00Z,0.40238494
2024-11-10T09:36:00Z,0.9111412
2024-11-10T10:12:00Z,0
2024-11-10T10:48:00Z,0.9805323
2024-11-10T11:24:00Z,0
2024-11-10T12:00:00Z,0.6368669
2024-11-10T12:36:00Z,0.004791119
2024-11-10T13:12:00Z,0.78421974
2024-11-10T13:48:00Z,0
2024-11-10T14:24:00Z,0.9190215
2024-11-10T15:00:00Z,0
2024-11-10T15:36:00Z,0.30381283
2024-11-10T17:24:00Z,0.28704938
2024-11-10T18:36:00Z,0.6639394
2024-11-10T19:48:00Z,0.010982281
2024-11-10T20:24:00Z,0.706345
2024-11-10T21:00:00Z,0.77988243
2024-11-10T21:36:00Z,0
2024-11-10T22:48:00Z,0.96962225
2024-11-10T23:24:00Z,0
2024-11-11T00:00:00Z,0.75388366
2024-11-11T00:36:00Z,0
2024-11-11T01:48:00Z,0.39148492
2024-11-11T02:24:00Z,0.03233732
2024-11-11T03:00:00Z,0.98969537
2024-11-11T03:36:00Z,0
2024-11-11T04:12:00Z,0.40013665
2024-11-11T04:48:00Z,0.1675439
2024-11-11T06:00:00Z,0.73668206
2024-11-11T06:36:00Z,0.9760329
2024-11-11T07:12:00Z,0
2024-11-11T07:48:00Z,0.6357453
2024-11-11T08:24:00Z,0.23459384
2024-11-11T09:36:00Z,0.96537685
2024-11-11T10:12:00Z,0
2024-11-11T10:48:00Z,0.50666165
2024-11-11T12:36:00Z,0.1346631
2024-11-11T13:12:00Z,0.6304258
2024-11-11T13:48:00Z,0.023160959
2024-11-11T14:24:00Z,0.49739382
2024-11-11T15:00:00Z,0.31411746
2024-11-11T15:36:00Z,0.87187374
2024-11-11T16:12:00Z,0
2024-11-11T17:24:00Z,0.82732326
2024-11-11T18:00:00Z,0
2024-11-11T18:36:00Z,0.27440417
2024-11-11T19:12:00Z,0.08619317
2024-11-11T19:48:00Z,0.6553115
2024-11-11T21:00:00Z,0.8305565
2024-11-11T21:36:00Z,0
2024-11-11T23:24:00Z,0.8365891
2024-11-12T00:00:00Z,0
2024-11-12T00:36:00Z,0.941309
2024-11-12T01:12:00Z,0
2024-11-12T01:48:00Z,0.7877292
2024-11-12T02:24:00Z,0
2024-11-12T03:00:00Z,0.7028437
2024-11-12T04:12:00Z,0.17052239
2024-11-12T04:48:00Z,0.7672571
2024-11-12T05:24:00Z,0
2024-11-12T06:00:00Z,0.7165957
2024-11-12T06:36:00Z,0.033057347
2024-11-12T07:48:00Z,0.9245712
2024-11-12T08:24:00Z,0
2024-11-12T09:00:00Z,0.57851595
2024-11-12T09:36:00Z,0.47935155
2024-11-12T10:12:00Z,0.9092402
2024-11-12T10:48:00Z,0
2024-11-12T12:00:00Z,0.72537655
2024-11-12T12:36:00Z,0.22748232
2024-11-12T13:12:00Z,0.746192
2024-11-12T13:48:00Z,0.31075096
2024-11-12T14:24:00Z,0.9682859
2024-11-12T15:00:00Z,0
2024-11-12T15:36:00Z,0.8050981
2024-11-12T16:12:00Z,0
2024-11-12T16:48:00Z,0.6470399
2024-11-12T18:00:00Z,0.8708569
2024-11-12T18:36:00Z,0
2024-11-12T19:12:00Z,0.95392853
2024-11-12T19:48:00Z,0
2024-11-12T20:24:00Z,0.521688
2024-11-12T21:36:00Z,0.88608456
2024-11-12T22:12:00Z,0
2024-11-12T23:24:00Z,0.80114365
2024-11-13T00:00:00Z,0
2024-11-13T01:48:00Z,0.29019552
2024-11-13T02:24:00Z,0.9533708
2024-11-13T03:00:00Z,0
2024-11-13T03:36:00Z,0.021065118
2024-11-13T04:12:00Z,0.99811757
2024-11-13T04:48:00Z,0
2024-11-13T06:36:00Z,0.028246425
2024-11-13T08:24:00Z,0.67849314
2024-11-13T09:00:00Z,0.12526324
2024-11-13T11:24:00Z,0.94795793
2024-11-13T12:00:00Z,0
2024-11-13T12:36:00Z,0.9266091
2024-11-13T13:12:00Z,0
2024-11-13T14:24:00Z,0.8735093
2024-11-13T15:00:00Z,0
2024-11-13T15:36:00Z,0.72766685
2024-11-13T16:12:00Z,0.59153795
2024-11-13T16:48:00Z,0.05516095
2024-11-13T17:24:00Z,0.19264899
2024-11-13T18:00:00Z,0.8453849
2024-11-13T18:36:00Z,0
2024-11-13T19:12:00Z,0.5573862
2024-11-13T20:24:00Z,0.79244983
2024-11-13T21:00:00Z,0
2024-11-13T22:12:00Z,0.47598374
2024-11-13T22:48:00Z,0.050159633
2024-11-13T23:24:00Z,0.6928119
2024-11-14T00:00:00Z,0.8439321
2024-11-14T00:36:00Z,0
2024-11-14T01:12:00Z,0.61828405
2024-11-14T03:36:00Z,0.65790796
2024-11-14T04:12:00Z,0.9523833
2024-11-14T04:48:00Z,0
2024-11-14T05:24:00Z,0.61373085
2024-11-14T06:00:00Z,0.5647522
2024-11-14T06:36:00Z,0.97449327
2024-11-14T07:12:00Z,0
2024-11-14T07:48:00Z,0.003431717
2024-11-14T08:24:00Z,0.88357764
2024-11-14T09:00:00Z,0
2024-11-14T11:24:00Z,0.47341082
2024-11-14T12:00:00Z,0.90048355
2024-11-14T12:36:00Z,0
2024-11-14T13:48:00Z,0.071623184
2024-11-14T14:24:00Z,0.9732539
2024-11-14T15:00:00Z,0
2024-11-14T16:12:00Z,0.9007291
2024-11-14T16:48:00Z,0
2024-11-14T18:00:00Z,0.88799965
2024-11-14T18:36:00Z,0
2024-11-14T19:12:00Z,0.056782477
2024-11-14T19:48:00Z,0.85448164
2024-11-14T20:24:00Z,0
2024-11-14T22:12:00Z,0.17272468
2024-11-14T22:48:00Z,0.9439343
2024-11-14T23:24:00Z,0
2024-11-15T00:00:00Z,0.00077150995
2024-11-15T00:36:00Z,0.8418445
2024-11-15T01:12:00Z,0
2024-11-15T01:48:00Z,0.1264365
2024-11-15T02:24:00Z,0.77172023
2024-11-15T03:00:00Z,0
2024-11-15T03:36:00Z,0.9819623
2024-11-15T04:12:00Z,0
2024-11-15T04:48:00Z,0.69032955
2024-11-15T06:00:00Z,0.10270258
2024-11-15T07:48:00Z,0.7186919
2024-11-15T08:24:00Z,0.3681039
2024-11-15T09:00:00Z,0.60239804
2024-11-15T09:36:00Z,0.31604815
2024-11-15T10:48:00Z,0.85685253
2024-11-15T11:24:00Z,0
2024-11-15T12:00:00Z,0.9724824
2024-11-15T12:36:00Z,0
2024-11-15T13:12:00Z,0.6597959
2024-11-15T13:48:00Z,0.8341362
2024-11-15T14:24:00Z,0
2024-11-15T15:00:00Z,0.79751515
2024-11-15T15:36:00Z,0
2024-11-15T16:12:00Z,0.88403296
2024-11-15T16:48:00Z,0
2024-11-15T17:24:00Z,0.44580376
2024-11-15T19:12:00Z,0.19521585
2024-11-15T21:00:00Z,0.77664804
2024-11-15T21:36:00Z,0
2024-11-15T22:12:00Z,0.9631705
2024-11-15T22:48:00Z,0
2024-11-16T00:00:00Z,0.32969314
2024-11-16T00:36:00Z,0.12510979
2024-11-16T01:12:00Z,0.7030914
2024-11-16T02:24:00Z,0.4707128
2024-11-16T03:00:00Z,0.767542
2024-11-16T03:36:00Z,0
2024-11-16T04:12:00Z,0.6627043
2024-11-16T04:48:00Z,0.22573334
2024-11-16T05:24:00Z,0.7175614
2024-11-16T07:12:00Z,0.14569208
2024-11-16T08:24:00Z,0.48091415
2024-11-16T10:12:00Z,0.61033297
2024-11-16T10:48:00Z,0.2028532
2024-11-16T12:00:00Z,0.6637328
2024-11-16T12:36:00Z,0.3207644
2024-11-16T13:48:00Z,0.81150174
2024-11-16T14:24:00Z,0
2024-11-16T15:00:00Z,0.42577866
2024-11-16T16:12:00Z,0.52492464
2024-11-16T16:48:00Z,0.044622175
2024-11-16T18:00:00Z,0.8299355
2024-11-16T18:36:00Z,0
2024-11-16T19:48:00Z,0.5592627
2024-11-16T20:24:00Z,0.20272405
2024-11-16T21:36:00Z,0.74497205
2024-11-16T22:48:00Z,0.04074283
2024-11-16T23:24:00Z,0.71944696
2024-11-17T00:00:00Z,0.9771852
2024-11-17T00:36:00Z,0
2024-11-17T01:12:00Z,0.7072373
2024-11-17T02:24:00Z,0.0503587
2024-11-17T03:36:00Z,0.7015304
2024-11-17T04:12:00Z,0.54405135
2024-11-17T04:48:00Z,0.8374108
2024-11-17T05:24:00Z,0
2024-11-17T06:36:00Z,0.76626945
2024-11-17T07:12:00Z,0
2024-11-17T07:48:00Z,0.97755915
2024-11-17T08:24:00Z,0
2024-11-17T09:00:00Z,0.35505503
2024-11-17T10:12:00Z,0.2710015
2024-11-17T10:48:00Z,0.7459406
2024-11-17T11:24:00Z,0.41802835
2024-11-17T12:00:00Z,0.8545588
2024-11-17T12:36:00Z,0
2024-11-17T13:12:00Z,0.03212185
2024-11-17T13:48:00Z,0.57074267
2024-11-17T16:48:00Z,0.3088222
2024-11-17T17:24:00Z,0.52158695
2024-11-17T18:00:00Z,0.27451628
2024-11-17T18:36:00Z,0.7795768
2024-11-17T19:12:00Z,0
2024-11-17T19:48:00Z,0.11104048
2024-11-17T20:24:00Z,0.6423471
2024-11-17T21:00:00Z,0.015211337
2024-11-17T21:36:00Z,0.75867856
2024-11-17T22:12:00Z,0
2024-11-17T22:48:00Z,0.5484866
2024-11-18T01:12:00Z,0.4623364
2024-11-18T01:48:00Z,0.8207259
2024-11-18T02:24:00Z,0
2024-11-18T03:00:00Z,0.98985934
2024-11-18T03:36:00Z,0
2024-11-18T04:12:00Z,0.70688736
2024-11-18T04:48:00Z,0.018236855
2024-11-18T05:24:00Z,0.5716127
2024-11-18T06:36:00Z,0.1408066
2024-11-18T07:12:00Z,0.714381
2024-11-18T07:48:00Z,0.5196451
2024-11-18T08:24:00Z,0.9503853
2024-11-18T09:00:00Z,0
2024-11-18T10:12:00Z,0.70304286
2024-11-18T11:24:00Z,0.81509644
2024-11-18T12:00:00Z,0
2024-11-18T12:36:00Z,0.78247267
2024-11-18T13:12:00Z,0
2024-11-18T15:00:00Z,0.48363525
2024-11-18T16:12:00Z,0.08403009
2024-11-18T16:48:00Z,0.8210575
2024-11-18T17:24:00Z,0
2024-11-18T19:12:00Z,0.8415557
2024-11-18T19:48:00Z,0
2024-11-18T20:24:00Z,0.6769124
2024-11-18T21:00:00Z,0.81469965
2024-11-18T21:36:00Z,0
2024-11-18T22:12:00Z,0.76133996
2024-11-18T22:48:00Z,0
2024-11-18T23:24:00Z,0.9188055
2024-11-19T00:00:00Z,0
2024-11-19T00:36:00Z,0.2506131
2024-11-19T01:12:00Z,0.9813319
2024-11-19T01:48:00Z,0
2024-11-19T03:36:00Z,0.60856646
2024-11-19T04:12:00Z,0.932869
2024-11-19T04:48:00Z,0
2024-11-19T05:24:00Z,0.11020958
2024-11-19T06:36:00Z,0.92371106
2024-11-19T07:12:00Z,0
2024-11-19T07:48:00Z,0.88639194
2024-11-19T08:24:00Z,0
2024-11-19T09:00:00Z,0.1817914
2024-11-19T09:36:00Z,0.7719365
2024-11-19T10:12:00Z,0
2024-11-19T10:48:00Z,0.5972447
2024-11-19T11:24:00Z,0.21642816
2024-11-19T12:00:00Z,0.7913904
2024-11-19T12:36:00Z,0
2024-11-19T13:12:00Z,0.9039569
2024-11-19T13:48:00Z,0
2024-11-19T14:24:00Z,0.4853309
2024-11-19T15:00:00Z,0.30085304
2024-11-19T15:36:00Z,0.734306
2024-11-19T16:12:00Z,0.2960713
2024-11-19T16:48:00Z,0.75094897
2024-11-19T17:24:00Z,0
2024-11-19T18:00:00Z,0.7340563
2024-11-19T19:12:00Z,0.28421274
2024-11-19T21:00:00Z,0.4949785
2024-11-19T21:36:00Z,0.30012703
2024-11-19T22:12:00Z,0.9141918
2024-11-19T22:48:00Z,0
2024-11-19T23:24:00Z,0.9068592
2024-11-20T00:00:00Z,0
2024-11-20T01:12:00Z,0.10922965
2024-11-20T01:48:00Z,0.4951209
2024-11-20T02:24:00Z,0.15819281
2024-11-20T03:00:00Z,0.5586109
2024-11-20T04:12:00Z,0.19872537
2024-11-20T07:12:00Z,0.45269808
2024-11-20T09:00:00Z,0.42026165
2024-11-20T09:36:00Z,0.6495487
2024-11-20T10:12:00Z,0.3865914
2024-11-20T10:48:00Z,0.6404186
2024-11-20T11:24:00Z,0.44308418
2024-11-20T12:00:00Z,0.65706396
2024-11-20T12:36:00Z,0.06813076
2024-11-20T13:48:00Z,0.7035251
2024-11-20T14:24:00Z,0.14848429
2024-11-20T15:00:00Z,0.98000705
2024-11-20T15:36:00Z,0
2024-11-20T16:12:00Z,0.52940106
2024-11-20T16:48:00Z,0.07256175
2024-11-20T17:24:00Z,0.65781724
2024-11-20T18:00:00Z,0.15261583
2024-11-20T18:36:00Z,0.33305943
2024-11-20T19:12:00Z,0.9567194
2024-11-20T19:48:00Z,0
2024-11-20T20:24:00Z,0.14271212
2024-11-20T21:00:00Z,0.85704285
2024-11-20T21:36:00Z,0
2024-11-20T22:48:00Z,0.4546677
2024-11-20T23:24:00Z,0.013932409
2024-11-21T00:36:00Z,0.923297
2024-11-21T01:12:00Z,0
2024-11-21T02:24:00Z,0.98260134
2024-11-21T03:00:00Z,0
2024-11-21T03:36:00Z,0.8799109
2024-11-21T04:12:00Z,0
2024-11-21T05:24:00Z,0.51025563
2024-11-21T06:00:00Z,0.06956848
2024-11-21T06:36:00Z,0.94158643
2024-11-21T07:12:00Z,0
2024-11-21T07:48:00Z,0.8291445
2024-11-21T08:24:00Z,0
2024-11-21T09:00:00Z,0.4121977
2024-11-21T10:12:00Z,0.6155902
2024-11-21T10:48:00Z,0.19517261
2024-11-21T13:48:00Z,0.49684566
2024-11-21T14:24:00Z,0.2957923
2024-11-21T15:00:00Z,0.8663243
2024-11-21T15:36:00Z,0
2024-11-21T16:12:00Z,0.9631553
2024-11-21T16:48:00Z,0
2024-11-21T18:00:00Z,0.23133405
2024-11-21T18:36:00Z,0.030320289
2024-11-21T19:12:00Z,0.9536835
2024-11-21T19:48:00Z,0
2024-11-21T21:00:00Z,0.35956934
2024-11-21T21:36:00Z,0.9496833
2024-11-21T22:12:00Z,0
2024-11-21T22:48:00Z,0.93499076
2024-11-21T23:24:00Z,0
2024-11-22T00:00:00Z,0.8892825
2024-11-22T00:36:00Z,0
2024-11-22T01:12:00Z,0.6160276
2024-11-22T03:00:00Z,0.23201731
2024-11-22T03:36:00Z,0.7185017
2024-11-22T04:12:00Z,0.71133655
2024-11-22T04:48:00Z,0.008453293
2024-11-22T05:24:00Z,0.15321311
2024-11-22T06:36:00Z,0.8864848
2024-11-22T07:12:00Z,0
2024-11-22T07:48:00Z,0.9841705
2024-11-22T08:24:00Z,0
2024-11-22T09:36:00Z,0.737636
2024-11-22T10:12:00Z,0.16018525
2024-11-22T12:00:00Z,0.69280845
2024-11-22T12:36:00Z,0.20635623
2024-11-22T13:12:00Z,0.86428845
2024-11-22T13:48:00Z,0
2024-11-22T14:24:00Z,0.69115514
2024-11-22T15:36:00Z,0.89185673
2024-11-22T16:12:00Z,0
2024-11-22T17:24:00Z,0.94125134
2024-11-22T18:00:00Z,0
2024-11-22T18:36:00Z,0.9294665
2024-11-22T19:12:00Z,0
2024-11-22T19:48:00Z,0.8320169
2024-11-22T20:24:00Z,0
2024-11-22T21:00:00Z,0.03188155
2024-11-22T21:36:00Z,0.64322174
2024-11-22T22:48:00Z,0.105839215
2024-11-22T23:24:00Z,0.8372406
2024-11-23T00:00:00Z,0
2024-11-23T01:12:00Z,0.72552115
2024-11-23T01:48:00Z,0.8661735
2024-11-23T02:24:00Z,0
2024-11-23T04:12:00Z,0.5157028
2024-11-23T04:48:00Z,0.9949111
2024-11-23T05:24:00Z,0
2024-11-23T06:00:00Z,0.9353994
2024-11-23T06:36:00Z,0
2024-11-23T07:12:00Z,0.5629121
2024-11-23T07:48:00Z,0.5105595
2024-11-23T08:24:00Z,0.9985017
2024-11-23T09:00:00Z,0
2024-11-23T11:24:00Z,0.20323445
2024-11-23T12:36:00Z,0.58808
2024-11-23T13:12:00Z,0.06640721
2024-11-23T14:24:00Z,0.64085263
2024-11-23T15:36:00Z,0.09160572
2024-11-23T16:12:00Z,0.6908088
2024-11-23T16:48:00Z,0.13000388
2024-11-23T17:24:00Z,0.6016392
2024-11-23T19:48:00Z,0.29342702
2024-11-23T20:24:00Z,0.8043466
2024-11-23T21:00:00Z,0
2024-11-23T23:24:00Z,0.67838526
2024-11-24T00:36:00Z,0.31379768
2024-11-24T01:12:00Z,0.9751753
2024-11-24T01:48:00Z,0
2024-11-24T02:24:00Z,0.9220595
2024-11-24T03:00:00Z,0
2024-11-24T03:36:00Z,0.12824973
2024-11-24T04:12:00Z,0.906896
2024-11-24T04:48:00Z,0
2024-11-24T06:00:00Z,0.21795571
2024-11-24T07:48:00Z,0.047270905
2024-11-24T08:24:00Z,0.8250806
2024-11-24T09:00:00Z,0
2024-11-24T10:48:00Z,0.79690504
2024-11-24T11:24:00Z,0
2024-11-24T13:12:00Z,0.6241043
2024-11-24T15:00:00Z,0.4940352
2024-11-24T15:36:00Z,0.19843134
2024-11-24T16:12:00Z,0.6105436
2024-11-24T16:48:00Z,0.386531
2024-11-24T18:00:00Z,0.89970523
2024-11-24T18:36:00Z,0
2024-11-24T19:48:00Z,0.08145327
2024-11-24T21:00:00Z,0.77308834
2024-11-24T21:36:00Z,0
2024-11-24T22:12:00Z,0.52684695
2024-11-24T22:48:00Z,0.1519556
2024-11-24T23:24:00Z,0.67018217
2024-11-25T00:00:00Z,0.26348418
2024-11-25T00:36:00Z,0.7331517
2024-11-25T01:12:00Z,0.48871708
2024-11-25T01:48:00Z,0.8936767
2024-11-25T02:24:00Z,0
2024-11-25T03:00:00Z,0.71311474
2024-11-25T03:36:00Z,0.40713093
2024-11-25T04:12:00Z,0.96532243
2024-11-25T04:48:00Z,0
2024-11-25T05:24:00Z,0.7243029
2024-11-25T06:00:00Z,0.071822606
2024-11-25T06:36:00Z,0.6483356
2024-11-25T07:12:00Z,0.22826457
2024-11-25T07:48:00Z,0.81983024
2024-11-25T08:24:00Z,0
2024-11-25T09:00:00Z,0.5295037
2024-11-25T09:36:00Z,0.017372655
2024-11-25T10:12:00Z,0.85102266
2024-11-25T10:48:00Z,0
2024-11-25T12:00:00Z,0.38983893
2024-11-25T12:36:00Z,0.030637551
2024-11-25T13:12:00Z,0.11656956
2024-11-25T13:48:00Z,0.89095265
2024-11-25T14:24:00Z,0
2024-11-25T15:00:00Z,0.6344537
2024-11-25T17:24:00Z,0.2331089
2024-11-25T18:00:00Z,0.58648443
2024-11-25T19:12:00Z,0.82788265
2024-11-25T19:48:00Z,0
2024-11-25T20:24:00Z,0.914726
2024-11-25T21:00:00Z,0
2024-11-25T21:36:00Z,0.9532581
2024-11-25T22:12:00Z,0
2024-11-25T22:48:00Z,0.8889339
2024-11-25T23:24:00Z,0
2024-11-26T00:36:00Z,0.20364796
2024-11-26T01:12:00Z,0.8763041
2024-11-26T01:48:00Z,0
2024-11-26T03:00:00Z,0.6433797
2024-11-26T04:48:00Z,0.95525306
2024-11-26T05:24:00Z,0
2024-11-26T06:00:00Z,0.90077543
2024-11-26T06:36:00Z,0
2024-11-26T07:12:00Z,0.906481
2024-11-26T07:48:00Z,0
2024-11-26T08:24:00Z,0.77465576
2024-11-26T09:00:00Z,0
2024-11-26T10:48:00Z,0.6961512
2024-11-26T13:12:00Z,0.031706218
2024-11-26T13:48:00Z,0.6873047
2024-11-26T14:24:00Z,0.7581497
2024-11-26T15:00:00Z,0
2024-11-26T15:36:00Z,0.45662612
2024-11-26T16:12:00Z,0.24008101
2024-11-26T17:24:00Z,0.96856284
2024-11-26T18:00:00Z,0
2024-11-26T18:36:00Z,0.68973196
2024-11-26T19:12:00Z,0.95241326
2024-11-26T19:48:00Z,0
2024-11-26T21:36:00Z,0.10924789
2024-11-26T22:12:00Z,0.90725315
2024-11-26T22:48:00Z,0
2024-11-26T23:24:00Z,0.5211595
2024-11-27T01:12:00Z,0.3657519
2024-11-27T02:24:00Z,0.95133096
2024-11-27T03:00:00Z,0
2024-11-27T03:36:00Z,0.84746635
2024-11-27T04:12:00Z,0
2024-11-27T05:24:00Z,0.7561673
2024-11-27T06:00:00Z,0
2024-11-27T07:12:00Z,0.7141758
2024-11-27T07:48:00Z,0.41827333
2024-11-27T08:24:00Z,0.84513414
2024-11-27T09:00:00Z,0
2024-11-27T11:24:00Z,0.5829805
2024-11-27T12:00:00Z,0.023785032
2024-11-27T13:12:00Z,0.94908273
2024-11-27T13:48:00Z,0
2024-11-27T15:00:00Z,0.89871305
2024-11-27T15:36:00Z,0
2024-11-27T16:12:00Z,0.12254056
2024-11-27T16:48:00Z,0.82062507
2024-11-27T17:24:00Z,0
2024-11-27T18:00:00Z,0.6885642
2024-11-27T19:12:00Z,0.46614102
2024-11-27T21:00:00Z,0.63352245
2024-11-27T21:36:00Z,0.040076677
2024-11-28T00:00:00Z,0.2008034
2024-11-28T00:36:00Z,0.7317699
2024-11-28T01:48:00Z,0.0651411
2024-11-28T03:00:00Z,0.8719529
2024-11-28T03:36:00Z,0
2024-11-28T04:12:00Z,0.8325177
2024-11-28T04:48:00Z,0
2024-11-28T05:24:00Z,0.8103579
2024-11-28T06:00:00Z,0
2024-11-28T06:36:00Z,0.71974814
2024-11-28T07:12:00Z,0.11050796
2024-11-28T07:48:00Z,0.86028945
2024-11-28T08:24:00Z,0
2024-11-28T09:00:00Z,0.8295007
2024-11-28T09:36:00Z,0
2024-11-28T10:48:00Z,0.8987608
2024-11-28T11:24:00Z,0
2024-11-28T12:00:00Z,0.67273015
2024-11-28T13:12:00Z,0.7797941
2024-11-28T13:48:00Z,0
2024-11-28T14:24:00Z,0.7816588
2024-11-28T15:00:00Z,0
2024-11-28T15:36:00Z,0.55711406
2024-11-28T16:12:00Z,0.06850083
2024-11-28T17:24:00Z,0.71256524
2024-11-28T18:00:00Z,0.019699797
2024-11-28T20:24:00Z,0.9527786
2024-11-28T21:00:00Z,0
2024-11-28T22:12:00Z,0.78649646
2024-11-28T22:48:00Z,0
2024-11-28T23:24:00Z,0.5924408
2024-11-29T00:36:00Z,0.04926525
2024-11-29T01:12:00Z,0.5765448
2024-11-29T02:24:00Z,0.023253186
2024-11-29T03:00:00Z,0.46156734
2024-11-29T03:36:00Z,0.14563006
2024-11-29T04:48:00Z,0.7218455
2024-11-29T06:00:00Z,0.76903594
2024-11-29T06:36:00Z,0
2024-11-29T07:12:00Z,0.3967822
2024-11-29T07:48:00Z,0.25510225
2024-11-29T08:24:00Z,0.8231114
2024-11-29T09:00:00Z,0
2024-11-29T09:36:00Z,0.35931042
2024-11-29T10:48:00Z,0.07064499
2024-11-29T11:24:00Z,0.6778258
2024-11-29T13:48:00Z,0.3464345
2024-11-29T15:00:00Z,0.98333526
2024-11-29T15:36:00Z,0
2024-11-29T16:12:00Z,0.30678463
2024-11-29T16:48:00Z,0.10486899
2024-11-29T18:00:00Z,0.6077513
2024-11-29T18:36:00Z,0.6575587
2024-11-29T19:12:00Z,0.010623905
2024-11-29T19:48:00Z,0.84692425
2024-11-29T20:24:00Z,0
2024-11-29T21:36:00Z,0.0022393055
2024-11-29T22:12:00Z,0.6164192
2024-11-29T23:24:00Z,0.6720622
2024-11-30T00:00:00Z,0.885982
2024-11-30T00:36:00Z,0
2024-11-30T03:00:00Z,0.20784509
2024-11-30T04:12:00Z,0.77441686
2024-11-30T04:48:00Z,0
2024-11-30T05:24:00Z,0.37321717
2024-11-30T06:00:00Z,0.09272265
2024-11-30T06:36:00Z,0.46976426
2024-11-30T07:48:00Z,0.31610826
2024-11-30T09:00:00Z,0.88048196
2024-11-30T09:36:00Z,0
2024-11-30T10:48:00Z,0.60948664
2024-11-30T11:24:00Z,0.7488549
2024-11-30T13:12:00Z,0.50475776
2024-11-30T13:48:00Z,0.6403724
2024-11-30T14:24:00Z,0.21445586
2024-11-30T15:00:00Z,0.690761
2024-11-30T16:12:00Z,0.11184032
2024-11-30T18:00:00Z,0.80569184
2024-11-30T18:36:00Z,0
2024-11-30T19:12:00Z,0.71151984
2024-11-30T19:48:00Z,0.06646435
2024-11-30T21:00:00Z,0.15103753
2024-11-30T21:36:00Z,0.62452805
2024-12-01T00:00:00Z,0.6455766
2024-12-01T00:36:00Z,0.36994112
2024-12-01T01:12:00Z,0.85376304
2024-12-01T01:48:00Z,0
2024-12-01T02:24:00Z,0.70704716
2024-12-01T03:00:00Z,0.16588317
2024-12-01T03:36:00Z,0.87510085
2024-12-01T04:12:00Z,0
2024-12-01T05:24:00Z,0.85690475
2024-12-01T06:00:00Z,0
2024-12-01T06:36:00Z,0.46214038
2024-12-01T07:48:00Z,0.19262417
2024-12-01T08:24:00Z,0.98094374
2024-12-01T09:00:00Z,0
2024-12-01T09:36:00Z,0.16715278
2024-12-01T10:12:00Z,0.8711173
2024-12-01T10:48:00Z,0
2024-12-01T11:24:00Z,0.9123605
2024-12-01T12:00:00Z,0
2024-12-01T12:36:00Z,0.44355422
2024-12-01T13:12:00Z,0.194045
2024-12-01T13:48:00Z,0.89205545
2024-12-01T14:24:00Z,0
2024-12-01T16:12:00Z,0.60225624
2024-12-01T16:48:00Z,0.32018852
2024-12-01T18:36:00Z,0.97816056
2024-12-01T19:12:00Z,0
2024-12-01T19:48:00Z,0.38683596
2024-12-01T20:24:00Z,0.17880912
2024-12-01T21:36:00Z,0.8390978
2024-12-01T22:12:00Z,0
2024-12-01T23:24:00Z,0.89175886
2024-12-02T00:00:00Z,0
2024-12-02T01:12:00Z,0.58577096
2024-12-02T01:48:00Z,0.10364818
2024-12-02T02:24:00Z,0.078844815
2024-12-02T03:00:00Z,0.72383475
2024-12-02T03:36:00Z,0.29442853
2024-12-02T04:48:00Z,0.95742214
2024-12-02T05:24:00Z,0
2024-12-02T06:00:00Z,0.67099524
2024-12-02T06:36:00Z,0.8740205
2024-12-02T07:12:00Z,0
2024-12-02T07:48:00Z,0.95659065
2024-12-02T08:24:00Z,0
2024-12-02T09:00:00Z,0.49631107
2024-12-02T10:48:00Z,0.27019447
2024-12-02T11:24:00Z,0.6882346
2024-12-02T12:00:00Z,0.123219416
2024-12-02T12:36:00Z,0.5281636
2024-12-02T13:12:00Z,0.37255725
2024-12-02T13:48:00Z,0.9396645
2024-12-02T14:24:00Z,0
2024-12-02T15:00:00Z,0.614037
2024-12-02T15:36:00Z,0.18451156
2024-12-02T16:48:00Z,0.3312213
2024-12-02T17:24:00Z,0.83296597
2024-12-02T18:00:00Z,0
2024-12-02T18:36:00Z,0.73770434
2024-12-02T19:12:00Z,0.71094316
2024-12-02T19:48:00Z,0.1550665
2024-12-02T20:24:00Z,0.589594
2024-12-02T21:00:00Z,0.09531884
2024-12-02T22:12:00Z,0.45628288
2024-12-02T22:48:00Z,0.94371533
2024-12-02T23:24:00Z,0
2024-12-03T01:12:00Z,0.27972314
2024-12-03T01:48:00Z,0.72228974
2024-12-03T02:24:00Z,0.0901898
2024-12-03T03:00:00Z,0.14068127
2024-12-03T03:36:00Z,0.59375453
2024-12-03T04:48:00Z,0.37494782
2024-12-03T05:24:00Z,0.88433236
2024-12-03T06:00:00Z,0
2024-12-03T06:36:00Z,0.7789708
2024-12-03T07:12:00Z,0
2024-12-03T07:48:00Z,0.5509225
2024-12-03T09:36:00Z,0.4440236
2024-12-03T10:12:00Z,0.94026756
2024-12-03T10:48:00Z,0
2024-12-03T11:24:00Z,0.67635334
2024-12-03T12:00:00Z,0.8003157
2024-12-03T12:36:00Z,0
2024-12-03T13:48:00Z,0.9288602
2024-12-03T14:24:00Z,0
2024-12-03T15:36:00Z,0.36218488
2024-12-03T16:12:00Z,0
2024-12-03T16:48:00Z,0.46721128
2024-12-03T17:24:00Z,0.098097004
2024-12-03T18:00:00Z,0.80701524
2024-12-03T18:36:00Z,0
2024-12-03T19:12:00Z,0.7994939
2024-12-03T19:48:00Z,0
2024-12-03T20:24:00Z,0.8524399
2024-12-03T21:00:00Z,0
2024-12-03T21:36:00Z,0.33435574
2024-12-03T22:12:00Z,0.0772592
2024-12-03T22:48:00Z,0.79404193
2024-12-03T23:24:00Z,0
2024-12-04T00:36:00Z,0.24977995
2024-12-04T02:24:00Z,0.07493139
2024-12-04T03:00:00Z,0.7498094
2024-12-04T04:12:00Z,0.15274175
2024-12-04T04:48:00Z,0.4099172
2024-12-04T05:24:00Z,0.101104304
2024-12-04T06:36:00Z,0.21101566
2024-12-04T07:12:00Z,0.8309353
2024-12-04T07:48:00Z,0
2024-12-04T09:00:00Z,0.74688977
2024-12-04T10:12:00Z,0.7790925
2024-12-04T10:48:00Z,0
2024-12-04T11:24:00Z,0.9389516
2024-12-04T12:00:00Z,0
2024-12-04T13:48:00Z,0.30254322
2024-12-04T14:24:00Z,0.32262504
2024-12-04T15:00:00Z,0.81418884
2024-12-04T15:36:00Z,0
2024-12-04T16:48:00Z,0.10797324
2024-12-04T17:24:00Z,0.8091132
2024-12-04T18:00:00Z,0
2024-12-04T18:36:00Z,0.77974623
2024-12-04T19:12:00Z,0
2024-12-04T19:48:00Z,0.38084602
2024-12-04T20:24:00Z,0.19561091
2024-12-04T21:00:00Z,0.8308678
2024-12-04T21:36:00Z,0
2024-12-04T23:24:00Z,0.33720192
2024-12-05T00:00:00Z,0.9838901
2024-12-05T00:36:00Z,0
2024-12-05T01:48:00Z,0.92774093
2024-12-05T02:24:00Z,0
2024-12-05T03:00:00Z,0.21249755
2024-12-05T03:36:00Z,0.99874806
2024-12-05T04:12:00Z,0
2024-12-05T04:48:00Z,0.97103304
2024-12-05T05:24:00Z,0
2024-12-05T06:00:00Z,0.87166464
2024-12-05T06:36:00Z,0
2024-12-05T07:48:00Z,0.1348771
2024-12-05T08:24:00Z,0.521621
2024-12-05T09:00:00Z,0.15535878
2024-12-05T09:36:00Z,0.72115046
2024-12-05T10:12:00Z,0.7504751
2024-12-05T10:48:00Z,0
2024-12-05T11:24:00Z,0.39902884
2024-12-05T12:00:00Z,0.0015454427
2024-12-05T13:12:00Z,0.31469122
2024-12-05T15:00:00Z,0.59880203
2024-12-05T15:36:00Z,0.07557055
2024-12-05T16:12:00Z,0.6788415
2024-12-05T16:48:00Z,0.24812025
2024-12-05T17:24:00Z,0.7729525
2024-12-05T18:00:00Z,0
2024-12-05T18:36:00Z,0.9309619
2024-12-05T19:12:00Z,0
2024-12-05T20:24:00Z,0.0024003736
2024-12-05T21:00:00Z,0.78274
2024-12-05T21:36:00Z,0
2024-12-05T22:12:00Z,0.4257488
2024-12-05T22:48:00Z,0.7556046
2024-12-05T23:24:00Z,0
2024-12-06T00:00:00Z,0.6043333
2024-12-06T00:36:00Z,0.23872939
2024-12-06T01:12:00Z,0.83029586
2024-12-06T01:48:00Z,0
2024-12-06T02:24:00Z,0.59474325
2024-12-06T03:36:00Z,0.08288429
2024-12-06T04:12:00Z,0.98973083
2024-12-06T04:48:00Z,0
2024-12-06T05:24:00Z,0.7455648
2024-12-06T07:12:00Z,0.496669
2024-12-06T09:00:00Z,0.07754932
2024-12-06T09:36:00Z,0.6968056
2024-12-06T10:12:00Z,0.76256245
2024-12-06T10:48:00Z,0
2024-12-06T12:00:00Z,0.7864893
2024-12-06T12:36:00Z,0
2024-12-06T13:48:00Z,0.7903289
2024-12-06T14:24:00Z,0
2024-12-06T15:36:00Z,0.1270672
2024-12-06T16:48:00Z,0.82293254
2024-12-06T17:24:00Z,0
2024-12-06T18:00:00Z,0.1405801
2024-12-06T18:36:00Z,0.7107308
2024-12-06T19:12:00Z,0.56327784
2024-12-06T19:48:00Z,0.006796637
2024-12-06T21:00:00Z,0.7680264
2024-12-06T21:36:00Z,0
2024-12-06T22:12:00Z,0.044485923
2024-12-06T22:48:00Z,0.84301907
2024-12-06T23:24:00Z,0
2024-12-07T00:00:00Z,0.712996
2024-12-07T00:36:00Z,0.26192024
2024-12-07T01:48:00Z,0.18315017
2024-12-07T02:24:00Z,0.02451555
2024-12-07T03:00:00Z,0.56189746
2024-12-07T03:36:00Z,0.23246482
2024-12-07T04:12:00Z,0.76781327
2024-12-07T04:48:00Z,0
2024-12-07T05:24:00Z,0.84453374
2024-12-07T06:00:00Z,0
2024-12-07T06:36:00Z,0.8390525
2024-12-07T07:12:00Z,0
2024-12-07T07:48:00Z,0.3997923
2024-12-07T08:24:00Z,0.25405633
2024-12-07T09:00:00Z,0.8497297
2024-12-07T09:36:00Z,0
2024-12-07T10:48:00Z,0.005072632
2024-12-07T11:24:00Z,0.8185906
2024-12-07T12:00:00Z,0
2024-12-07T13:12:00Z,0.8166702
2024-12-07T13:48:00Z,0
2024-12-07T14:24:00Z,0.54380715
2024-12-07T15:00:00Z,0.098654136
2024-12-07T15:36:00Z,0.645046
2024-12-07T16:12:00Z,0.5035335
2024-12-07T16:48:00Z,0.8580224
2024-12-07T17:24:00Z,0
2024-12-07T18:00:00Z,0.28084376
2024-12-07T18:36:00Z,0.9846669
2024-12-07T19:12:00Z,0
2024-12-07T20:24:00Z,0.96190214
2024-12-07T21:00:00Z,0
2024-12-07T21:36:00Z,0.563701
2024-12-07T22:12:00Z,0.5029354
2024-12-07T22:48:00Z,0.954698
2024-12-07T23:24:00Z,0
2024-12-08T00:00:00Z,0.8482056
2024-12-08T00:36:00Z,0
2024-12-08T01:12:00Z,0.7482367
2024-12-08T01:48:00Z,0.31216627
2024-12-08T03:00:00Z,0.21005103
2024-12-08T03:36:00Z,0.59854704
2024-12-08T04:12:00Z,0.47423148
2024-12-08T04:48:00Z,0.90877825
2024-12-08T05:24:00Z,0
2024-12-08T06:00:00Z,0.5218679
2024-12-08T07:12:00Z,0.9036048
2024-12-08T07:48:00Z,0
2024-12-08T08:24:00Z,0.8705269
2024-12-08T09:00:00Z,0
2024-12-08T10:48:00Z,0.7675061
2024-12-08T11:24:00Z,0
2024-12-08T12:00:00Z,0.42470202
2024-12-08T13:12:00Z,0.30929965
2024-12-08T13:48:00Z,0.751395
2024-12-08T14:24:00Z,0
2024-12-08T15:36:00Z,0.7561096
2024-12-08T16:12:00Z,0
2024-12-08T16:48:00Z,0.14587134
2024-12-08T17:24:00Z,0.7485378
2024-12-08T18:36:00Z,0.41160506
2024-12-08T19:12:00Z,0.557109
2024-12-08T19:48:00Z,0.12532826
2024-12-08T20:24:00Z,0.64004576
2024-12-08T21:00:00Z,0.10533507
2024-12-08T21:36:00Z,0.55058
2024-12-08T22:12:00Z,0.017861795
2024-12-09T00:00:00Z,0.8355987
2024-12-09T00:36:00Z,0
2024-12-09T01:12:00Z,0.33560365
2024-12-09T01:48:00Z,0.020272268
2024-12-09T02:24:00Z,0.93113387
2024-12-09T03:00:00Z,0
2024-12-09T03:36:00Z,0.9109341
2024-12-09T04:12:00Z,0
2024-12-09T06:00:00Z,0.9156613
2024-12-09T06:36:00Z,0
2024-12-09T07:12:00Z,0.82134867
2024-12-09T07:48:00Z,0
2024-12-09T08:24:00Z,0.83090216
2024-12-09T09:00:00Z,0
2024-12-09T09:36:00Z,0.65752006
2024-12-09T10:12:00Z,0.008177918
2024-12-09T11:24:00Z,0.5520481
2024-12-09T12:36:00Z,0.016240548
2024-12-09T13:12:00Z,0.7963396
2024-12-09T13:48:00Z,0
2024-12-09T15:36:00Z,0.77218527
2024-12-09T16:12:00Z,0
2024-12-09T16:48:00Z,0.72505105
2024-12-09T17:24:00Z,0.7983657
2024-12-09T18:00:00Z,0
2024-12-09T18:36:00Z,0.6071157
2024-12-09T19:48:00Z,0.1808073
2024-12-09T22:12:00Z,0.3926376
2024-12-09T22:48:00Z,0.89001167
2024-12-09T23:24:00Z,0
2024-12-10T00:36:00Z,0.4401947
2024-12-10T02:24:00Z,0.841293
2024-12-10T03:00:00Z,0
2024-12-10T06:00:00Z,0.5606924
2024-12-10T06:36:00Z,0.9460846
2024-12-10T07:12:00Z,0
2024-12-10T07:48:00Z,0.8329988
2024-12-10T08:24:00Z,0
2024-12-10T09:00:00Z,0.8300456
2024-12-10T09:36:00Z,0
2024-12-10T10:12:00Z,0.93078005
2024-12-10T10:48:00Z,0
2024-12-10T11:24:00Z,0.04902701
2024-12-10T12:00:00Z,0.9594335
2024-12-10T12:36:00Z,0
2024-12-10T13:12:00Z,0.97238994
2024-12-10T13:48:00Z,0
2024-12-10T16:12:00Z,0.5349895
2024-12-10T16:48:00Z,0.35184085
2024-12-10T17:24:00Z,0.96679324
2024-12-10T18:00:00Z,0
2024-12-10T18:36:00Z,0.9563782
2024-12-10T19:12:00Z,0
2024-12-10T20:24:00Z,0.16116759
2024-12-10T21:00:00Z,0.5516047
2024-12-10T21:36:00Z,0.046548788
2024-12-10T22:12:00Z,0.97210306
2024-12-10T22:48:00Z,0
2024-12-10T23:24:00Z,0.82233965
2024-12-11T00:00:00Z,0
2024-12-11T01:48:00Z,0.99195904
2024-12-11T02:24:00Z,0
2024-12-11T03:00:00Z,0.7266001
2024-12-11T03:36:00Z,0.056840748
2024-12-11T04:48:00Z,0.77911603
2024-12-11T05:24:00Z,0
2024-12-11T06:00:00Z,0.61980337
2024-12-11T06:36:00Z,0.107208215
2024-12-11T07:12:00Z,0.8451883
2024-12-11T07:48:00Z,0
2024-12-11T08:24:00Z,0.9500554
2024-12-11T09:00:00Z,0
2024-12-11T09:36:00Z,0.76909316
2024-12-11T10:12:00Z,0
2024-12-11T11:24:00Z,0.96485686
2024-12-11T12:00:00Z,0
2024-12-11T13:12:00Z,0.7605397
2024-12-11T13:48:00Z,0
2024-12-11T15:36:00Z,0.49718612
2024-12-11T16:12:00Z,0.26375112
2024-12-11T17:24:00Z,0.88505
2024-12-11T18:00:00Z,0
2024-12-11T19:12:00Z,0.57972693
2024-12-11T22:12:00Z,0.63975763
2024-12-11T22:48:00Z,0.84517455
2024-12-11T23:24:00Z,0
2024-12-12T00:00:00Z,0.3641512
2024-12-12T01:48:00Z,0.17195259
2024-12-12T03:00:00Z,0.51864004
2024-12-12T03:36:00Z,0.124707215
2024-12-12T04:12:00Z,0.5819941
2024-12-12T06:00:00Z,0.3616526
2024-12-12T07:12:00Z,0.564854
2024-12-12T07:48:00Z,0.22873428
2024-12-12T08:24:00Z,0.6244366
2024-12-12T09:00:00Z,0.22284357
2024-12-12T09:36:00Z,0.798
2024-12-12T10:12:00Z,0
2024-12-12T10:48:00Z,0.001844042
2024-12-12T11:24:00Z,0.6549458
2024-12-12T13:12:00Z,0.09812922
2024-12-12T13:48:00Z,0.8395638
2024-12-12T14:24:00Z,0
2024-12-12T15:36:00Z,0.26103398
2024-12-12T16:12:00Z,0.861366
2024-12-12T16:48:00Z,0
2024-12-12T17:24:00Z,0.7289689
2024-12-12T18:00:00Z,0.38944733
2024-12-12T18:36:00Z,0.78395575
2024-12-12T19:12:00Z,0
2024-12-12T19:48:00Z,0.49022806
2024-12-12T21:00:00Z,0.2520459
2024-12-12T21:36:00Z,0.7709072
2024-12-12T22:12:00Z,0
2024-12-12T23:24:00Z,0.8425321
2024-12-13T00:00:00Z,0
2024-12-13T01:12:00Z,0.80878884
2024-12-13T01:48:00Z,0
2024-12-13T03:00:00Z,0.6075696
2024-12-13T03:36:00Z,0.07939741
2024-12-13T04:12:00Z,0.82432026
2024-12-13T04:48:00Z,0
2024-12-13T05:24:00Z,0.21981354
2024-12-13T06:00:00Z,0.8748803
2024-12-13T06:36:00Z,0
2024-12-13T08:24:00Z,0.47986987
2024-12-13T09:00:00Z,0.929575
2024-12-13T09:36:00Z,0
2024-12-13T10:12:00Z,0.30696753
2024-12-13T10:48:00Z,0.14823288
2024-12-13T12:00:00Z,0.93639356
2024-12-13T12:36:00Z,0
2024-12-13T13:12:00Z,0.9623457
2024-12-13T13:48:00Z,0
2024-12-13T14:24:00Z,0.7267634
2024-12-13T15:00:00Z,0.91528165
2024-12-13T15:36:00Z,0
2024-12-13T16:12:00Z,0.79574484
2024-12-13T16:48:00Z,0
2024-12-13T17:24:00Z,0.87813085
2024-12-13T18:00:00Z,0
2024-12-13T18:36:00Z,0.5633806
2024-12-13T19:48:00Z,0.2113152
2024-12-13T20:24:00Z,0.81469285
2024-12-13T21:00:00Z,0
2024-12-13T21:36:00Z,0.40946838
2024-12-13T22:12:00Z,0.07166005
2024-12-14T01:48:00Z,0.72041667
2024-12-14T02:24:00Z,0.9586831
2024-12-14T03:00:00Z,0
2024-12-14T03:36:00Z,0.6639008
2024-12-14T04:48:00Z,0.61328316
2024-12-14T05:24:00Z,0.9465564
2024-12-14T06:00:00Z,0
2024-12-14T06:36:00Z,0.8393673
2024-12-14T07:12:00Z,0
2024-12-14T08:24:00Z,0.33556947
2024-12-14T09:00:00Z,0.17363335
2024-12-14T09:36:00Z,0.97229105
2024-12-14T10:12:00Z,0
2024-12-14T10:48:00Z,0.8617404
2024-12-14T11:24:00Z,0
2024-12-14T12:00:00Z,0.76405424
2024-12-14T12:36:00Z,0
2024-12-14T13:48:00Z,0.70535314
2024-12-14T14:24:00Z,0.008989744
2024-12-14T16:12:00Z,0.78346723
2024-12-14T16:48:00Z,0
2024-12-14T17:24:00Z,0.6286391
2024-12-14T18:00:00Z,0.6241624
2024-12-14T18:36:00Z,0.21171531
2024-12-14T19:12:00Z,0.82170564
2024-12-14T19:48:00Z,0
2024-12-14T20:24:00Z,0.84930116
2024-12-14T21:00:00Z,0
2024-12-14T21:36:00Z,0.8347261
2024-12-14T22:12:00Z,0
2024-12-14T22:48:00Z,0.7871947
2024-12-14T23:24:00Z,0
2024-12-15T00:36:00Z,0.6840097
2024-12-15T01:12:00Z,0.16579713
2024-12-15T03:00:00Z,0.21488215
2024-12-15T03:36:00Z,0.9836773
2024-12-15T04:12:00Z,0
2024-12-15T05:24:00Z,0.8409545
2024-12-15T06:00:00Z,0
2024-12-15T08:24:00Z,0.74223113
2024-12-15T10:12:00Z,0.4955419
2024-12-15T10:48:00Z,0.806636
2024-12-15T11:24:00Z,0
2024-12-15T12:00:00Z,0.14701325
2024-12-15T12:36:00Z,0.83988553
2024-12-15T13:12:00Z,0
2024-12-15T15:00:00Z,0.9788122
2024-12-15T15:36:00Z,0
2024-12-15T16:48:00Z,0.046634514
2024-12-15T17:24:00Z,0.49674276
2024-12-15T18:00:00Z,0.22531207
2024-12-15T19:12:00Z,0.8602519
2024-12-15T19:48:00Z,0
2024-12-15T20:24:00Z,0.731953
2024-12-15T21:00:00Z,0.19334954
2024-12-15T22:12:00Z,0.23120835
2024-12-15T22:48:00Z,0.55726874
2024-12-15T23:24:00Z,0.034620073
2024-12-16T00:00:00Z,0.037101556
2024-12-16T00:36:00Z,0.79870045
2024-12-16T01:12:00Z,0
2024-12-16T01:48:00Z,0.37989047
2024-12-16T02:24:00Z,0.0016285512
2024-12-16T04:48:00Z,0.7857895
2024-12-16T05:24:00Z,0
2024-12-16T06:36:00Z,0.6768878
2024-12-16T07:12:00Z,0.43850884
2024-12-16T07:48:00Z,0.91932595
2024-12-16T08:24:00Z,0
2024-12-16T09:00:00Z,0.48930034
2024-12-16T10:12:00Z,0.15729025
2024-12-16T12:00:00Z,0.34592575
2024-12-16T12:36:00Z,0.74827
2024-12-16T14:24:00Z,0.14331234
2024-12-16T16:48:00Z,0.48537576
2024-12-16T17:24:00Z,0.85293156
2024-12-16T18:00:00Z,0
2024-12-16T19:48:00Z,0.34848914
2024-12-16T21:00:00Z,0.07539831
2024-12-16T21:36:00Z,0.6763707
2024-12-16T22:12:00Z,0.3174761
2024-12-16T22:48:00Z,0.49739447
2024-12-17T00:00:00Z,0.37806687
2024-12-17T01:12:00Z,0.8623152
2024-12-17T01:48:00Z,0
2024-12-17T02:24:00Z,0.43365765
2024-12-17T03:36:00Z,0.27477747
2024-12-17T04:48:00Z,0.90197724
2024-12-17T05:24:00Z,0
2024-12-17T06:36:00Z,0.93875295
2024-12-17T07:12:00Z,0
2024-12-17T07:48:00Z,0.51271766
2024-12-17T08:24:00Z,0.018682074
2024-12-17T09:00:00Z,0.61951816
2024-12-17T09:36:00Z,0.2172462
2024-12-17T10:48:00Z,0.11664046
2024-12-17T11:24:00Z,0.58329374
2024-12-17T12:00:00Z,0.22805867
2024-12-17T12:36:00Z,0.9487958
2024-12-17T13:12:00Z,0
2024-12-17T13:48:00Z,0.93940043
2024-12-17T14:24:00Z,0
2024-12-17T15:36:00Z,0.69382536
2024-12-17T16:12:00Z,0.058523126
2024-12-17T16:48:00Z,0.30144837
2024-12-17T18:00:00Z,0.28745514
2024-12-17T18:36:00Z,0.43084177
2024-12-17T19:48:00Z,0.21860446
2024-12-17T21:00:00Z,0.5964845
2024-12-17T22:12:00Z,0.43229663
2024-12-17T22:48:00Z,0.8969737
2024-12-17T23:24:00Z,0
2024-12-18T00:00:00Z,0.9915404
2024-12-18T00:36:00Z,0
2024-12-18T01:12:00Z,0.65204763
2024-12-18T01:48:00Z,0.110369824
2024-12-18T02:24:00Z,0.8045253
2024-12-18T03:00:00Z,0
2024-12-18T03:36:00Z,0.33261535
2024-12-18T04:48:00Z,0.33321977
2024-12-18T06:00:00Z,0.8021067
2024-12-18T06:36:00Z,0
2024-12-18T07:12:00Z,0.003166906
2024-12-18T08:24:00Z,0.88305235
2024-12-18T09:00:00Z,0
2024-12-18T10:12:00Z,0.91903055
2024-12-18T10:48:00Z,0
2024-12-18T11:24:00Z,0.6019528
2024-12-18T14:24:00Z,0.0081679495
2024-12-18T15:00:00Z,0.6730334
2024-12-18T15:36:00Z,0.47419268
2024-12-18T16:12:00Z,0.7394199
2024-12-18T17:24:00Z,0.2580134
2024-12-18T18:00:00Z,0.9465143
2024-12-18T18:36:00Z,0
2024-12-18T19:48:00Z,0.8847665
2024-12-18T20:24:00Z,0
2024-12-18T21:00:00Z,0.7815108
2024-12-18T21:36:00Z,0
2024-12-18T22:12:00Z,0.8145995
2024-12-18T22:48:00Z,0
2024-12-18T23:24:00Z,0.55527794
2024-12-19T00:36:00Z,0.8521466
2024-12-19T01:12:00Z,0
2024-12-19T01:48:00Z,0.3474115
2024-12-19T02:24:00Z,0.21574207
2024-12-19T03:00:00Z,0.9784609
2024-12-19T03:36:00Z,0
2024-12-19T04:12:00Z,0.6077712
2024-12-19T05:24:00Z,0.15921028
2024-12-19T07:48:00Z,0.80567557
2024-12-19T08:24:00Z,0
2024-12-19T09:36:00Z,0.773912
2024-12-19T10:12:00Z,0
2024-12-19T10:48:00Z,0.3169864
2024-12-19T11:24:00Z,0.08304331
2024-12-19T12:00:00Z,0.60033274
2024-12-19T12:36:00Z,0.5811584
2024-12-19T13:12:00Z,0.15853457
2024-12-19T13:48:00Z,0.5834672
2024-12-19T15:00:00Z,0.1494444
2024-12-19T15:36:00Z,0.84627324
2024-12-19T16:12:00Z,0
2024-12-19T17:24:00Z,0.56966275
2024-12-19T18:00:00Z,0.34222698
2024-12-19T18:36:00Z,0.7191206
2024-12-19T19:12:00Z,0.21732347
2024-12-19T20:24:00Z,0.79423505
2024-12-19T21:00:00Z,0
2024-12-19T21:36:00Z,0.6474568
2024-12-19T22:12:00Z,0.027141446
2024-12-19T22:48:00Z,0.7328052
2024-12-20T00:00:00Z,0.2366749
2024-12-20T00:36:00Z,0.71990144
2024-12-20T01:12:00Z,0.50667274
2024-12-20T01:48:00Z,0.7677153
2024-12-20T02:24:00Z,0
2024-12-20T03:00:00Z,0.7136184
2024-12-20T03:36:00Z,0.98321176
2024-12-20T04:12:00Z,0
2024-12-20T04:48:00Z,0.05269832
2024-12-20T05:24:00Z,0.8490022
2024-12-20T06:00:00Z,0
2024-12-20T06:36:00Z,0.7906698
2024-12-20T07:12:00Z,0
2024-12-20T09:00:00Z,0.3123969
2024-12-20T09:36:00Z,0.80356663
2024-12-20T10:12:00Z,0
2024-12-20T10:48:00Z,0.32161078
2024-12-20T11:24:00Z,0.08373436
2024-12-20T12:00:00Z,0.52355283
2024-12-20T12:36:00Z,0.34494936
2024-12-20T13:12:00Z,0.9130884
2024-12-20T13:48:00Z,0
2024-12-20T15:36:00Z,0.64428824
2024-12-20T16:12:00Z,0.47232425
2024-12-20T16:48:00Z,0.9996826
2024-12-20T17:24:00Z,0
2024-12-20T18:00:00Z,0.0026310706
2024-12-20T19:12:00Z,0.982052
2024-12-20T19:48:00Z,0
2024-12-20T20:24:00Z,0.017502334
2024-12-20T21:00:00Z,0.9052198
2024-12-20T21:36:00Z,0
2024-12-20T22:12:00Z,0.6980981
2024-12-20T22:48:00Z,0.7765243
2024-12-20T23:24:00Z,0
2024-12-21T00:00:00Z,0.95757437
2024-12-21T00:36:00Z,0
2024-12-21T01:12:00Z,0.5943825
2024-12-21T01:48:00Z,0.11924409
2024-12-21T03:36:00Z,0.8359
2024-12-21T04:12:00Z,0
2024-12-21T04:48:00Z,0.94204515
2024-12-21T05:24:00Z,0
2024-12-21T07:12:00Z,0.16810189
2024-12-21T07:48:00Z,0.94612885
2024-12-21T08:24:00Z,0
2024-12-21T09:36:00Z,0.3835977
2024-12-21T10:12:00Z,0.8374254
2024-12-21T10:48:00Z,0
2024-12-21T13:12:00Z,0.4159282
2024-12-21T14:24:00Z,0.04055354
2024-12-21T15:00:00Z,0.6178533
2024-12-21T16:12:00Z,0.627428
2024-12-21T16:48:00Z,0.97280145
2024-12-21T17:24:00Z,0
2024-12-21T19:12:00Z,0.7951438
2024-12-21T19:48:00Z,0
2024-12-21T20:24:00Z,0.82809985
2024-12-21T21:00:00Z,0
2024-12-21T22:12:00Z,0.61710584
2024-12-22T00:00:00Z,0.53336245
2024-12-22T00:36:00Z,0.9556466
2024-12-22T01:12:00Z,0
2024-12-22T01:48:00Z,0.115130305
2024-12-22T02:24:00Z,0.67972493
2024-12-22T03:36:00Z,0.40593186
2024-12-22T04:12:00Z,0.7021032
2024-12-22T04:48:00Z,0.07742028
2024-12-22T06:36:00Z,0.2547001
2024-12-22T07:12:00Z,0.80493206
2024-12-22T07:48:00Z,0
2024-12-22T08:24:00Z,0.64554703
2024-12-22T09:36:00Z,0.18085389
2024-12-22T10:12:00Z,0.55278033
2024-12-22T10:48:00Z,0.051012233
2024-12-22T12:00:00Z,0.44737756
2024-12-22T12:36:00Z,0.27619517
2024-12-22T13:12:00Z,0.9531985
2024-12-22T13:48:00Z,0
2024-12-22T14:24:00Z,0.52101123
2024-12-22T15:00:00Z,0.43833765
2024-12-22T15:36:00Z,0.7854218
2024-12-22T16:12:00Z,0
2024-12-22T16:48:00Z,0.81375515
2024-12-22T17:24:00Z,0
2024-12-22T18:36:00Z,0.9269539
2024-12-22T19:12:00Z,0
2024-12-22T21:36:00Z,0.332168
2024-12-22T22:12:00Z,0.93320805
2024-12-22T22:48:00Z,0
2024-12-23T00:00:00Z,0.7814672
2024-12-23T00:36:00Z,0
2024-12-23T02:24:00Z,0.72161514
2024-12-23T03:36:00Z,0.3339142
2024-12-23T04:48:00Z,0.8599673
2024-12-23T05:24:00Z,0
2024-12-23T06:36:00Z,0.12537497
2024-12-23T07:12:00Z,0.7854002
2024-12-23T07:48:00Z,0
2024-12-23T08:24:00Z,0.4495563
2024-12-23T10:12:00Z,0.6012585
2024-12-23T12:00:00Z,0.6439494
2024-12-23T12:36:00Z,0.11647377
2024-12-23T13:12:00Z,0.42007098
2024-12-23T14:24:00Z,0.042792857
2024-12-23T16:12:00Z,0.4926422
2024-12-23T16:48:00Z,0.9161667
2024-12-23T17:24:00Z,0
2024-12-23T18:00:00Z,0.18429188
2024-12-23T18:36:00Z,0.8161186
2024-12-23T19:12:00Z,0
2024-12-23T19:48:00Z,0.70591587
2024-12-23T20:24:00Z,0.09470509
2024-12-23T21:00:00Z,0.17821443
2024-12-23T21:36:00Z,0.95647043
2024-12-23T22:12:00Z,0
2024-12-23T22:48:00Z,0.6453595
2024-12-24T00:36:00Z,0.5274305
2024-12-24T01:12:00Z,0.016999487
2024-12-24T01:48:00Z,0.97935647
2024-12-24T02:24:00Z,0
2024-12-24T03:00:00Z,0.61736935
2024-12-24T03:36:00Z,0.41078922
2024-12-24T04:12:00Z,0.86826265
2024-12-24T04:48:00Z,0
2024-12-24T06:00:00Z,0.92445755
2024-12-24T06:36:00Z,0
2024-12-24T07:48:00Z,0.8226854
2024-12-24T08:24:00Z,0
2024-12-24T09:00:00Z,0.60456026
2024-12-24T09:36:00Z,0.13840735
2024-12-24T10:12:00Z,0.8146723
2024-12-24T10:48:00Z,0
2024-12-24T12:00:00Z,0.56044275
2024-12-24T12:36:00Z,0.23991668
2024-12-24T13:12:00Z,0.72780734
2024-12-24T15:00:00Z,0.5723065
2024-12-24T15:36:00Z,0.9990155
2024-12-24T16:12:00Z,0
2024-12-24T18:00:00Z,0.61805886
2024-12-24T18:36:00Z,0.35052702
2024-12-24T19:12:00Z,0.8085358
2024-12-24T19:48:00Z,0
2024-12-24T21:00:00Z,0.9284867
2024-12-24T21:36:00Z,0
2024-12-24T22:12:00Z,0.5996689
2024-12-24T22:48:00Z,0.2856943
2024-12-24T23:24:00Z,0.7477286
2024-12-25T00:00:00Z,0.8040294
2024-12-25T00:36:00Z,0
2024-12-25T01:12:00Z,0.4897799
2024-12-25T03:00:00Z,0.18338117
2024-12-25T03:36:00Z,0.54058737
2024-12-25T04:12:00Z,0.11071974
2024-12-25T04:48:00Z,0.6819796
2024-12-25T06:00:00Z,0.9577744
2024-12-25T06:36:00Z,0
2024-12-25T07:12:00Z,0.7842872
2024-12-25T07:48:00Z,0
2024-12-25T08:24:00Z,0.7660111
2024-12-25T09:00:00Z,0
2024-12-25T09:36:00Z,0.9256836
2024-12-25T10:12:00Z,0
2024-12-25T10:48:00Z,0.41939166
2024-12-25T11:24:00Z,0.14051749
2024-12-25T12:00:00Z,0.9657001
2024-12-25T12:36:00Z,0
2024-12-25T13:48:00Z,0.16009621
2024-12-25T14:24:00Z,0.89505184
2024-12-25T15:00:00Z,0
2024-12-25T16:12:00Z,0.36502331
2024-12-25T16:48:00Z,0.11557802
2024-12-25T17:24:00Z,0.8930916
2024-12-25T18:00:00Z,0
2024-12-25T18:36:00Z,0.67242163
2024-12-25T19:12:00Z,0.2299862
2024-12-25T19:48:00Z,0.24955656
2024-12-25T20:24:00Z,0.9720126
2024-12-25T21:00:00Z,0
2024-12-25T22:48:00Z,0.26549482
2024-12-25T23:24:00Z,0.7275599
2024-12-26T00:36:00Z,0.52291685
2024-12-26T01:12:00Z,0.83979434
2024-12-26T01:48:00Z,0
2024-12-26T02:24:00Z,0.23900038
2024-12-26T03:00:00Z,0.9661504
2024-12-26T03:36:00Z,0
2024-12-26T05:24:00Z,0.74069047
2024-12-26T06:36:00Z,0.8593253
2024-12-26T07:12:00Z,0
2024-12-26T07:48:00Z,0.7604991
2024-12-26T08:24:00Z,0
2024-12-26T09:00:00Z,0.36569163
2024-12-26T09:36:00Z,0.3016426
2024-12-26T10:12:00Z,0.6972704
2024-12-26T10:48:00Z,0.19797929
2024-12-26T13:12:00Z,0.7644881
2024-12-26T13:48:00Z,0
2024-12-26T15:00:00Z,0.9699776
2024-12-26T15:36:00Z,0
2024-12-26T16:12:00Z,0.9285952
2024-12-26T16:48:00Z,0
2024-12-26T18:00:00Z,0.87063843
2024-12-26T18:36:00Z,0
2024-12-26T19:48:00Z,0.955029
2024-12-26T20:24:00Z,0
2024-12-26T21:00:00Z,0.99132836
2024-12-26T21:36:00Z,0
2024-12-26T22:48:00Z,0.41563442
2024-12-26T23:24:00Z,0.9858625
2024-12-27T00:00:00Z,0
2024-12-27T00:36:00Z,0.105827495
2024-12-27T01:12:00Z,0.9930728
2024-12-27T01:48:00Z,0
2024-12-27T02:24:00Z,0.72514033
2024-12-27T03:00:00Z,0.24114838
2024-12-27T03:36:00Z,0.22455172
2024-12-27T04:12:00Z,0.86497945
2024-12-27T04:48:00Z,0
2024-12-27T05:24:00Z,0.7871844
2024-12-27T06:00:00Z,0
2024-12-27T06:36:00Z,0.58533
2024-12-27T07:48:00Z,0.1440578
2024-12-27T09:00:00Z,0.15336132
2024-12-27T09:36:00Z,0.8859583
2024-12-27T10:12:00Z,0
2024-12-27T10:48:00Z,0.5345866
2024-12-27T12:00:00Z,0.42953107
2024-12-27T12:36:00Z,0.9697294
2024-12-27T13:12:00Z,0
2024-12-27T13:48:00Z,0.8473469
2024-12-27T14:24:00Z,0
2024-12-27T15:00:00Z,0.96690744
2024-12-27T15:36:00Z,0
2024-12-27T16:12:00Z,0.46329948
2024-12-27T17:24:00Z,0.41371197
2024-12-27T18:00:00Z,0.83362013
2024-12-27T18:36:00Z,0
2024-12-27T19:48:00Z,0.98469824
2024-12-27T20:24:00Z,0
2024-12-27T21:36:00Z,0.95213187
2024-12-27T22:12:00Z,0
2024-12-27T22:48:00Z,0.8460862
2024-12-27T23:24:00Z,0
2024-12-28T00:00:00Z,0.9770545
2024-12-28T00:36:00Z,0
2024-12-28T01:12:00Z,0.6860898
2024-12-28T02:24:00Z,0.6091414
2024-12-28T03:00:00Z,0.013765204
2024-12-28T03:36:00Z,0.7459359
2024-12-28T04:12:00Z,0.119370945
2024-12-28T04:48:00Z,0.20108515
2024-12-28T05:24:00Z,0.9629584
2024-12-28T06:00:00Z,0
2024-12-28T06:36:00Z,0.46847025
2024-12-28T07:12:00Z,0.24676757
2024-12-28T08:24:00Z,0.48140565
2024-12-28T10:48:00Z,0.17453034
2024-12-28T11:24:00Z,0.888044
2024-12-28T12:00:00Z,0
2024-12-28T12:36:00Z,0.6193142
2024-12-28T13:12:00Z,0.43491548
2024-12-28T13:48:00Z,0.9813463
2024-12-28T14:24:00Z,0
2024-12-28T15:00:00Z,0.041006207
2024-12-28T16:48:00Z,0.8163815
2024-12-28T17:24:00Z,0
2024-12-28T18:00:00Z,0.7738895
2024-12-28T18:36:00Z,0
2024-12-28T19:12:00Z,0.5903325
2024-12-28T19:48:00Z,0.76997864
2024-12-28T20:24:00Z,0
2024-12-28T21:00:00Z,0.87018156
2024-12-28T21:36:00Z,0
2024-12-28T22:12:00Z,0.89263624
2024-12-28T22:48:00Z,0
2024-12-28T23:24:00Z,0.9347071
2024-12-29T00:00:00Z,0
2024-12-29T00:36:00Z,0.75902516
2024-12-29T01:12:00Z,0
2024-12-29T01:48:00Z,0.7482025
2024-12-29T04:12:00Z,0.09820081
2024-12-29T05:24:00Z,0.7766287
2024-12-29T06:00:00Z,0
2024-12-29T07:12:00Z,0.25106195
2024-12-29T07:48:00Z,0.87911886
2024-12-29T08:24:00Z,0
2024-12-29T09:00:00Z,0.86945015
2024-12-29T09:36:00Z,0
2024-12-29T11:24:00Z,0.90178776
2024-12-29T12:00:00Z,0
2024-12-29T13:12:00Z,0.3490995
2024-12-29T13:48:00Z,0.312911
2024-12-29T14:24:00Z,0.7996151
2024-12-29T15:00:00Z,0
2024-12-29T16:12:00Z,0.9585937
2024-12-29T16:48:00Z,0
2024-12-29T17:24:00Z,0.811184
2024-12-29T18:00:00Z,0
2024-12-29T18:36:00Z,0.7226056
2024-12-29T19:48:00Z,0.48219475
2024-12-29T21:00:00Z,0.86218804
2024-12-29T21:36:00Z,0
2024-12-29T22:12:00Z,0.46890464
2024-12-29T22:48:00Z,0.02712765
2024-12-30T00:00:00Z,0.93727815
2024-12-30T00:36:00Z,0
2024-12-30T03:00:00Z,0.28355554
2024-12-30T03:36:00Z,0.95897704
2024-12-30T04:12:00Z,0
2024-12-30T04:48:00Z,0.60821116
2024-12-30T06:00:00Z,0.044811826
2024-12-30T07:12:00Z,0.37210482
2024-12-30T09:00:00Z,0.40341076
2024-12-30T09:36:00Z,0.69188344
2024-12-30T10:12:00Z,0.30559224
2024-12-30T10:48:00Z,0.8578492
2024-12-30T11:24:00Z,0
2024-12-30T12:00:00Z,0.6769329
2024-12-30T13:12:00Z,0.061864484
2024-12-30T13:48:00Z,0.731629
2024-12-30T15:00:00Z,0.3996848
2024-12-30T16:12:00Z,0.8865432
2024-12-30T16:48:00Z,0
2024-12-30T17:24:00Z,0.90412706
2024-12-30T18:00:00Z,0
2024-12-30T18:36:00Z,0.85304093
2024-12-30T19:12:00Z,0
2024-12-30T19:48:00Z,0.9191754
2024-12-30T20:24:00Z,0
2024-12-30T21:00:00Z,0.8376323
2024-12-30T21:36:00Z,0
2024-12-31T00:36:00Z,0.6981662
2024-12-31T01:48:00Z,0.057206664
2024-12-31T03:00:00Z,0.9320814
2024-12-31T03:36:00Z,0
2024-12-31T04:12:00Z,0.7519556
2024-12-31T04:48:00Z,0
2024-12-31T06:00:00Z,0.51495916
2024-12-31T08:24:00Z,0.2330687
2024-12-31T09:00:00Z,0.649063
2024-12-31T09:36:00Z,0.10620645
2024-12-31T10:12:00Z,0.5412257
2024-12-31T10:48:00Z,0.07209433
2024-12-31T11:24:00Z,0.56600916
2024-12-31T12:00:00Z,0.36021596
2024-12-31T12:36:00Z,0.88535684
2024-12-31T13:12:00Z,0
2024-12-31T13:48:00Z,0.554881
2024-12-31T14:24:00Z,0.017976496
2024-12-31T15:00:00Z,0.24252585
2024-12-31T15:36:00Z,0.8883679
2024-12-31T16:12:00Z,0
2024-12-31T17:24:00Z,0.84901077
2024-12-31T18:00:00Z,0
2024-12-31T18:36:00Z,0.5753248
2024-12-31T20:24:00Z,0.40727255
2024-12-31T21:00:00Z,0.86802113
2024-12-31T21:36:00Z,0
2024-12-31T22:12:00Z,0.6812774
2024-12-31T22:48:00Z,0.8988445
2024-12-31T23:24:00Z,0
2025-01-01T00:00:00Z,0.86414754
2025-01-01T00:36:00Z,0
2025-01-01T01:12:00Z,0.01893141
2025-01-01T01:48:00Z,0.9049307
2025-01-01T02:24:00Z,0
2025-01-01T03:00:00Z,0.11140734
2025-01-01T03:36:00Z,0.88537455
2025-01-01T04:12:00Z,0
2025-01-01T04:48:00Z,0.8926972
2025-01-01T05:24:00Z,0
2025-01-01T06:00:00Z,0.59784186
2025-01-01T07:12:00Z,0.06887712
2025-01-01T07:48:00Z,0.16991006
2025-01-01T08:24:00Z,0.95275015
2025-01-01T09:00:00Z,0
2025-01-01T09:36:00Z,0.9369119
2025-01-01T10:12:00Z,0
2025-01-01T10:48:00Z,0.10343828
2025-01-01T11:24:00Z,0.9203513
2025-01-01T12:00:00Z,0
2025-01-01T13:12:00Z,0.30781075
2025-01-01T13:48:00Z,0.01651673
2025-01-01T14:24:00Z,0.67649144
2025-01-01T15:00:00Z,0.85599697
2025-01-01T15:36:00Z,0
2025-01-01T16:12:00Z,0.98835814
2025-01-01T16:48:00Z,0
2025-01-01T17:24:00Z,0.8138667
2025-01-01T18:00:00Z,0
2025-01-01T18:36:00Z,0.26546964
2025-01-01T19:12:00Z,0.055578243
2025-01-01T19:48:00Z,0.9003511
2025-01-01T20:24:00Z,0
2025-01-01T21:00:00Z,0.6368347
2025-01-01T21:36:00Z,0.7220197
2025-01-01T22:12:00Z,0.054107524
2025-01-01T22:48:00Z,0.7595984
2025-01-01T23:24:00Z,0
2025-01-02T00:36:00Z,0.678191
2025-01-02T01:12:00Z,0.117285445
2025-01-02T01:48:00Z,0.6647653
2025-01-02T03:00:00Z,0.55058897
2025-01-02T03:36:00Z,0.90052307
2025-01-02T04:12:00Z,0
2025-01-02T04:48:00Z,0.7552203
2025-01-02T05:24:00Z,0
2025-01-02T06:00:00Z,0.4770426
2025-01-02T08:24:00Z,0.026110288
2025-01-02T09:00:00Z,0.9885159
2025-01-02T09:36:00Z,0
2025-01-02T10:12:00Z,0.21358502
2025-01-02T10:48:00Z,0.8910542
2025-01-02T11:24:00Z,0
2025-01-02T12:36:00Z,0.9814025
2025-01-02T13:12:00Z,0
2025-01-02T13:48:00Z,0.99363303
2025-01-02T14:24:00Z,0
2025-01-02T15:36:00Z,0.11379559
2025-01-02T16:48:00Z,0.9991453
2025-01-02T17:24:00Z,0
2025-01-02T18:00:00Z,0.24355139
2025-01-02T18:36:00Z,0.031815987
2025-01-02T19:48:00Z,0.9874273
2025-01-02T20:24:00Z,0
2025-01-02T21:36:00Z,0.49546003
2025-01-02T23:24:00Z,0.23789017
2025-01-03T00:00:00Z,0.48343578
2025-01-03T00:36:00Z,0.14139485
2025-01-03T02:24:00Z,0.69448346
2025-01-03T03:00:00Z,0.3886879
2025-01-03T04:48:00Z,0.274171
2025-01-03T05:24:00Z,0.9067794
2025-01-03T06:00:00Z,0
2025-01-03T06:36:00Z,0.9656328
2025-01-03T07:12:00Z,0
2025-01-03T07:48:00Z,0.83307564
2025-01-03T08:24:00Z,0
2025-01-03T10:12:00Z,0.7720235
2025-01-03T10:48:00Z,0
2025-01-03T12:36:00Z,0.9283087
2025-01-03T13:12:00Z,0
2025-01-03T13:48:00Z,0.9721571
2025-01-03T14:24:00Z,0
2025-01-03T15:00:00Z,0.7979904
2025-01-03T15:36:00Z,0
2025-01-03T16:12:00Z,0.9142554
2025-01-03T16:48:00Z,0
2025-01-03T17:24:00Z,0.18020974
2025-01-03T18:00:00Z,0.83125985
2025-01-03T18:36:00Z,0
2025-01-03T21:00:00Z,0.51139873
2025-01-03T21:36:00Z,0.9132326
2025-01-03T22:12:00Z,0
2025-01-03T22:48:00Z,0.2162129
2025-01-03T23:24:00Z,0.9109807
2025-01-04T00:00:00Z,0
2025-01-04T01:48:00Z,0.7814352
2025-01-04T02:24:00Z,0
2025-01-04T03:00:00Z,0.5575507
2025-01-04T03:36:00Z,0.34357786
2025-01-04T04:12:00Z,0.77020746
2025-01-04T04:48:00Z,0
2025-01-04T05:24:00Z,0.92715997
2025-01-04T06:00:00Z,0
2025-01-04T06:36:00Z,0.56499994
2025-01-04T07:12:00Z,0.53314024
2025-01-04T07:48:00Z,0.06560336
2025-01-04T08:24:00Z,0.081299916
2025-01-04T09:00:00Z,0.6896766
2025-01-04T10:48:00Z,0.06852283
2025-01-04T12:00:00Z,0.9182197
2025-01-04T12:36:00Z,0
2025-01-04T13:48:00Z,0.65694845
2025-01-04T14:24:00Z,0.092685685
2025-01-04T15:00:00Z,0.8734131
2025-01-04T15:36:00Z,0
2025-01-04T16:12:00Z,0.702163
2025-01-04T18:00:00Z,0.76876724
2025-01-04T18:36:00Z,0
2025-01-04T21:00:00Z,0.41567013
2025-01-04T21:36:00Z,0.7520102
2025-01-04T22:12:00Z,0
2025-01-04T22:48:00Z,0.14512157
2025-01-04T23:24:00Z,0.7254088
2025-01-05T00:00:00Z,0.08035103
2025-01-05T00:36:00Z,0.6080441
2025-01-05T01:12:00Z,0.49690443
2025-01-05T01:48:00Z,0.97478914
2025-01-05T02:24:00Z,0
2025-01-05T04:12:00Z,0.8051631
2025-01-05T04:48:00Z,0
2025-01-05T05:24:00Z,0.97595996
2025-01-05T06:00:00Z,0
2025-01-05T06:36:00Z,0.6721427
2025-01-05T07:12:00Z,0.34831756
2025-01-05T07:48:00Z,0.76847553
2025-01-05T08:24:00Z,0
2025-01-05T09:00:00Z,0.9302142
2025-01-05T09:36:00Z,0
2025-01-05T10:12:00Z,0.5874175
2025-01-05T12:36:00Z,0.7722373
2025-01-05T13:12:00Z,0
2025-01-05T15:00:00Z,0.5835494
2025-01-05T15:36:00Z,0.16631193
2025-01-05T16:12:00Z,0.7917817
2025-01-05T16:48:00Z,0
2025-01-05T17:24:00Z,0.85002464
2025-01-05T18:00:00Z,0
2025-01-05T18:36:00Z,0.83353055
2025-01-05T19:12:00Z,0
2025-01-05T21:00:00Z,0.8301908
2025-01-05T21:36:00Z,0
2025-01-05T22:48:00Z,0.9650091
2025-01-05T23:24:00Z,0
2025-01-06T00:00:00Z,0.18620057
2025-01-06T00:36:00Z,0.8371716
2025-01-06T01:12:00Z,0
2025-01-06T01:48:00Z,0.5138331
2025-01-06T02:24:00Z,0.30993345
2025-01-06T03:00:00Z,0.9656405
2025-01-06T03:36:00Z,0
2025-01-06T04:48:00Z,0.76645064
2025-01-06T05:24:00Z,0
2025-01-06T06:00:00Z,0.5348105
2025-01-06T07:12:00Z,0.21351498
2025-01-06T07:48:00Z,0.51168776
2025-01-06T09:36:00Z,0.0047566434
2025-01-06T10:12:00Z,0.56436306
2025-01-06T10:48:00Z,0.67491764
2025-01-06T11:24:00Z,0.27575433
2025-01-06T13:12:00Z,0.92556304
2025-01-06T13:48:00Z,0
2025-01-06T15:00:00Z,0.7068517
2025-01-06T15:36:00Z,0.42458117
2025-01-06T16:12:00Z,0.6855899
2025-01-06T16:48:00Z,0.25824782
2025-01-06T17:24:00Z,0.68738437
2025-01-06T18:00:00Z,0.06266451
2025-01-06T21:00:00Z,0.79466724
2025-01-06T21:36:00Z,0
2025-01-06T22:12:00Z,0.5879132
2025-01-06T22:48:00Z,0.56269765
2025-01-06T23:24:00Z,0.09272657
2025-01-07T00:00:00Z,0.13075767
2025-01-07T00:36:00Z,0.7862284
2025-01-07T01:12:00Z,0
2025-01-07T01:48:00Z,0.82832396
2025-01-07T02:24:00Z,0
2025-01-07T03:36:00Z,0.67801535
2025-01-07T04:12:00Z,0.34911165
2025-01-07T05:24:00Z,0.84763277
2025-01-07T06:00:00Z,0
2025-01-07T07:12:00Z,0.2188682
2025-01-07T07:48:00Z,0.77907777
2025-01-07T08:24:00Z,0
2025-01-07T09:00:00Z,0.5563616
2025-01-07T10:12:00Z,0.84406734
2025-01-07T10:48:00Z,0
2025-01-07T12:00:00Z,0.964114
2025-01-07T12:36:00Z,0
2025-01-07T14:24:00Z,0.9682117
2025-01-07T15:00:00Z,0
2025-01-07T15:36:00Z,0.80598944
2025-01-07T16:12:00Z,0
2025-01-07T16:48:00Z,0.9386293
2025-01-07T17:24:00Z,0
2025-01-07T18:00:00Z,0.80432975
2025-01-07T18:36:00Z,0
2025-01-07T19:12:00Z,0.5960801
2025-01-07T21:00:00Z,0.097855866
2025-01-07T21:36:00Z,0.34487885
2025-01-07T22:12:00Z,0.1155417
2025-01-07T22:48:00Z,0.49780104
2025-01-08T01:12:00Z,0.058097605
2025-01-08T02:24:00Z,0.9455044
2025-01-08T03:00:00Z,0
2025-01-08T04:12:00Z,0.29707724
2025-01-08T04:48:00Z,0.020536292
2025-01-08T05:24:00Z,0.46862474
2025-01-08T06:36:00Z,0.17099842
2025-01-08T07:12:00Z,0.90652245
2025-01-08T07:48:00Z,0
2025-01-08T08:24:00Z,0.31265172
2025-01-08T09:00:00Z,0.001973026
2025-01-08T10:48:00Z,0.849497
2025-01-08T11:24:00Z,0
2025-01-08T12:00:00Z,0.029531024
2025-01-08T12:36:00Z,0.47009787
2025-01-08T13:12:00Z,0.2938277
2025-01-08T13:48:00Z,0.74407786
2025-01-08T14:24:00Z,0.7074079
2025-01-08T15:00:00Z,0.13379571
2025-01-08T15:36:00Z,0.38816386
2025-01-08T16:12:00Z,0.049952757
2025-01-08T18:00:00Z,0.8449719
2025-01-08T18:36:00Z,0
2025-01-08T19:12:00Z,0.52922267
2025-01-08T19:48:00Z,0.093641385
2025-01-08T20:24:00Z,0.47397062
2025-01-08T21:36:00Z,0.13015123
2025-01-08T22:12:00Z,0.7490217
2025-01-08T22:48:00Z,0.11022277
2025-01-09T00:00:00Z,0.9317519
2025-01-09T00:36:00Z,0
2025-01-09T01:12:00Z,0.21464129
2025-01-09T01:48:00Z,0.97427666
2025-01-09T02:24:00Z,0
2025-01-09T03:00:00Z,0.588908
2025-01-09T04:48:00Z,0.4195865
2025-01-09T06:36:00Z,0.04589051
2025-01-09T07:12:00Z,0.7296814
2025-01-09T08:24:00Z,0.13038875
2025-01-09T09:00:00Z,0.20673034
2025-01-09T09:36:00Z,0.81085217
2025-01-09T10:12:00Z,0
2025-01-09T11:24:00Z,0.56394154
2025-01-09T12:36:00Z,0.07612273
2025-01-09T13:12:00Z,0.9305368
2025-01-09T13:48:00Z,0
2025-01-09T15:00:00Z,0.78203386
2025-01-09T15:36:00Z,0
2025-01-09T16:48:00Z,0.79401976
2025-01-09T17:24:00Z,0
2025-01-09T18:36:00Z,0.48494074
2025-01-09T19:12:00Z,0.1014149
2025-01-09T19:48:00Z,0.9125839
2025-01-09T20:24:00Z,0
2025-01-09T22:12:00Z,0.7632519
2025-01-09T22:48:00Z,0
2025-01-10T00:00:00Z,0.71373516
2025-01-10T01:12:00Z,0.046446506
2025-01-10T03:00:00Z,0.14224538
2025-01-10T03:36:00Z,0.52089685
2025-01-10T04:12:00Z,0.20815244
2025-01-10T04:48:00Z,0.44864628
2025-01-10T05:24:00Z,0.052542485
2025-01-10T06:00:00Z,0.1926883
2025-01-10T06:36:00Z,0.7580425
2025-01-10T07:12:00Z,0
2025-01-10T09:00:00Z,0.7518659
2025-01-10T09:36:00Z,0
2025-01-10T10:12:00Z,0.4481012
2025-01-10T10:48:00Z,0.35249972
2025-01-10T11:24:00Z,0.92172563
2025-01-10T12:00:00Z,0
2025-01-10T12:36:00Z,0.19149879
2025-01-10T13:12:00Z,0.9393361
2025-01-10T13:48:00Z,0
2025-01-10T14:24:00Z,0.6560416
2025-01-10T16:12:00Z,0.3006563
2025-01-10T16:48:00Z,0.0067984774
2025-01-10T17:24:00Z,0.629584
2025-01-10T18:36:00Z,0.07953416
2025-01-10T19:12:00Z,0.5060471
2025-01-10T19:48:00Z,0.2522643
2025-01-10T20:24:00Z,0.50845516
2025-01-10T21:00:00Z,0.34035605
2025-01-10T21:36:00Z,0.7138723
2025-01-10T22:12:00Z,0.5150867
2025-01-10T22:48:00Z,0.90863997
2025-01-10T23:24:00Z,0
2025-01-11T00:36:00Z,0.7918686
2025-01-11T01:12:00Z,0
2025-01-11T01:48:00Z,0.3921412
2025-01-11T02:24:00Z,0.13890097
2025-01-11T03:00:00Z,0.7768752
2025-01-11T03:36:00Z,0
2025-01-11T04:48:00Z,0.17204015
2025-01-11T05:24:00Z,0.99472916
2025-01-11T06:00:00Z,0
2025-01-11T06:36:00Z,0.74061036
2025-01-11T07:12:00Z,0.8060989
2025-01-11T07:48:00Z,0
2025-01-11T08:24:00Z,0.77967954
2025-01-11T09:00:00Z,0
2025-01-11T09:36:00Z,0.65346104
2025-01-11T10:48:00Z,0.06986214
2025-01-11T12:36:00Z,0.81033677
2025-01-11T13:12:00Z,0
2025-01-11T13:48:00Z,0.59515005
2025-01-11T15:00:00Z,0.35636464
2025-01-11T15:36:00Z,0.6335149
2025-01-11T16:12:00Z,0.021160537
2025-01-11T17:24:00Z,0.9786876
2025-01-11T18:00:00Z,0
2025-01-11T19:12:00Z,0.9518246
2025-01-11T19:48:00Z,0
2025-01-11T21:00:00Z,0.86668247
2025-01-11T21:36:00Z,0
2025-01-11T22:12:00Z,0.8970337
2025-01-11T22:48:00Z,0
2025-01-12T00:00:00Z,0.6711916
2025-01-12T03:00:00Z,0.22231078
2025-01-12T03:36:00Z,0.40660018
2025-01-12T04:12:00Z,0.15855972
2025-01-12T04:48:00Z,0.42218912
2025-01-12T06:00:00Z,0.11907998
2025-01-12T06:36:00Z,0.56716424
2025-01-12T07:12:00Z,0.25255096
2025-01-12T07:48:00Z,0.507323
2025-01-12T08:24:00Z,0.27924624
2025-01-12T09:36:00Z,0.87572044
2025-01-12T10:12:00Z,0
2025-01-12T10:48:00Z,0.5696778
2025-01-12T11:24:00Z,0.03134068
2025-01-12T13:12:00Z,0.99033976
2025-01-12T13:48:00Z,0
2025-01-12T14:24:00Z,0.7717257
2025-01-12T15:00:00Z,0
2025-01-12T15:36:00Z,0.63782954
2025-01-12T16:12:00Z,0.6437787
2025-01-12T16:48:00Z,0.037430502
2025-01-12T17:24:00Z,0.77172905
2025-01-12T18:00:00Z,0
2025-01-12T18:36:00Z,0.70850194
2025-01-12T19:12:00Z,0.7446849
2025-01-12T19:48:00Z,0.3639815
2025-01-12T20:24:00Z,0.49316487
2025-01-12T21:00:00Z,0.05185215
2025-01-12T21:36:00Z,0.12693429
2025-01-12T22:12:00Z,0.62250787
2025-01-12T22:48:00Z,0.21896623
2025-01-12T23:24:00Z,0.8459096
2025-01-13T00:00:00Z,0
2025-01-13T00:36:00Z,0.6438331
2025-01-13T02:24:00Z,0.18878469
2025-01-13T03:00:00Z,0.72569925
2025-01-13T04:48:00Z,0.43123055
2025-01-13T06:00:00Z,0.8548451
2025-01-13T06:36:00Z,0
2025-01-13T07:12:00Z,0.65927035
2025-01-13T07:48:00Z,0.80107355
2025-01-13T08:24:00Z,0
2025-01-13T09:00:00Z,0.8057549
2025-01-13T09:36:00Z,0
2025-01-13T11:24:00Z,0.3514806
2025-01-13T12:00:00Z,0.7974065
2025-01-13T12:36:00Z,0
2025-01-13T14:24:00Z,0.15272184
2025-01-13T15:00:00Z,0.47857594
2025-01-13T16:12:00Z,0.05768886
2025-01-13T18:00:00Z,0.78983116
2025-01-13T18:36:00Z,0
2025-01-13T19:12:00Z,0.90306723
2025-01-13T19:48:00Z,0
2025-01-13T20:24:00Z,0.24732791
2025-01-13T21:00:00Z,0.0040590717
2025-01-13T22:12:00Z,0.7350238
2025-01-14T00:00:00Z,0.67793363
2025-01-14T00:36:00Z,0.38204342
2025-01-14T01:12:00Z,0.95100784
2025-01-14T01:48:00Z,0
2025-01-14T04:12:00Z,0.5137331
2025-01-14T04:48:00Z,0.07582816
2025-01-14T05:24:00Z,0.08908394
2025-01-14T06:00:00Z,0.9096524
2025-01-14T06:36:00Z,0
2025-01-14T07:12:00Z,0.72328436
2025-01-14T08:24:00Z,0.4028129
2025-01-14T09:36:00Z,0.62360096
2025-01-14T10:12:00Z,0.1298685
2025-01-14T10:48:00Z,0.64652056
2025-01-14T12:00:00Z,0.65240663
2025-01-14T12:36:00Z,0.23674776
2025-01-14T13:12:00Z,0.5462792
2025-01-14T13:48:00Z,0.1805671
2025-01-14T15:00:00Z,0.77783424
2025-01-14T15:36:00Z,0
2025-01-14T16:12:00Z,0.8658183
2025-01-14T16:48:00Z,0
2025-01-14T17:24:00Z,0.33875445
2025-01-14T18:00:00Z,0.07057405
2025-01-14T18:36:00Z,0.51076233
2025-01-14T19:12:00Z,0.010964061
2025-01-14T19:48:00Z,0.08132732
2025-01-14T20:24:00Z,0.97109467
2025-01-14T21:00:00Z,0
2025-01-14T22:48:00Z,0.8899258
2025-01-14T23:24:00Z,0
2025-01-15T00:00:00Z,0.58849895
2025-01-15T01:12:00Z,0.5039244
2025-01-15T01:48:00Z,0.969234
2025-01-15T02:24:00Z,0
2025-01-15T03:36:00Z,0.2873335
2025-01-15T04:12:00Z,0.92283475
2025-01-15T04:48:00Z,0
2025-01-15T05:24:00Z,0.7398378
2025-01-15T06:00:00Z,0.75017494
2025-01-15T06:36:00Z,0
2025-01-15T07:48:00Z,0.38638195
2025-01-15T08:24:00Z,0.9276895
2025-01-15T09:00:00Z,0
2025-01-15T09:36:00Z,0.7736764
2025-01-15T10:12:00Z,0
2025-01-15T10:48:00Z,0.38429645
2025-01-15T11:24:00Z,0.18526718
2025-01-15T12:00:00Z,0.92053527
2025-01-15T12:36:00Z,0
2025-01-15T13:48:00Z,0.91302025
2025-01-15T14:24:00Z,0
2025-01-15T15:36:00Z,0.7424492
2025-01-15T16:48:00Z,0.3114593
2025-01-15T17:24:00Z,0.78631246
2025-01-15T18:00:00Z,0
2025-01-15T19:12:00Z,0.9070705
2025-01-15T19:48:00Z,0
2025-01-15T20:24:00Z,0.78764415
2025-01-15T21:00:00Z,0
2025-01-15T21:36:00Z,0.7148661
2025-01-15T22:48:00Z,0.78256917
2025-01-15T23:24:00Z,0
2025-01-16T00:36:00Z,0.60798115
2025-01-16T01:12:00Z,0.14317109
2025-01-16T03:36:00Z,0.44148922
2025-01-16T04:12:00Z,0.7982505
2025-01-16T04:48:00Z,0
2025-01-16T06:00:00Z,0.5769772
2025-01-16T07:48:00Z,0.40251544
2025-01-16T09:00:00Z,0.15003933
2025-01-16T09:36:00Z,0.5624651
2025-01-16T11:24:00Z,0.15473384
2025-01-16T12:36:00Z,0.8241823
2025-01-16T13:12:00Z,0
2025-01-16T13:48:00Z,0.5277027
2025-01-16T15:36:00Z,0.19164042
2025-01-16T16:12:00Z,0.6506996
2025-01-16T16:48:00Z,0.21720046
2025-01-16T18:00:00Z,0.6636131
2025-01-16T18:36:00Z,0.2630165
2025-01-16T19:12:00Z,0.81776845
2025-01-16T19:48:00Z,0
2025-01-16T21:36:00Z,0.92713475
2025-01-16T22:12:00Z,0
2025-01-16T22:48:00Z,0.9256857
2025-01-16T23:24:00Z,0
2025-01-17T00:00:00Z,0.9562293
2025-01-17T00:36:00Z,0
2025-01-17T01:12:00Z,0.067853734
2025-01-17T02:24:00Z,0.9287828
2025-01-17T03:00:00Z,0
2025-01-17T04:12:00Z,0.04448239
2025-01-17T04:48:00Z,0.82385147
2025-01-17T05:24:00Z,0
2025-01-17T06:00:00Z,0.5427267
2025-01-17T06:36:00Z,0.30352527
2025-01-17T07:12:00Z,0.8023841
2025-01-17T07:48:00Z,0
2025-01-17T08:24:00Z,0.9244469
2025-01-17T09:00:00Z,0
2025-01-17T09:36:00Z,0.96474
2025-01-17T10:12:00Z,0
2025-01-17T10:48:00Z,0.3588159
2025-01-17T11:24:00Z,0.2546821
2025-01-17T12:00:00Z,0.8387363
2025-01-17T12:36:00Z,0
2025-01-17T13:12:00Z,0.023479547
2025-01-17T13:48:00Z,0.8253708
2025-01-17T14:24:00Z,0
2025-01-17T15:00:00Z,0.9582823
2025-01-17T15:36:00Z,0
2025-01-17T18:00:00Z,0.40601274
2025-01-17T19:12:00Z,0.7827536
2025-01-17T19:48:00Z,0
2025-01-17T21:36:00Z,0.801426
2025-01-17T22:12:00Z,0
2025-01-17T22:48:00Z,0.5584995
2025-01-17T23:24:00Z,0.4391006
2025-01-18T00:00:00Z,0.7392315
2025-01-18T00:36:00Z,0.26658618
2025-01-18T01:48:00Z,0.8617366
2025-01-18T02:24:00Z,0
2025-01-18T04:12:00Z,0.6862277
2025-01-18T04:48:00Z,0.8223746
2025-01-18T05:24:00Z,0
2025-01-18T06:00:00Z,0.044252567
2025-01-18T06:36:00Z,0.9373757
2025-01-18T07:12:00Z,0
2025-01-18T07:48:00Z,0.09041724
2025-01-18T08:24:00Z,0.8075426
2025-01-18T09:00:00Z,0
2025-01-18T09:36:00Z,0.76988095
2025-01-18T10:12:00Z,0
2025-01-18T10:48:00Z,0.4726542
2025-01-18T11:24:00Z,0.06323865
2025-01-18T12:36:00Z,0.067389034
2025-01-18T13:12:00Z,0.78312045
2025-01-18T13:48:00Z,0
2025-01-18T14:24:00Z,0.72717255
2025-01-18T15:00:00Z,0.066646926
2025-01-18T15:36:00Z,0.936761
2025-01-18T16:12:00Z,0
2025-01-18T16:48:00Z,0.39243343
2025-01-18T17:24:00Z,0.26763374
2025-01-18T18:00:00Z,0.78286135
2025-01-18T18:36:00Z,0
2025-01-18T19:12:00Z,0.89311737
2025-01-18T19:48:00Z,0
2025-01-18T20:24:00Z,0.5321334
2025-01-18T22:48:00Z,0.2217965
2025-01-19T00:36:00Z,0.004169934
2025-01-19T01:48:00Z,0.46505547
2025-01-19T03:00:00Z,0.04776755
2025-01-19T03:36:00Z,0.43834335
2025-01-19T04:12:00Z,0.15514185
2025-01-19T04:48:00Z,0.47506675
2025-01-19T05:24:00Z,0.015005174
2025-01-19T06:00:00Z,0.81150424
2025-01-19T06:36:00Z,0
2025-01-19T07:48:00Z,0.63089246
2025-01-19T08:24:00Z,0.22640264
2025-01-19T09:00:00Z,0.91442317
2025-01-19T09:36:00Z,0
2025-01-19T10:48:00Z,0.83027077
2025-01-19T11:24:00Z,0
2025-01-19T12:00:00Z,0.5193888
2025-01-19T12:36:00Z,0.08033352
2025-01-19T14:24:00Z,0.22414398
2025-01-19T15:00:00Z,0.96523553
2025-01-19T15:36:00Z,0
2025-01-19T16:12:00Z,0.5358813
2025-01-19T16:48:00Z,0.11453055
2025-01-19T17:24:00Z,0.590952
2025-01-19T18:00:00Z,0.109361194
2025-01-19T18:36:00Z,0.4891619
2025-01-19T19:12:00Z,0.3010021
2025-01-19T19:48:00Z,0.76461935
2025-01-19T20:24:00Z,0
2025-01-19T21:00:00Z,0.31815785
2025-01-19T22:12:00Z,0.3992301
2025-01-19T23:24:00Z,0.65616256
2025-01-20T00:00:00Z,0.43019038
2025-01-20T00:36:00Z,0.98945284
2025-01-20T01:12:00Z,0
2025-01-20T01:48:00Z,0.5441724
2025-01-20T03:36:00Z,0.80353636
2025-01-20T04:12:00Z,0
2025-01-20T04:48:00Z,0.4950338
2025-01-20T05:24:00Z,0.174443
2025-01-20T06:36:00Z,0.7619118
2025-01-20T07:12:00Z,0
2025-01-20T07:48:00Z,0.807791
2025-01-20T08:24:00Z,0
2025-01-20T09:00:00Z,0.12661296
2025-01-20T09:36:00Z,0.9359691
2025-01-20T10:12:00Z,0
2025-01-20T11:24:00Z,0.5371935
2025-01-20T12:00:00Z,0.23514378
2025-01-20T13:12:00Z,0.93063015
2025-01-20T13:48:00Z,0
2025-01-20T14:24:00Z,0.8369803
2025-01-20T15:00:00Z,0
2025-01-20T15:36:00Z,0.7712653
2025-01-20T16:12:00Z,0
2025-01-20T18:00:00Z,0.22191134
2025-01-20T18:36:00Z,0.8783032
2025-01-20T19:12:00Z,0
2025-01-20T20:24:00Z,0.45194593
2025-01-20T22:12:00Z,0.17191416
2025-01-20T23:24:00Z,0.82496583
2025-01-21T00:00:00Z,0
2025-01-21T00:36:00Z,0.9258813
2025-01-21T01:12:00Z,0
2025-01-21T02:24:00Z,0.71934533
2025-01-21T03:00:00Z,0.21418576
2025-01-21T04:12:00Z,0.9145216
2025-01-21T04:48:00Z,0
2025-01-21T05:24:00Z,0.18084951
2025-01-21T06:00:00Z,0.9305585
2025-01-21T06:36:00Z,0
2025-01-21T07:48:00Z,0.5715451
2025-01-21T08:24:00Z,0.14449638
2025-01-21T09:00:00Z,0.62764466
2025-01-21T10:48:00Z,0.21489921
2025-01-21T11:24:00Z,0.72332585
2025-01-21T12:36:00Z,0.5997111
2025-01-21T13:12:00Z,0.06641863
2025-01-21T13:48:00Z,0.77715737
2025-01-21T14:24:00Z,0
2025-01-21T15:00:00Z,0.3283519
2025-01-21T15:36:00Z,0.11861693
2025-01-21T16:12:00Z,0.44474408
2025-01-21T16:48:00Z,0.20746228
2025-01-21T17:24:00Z,0.9380228
2025-01-21T18:00:00Z,0
2025-01-21T18:36:00Z,0.49982053
2025-01-21T19:12:00Z,0.3332506
2025-01-21T19:48:00Z,0.98689544
2025-01-21T20:24:00Z,0
2025-01-21T22:48:00Z,0.7728801
2025-01-21T23:24:00Z,0
2025-01-22T00:36:00Z,0.8808822
2025-01-22T01:12:00Z,0
2025-01-22T01:48:00Z,0.5663539
2025-01-22T03:36:00Z,0.5774061
2025-01-22T04:12:00Z,0.9388448
2025-01-22T04:48:00Z,0
2025-01-22T07:12:00Z,0.20257056
2025-01-22T07:48:00Z,0.67448956
2025-01-22T08:24:00Z,0.15831837
2025-01-22T10:12:00Z,0.6817699
2025-01-22T10:48:00Z,0.3042525
2025-01-22T11:24:00Z,0.85762715
2025-01-22T12:00:00Z,0
2025-01-22T12:36:00Z,0.93338454
2025-01-22T13:12:00Z,0
2025-01-22T14:24:00Z,0.80115986
2025-01-22T15:00:00Z,0
2025-01-22T15:36:00Z,0.5823884
2025-01-22T16:12:00Z,0.2791842
2025-01-22T16:48:00Z,0.607027
2025-01-22T17:24:00Z,0.26233113
2025-01-22T18:00:00Z,0.7253786
2025-01-22T18:36:00Z,0.4129148
2025-01-22T19:12:00Z,0.6262372
2025-01-22T20:24:00Z,0.14675558
2025-01-22T21:00:00Z,0.31652883
2025-01-22T21:36:00Z,0.9052547
2025-01-22T22:12:00Z,0
2025-01-22T22:48:00Z,0.5619604
2025-01-22T23:24:00Z,0.12041226
2025-01-23T00:00:00Z,0.93365294
2025-01-23T00:36:00Z,0
2025-01-23T01:12:00Z,0.6913817
2025-01-23T01:48:00Z,0.39717785
2025-01-23T02:24:00Z,0.7712147
2025-01-23T03:00:00Z,0
2025-01-23T03:36:00Z,0.41111422
2025-01-23T04:12:00Z,0.18317051
2025-01-23T04:48:00Z,0.50251377
2025-01-23T05:24:00Z,0.08702955
2025-01-23T06:00:00Z,0.7268471
2025-01-23T08:24:00Z,0.119165465
2025-01-23T10:12:00Z,0.7474332
2025-01-23T10:48:00Z,0.28780612
2025-01-23T11:24:00Z,0.76567924
2025-01-23T12:00:00Z,0
2025-01-23T12:36:00Z,0.8736474
2025-01-23T13:12:00Z,0
2025-01-23T13:48:00Z,0.78137946
2025-01-23T14:24:00Z,0
2025-01-23T15:36:00Z,0.816545
2025-01-23T16:12:00Z,0
2025-01-23T16:48:00Z,0.7211128
2025-01-23T17:24:00Z,0.091229774
2025-01-23T18:36:00Z,0.7419315
2025-01-23T19:12:00Z,0.7309232
2025-01-23T19:48:00Z,0.30992654
2025-01-23T20:24:00Z,0.59784305
2025-01-23T21:36:00Z,0.25260222
2025-01-23T23:24:00Z,0.4441091
2025-01-24T00:36:00Z,0.053797416
2025-01-24T01:12:00Z,0.8824024
2025-01-24T01:48:00Z,0
2025-01-24T03:00:00Z,0.8769642
2025-01-24T03:36:00Z,0
2025-01-24T04:12:00Z,0.998129
2025-01-24T04:48:00Z,0
2025-01-24T05:24:00Z,0.9901235
2025-01-24T06:00:00Z,0
2025-01-24T06:36:00Z,0.41342878
2025-01-24T08:24:00Z,0.6497961
2025-01-24T09:00:00Z,0.95409614
2025-01-24T09:36:00Z,0
2025-01-24T10:12:00Z,0.02874183
2025-01-24T10:48:00Z,0.58567935
2025-01-24T12:00:00Z,0.14427735
2025-01-24T14:24:00Z,0.64661694
2025-01-24T15:00:00Z,0.43571
2025-01-24T15:36:00Z,0.71928364
2025-01-24T16:48:00Z,0.030625574
2025-01-24T17:24:00Z,0.46358418
2025-01-24T19:12:00Z,0.73901755
2025-01-24T19:48:00Z,0.040897373
2025-01-24T21:00:00Z,0.26634303
2025-01-24T21:36:00Z,0.014504909
2025-01-24T22:12:00Z,0.5961519
2025-01-24T22:48:00Z,0.7579473
2025-01-24T23:24:00Z,0
2025-01-25T00:00:00Z,0.97775507
2025-01-25T00:36:00Z,0
2025-01-25T01:12:00Z,0.7171123
2025-01-25T01:48:00Z,0.78564745
2025-01-25T02:24:00Z,0
2025-01-25T03:00:00Z,0.722979
2025-01-25T03:36:00Z,0.21735698
2025-01-25T04:12:00Z,0.36525527
2025-01-25T04:48:00Z,0.024140535
2025-01-25T05:24:00Z,0.8919366
2025-01-25T06:00:00Z,0
2025-01-25T07:12:00Z,0.67705923
2025-01-25T07:48:00Z,0.6059589
2025-01-25T08:24:00Z,0.117646225
2025-01-25T09:00:00Z,0.83021474
2025-01-25T09:36:00Z,0
2025-01-25T10:48:00Z,0.78172
2025-01-25T11:24:00Z,0
2025-01-25T12:36:00Z,0.8922425
2025-01-25T13:12:00Z,0
2025-01-25T15:00:00Z,0.087826505
2025-01-25T16:48:00Z,0.8160935
2025-01-25T17:24:00Z,0
2025-01-25T18:36:00Z,0.4033495
2025-01-25T19:12:00Z,0.034859784
2025-01-25T20:24:00Z,0.6736991
2025-01-25T21:00:00Z,0.14713533
2025-01-25T21:36:00Z,0.99341446
2025-01-25T22:12:00Z,0
2025-01-25T23:24:00Z,0.5969984
2025-01-26T00:00:00Z,0.16092029
2025-01-26T00:36:00Z,0.34387335
2025-01-26T01:12:00Z,0.04885733
2025-01-26T01:48:00Z,0.8477197
2025-01-26T02:24:00Z,0
2025-01-26T03:00:00Z,0.16407841
2025-01-26T03:36:00Z,0.74857724
2025-01-26T04:12:00Z,0.9225003
2025-01-26T04:48:00Z,0
2025-01-26T05:24:00Z,0.8091866
2025-01-26T06:00:00Z,0
2025-01-26T07:12:00Z,0.60984427
2025-01-26T07:48:00Z,0.19596912
2025-01-26T08:24:00Z,0.35409775
2025-01-26T09:00:00Z,0.0064880764
2025-01-26T09:36:00Z,0.70017093
2025-01-26T10:12:00Z,0.95633465
2025-01-26T10:48:00Z,0
2025-01-26T11:24:00Z,0.25799012
2025-01-26T12:00:00Z,0.007653834
2025-01-26T12:36:00Z,0.6935968
2025-01-26T13:12:00Z,0.15546758
2025-01-26T13:48:00Z,0.268694
2025-01-26T14:24:00Z,0.9032472
2025-01-26T15:00:00Z,0
2025-01-26T15:36:00Z,0.8968356
2025-01-26T16:12:00Z,0
2025-01-26T17:24:00Z,0.6786153
2025-01-26T18:36:00Z,0.5431226
2025-01-26T19:12:00Z,0.9298303
2025-01-26T19:48:00Z,0
2025-01-26T20:24:00Z,0.44203135
2025-01-26T22:12:00Z,0.28472984
2025-01-26T23:24:00Z,0.7909206
2025-01-27T00:00:00Z,0
2025-01-27T00:36:00Z,0.5634199
2025-01-27T02:24:00Z,0.65826017
2025-01-27T03:00:00Z,0.99263793
2025-01-27T03:36:00Z,0
2025-01-27T04:48:00Z,0.89870167
2025-01-27T05:24:00Z,0
2025-01-27T06:00:00Z,0.57974726
2025-01-27T06:36:00Z,0.6784078
2025-01-27T07:12:00Z,0.28126568
2025-01-27T07:48:00Z,0.70909387
2025-01-27T08:24:00Z,0.36528456
2025-01-27T09:00:00Z,0.98737556
2025-01-27T09:36:00Z,0
2025-01-27T10:48:00Z,0.9592334
2025-01-27T11:24:00Z,0
2025-01-27T12:36:00Z,0.91830844
2025-01-27T13:12:00Z,0
2025-01-27T13:48:00Z,0.52355677
2025-01-27T15:00:00Z,0.8444779
2025-01-27T15:36:00Z,0
2025-01-27T16:12:00Z,0.7736866
2025-01-27T16:48:00Z,0
2025-01-27T17:24:00Z,0.40753365
2025-01-27T18:36:00Z,0.44553393
2025-01-27T19:12:00Z,0.029500226
2025-01-27T19:48:00Z,0.11784076
2025-01-27T20:24:00Z,0.7960876
2025-01-27T21:00:00Z,0
2025-01-27T22:12:00Z,0.7228437
2025-01-27T22:48:00Z,0.027674735
2025-01-27T23:24:00Z,0.6694121
2025-01-28T00:00:00Z,0.047641717
2025-01-28T00:36:00Z,0.54461616
2025-01-28T03:00:00Z,0.645232
2025-01-28T03:36:00Z,0.94479275
2025-01-28T04:12:00Z,0
2025-01-28T04:48:00Z,0.33453158
2025-01-28T05:24:00Z,0.034529008
2025-01-28T06:36:00Z,0.014286759
2025-01-28T07:12:00Z,0.8087651
2025-01-28T07:48:00Z,0
2025-01-28T08:24:00Z,0.5893913
2025-01-28T09:00:00Z,0.04934533
2025-01-28T09:36:00Z,0.6395008
2025-01-28T11:24:00Z,0.60676473
2025-01-28T12:00:00Z,0.28343242
2025-01-28T15:00:00Z,0.035888456
2025-01-28T17:24:00Z,0.56603694
2025-01-28T18:00:00Z,0.11681776
2025-01-28T18:36:00Z,0.16501534
2025-01-28T19:12:00Z,0.855301
2025-01-28T19:48:00Z,0
2025-01-28T20:24:00Z,0.6706631
2025-01-28T21:00:00Z,0.09696396
2025-01-28T21:36:00Z,0.43345153
2025-01-28T22:12:00Z,0.00074665993
2025-01-28T22:48:00Z,0.16852435
2025-01-28T23:24:00Z,0.95359105
2025-01-29T00:00:00Z,0
2025-01-29T01:12:00Z,0.7447655
2025-01-29T01:48:00Z,0.17775092
2025-01-29T03:36:00Z,0.5799788
2025-01-29T04:12:00Z,0.39529768
2025-01-29T04:48:00Z,0.6181498
2025-01-29T06:00:00Z,0.092724934
2025-01-29T06:36:00Z,0.7548664
2025-01-29T07:12:00Z,0
2025-01-29T08:24:00Z,0.008777417
2025-01-29T09:36:00Z,0.79435235
2025-01-29T10:12:00Z,0
2025-01-29T10:48:00Z,0.47278365
2025-01-29T11:24:00Z,0.39574373
2025-01-29T12:00:00Z,0.8788436
2025-01-29T12:36:00Z,0
2025-01-29T13:12:00Z,0.8550742
2025-01-29T13:48:00Z,0
2025-01-29T14:24:00Z,0.9161754
2025-01-29T15:00:00Z,0
2025-01-29T15:36:00Z,0.060973298
2025-01-29T16:12:00Z,0.98777413
2025-01-29T16:48:00Z,0
2025-01-29T17:24:00Z,0.5966215
2025-01-29T18:00:00Z,0.6739246
2025-01-29T18:36:00Z,0.13596332
2025-01-29T20:24:00Z,0.822774
2025-01-29T21:00:00Z,0
2025-01-29T21:36:00Z,0.968727
2025-01-29T22:12:00Z,0
2025-01-29T22:48:00Z,0.91721094
2025-01-29T23:24:00Z,0
2025-01-30T00:00:00Z,0.8186874
2025-01-30T00:36:00Z,0
2025-01-30T01:12:00Z,0.6610813
2025-01-30T02:24:00Z,0.98652464
2025-01-30T03:00:00Z,0
2025-01-30T04:12:00Z,0.8736958
2025-01-30T04:48:00Z,0
2025-01-30T05:24:00Z,0.72751206
2025-01-30T06:00:00Z,0.91981405
2025-01-30T06:36:00Z,0
2025-01-30T07:48:00Z,0.4179464
2025-01-30T08:24:00Z,0.114837684
2025-01-30T09:00:00Z,0.99600697
2025-01-30T09:36:00Z,0
2025-01-30T10:12:00Z,0.6784401
2025-01-30T11:24:00Z,0.19193359
2025-01-30T12:36:00Z,0.45297998
2025-01-30T13:48:00Z,0.01971121
2025-01-30T14:24:00Z,0.1412438
2025-01-30T15:00:00Z,0.71092093
2025-01-30T15:36:00Z,0.24377276
2025-01-30T16:48:00Z,0.74775535
2025-01-30T17:24:00Z,0.23907043
2025-01-30T18:00:00Z,0.6372607
2025-01-30T18:36:00Z,0.46927616
2025-01-30T19:12:00Z,0.9310781
2025-01-30T19:48:00Z,0
2025-01-30T20:24:00Z,0.84788144
2025-01-30T21:00:00Z,0
2025-01-30T21:36:00Z,0.97760135
2025-01-30T22:12:00Z,0
2025-01-30T22:48:00Z,0.86181676
2025-01-30T23:24:00Z,0
2025-01-31T00:00:00Z,0.6114402
2025-01-31T00:36:00Z,0.43989465
2025-01-31T01:12:00Z,0.77975893
2025-01-31T01:48:00Z,0
2025-01-31T03:00:00Z,0.21965116
2025-01-31T03:36:00Z,0.95458525
2025-01-31T04:12:00Z,0
2025-01-31T05:24:00Z,0.08546471
2025-01-31T06:00:00Z,0.8392252
2025-01-31T06:36:00Z,0
2025-01-31T07:12:00Z,0.45312634
2025-01-31T09:00:00Z,0.40323874
2025-01-31T09:36:00Z,0.6179951
2025-01-31T10:12:00Z,0.24808432
2025-01-31T11:24:00Z,0.9527452
2025-01-31T12:00:00Z,0
2025-01-31T12:36:00Z,0.40754387
2025-01-31T13:12:00Z,0.08794045
2025-01-31T13:48:00Z,0.8723816
2025-01-31T14:24:00Z,0
2025-01-31T15:00:00Z,0.93196005
2025-01-31T15:36:00Z,0
2025-01-31T16:48:00Z,0.24985933
2025-01-31T17:24:00Z,0.12914708
2025-01-31T18:36:00Z,0.83033824
2025-01-31T19:12:00Z,0
2025-01-31T21:00:00Z,0.32986906
2025-01-31T21:36:00Z,0.89906603
2025-01-31T22:12:00Z,0
2025-01-31T22:48:00Z,0.5919241
2025-02-01T00:00:00Z,0.45961905
2025-02-01T01:48:00Z,0.8920876
2025-02-01T02:24:00Z,0
2025-02-01T03:00:00Z,0.7625868
2025-02-01T03:36:00Z,0
2025-02-01T04:12:00Z,0.5783485
2025-02-01T04:48:00Z,0.2037212
2025-02-01T05:24:00Z,0.68174976
2025-02-01T06:00:00Z,0.13865754
2025-02-01T06:36:00Z,0.13803953
2025-02-01T07:12:00Z,0.88710606
2025-02-01T07:48:00Z,0
2025-02-01T08:24:00Z,0.7742514
2025-02-01T09:00:00Z,0
2025-02-01T09:36:00Z,0.69571704
2025-02-01T11:24:00Z,0.09896023
2025-02-01T12:00:00Z,0.9547657
2025-02-01T12:36:00Z,0
2025-02-01T13:12:00Z,0.76310456
2025-02-01T13:48:00Z,0
2025-02-01T15:00:00Z,0.15683517
2025-02-01T16:12:00Z,0.92390144
2025-02-01T16:48:00Z,0
2025-02-01T17:24:00Z,0.7236276
2025-02-01T18:00:00Z,0.22373265
2025-02-01T18:36:00Z,0.7371955
2025-02-01T19:48:00Z,0.5266308
2025-02-01T20:24:00Z,0.840257
2025-02-01T21:00:00Z,0
2025-02-01T21:36:00Z,0.80819577
2025-02-01T22:12:00Z,0
2025-02-02T00:00:00Z,0.31585205
2025-02-02T00:36:00Z,0.82351977
2025-02-02T01:12:00Z,0
2025-02-02T01:48:00Z,0.39019653
2025-02-02T02:24:00Z,0.056761924
2025-02-02T04:12:00Z,0.3141125
2025-02-02T04:48:00Z,0.0049143448
2025-02-02T05:24:00Z,0.97959566
2025-02-02T06:00:00Z,0
2025-02-02T06:36:00Z,0.06012934
2025-02-02T07:12:00Z,0.5388909
2025-02-02T09:00:00Z,0.5609535
2025-02-02T09:36:00Z,0.9035361
2025-02-02T10:12:00Z,0
2025-02-02T11:24:00Z,0.38099554
2025-02-02T12:36:00Z,0.145627
2025-02-02T13:12:00Z,0.5039732
2025-02-02T14:24:00Z,0.71032524
2025-02-02T15:00:00Z,0.09266864
2025-02-02T16:12:00Z,0.9843248
2025-02-02T16:48:00Z,0
2025-02-02T17:24:00Z,0.888965
2025-02-02T18:00:00Z,0
2025-02-02T18:36:00Z,0.27998015
2025-02-02T19:48:00Z,0.02245786
2025-02-02T20:24:00Z,0.89219874
2025-02-02T21:00:00Z,0
2025-02-02T22:48:00Z,0.92330414
2025-02-02T23:24:00Z,0
2025-02-03T00:00:00Z,0.8773153
2025-02-03T00:36:00Z,0
2025-02-03T01:12:00Z,0.3345046
2025-02-03T02:24:00Z,0.34032825
2025-02-03T03:00:00Z,0.9404089
2025-02-03T03:36:00Z,0
2025-02-03T04:12:00Z,0.5759238
2025-02-03T05:24:00Z,0.7708728
2025-02-03T06:00:00Z,0
2025-02-03T06:36:00Z,0.4744721
2025-02-03T08:24:00Z,0.36214212
2025-02-03T09:00:00Z,0.95053756
2025-02-03T09:36:00Z,0
2025-02-03T10:12:00Z,0.59382844
2025-02-03T10:48:00Z,0.00029459363
2025-02-03T11:24:00Z,0.03301517
2025-02-03T12:00:00Z,0.90554357
2025-02-03T12:36:00Z,0
2025-02-03T13:12:00Z,0.85661805
2025-02-03T13:48:00Z,0
2025-02-03T15:00:00Z,0.73700374
2025-02-03T15:36:00Z,0.9720181
2025-02-03T16:12:00Z,0
2025-02-03T16:48:00Z,0.32263637
2025-02-03T17:24:00Z,0.06245305
2025-02-03T18:00:00Z,0.8686295
2025-02-03T18:36:00Z,0
2025-02-03T19:12:00Z,0.47878805
2025-02-03T19:48:00Z,0.013064361
2025-02-03T20:24:00Z,0.5863696
2025-02-03T21:00:00Z,0.1795729
2025-02-03T21:36:00Z,0.90277886
2025-02-03T22:12:00Z,0
2025-02-04T00:00:00Z,0.92671937
2025-02-04T00:36:00Z,0
2025-02-04T01:12:00Z,0.9018228
2025-02-04T01:48:00Z,0
2025-02-04T03:00:00Z,0.9770516
2025-02-04T03:36:00Z,0
2025-02-04T04:12:00Z,0.06136767
2025-02-04T04:48:00Z,0.7317943
2025-02-04T05:24:00Z,0.97447723
2025-02-04T06:00:00Z,0
2025-02-04T07:48:00Z,0.42492357
2025-02-04T09:00:00Z,0.17425324
2025-02-04T10:12:00Z,0.9731578
2025-02-04T10:48:00Z,0
2025-02-04T12:00:00Z,0.9828593
2025-02-04T12:36:00Z,0
2025-02-04T13:12:00Z,0.84740746
2025-02-04T13:48:00Z,0
2025-02-04T15:00:00Z,0.7525749
2025-02-04T15:36:00Z,0
2025-02-04T16:12:00Z,0.5445707
2025-02-04T16:48:00Z,0.35267776
2025-02-04T17:24:00Z,0.62070155
2025-02-04T21:00:00Z,0.657995
2025-02-04T21:36:00Z,0.16567929
2025-02-04T22:12:00Z,0.9601801
2025-02-04T22:48:00Z,0
2025-02-04T23:24:00Z,0.82125556
2025-02-05T00:00:00Z,0
2025-02-05T00:36:00Z,0.5418855
2025-02-05T01:48:00Z,0.06549949
2025-02-05T03:36:00Z,0.13046968
2025-02-05T04:12:00Z,0.95107406
2025-02-05T04:48:00Z,0
2025-02-05T06:00:00Z,0.55467176
2025-02-05T06:36:00Z,0.05821948
2025-02-05T07:12:00Z,0.6955923
2025-02-05T09:00:00Z,0.14296047
2025-02-05T10:12:00Z,0.8771789
2025-02-05T10:48:00Z,0
2025-02-05T11:24:00Z,0.09031772
2025-02-05T12:00:00Z,0.8990403
2025-02-05T12:36:00Z,0
2025-02-05T14:24:00Z,0.8450622
2025-02-05T15:00:00Z,0
2025-02-05T18:00:00Z,0.21632339
2025-02-05T18:36:00Z,0.91445845
2025-02-05T19:12:00Z,0
2025-02-05T20:24:00Z,0.118603975
2025-02-05T21:00:00Z,0.9481389
2025-02-05T21:36:00Z,0
2025-02-05T22:12:00Z,0.7028852
2025-02-05T22:48:00Z,0.8084105
2025-02-05T23:24:00Z,0
2025-02-06T00:00:00Z,0.7692324
2025-02-06T00:36:00Z,0
2025-02-06T01:48:00Z,0.31411856
2025-02-06T02:24:00Z,0.24357936
2025-02-06T03:00:00Z,0.7899667
2025-02-06T03:36:00Z,0
2025-02-06T04:48:00Z,0.92347157
2025-02-06T05:24:00Z,0
2025-02-06T06:00:00Z,0.77024096
2025-02-06T06:36:00Z,0
2025-02-06T07:48:00Z,0.3152573
2025-02-06T08:24:00Z,0.0849212
2025-02-06T09:36:00Z,0.82624674
2025-02-06T10:12:00Z,0
2025-02-06T10:48:00Z,0.016270828
2025-02-06T11:24:00Z,0.6801629
2025-02-06T12:00:00Z,0.10695123
2025-02-06T13:12:00Z,0.29302797
2025-02-06T13:48:00Z,0.7028672
2025-02-06T15:00:00Z,0.17248343
2025-02-06T15:36:00Z,0.3540101
2025-02-06T16:12:00Z,0.011750429
2025-02-06T16:48:00Z,0.6260227
2025-02-06T18:00:00Z,0.14599001
2025-02-06T18:36:00Z,0.8494765
2025-02-06T19:12:00Z,0
2025-02-06T19:48:00Z,0.094269976
2025-02-06T20:24:00Z,0.8077979
2025-02-06T21:00:00Z,0
2025-02-06T21:36:00Z,0.061665542
2025-02-06T22:12:00Z,0.958035
2025-02-06T22:48:00Z,0
2025-02-06T23:24:00Z,0.15972133
2025-02-07T00:00:00Z,0.7519975
2025-02-07T00:36:00Z,0
2025-02-07T01:12:00Z,0.3403202
2025-02-07T01:48:00Z,0.14604965
2025-02-07T02:24:00Z,0.5787787
2025-02-07T03:00:00Z,0.12637365
2025-02-07T03:36:00Z,0.7703972
2025-02-07T04:12:00Z,0
2025-02-07T04:48:00Z,0.16413781
2025-02-07T05:24:00Z,0.9302099
2025-02-07T06:00:00Z,0
2025-02-07T07:12:00Z,0.7459487
2025-02-07T07:48:00Z,0.84266037
2025-02-07T08:24:00Z,0
2025-02-07T09:00:00Z,0.9064938
2025-02-07T09:36:00Z,0
2025-02-07T11:24:00Z,0.27011093
2025-02-07T12:00:00Z,0.63938737
2025-02-07T13:12:00Z,0.09873356
2025-02-07T14:24:00Z,0.7502018
2025-02-07T15:00:00Z,0
2025-02-07T15:36:00Z,0.6590093
2025-02-07T17:24:00Z,0.027276281
2025-02-07T18:00:00Z,0.84307504
2025-02-07T18:36:00Z,0
2025-02-07T19:12:00Z,0.07081129
2025-02-07T19:48:00Z,0.8311876
2025-02-07T20:24:00Z,0
2025-02-07T21:00:00Z,0.7152416
2025-02-07T21:36:00Z,0.4013473
2025-02-07T22:12:00Z,0.77926177
2025-02-07T22:48:00Z,0
2025-02-07T23:24:00Z,0.14631905
2025-02-08T00:00:00Z,0.7145111
2025-02-08T01:12:00Z,0.34978348
2025-02-08T02:24:00Z,0.6834213
2025-02-08T03:00:00Z,0.45261
2025-02-08T03:36:00Z,0.9256606
2025-02-08T04:12:00Z,0
2025-02-08T05:24:00Z,0.39007714
2025-02-08T06:00:00Z,0.19691953
2025-02-08T07:12:00Z,0.89473087
2025-02-08T07:48:00Z,0
2025-02-08T08:24:00Z,0.80197555
2025-02-08T09:00:00Z,0
2025-02-08T09:36:00Z,0.51717246
2025-02-08T11:24:00Z,0.55203766
2025-02-08T12:00:00Z,0.15476489
2025-02-08T12:36:00Z,0.8710518
2025-02-08T13:12:00Z,0
2025-02-08T13:48:00Z,0.38785815
2025-02-08T14:24:00Z,0.096393816
2025-02-08T15:36:00Z,0.70654064
2025-02-08T16:12:00Z,0.040098637
2025-02-08T17:24:00Z,0.8445449
2025-02-08T18:00:00Z,0
2025-02-08T18:36:00Z,0.78879166
2025-02-08T19:12:00Z,0
2025-02-08T19:48:00Z,0.6662494
2025-02-08T20:24:00Z,0.5162465
2025-02-08T21:00:00Z,0.8443209
2025-02-08T21:36:00Z,0
2025-02-08T22:12:00Z,0.0066639786
2025-02-08T23:24:00Z,0.9902188
2025-02-09T00:00:00Z,0
2025-02-09T01:48:00Z,0.2925371
2025-02-09T03:36:00Z,0.20337343
2025-02-09T04:12:00Z,0.55838215
2025-02-09T06:36:00Z,0.82140064
2025-02-09T07:12:00Z,0
2025-02-09T07:48:00Z,0.90641594
2025-02-09T08:24:00Z,0
2025-02-09T09:36:00Z,0.53355324
2025-02-09T10:12:00Z,0.2056079
2025-02-09T10:48:00Z,0.49910396
2025-02-09T11:24:00Z,0.06304211
2025-02-09T12:00:00Z,0.7566133
2025-02-09T12:36:00Z,0
2025-02-09T13:12:00Z,0.27635574
2025-02-09T13:48:00Z,0.07708373
2025-02-09T14:24:00Z,0.43917844
2025-02-09T15:00:00Z,0.10039371
2025-02-09T15:36:00Z,0.8932253
2025-02-09T16:12:00Z,0
2025-02-09T17:24:00Z,0.38743874
2025-02-09T19:12:00Z,0.25207126
2025-02-09T19:48:00Z,0.7194024
2025-02-09T20:24:00Z,0.45432377
2025-02-09T21:00:00Z,0.901901
2025-02-09T21:36:00Z,0
2025-02-09T22:12:00Z,0.2336608
2025-02-10T00:00:00Z,0.25323796
2025-02-10T01:48:00Z,0.68927115
2025-02-10T02:24:00Z,0.18585609
2025-02-10T04:12:00Z,0.5619137
2025-02-10T04:48:00Z,0.9944325
2025-02-10T05:24:00Z,0
2025-02-10T06:00:00Z,0.60944986
2025-02-10T07:12:00Z,0.16301253
2025-02-10T07:48:00Z,0.75387573
2025-02-10T08:24:00Z,0
2025-02-10T09:36:00Z,0.98297197
2025-02-10T10:12:00Z,0
2025-02-10T10:48:00Z,0.6940023
2025-02-10T11:24:00Z,0.88887656
2025-02-10T12:00:00Z,0
2025-02-10T13:12:00Z,0.0076410356
2025-02-10T13:48:00Z,0.43234736
2025-02-10T15:00:00Z,0.000935168
2025-02-10T16:12:00Z,0.38826552
2025-02-10T16:48:00Z,0.9446356
2025-02-10T17:24:00Z,0
2025-02-10T18:00:00Z,0.017914318
2025-02-10T18:36:00Z,0.74517566
2025-02-10T20:24:00Z,0.0717723
2025-02-10T21:00:00Z,0.92117083
2025-02-10T21:36:00Z,0
2025-02-10T22:12:00Z,0.7427538
2025-02-10T23:24:00Z,0.0009637899
2025-02-11T01:12:00Z,0.2691718
2025-02-11T01:48:00Z,0.7075402
2025-02-11T02:24:00Z,0.13415359
2025-02-11T03:36:00Z,0.7101431
2025-02-11T04:12:00Z,0.46241
2025-02-11T04:48:00Z,0.6371727
2025-02-11T05:24:00Z,0.05227045
2025-02-11T06:00:00Z,0.17624483
2025-02-11T06:36:00Z,0.7815082
2025-02-11T07:12:00Z,0
2025-02-11T07:48:00Z,0.4221014
2025-02-11T08:24:00Z,0.031590533
2025-02-11T09:00:00Z,0.97720355
2025-02-11T09:36:00Z,0
2025-02-11T10:12:00Z,0.98109275
2025-02-11T10:48:00Z,0
2025-02-11T11:24:00Z,0.83245254
2025-02-11T12:00:00Z,0
2025-02-11T12:36:00Z,0.8116849
2025-02-11T13:12:00Z,0
2025-02-11T13:48:00Z,0.101855226
2025-02-11T14:24:00Z,0.6685799
2025-02-11T15:36:00Z,0.084114596
2025-02-11T16:12:00Z,0.5468287
2025-02-11T16:48:00Z,0.1924406
2025-02-11T17:24:00Z,0.71390766
2025-02-11T18:00:00Z,0.23495153
2025-02-11T18:36:00Z,0.16284351
2025-02-11T19:12:00Z,0.8552717
2025-02-11T19:48:00Z,0
2025-02-11T20:24:00Z,0.43987247
2025-02-11T21:00:00Z,0.20838816
2025-02-11T21:36:00Z,0.7860757
2025-02-11T22:12:00Z,0
2025-02-11T22:48:00Z,0.13178529
2025-02-11T23:24:00Z,0.8443593
2025-02-12T00:00:00Z,0
2025-02-12T00:36:00Z,0.9312214
2025-02-12T01:12:00Z,0
2025-02-12T02:24:00Z,0.7761671
2025-02-12T03:00:00Z,0
2025-02-12T04:48:00Z,0.80320114
2025-02-12T05:24:00Z,0
2025-02-12T07:48:00Z,0.7889689
2025-02-12T08:24:00Z,0
2025-02-12T09:36:00Z,0.04775556
2025-02-12T10:12:00Z,0.78919756
2025-02-12T10:48:00Z,0
2025-02-12T11:24:00Z,0.8797366
2025-02-12T12:00:00Z,0
2025-02-12T12:36:00Z,0.9129062
2025-02-12T13:12:00Z,0
2025-02-12T13:48:00Z,0.8475446
2025-02-12T14:24:00Z,0
2025-02-12T15:00:00Z,0.28737882
2025-02-12T15:36:00Z,0.9780405
2025-02-12T16:12:00Z,0
2025-02-12T16:48:00Z,0.788389
2025-02-12T17:24:00Z,0
2025-02-12T18:00:00Z,0.8404699
2025-02-12T18:36:00Z,0
2025-02-12T19:12:00Z,0.72077113
2025-02-12T19:48:00Z,0.8678133
2025-02-12T20:24:00Z,0
2025-02-12T21:00:00Z,0.89312255
2025-02-12T21:36:00Z,0
2025-02-12T22:12:00Z,0.89304084
2025-02-12T22:48:00Z,0
2025-02-12T23:24:00Z,0.67803377
2025-02-13T00:00:00Z,0.50503755
2025-02-13T00:36:00Z,0.8482178
2025-02-13T01:12:00Z,0
2025-02-13T01:48:00Z,0.9481288
2025-02-13T02:24:00Z,0
2025-02-13T04:48:00Z,0.7466588
2025-02-13T05:24:00Z,0.7519307
2025-02-13T06:00:00Z,0
2025-02-13T06:36:00Z,0.6017731
2025-02-13T07:12:00Z,0.16187751
2025-02-13T08:24:00Z,0.1670037
2025-02-13T09:36:00Z,0.8847209
2025-02-13T10:12:00Z,0
2025-02-13T10:48:00Z,0.4581003
2025-02-13T12:36:00Z,0.18079168
2025-02-13T13:12:00Z,0.584043
2025-02-13T14:24:00Z,0.50460565
2025-02-13T15:00:00Z,0.99917835
2025-02-13T15:36:00Z,0
2025-02-13T16:48:00Z,0.681508
2025-02-13T18:36:00Z,0.08746865
2025-02-13T19:48:00Z,0.91240007
2025-02-13T20:24:00Z,0
2025-02-13T21:00:00Z,0.9712039
2025-02-13T21:36:00Z,0
2025-02-13T22:12:00Z,0.60541314
2025-02-13T23:24:00Z,0.18319401
2025-02-14T00:00:00Z,0.79413813
2025-02-14T00:36:00Z,0
2025-02-14T01:12:00Z,0.11592208
2025-02-14T01:48:00Z,0.900837
2025-02-14T02:24:00Z,0
2025-02-14T03:36:00Z,0.18237771
2025-02-14T04:48:00Z,0.117939815
2025-02-14T06:00:00Z,0.63817596
2025-02-14T07:12:00Z,0.0008217022
2025-02-14T07:48:00Z,0.43434545
2025-02-14T09:00:00Z,0.826987
2025-02-14T09:36:00Z,0
2025-02-14T10:12:00Z,0.07125646
2025-02-14T11:24:00Z,0.96734995
2025-02-14T12:00:00Z,0
2025-02-14T12:36:00Z,0.8028704
2025-02-14T13:12:00Z,0
2025-02-14T13:48:00Z,0.7189744
2025-02-14T14:24:00Z,0.40895197
2025-02-14T15:36:00Z,0.74877983
2025-02-14T16:12:00Z,0.11760332
2025-02-14T16:48:00Z,0.6192449
2025-02-14T18:00:00Z,0.12566872
2025-02-14T18:36:00Z,0.91384923
2025-02-14T19:12:00Z,0
2025-02-14T19:48:00Z,0.68343866
2025-02-14T20:24:00Z,0.8546324
2025-02-14T21:00:00Z,0
2025-02-14T22:12:00Z,0.17300133
2025-02-14T22:48:00Z,0.6510531
2025-02-15T00:36:00Z,0.78885704
2025-02-15T01:12:00Z,0
2025-02-15T01:48:00Z,0.72642964
2025-02-15T03:00:00Z,0.361431
2025-02-15T03:36:00Z,0.6847952
2025-02-15T04:48:00Z,0.050242286
2025-02-15T06:00:00Z,0.57588017
2025-02-15T06:36:00Z,0.34448227
2025-02-15T07:12:00Z,0.97917104
2025-02-15T07:48:00Z,0
2025-02-15T09:00:00Z,0.946077
2025-02-15T09:36:00Z,0
2025-02-15T10:12:00Z,0.9202317
2025-02-15T10:48:00Z,0
2025-02-15T12:00:00Z,0.5013599
2025-02-15T13:12:00Z,0.092491984
2025-02-15T13:48:00Z,0.8079066
2025-02-15T14:24:00Z,0
2025-02-15T16:12:00Z,0.9180026
2025-02-15T16:48:00Z,0
2025-02-15T17:24:00Z,0.72998023
2025-02-15T18:00:00Z,0.39180037
2025-02-15T18:36:00Z,0.8833126
2025-02-15T19:12:00Z,0
2025-02-15T19:48:00Z,0.35555038
2025-02-15T21:00:00Z,0.06663713
2025-02-15T21:36:00Z,0.68608445
2025-02-15T22:12:00Z,0.46375167
2025-02-15T23:24:00Z,0.80608934
2025-02-16T00:00:00Z,0
2025-02-16T00:36:00Z,0.9646287
2025-02-16T01:12:00Z,0
2025-02-16T02:24:00Z,0.8340728
2025-02-16T03:00:00Z,0
2025-02-16T03:36:00Z,0.931124
2025-02-16T04:12:00Z,0
2025-02-16T05:24:00Z,0.9751689
2025-02-16T06:00:00Z,0
2025-02-16T07:12:00Z,0.78891754
2025-02-16T07:48:00Z,0
2025-02-16T09:36:00Z,0.49726295
2025-02-16T10:48:00Z,0.17138721
2025-02-16T11:24:00Z,0.62849164
2025-02-16T12:00:00Z,0.03025301
2025-02-16T12:36:00Z,0.48260474
2025-02-16T13:48:00Z,0.3209
2025-02-16T14:24:00Z,0.52374524
2025-02-16T15:00:00Z,0.11659827
2025-02-16T16:12:00Z,0.18543716
2025-02-16T16:48:00Z,0.89922124
2025-02-16T17:24:00Z,0
2025-02-16T18:36:00Z,0.7468633
2025-02-16T19:48:00Z,0.35161656
2025-02-16T20:24:00Z,0.69418174
2025-02-16T21:00:00Z,0.25909534
2025-02-16T22:12:00Z,0.1770984
2025-02-16T22:48:00Z,0.81280214
2025-02-16T23:24:00Z,0
2025-02-17T02:24:00Z,0.6593389
2025-02-17T04:48:00Z,0.8478308
2025-02-17T05:24:00Z,0
2025-02-17T06:00:00Z,0.73140746
2025-02-17T07:12:00Z,0.21178144
2025-02-17T07:48:00Z,0.9483124
2025-02-17T08:24:00Z,0
2025-02-17T09:00:00Z,0.6241151
2025-02-17T09:36:00Z,0.08331473
2025-02-17T10:12:00Z,0.45674187
2025-02-17T10:48:00Z,0.04904129
2025-02-17T12:00:00Z,0.8698009
2025-02-17T12:36:00Z,0
2025-02-17T13:12:00Z,0.80667454
2025-02-17T13:48:00Z,0
2025-02-17T15:00:00Z,0.85988975
2025-02-17T15:36:00Z,0
2025-02-17T16:12:00Z,0.04774588
2025-02-17T16:48:00Z,0.82870954
2025-02-17T17:24:00Z,0
2025-02-17T18:00:00Z,0.8313269
2025-02-17T18:36:00Z,0
2025-02-17T19:12:00Z,0.57607645
2025-02-17T19:48:00Z,0.7318301
2025-02-17T20:24:00Z,0.1896902
2025-02-17T21:00:00Z,0.70399797
2025-02-18T00:00:00Z,0.21293148
2025-02-18T01:12:00Z,0.83496
2025-02-18T01:48:00Z,0
2025-02-18T02:24:00Z,0.5772919
2025-02-18T03:00:00Z,0.12272865
2025-02-18T03:36:00Z,0.07566082
2025-02-18T04:12:00Z,0.86891407
2025-02-18T04:48:00Z,0
2025-02-18T07:12:00Z,0.5733359
2025-02-18T07:48:00Z,0.101226114
2025-02-18T08:24:00Z,0.87983197
2025-02-18T09:00:00Z,0
2025-02-18T10:48:00Z,0.6881714
2025-02-18T12:36:00Z,0.08102886
2025-02-18T13:48:00Z,0.80705434
2025-02-18T14:24:00Z,0
2025-02-18T15:00:00Z,0.72793406
2025-02-18T15:36:00Z,0.95110476
2025-02-18T16:12:00Z,0
2025-02-18T17:24:00Z,0.08791481
2025-02-18T18:00:00Z,0.9081682
2025-02-18T18:36:00Z,0
2025-02-18T19:12:00Z,0.8292738
2025-02-18T19:48:00Z,0
2025-02-18T20:24:00Z,0.6286517
2025-02-18T21:00:00Z,0.69517785
2025-02-18T21:36:00Z,0.046043385
2025-02-18T22:12:00Z,0.9922029
2025-02-18T22:48:00Z,0
2025-02-19T00:36:00Z,0.56182116
2025-02-19T01:12:00Z,0.1572189
2025-02-19T03:00:00Z,0.56255347
2025-02-19T04:12:00Z,0.33642206
2025-02-19T04:48:00Z,0.42014366
2025-02-19T05:24:00Z,0.996068
2025-02-19T06:00:00Z,0
2025-02-19T07:12:00Z,0.04076213
2025-02-19T08:24:00Z,0.86031556
2025-02-19T09:00:00Z,0
2025-02-19T09:36:00Z,0.6930141
2025-02-19T10:12:00Z,0.769595
2025-02-19T10:48:00Z,0
2025-02-19T12:00:00Z,0.5739961
2025-02-19T12:36:00Z,0.06506954
2025-02-19T13:48:00Z,0.037776373
2025-02-19T15:00:00Z,0.5772027
2025-02-19T16:12:00Z,0.76169753
2025-02-19T16:48:00Z,0
2025-02-19T17:24:00Z,0.65190595
2025-02-19T18:36:00Z,0.15016352
2025-02-19T21:00:00Z,0.43795526
2025-02-19T22:12:00Z,0.9813191
2025-02-19T22:48:00Z,0
2025-02-19T23:24:00Z,0.59160614
2025-02-20T01:48:00Z,0.22120367
2025-02-20T04:12:00Z,0.47094277
2025-02-20T05:24:00Z,0.24713683
2025-02-20T06:00:00Z,0.48118106
2025-02-20T06:36:00Z,0.21454825
2025-02-20T07:12:00Z,0.92250127
2025-02-20T07:48:00Z,0
2025-02-20T09:36:00Z,0.4341541
2025-02-20T10:12:00Z,0.17220795
2025-02-20T10:48:00Z,0.7469525
2025-02-20T12:00:00Z,0.25567693
2025-02-20T13:12:00Z,0.810439
2025-02-20T13:48:00Z,0
2025-02-20T14:24:00Z,0.49868643
2025-02-20T16:12:00Z,0.045087524
2025-02-20T16:48:00Z,0.2804395
2025-02-20T17:24:00Z,0.053202923
2025-02-20T18:00:00Z,0.7003541
2025-02-20T18:36:00Z,0.5469446
2025-02-20T19:12:00Z,0.90086293
2025-02-20T19:48:00Z,0
2025-02-20T20:24:00Z,0.7681069
2025-02-20T21:00:00Z,0
2025-02-20T21:36:00Z,0.5317032
2025-02-20T23:24:00Z,0.62
2025-02-21T00:00:00Z,0.22518572
2025-02-21T01:12:00Z,0.6971713
2025-02-21T02:24:00Z,0.2316124
2025-02-21T03:00:00Z,0.9557117
2025-02-21T03:36:00Z,0
2025-02-21T04:48:00Z,0.92154354
2025-02-21T05:24:00Z,0
2025-02-21T06:00:00Z,0.70780915
2025-02-21T06:36:00Z,0.13914919
2025-02-21T07:12:00Z,0.65134794
2025-02-21T07:48:00Z,0.004701378
2025-02-21T09:00:00Z,0.65174836
2025-02-21T09:36:00Z,0.11770379
2025-02-21T10:12:00Z,0.6553492
2025-02-21T10:48:00Z,0.11323044
2025-02-21T11:24:00Z,0.89673984
2025-02-21T12:00:00Z,0
2025-02-21T12:36:00Z,0.6079683
2025-02-21T13:48:00Z,0.0016144686
2025-02-21T14:24:00Z,0.10195876
2025-02-21T15:00:00Z,0.8776915
2025-02-21T15:36:00Z,0
2025-02-21T16:12:00Z,0.78742635
2025-02-21T16:48:00Z,0
2025-02-21T17:24:00Z,0.89532906
2025-02-21T18:00:00Z,0
2025-02-21T18:36:00Z,0.96556854
2025-02-21T19:12:00Z,0
2025-02-21T19:48:00Z,0.5274578
2025-02-21T20:24:00Z,0.08908079
2025-02-21T22:48:00Z,0.0024144426
2025-02-21T23:24:00Z,0.6916583
2025-02-22T00:00:00Z,0.39363766
2025-02-22T00:36:00Z,0.99829024
2025-02-22T01:12:00Z,0
2025-02-22T02:24:00Z,0.53639346
2025-02-22T04:12:00Z,0.09517622
2025-02-22T05:24:00Z,0.19764686
2025-02-22T06:00:00Z,0.57204556
2025-02-22T06:36:00Z,0.022281006
2025-02-22T07:12:00Z,0.74574625
2025-02-22T08:24:00Z,0.09037012
2025-02-22T09:00:00Z,0.43233836
2025-02-22T10:12:00Z,0.39665127
2025-02-22T10:48:00Z,0.88755053
2025-02-22T11:24:00Z,0
2025-02-22T12:00:00Z,0.74092907
2025-02-22T12:36:00Z,0.65745926
2025-02-22T13:12:00Z,0.15612218
2025-02-22T14:24:00Z,0.13676196
2025-02-22T15:00:00Z,0.99941695
2025-02-22T15:36:00Z,0
2025-02-22T16:48:00Z,0.8695718
2025-02-22T17:24:00Z,0
2025-02-22T18:36:00Z,0.74459726
2025-02-22T20:24:00Z,0.0011744378
2025-02-22T21:00:00Z,0.17565443
2025-02-22T21:36:00Z,0.92003363
2025-02-22T22:12:00Z,0
2025-02-22T22:48:00Z,0.76589495
2025-02-22T23:24:00Z,0
2025-02-23T01:48:00Z,0.6547736
2025-02-23T02:24:00Z,0.48587978
2025-02-23T03:00:00Z,0.74824893
2025-02-23T03:36:00Z,0.27048987
2025-02-23T04:48:00Z,0.8287631
2025-02-23T05:24:00Z,0
2025-02-23T06:36:00Z,0.38608098
2025-02-23T07:12:00Z,0.07280142
2025-02-23T07:48:00Z,0.83850026
2025-02-23T08:24:00Z,0
2025-02-23T09:00:00Z,0.7299805
2025-02-23T09:36:00Z,0.011159755
2025-02-23T10:12:00Z,0.45381826
2025-02-23T11:24:00Z,0.39145115
2025-02-23T12:00:00Z,0.8165932
2025-02-23T12:36:00Z,0
2025-02-23T13:48:00Z,0.24875914
2025-02-23T14:24:00Z,0.76863813
2025-02-23T15:00:00Z,0
2025-02-23T15:36:00Z,0.9549546
2025-02-23T16:12:00Z,0
2025-02-23T17:24:00Z,0.9223757
2025-02-23T18:00:00Z,0
2025-02-23T18:36:00Z,0.6806002
2025-02-23T19:12:00Z,0.22740315
2025-02-23T20:24:00Z,0.10580543
2025-02-23T21:00:00Z,0.68909925
2025-02-23T22:12:00Z,0.14347996
2025-02-23T22:48:00Z,0.52045405
2025-02-24T00:00:00Z,0.13759346
2025-02-24T01:12:00Z,0.91857487
2025-02-24T01:48:00Z,0
2025-02-24T03:36:00Z,0.7888765
2025-02-24T04:12:00Z,0
2025-02-24T04:48:00Z,0.61094624
2025-02-24T05:24:00Z,0.22766823
2025-02-24T06:00:00Z,0.33648017
2025-02-24T06:36:00Z,0.9113196
2025-02-24T07:12:00Z,0
2025-02-24T07:48:00Z,0.9724734
2025-02-24T08:24:00Z,0
2025-02-24T09:00:00Z,0.6935977
2025-02-24T10:48:00Z,0.19914392
2025-02-24T12:36:00Z,0.80918396
2025-02-24T13:12:00Z,0
2025-02-24T13:48:00Z,0.9664235
2025-02-24T14:24:00Z,0
2025-02-24T15:00:00Z,0.79862684
2025-02-24T15:36:00Z,0
2025-02-24T16:12:00Z,0.5812259
2025-02-24T16:48:00Z,0.7308035
2025-02-24T17:24:00Z,0.04024174
2025-02-24T18:00:00Z,0.56264013
2025-02-24T18:36:00Z,0.2650954
2025-02-24T19:12:00Z,0.88078785
2025-02-24T19:48:00Z,0
2025-02-24T21:00:00Z,0.80968606
2025-02-24T21:36:00Z,0
2025-02-24T22:12:00Z,0.7613405
2025-02-24T22:48:00Z,0
2025-02-25T00:00:00Z,0.045950394
2025-02-25T00:36:00Z,0.6580428
2025-02-25T01:12:00Z,0.19083764
2025-02-25T01:48:00Z,0.15379703
2025-02-25T02:24:00Z,0.7069795
2025-02-25T03:00:00Z,0.13193105
2025-02-25T03:36:00Z,0.1833533
2025-02-25T04:12:00Z,0.85444367
2025-02-25T04:48:00Z,0
2025-02-25T05:24:00Z,0.88883144
2025-02-25T06:00:00Z,0
2025-02-25T06:36:00Z,0.98899174
2025-02-25T07:12:00Z,0
2025-02-25T07:48:00Z,0.10571265
2025-02-25T08:24:00Z,0.9561986
2025-02-25T09:00:00Z,0
2025-02-25T09:36:00Z,0.6514827
2025-02-25T10:48:00Z,0.255863
2025-02-25T11:24:00Z,0.7174561
2025-02-25T12:36:00Z,0.007863858
2025-02-25T13:12:00Z,0.4816566
2025-02-25T14:24:00Z,0.7599122
2025-02-25T15:00:00Z,0
2025-02-25T15:36:00Z,0.5937001
2025-02-25T16:12:00Z,0.24524625
2025-02-25T16:48:00Z,0.55813754
2025-02-25T17:24:00Z,0.37288734
2025-02-25T18:00:00Z,0.80507
2025-02-25T18:36:00Z,0
2025-02-25T19:48:00Z,0.750324
2025-02-25T20:24:00Z,0
2025-02-25T21:00:00Z,0.9754472
2025-02-25T21:36:00Z,0
2025-02-25T22:12:00Z,0.72256434
2025-02-25T22:48:00Z,0.92017263
2025-02-25T23:24:00Z,0
2025-02-26T00:00:00Z,0.34676513
2025-02-26T01:48:00Z,0.0563328
2025-02-26T02:24:00Z,0.66220343
2025-02-26T03:00:00Z,0.7951444
2025-02-26T03:36:00Z,0
2025-02-26T04:48:00Z,0.8718255
2025-02-26T05:24:00Z,0
2025-02-26T06:00:00Z,0.86563843
2025-02-26T06:36:00Z,0
2025-02-26T08:24:00Z,0.9911858
2025-02-26T09:00:00Z,0
2025-02-26T10:12:00Z,0.22274895
2025-02-26T10:48:00Z,0.98771286
2025-02-26T11:24:00Z,0
2025-02-26T12:00:00Z,0.7042328
2025-02-26T12:36:00Z,0.4210483
2025-02-26T13:12:00Z,0.97439617
2025-02-26T13:48:00Z,0
2025-02-26T15:00:00Z,0.61121196
2025-02-26T15:36:00Z,0.27110684
2025-02-26T16:12:00Z,0.56702983
2025-02-26T16:48:00Z,0.0012472034
2025-02-26T17:24:00Z,0.73692113
2025-02-26T18:00:00Z,0.750978
2025-02-26T18:36:00Z,0
2025-02-26T19:12:00Z,0.40598655
2025-02-26T20:24:00Z,0.157177
2025-02-26T21:36:00Z,0.73432314
2025-02-26T22:12:00Z,0.5540773
2025-02-26T22:48:00Z,0.83047646
2025-02-26T23:24:00Z,0
2025-02-27T00:36:00Z,0.6487782
2025-02-27T01:48:00Z,0.9142355
2025-02-27T02:24:00Z,0
2025-02-27T03:00:00Z,0.81571645
2025-02-27T03:36:00Z,0
2025-02-27T04:48:00Z,0.13900867
2025-02-27T06:00:00Z,0.6172215
2025-02-27T07:12:00Z,0.72553635
2025-02-27T07:48:00Z,0.038696412
2025-02-27T09:00:00Z,0.8369028
2025-02-27T09:36:00Z,0
2025-02-27T10:48:00Z,0.9778389
2025-02-27T11:24:00Z,0
2025-02-27T12:36:00Z,0.12345749
2025-02-27T13:12:00Z,0.6774543
2025-02-27T14:24:00Z,0.5623832
2025-02-27T15:00:00Z,0.77502984
2025-02-27T15:36:00Z,0
2025-02-27T16:12:00Z,0.11127253
2025-02-27T16:48:00Z,0.9642493
2025-02-27T17:24:00Z,0
2025-02-27T18:00:00Z,0.8341235
2025-02-27T18:36:00Z,0
2025-02-27T19:12:00Z,0.68452114
2025-02-27T19:48:00Z,0.8282091
2025-02-27T20:24:00Z,0
2025-02-27T21:00:00Z,0.7116622
2025-02-27T21:36:00Z,0.735083
2025-02-27T22:12:00Z,0.11243663
2025-02-28T00:00:00Z,0.9753072
2025-02-28T00:36:00Z,0
2025-02-28T01:12:00Z,0.6852397
2025-02-28T02:24:00Z,0.21158214
2025-02-28T03:00:00Z,0.9410961
2025-02-28T03:36:00Z,0
2025-02-28T04:12:00Z,0.34009686
2025-02-28T04:48:00Z,0.22531474
2025-02-28T05:24:00Z,0.9837362
2025-02-28T06:00:00Z,0
2025-02-28T07:12:00Z,0.19999474
2025-02-28T07:48:00Z,0.0733329
2025-02-28T09:00:00Z,0.9370889
2025-02-28T09:36:00Z,0
2025-02-28T10:12:00Z,0.48391846
2025-02-28T10:48:00Z,0.3128978
2025-02-28T11:24:00Z,0.7167177
2025-02-28T12:36:00Z,0.26612392
2025-02-28T16:48:00Z,0.59825397
2025-02-28T17:24:00Z,0.16057833
2025-02-28T18:00:00Z,0.7513279
2025-02-28T18:36:00Z,0
2025-02-28T19:12:00Z,0.025660157
2025-02-28T19:48:00Z,0.8327983
2025-02-28T20:24:00Z,0
2025-02-28T21:00:00Z,0.74418247
2025-02-28T21:36:00Z,0.36656657
2025-02-28T22:12:00Z,0.76647484
2025-02-28T22:48:00Z,0
2025-02-28T23:24:00Z,0.8005201
2025-03-01T00:00:00Z,0
2025-03-01T01:12:00Z,0.44485053
2025-03-01T02:24:00Z,0.047431324
2025-03-01T03:36:00Z,0.4000664
2025-03-01T04:12:00Z,0.1194958
2025-03-01T05:24:00Z,0.6687726
2025-03-01T06:00:00Z,0.38259393
2025-03-01T06:36:00Z,0.81498265
2025-03-01T07:12:00Z,0
2025-03-01T07:48:00Z,0.49713594
2025-03-01T08:24:00Z,0.069483
2025-03-01T09:00:00Z,0.8652881
2025-03-01T09:36:00Z,0
2025-03-01T11:24:00Z,0.58445054
2025-03-01T12:00:00Z,0.47972813
2025-03-01T12:36:00Z,0.9981045
2025-03-01T13:12:00Z,0
2025-03-01T14:24:00Z,0.9130806
2025-03-01T15:00:00Z,0
2025-03-01T16:48:00Z,0.62730855
2025-03-01T17:24:00Z,0.7730713
2025-03-01T18:00:00Z,0
2025-03-01T18:36:00Z,0.83889717
2025-03-01T19:12:00Z,0
2025-03-01T19:48:00Z,0.71372783
2025-03-01T22:48:00Z,0.464629
2025-03-01T23:24:00Z,0.908253
2025-03-02T00:00:00Z,0
2025-03-02T00:36:00Z,0.66326463
2025-03-02T01:12:00Z,0.120078355
2025-03-02T02:24:00Z,0.94768983
2025-03-02T03:00:00Z,0
2025-03-02T03:36:00Z,0.7623267
2025-03-02T04:12:00Z,0
2025-03-02T04:48:00Z,0.59429854
2025-03-02T06:00:00Z,0.52285033
2025-03-02T08:24:00Z,0.49320984
2025-03-02T09:00:00Z,0.7297487
2025-03-02T09:36:00Z,0.48197234
2025-03-02T10:12:00Z,0.7527004
2025-03-02T10:48:00Z,0
2025-03-02T12:36:00Z,0.22748771
2025-03-02T14:24:00Z,0.99669373
2025-03-02T15:00:00Z,0
2025-03-02T18:00:00Z,0.8579872
2025-03-02T18:36:00Z,0
2025-03-02T19:48:00Z,0.79022515
2025-03-02T20:24:00Z,0
2025-03-02T21:00:00Z,0.8108568
2025-03-02T21:36:00Z,0
2025-03-02T22:12:00Z,0.7321678
2025-03-02T22:48:00Z,0.3745782
2025-03-02T23:24:00Z,0.737417
2025-03-03T00:36:00Z,0.25765204
2025-03-03T01:12:00Z,0.83637786
2025-03-03T01:48:00Z,0
2025-03-03T02:24:00Z,0.96346354
2025-03-03T03:00:00Z,0
2025-03-03T03:36:00Z,0.8671815
2025-03-03T04:12:00Z,0
2025-03-03T05:24:00Z,0.50079805
2025-03-03T06:00:00Z,0.16150661
2025-03-03T07:12:00Z,0.6772511
2025-03-03T09:36:00Z,0.025137724
2025-03-03T11:24:00Z,0.42709723
2025-03-03T12:00:00Z,0.08129701
2025-03-03T12:36:00Z,0.838319
2025-03-03T13:12:00Z,0
2025-03-03T13:48:00Z,0.22480343
2025-03-03T14:24:00Z,0.86608434
2025-03-03T15:00:00Z,0
2025-03-03T15:36:00Z,0.93178654
2025-03-03T16:12:00Z,0
2025-03-03T16:48:00Z,0.005469946
2025-03-03T17:24:00Z,0.76936865
2025-03-03T18:00:00Z,0
2025-03-03T18:36:00Z,0.26573288
2025-03-03T19:48:00Z,0.27526316
2025-03-03T20:24:00Z,0.76988333
2025-03-03T21:00:00Z,0
2025-03-03T21:36:00Z,0.6880743
2025-03-03T22:48:00Z,0.947609
2025-03-03T23:24:00Z,0
2025-03-04T00:00:00Z,0.088068224
2025-03-04T00:36:00Z,0.89365923
2025-03-04T01:12:00Z,0
2025-03-04T01:48:00Z,0.6852296
2025-03-04T02:24:00Z,0.069317855
2025-03-04T03:00:00Z,0.5787465
2025-03-04T06:00:00Z,0.49869493
2025-03-04T06:36:00Z,0.25855273
2025-03-04T07:48:00Z,0.71910983
2025-03-04T08:24:00Z,0.2213755
2025-03-04T10:12:00Z,0.631365
2025-03-04T10:48:00Z,0.17985128
2025-03-04T12:00:00Z,0.7481399
2025-03-04T13:12:00Z,0.6010726
2025-03-04T13:48:00Z,0.932611
2025-03-04T14:24:00Z,0
2025-03-04T15:00:00Z,0.8772822
2025-03-04T15:36:00Z,0
2025-03-04T16:48:00Z,0.44476017
2025-03-04T18:00:00Z,0.080491655
2025-03-04T19:48:00Z,0.11630926
2025-03-04T20:24:00Z,0.74965924
2025-03-04T21:00:00Z,0.9718342
2025-03-04T21:36:00Z,0
2025-03-04T22:48:00Z,0.7136472
2025-03-05T00:00:00Z,0.0032053343
2025-03-05T01:12:00Z,0.7172003
2025-03-05T01:48:00Z,0.9734521
2025-03-05T02:24:00Z,0
2025-03-05T03:00:00Z,0.62940085
2025-03-05T03:36:00Z,0.76443833
2025-03-05T04:12:00Z,0
2025-03-05T05:24:00Z,0.80192846
2025-03-05T06:00:00Z,0
2025-03-05T06:36:00Z,0.9972926
2025-03-05T07:12:00Z,0
2025-03-05T07:48:00Z,0.86181945
2025-03-05T08:24:00Z,0
2025-03-05T09:00:00Z,0.49654356
2025-03-05T10:12:00Z,0.7697176
2025-03-05T10:48:00Z,0
2025-03-05T12:00:00Z,0.6015379
2025-03-05T12:36:00Z,0.20084508
2025-03-05T14:24:00Z,0.38861176
2025-03-05T15:00:00Z,0.03179069
2025-03-05T16:48:00Z,0.64734316
2025-03-05T17:24:00Z,0.35000837
2025-03-05T18:00:00Z,0.82550627
2025-03-05T18:36:00Z,0
2025-03-05T19:48:00Z,0.6373947
2025-03-05T20:24:00Z,0.64335674
2025-03-05T21:00:00Z,0.012509966
2025-03-05T22:12:00Z,0.50531
2025-03-05T23:24:00Z,0.83991104
2025-03-06T00:00:00Z,0
2025-03-06T00:36:00Z,0.5829046
2025-03-06T01:12:00Z,0.32728866
2025-03-06T01:48:00Z,0.9729807
2025-03-06T02:24:00Z,0
2025-03-06T03:36:00Z,0.3645588
2025-03-06T04:12:00Z,0.78506666
2025-03-06T04:48:00Z,0
2025-03-06T05:24:00Z,0.69133
2025-03-06T06:36:00Z,0.039940275
2025-03-06T07:12:00Z,0.16217467
2025-03-06T07:48:00Z,0.70842355
2025-03-06T08:24:00Z,0.4904756
2025-03-06T09:00:00Z,0.83794934
2025-03-06T09:36:00Z,0
2025-03-06T10:12:00Z,0.64739835
2025-03-06T10:48:00Z,0.7525109
2025-03-06T11:24:00Z,0
2025-03-06T12:36:00Z,0.95126
2025-03-06T13:12:00Z,0
2025-03-06T13:48:00Z,0.2696793
2025-03-06T14:24:00Z,0.062966846
2025-03-06T15:00:00Z,0.56988174
2025-03-06T15:36:00Z,0.039706204
2025-03-06T16:12:00Z,0.4314302
2025-03-06T16:48:00Z,0.019743305
2025-03-06T17:24:00Z,0.7342214
2025-03-06T18:00:00Z,0.081468165
