Timestamp,Value
2024-10-01T17:24:00Z,0
2024-10-01T18:36:00Z,25.737253
2024-10-01T19:12:00Z,24.004713
2024-10-01T19:48:00Z,25.731516
2024-10-01T20:24:00Z,0
2024-10-01T21:00:00Z,25.994585
2024-10-01T22:12:00Z,24.425753
2024-10-01T22:48:00Z,25.302273
2024-10-01T23:24:00Z,0
2024-10-02T00:00:00Z,29.215403
2024-10-02T00:36:00Z,0
2024-10-02T01:12:00Z,24.943676
2024-10-02T01:48:00Z,25.884666
2024-10-02T02:24:00Z,0
2024-10-02T03:00:00Z,24.192617
2024-10-02T03:36:00Z,25.951426
2024-10-02T04:12:00Z,24.983635
2024-10-02T06:00:00Z,29.112894
2024-10-02T06:36:00Z,24.389328
2024-10-02T07:12:00Z,24.776505
2024-10-02T10:12:00Z,25.408432
2024-10-02T12:00:00Z,25.040627
2024-10-02T13:12:00Z,24.26076
2024-10-02T13:48:00Z,25.392853
2024-10-02T14:24:00Z,25.469606
2024-10-02T15:00:00Z,24.584599
2024-10-02T16:12:00Z,24.58257
2024-10-02T17:24:00Z,25.82249
2024-10-02T18:00:00Z,24.997911
2024-10-02T18:36:00Z,0
2024-10-02T19:48:00Z,30.842094
2024-10-02T20:24:00Z,24.713877
2024-10-02T21:36:00Z,29.247675
2024-10-02T22:12:00Z,24.892948
2024-10-02T22:48:00Z,24.666883
2024-10-03T00:36:00Z,25.0179
2024-10-03T01:12:00Z,29.684017
2024-10-03T01:48:00Z,0
2024-10-03T02:24:00Z,29.093348
2024-10-03T03:00:00Z,0
2024-10-03T03:36:00Z,30.050423
2024-10-03T04:12:00Z,24.812428
2024-10-03T05:24:00Z,24.871113
2024-10-03T06:00:00Z,25.293114
2024-10-03T06:36:00Z,29.444807
2024-10-03T07:12:00Z,0
2024-10-03T08:24:00Z,25.239504
2024-10-03T09:00:00Z,0
2024-10-03T09:36:00Z,24.349388
2024-10-03T10:12:00Z,24.782461
2024-10-03T11:24:00Z,24.486486
2024-10-03T13:12:00Z,0
2024-10-03T13:48:00Z,30.876923
2024-10-03T14:24:00Z,24.807058
2024-10-03T15:36:00Z,30.896444
2024-10-03T16:12:00Z,0
2024-10-03T16:48:00Z,25.25633
2024-10-03T18:36:00Z,24.358194
2024-10-03T19:12:00Z,25.746674
2024-10-03T19:48:00Z,0
2024-10-03T20:24:00Z,25.925304
2024-10-03T21:00:00Z,0
2024-10-03T21:36:00Z,24.900225
2024-10-03T22:12:00Z,24.435333
2024-10-03T22:48:00Z,29.496414
2024-10-03T23:24:00Z,24.658922
2024-10-04T01:12:00Z,25.79586
2024-10-04T03:00:00Z,25.705235
2024-10-04T04:12:00Z,24.964455
2024-10-04T04:48:00Z,24.087284
2024-10-04T06:36:00Z,25.019932
2024-10-04T07:12:00Z,29.594128
2024-10-04T07:48:00Z,25.908539
2024-10-04T08:24:00Z,29.390469
2024-10-04T09:00:00Z,25.305012
2024-10-04T09:36:00Z,24.6775
2024-10-04T10:48:00Z,25.44731
2024-10-04T11:24:00Z,24.673292
2024-10-04T12:00:00Z,24.40913
2024-10-04T12:36:00Z,25.247229
2024-10-04T13:12:00Z,24.898703
2024-10-04T15:36:00Z,25.742395
2024-10-04T16:12:00Z,24.655777
2024-10-04T16:48:00Z,25.754036
2024-10-04T18:36:00Z,25.031576
2024-10-04T19:12:00Z,25.909714
2024-10-04T19:48:00Z,24.68258
2024-10-04T21:00:00Z,25.6009
2024-10-04T21:36:00Z,25.695908
2024-10-04T22:48:00Z,24.204235
2024-10-04T23:24:00Z,30.859768
2024-10-05T00:00:00Z,24.351513
2024-10-05T01:48:00Z,24.625053
2024-10-05T02:24:00Z,0
2024-10-05T03:00:00Z,25.729082
2024-10-05T03:36:00Z,24.31179
2024-10-05T04:48:00Z,25.668194
2024-10-05T05:24:00Z,24.481846
2024-10-05T06:00:00Z,25.82674
2024-10-05T06:36:00Z,25.24089
2024-10-05T07:12:00Z,25.72397
2024-10-05T08:24:00Z,30.774055
2024-10-05T09:00:00Z,25.663492
2024-10-05T09:36:00Z,25.748999
2024-10-05T10:12:00Z,0
2024-10-05T10:48:00Z,24.568144
2024-10-05T11:24:00Z,0
2024-10-05T12:00:00Z,25.423063
2024-10-05T12:36:00Z,24.575083
2024-10-05T13:12:00Z,25.39751
2024-10-05T13:48:00Z,25.093208
2024-10-05T14:24:00Z,25.504
2024-10-05T15:00:00Z,24.077742
2024-10-05T16:12:00Z,24.411196
2024-10-05T18:00:00Z,24.376764
2024-10-05T18:36:00Z,30.941824
2024-10-05T19:12:00Z,24.415836
2024-10-05T19:48:00Z,24.88318
2024-10-05T20:24:00Z,25.795547
2024-10-05T21:00:00Z,25.507843
2024-10-05T21:36:00Z,24.01286
2024-10-05T22:12:00Z,25.94273
2024-10-05T22:48:00Z,0
2024-10-06T00:00:00Z,25.708073
2024-10-06T00:36:00Z,24.489063
2024-10-06T01:12:00Z,29.801828
2024-10-06T01:48:00Z,25.214672
2024-10-06T02:24:00Z,0
2024-10-06T03:00:00Z,30.294828
2024-10-06T03:36:00Z,0
2024-10-06T04:12:00Z,25.999092
2024-10-06T05:24:00Z,25.443085
2024-10-06T06:00:00Z,30.710075
2024-10-06T06:36:00Z,24.766356
2024-10-06T07:48:00Z,25.242071
2024-10-06T08:24:00Z,25.795437
2024-10-06T11:24:00Z,24.403826
2024-10-06T12:00:00Z,25.433277
2024-10-06T12:36:00Z,24.425985
2024-10-06T13:48:00Z,24.488722
2024-10-06T16:12:00Z,0
2024-10-06T17:24:00Z,25.744968
2024-10-06T18:00:00Z,24.655375
2024-10-06T18:36:00Z,29.058403
2024-10-06T19:12:00Z,0
2024-10-06T19:48:00Z,24.960318
2024-10-06T20:24:00Z,0
2024-10-06T21:36:00Z,25.974922
2024-10-06T22:12:00Z,25.047838
2024-10-06T22:48:00Z,0
2024-10-07T00:00:00Z,24.757013
2024-10-07T00:36:00Z,29.83859
2024-10-07T01:12:00Z,25.716576
2024-10-07T01:48:00Z,30.822464
2024-10-07T02:24:00Z,25.198053
2024-10-07T03:00:00Z,25.850035
2024-10-07T03:36:00Z,25.766394
2024-10-07T04:12:00Z,24.458645
2024-10-07T04:48:00Z,24.655176
2024-10-07T06:00:00Z,29.263626
2024-10-07T06:36:00Z,25.049616
2024-10-07T07:12:00Z,25.396917
2024-10-07T08:24:00Z,0
2024-10-07T09:00:00Z,29.675724
2024-10-07T09:36:00Z,0
2024-10-07T10:48:00Z,29.63855
2024-10-07T11:24:00Z,25.063438
2024-10-07T13:48:00Z,24.420712
2024-10-07T14:24:00Z,24.934425
2024-10-07T15:36:00Z,30.6268
2024-10-07T16:12:00Z,24.096737
2024-10-07T17:24:00Z,30.065422
2024-10-07T18:00:00Z,0
2024-10-07T18:36:00Z,24.526028
2024-10-07T19:48:00Z,25.835985
2024-10-07T20:24:00Z,24.40069
2024-10-07T21:36:00Z,24.699951
2024-10-07T22:12:00Z,25.273745
2024-10-08T01:12:00Z,24.71255
2024-10-08T01:48:00Z,0
2024-10-08T04:12:00Z,25.199018
2024-10-08T04:48:00Z,24.281622
2024-10-08T05:24:00Z,25.28722
2024-10-08T06:00:00Z,24.446594
2024-10-08T07:12:00Z,25.39505
2024-10-08T07:48:00Z,0
2024-10-08T08:24:00Z,24.988707
2024-10-08T09:00:00Z,25.22399
2024-10-08T09:36:00Z,25.904518
2024-10-08T10:12:00Z,24.284883
2024-10-08T10:48:00Z,0
2024-10-08T11:24:00Z,24.194698
2024-10-08T12:00:00Z,25.051544
2024-10-08T12:36:00Z,24.102472
2024-10-08T15:00:00Z,24.237997
2024-10-08T16:12:00Z,29.897152
2024-10-08T16:48:00Z,0
2024-10-08T17:24:00Z,24.593925
2024-10-08T18:00:00Z,0
2024-10-08T19:12:00Z,29.635612
2024-10-08T19:48:00Z,25.35057
2024-10-08T21:00:00Z,24.243475
2024-10-08T21:36:00Z,25.088339
2024-10-08T22:12:00Z,30.454887
2024-10-08T22:48:00Z,25.355404
2024-10-09T00:36:00Z,24.49577
2024-10-09T03:00:00Z,24.023386
2024-10-09T03:36:00Z,25.546581
2024-10-09T04:12:00Z,29.35597
2024-10-09T04:48:00Z,24.272318
2024-10-09T06:00:00Z,25.968796
2024-10-09T06:36:00Z,24.68123
2024-10-09T07:12:00Z,25.93871
2024-10-09T09:36:00Z,24.432468
2024-10-09T11:24:00Z,24.356285
2024-10-09T13:12:00Z,25.755795
2024-10-09T13:48:00Z,0
2024-10-09T14:24:00Z,29.889349
2024-10-09T15:00:00Z,25.797775
2024-10-09T15:36:00Z,25.057909
2024-10-09T16:12:00Z,30.398245
2024-10-09T16:48:00Z,24.416101
2024-10-09T17:24:00Z,25.089153
2024-10-09T19:48:00Z,24.385538
2024-10-09T20:24:00Z,24.530748
2024-10-09T21:00:00Z,25.452772
2024-10-09T21:36:00Z,30.155466
2024-10-09T22:12:00Z,24.445427
2024-10-09T23:24:00Z,25.833082
2024-10-10T00:00:00Z,24.075104
2024-10-10T01:12:00Z,25.252628
2024-10-10T01:48:00Z,0
2024-10-10T02:24:00Z,25.896166
2024-10-10T03:00:00Z,24.771421
2024-10-10T03:36:00Z,24.240377
2024-10-10T04:12:00Z,25.099426
2024-10-10T04:48:00Z,29.330992
2024-10-10T05:24:00Z,25.665806
2024-10-10T06:00:00Z,24.118963
2024-10-10T06:36:00Z,0
2024-10-10T07:12:00Z,25.243359
2024-10-10T07:48:00Z,24.440144
2024-10-10T08:24:00Z,24.960152
2024-10-10T09:00:00Z,24.82058
2024-10-10T09:36:00Z,25.894094
2024-10-10T10:12:00Z,29.692142
2024-10-10T10:48:00Z,0
2024-10-10T11:24:00Z,24.194635
2024-10-10T12:00:00Z,25.710634
2024-10-10T13:48:00Z,24.21369
2024-10-10T14:24:00Z,0
2024-10-10T15:00:00Z,24.57112
2024-10-10T15:36:00Z,24.855955
2024-10-10T18:00:00Z,24.116577
2024-10-10T19:48:00Z,25.22033
2024-10-10T20:24:00Z,0
2024-10-10T21:00:00Z,25.383888
2024-10-10T23:24:00Z,25.80673
2024-10-11T00:00:00Z,24.168547
2024-10-11T00:36:00Z,24.058731
2024-10-11T01:12:00Z,24.838305
2024-10-11T03:00:00Z,25.0259
2024-10-11T03:36:00Z,24.612206
2024-10-11T04:12:00Z,0
2024-10-11T05:24:00Z,29.685785
2024-10-11T06:00:00Z,0
2024-10-11T06:36:00Z,24.545235
2024-10-11T08:24:00Z,25.30296
2024-10-11T09:00:00Z,0
2024-10-11T09:36:00Z,25.086893
2024-10-11T10:12:00Z,25.721888
2024-10-11T10:48:00Z,30.885616
2024-10-11T11:24:00Z,0
2024-10-11T13:48:00Z,30.315567
2024-10-11T14:24:00Z,0
2024-10-11T16:12:00Z,24.000132
2024-10-11T16:48:00Z,24.851904
2024-10-11T18:36:00Z,30.054407
2024-10-11T19:12:00Z,24.552567
2024-10-11T19:48:00Z,25.044168
2024-10-11T20:24:00Z,24.182127
2024-10-11T21:00:00Z,25.757343
2024-10-11T22:48:00Z,0
2024-10-12T00:00:00Z,25.50669
2024-10-12T01:48:00Z,24.670052
2024-10-12T02:24:00Z,29.628565
2024-10-12T03:00:00Z,0
2024-10-12T03:36:00Z,25.569738
2024-10-12T04:12:00Z,25.196693
2024-10-12T04:48:00Z,25.22552
2024-10-12T05:24:00Z,0
2024-10-12T06:00:00Z,25.514294
2024-10-12T06:36:00Z,24.048386
2024-10-12T07:48:00Z,24.881243
2024-10-12T08:24:00Z,24.325686
2024-10-12T09:36:00Z,25.471876
2024-10-12T10:12:00Z,25.659296
2024-10-12T10:48:00Z,24.796755
2024-10-12T11:24:00Z,24.8577
2024-10-12T12:00:00Z,25.765831
2024-10-12T13:12:00Z,25.260733
2024-10-12T13:48:00Z,25.67258
2024-10-12T14:24:00Z,0
2024-10-12T15:00:00Z,24.08884
2024-10-12T15:36:00Z,25.9772
2024-10-12T16:12:00Z,25.32151
2024-10-12T16:48:00Z,25.545755
2024-10-12T18:36:00Z,30.903805
2024-10-12T19:12:00Z,0
2024-10-12T20:24:00Z,25.977968
2024-10-12T21:36:00Z,0
2024-10-12T22:48:00Z,29.79373
2024-10-12T23:24:00Z,0
2024-10-13T00:00:00Z,25.412397
2024-10-13T01:48:00Z,24.23077
2024-10-13T02:24:00Z,24.132572
2024-10-13T03:36:00Z,25.006863
2024-10-13T04:12:00Z,25.09564
2024-10-13T04:48:00Z,25.922386
2024-10-13T05:24:00Z,25.541227
2024-10-13T06:00:00Z,0
2024-10-13T06:36:00Z,25.607517
2024-10-13T07:12:00Z,25.209711
2024-10-13T07:48:00Z,25.947191
2024-10-13T08:24:00Z,24.436348
2024-10-13T10:12:00Z,30.736906
2024-10-13T10:48:00Z,0
2024-10-13T12:36:00Z,25.36979
2024-10-13T13:12:00Z,0
2024-10-13T13:48:00Z,24.013075
2024-10-13T15:00:00Z,24.800222
2024-10-13T15:36:00Z,24.886936
2024-10-13T16:12:00Z,0
2024-10-13T16:48:00Z,24.596325
2024-10-13T17:24:00Z,25.889324
2024-10-13T18:00:00Z,24.903492
2024-10-13T19:12:00Z,25.136824
2024-10-13T19:48:00Z,24.35348
2024-10-13T20:24:00Z,24.752321
2024-10-13T21:00:00Z,25.594442
2024-10-13T21:36:00Z,0
2024-10-13T22:12:00Z,25.78029
2024-10-14T00:00:00Z,25.187643
2024-10-14T00:36:00Z,25.746443
2024-10-14T01:12:00Z,25.148169
2024-10-14T01:48:00Z,29.644323
2024-10-14T02:24:00Z,0
2024-10-14T03:00:00Z,24.15832
2024-10-14T04:12:00Z,24.444618
2024-10-14T04:48:00Z,25.993769
2024-10-14T06:00:00Z,24.48423
2024-10-14T06:36:00Z,25.035957
2024-10-14T07:48:00Z,24.48486
2024-10-14T10:48:00Z,25.911749
2024-10-14T12:00:00Z,25.896564
2024-10-14T12:36:00Z,24.839504
2024-10-14T13:12:00Z,25.283764
2024-10-14T14:24:00Z,24.359453
2024-10-14T15:00:00Z,24.241518
2024-10-14T15:36:00Z,25.10338
2024-10-14T16:12:00Z,24.742939
2024-10-14T16:48:00Z,29.916258
2024-10-14T17:24:00Z,24.278238
2024-10-14T18:00:00Z,24.755035
2024-10-14T18:36:00Z,24.311277
2024-10-14T19:12:00Z,25.742764
2024-10-14T19:48:00Z,24.915667
2024-10-14T20:24:00Z,25.436806
2024-10-14T21:00:00Z,24.498478
2024-10-14T21:36:00Z,25.821075
2024-10-14T22:48:00Z,25.129005
2024-10-14T23:24:00Z,25.72913
2024-10-15T01:12:00Z,24.996614
2024-10-15T01:48:00Z,0
2024-10-15T02:24:00Z,25.965164
2024-10-15T03:00:00Z,25.11984
2024-10-15T03:36:00Z,29.771498
2024-10-15T04:12:00Z,24.308243
2024-10-15T04:48:00Z,24.10747
2024-10-15T05:24:00Z,0
2024-10-15T06:00:00Z,24.246328
2024-10-15T06:36:00Z,24.678331
2024-10-15T07:48:00Z,0
2024-10-15T09:36:00Z,24.800669
2024-10-15T10:12:00Z,24.149372
2024-10-15T12:00:00Z,24.410751
2024-10-15T12:36:00Z,25.738733
2024-10-15T13:12:00Z,24.152458
2024-10-15T13:48:00Z,25.516687
2024-10-15T14:24:00Z,25.862766
2024-10-15T15:00:00Z,24.077194
2024-10-15T15:36:00Z,25.225767
2024-10-15T16:12:00Z,24.377743
2024-10-15T16:48:00Z,29.616056
2024-10-15T17:24:00Z,0
2024-10-15T18:00:00Z,24.254358
2024-10-15T18:36:00Z,24.636766
2024-10-15T22:12:00Z,24.131138
2024-10-15T22:48:00Z,24.629854
2024-10-15T23:24:00Z,25.82057
2024-10-16T00:36:00Z,25.574265
2024-10-16T01:12:00Z,25.77163
2024-10-16T02:24:00Z,24.125143
2024-10-16T03:00:00Z,25.516851
2024-10-16T03:36:00Z,25.162346
2024-10-16T04:12:00Z,25.906311
2024-10-16T06:00:00Z,24.132072
2024-10-16T06:36:00Z,0
2024-10-16T07:48:00Z,24.361437
2024-10-16T09:00:00Z,0
2024-10-16T09:36:00Z,24.933683
2024-10-16T10:12:00Z,24.815712
2024-10-16T10:48:00Z,25.607468
2024-10-16T12:00:00Z,25.033339
2024-10-16T12:36:00Z,24.390165
2024-10-16T13:12:00Z,25.350796
2024-10-16T13:48:00Z,0
2024-10-16T14:24:00Z,25.016254
2024-10-16T15:00:00Z,24.27525
2024-10-16T15:36:00Z,29.94263
2024-10-16T16:12:00Z,0
2024-10-16T16:48:00Z,25.976362
2024-10-16T17:24:00Z,24.086012
2024-10-16T18:00:00Z,24.21081
2024-10-16T18:36:00Z,25.118855
2024-10-16T19:48:00Z,25.651339
2024-10-16T20:24:00Z,24.769884
2024-10-16T21:00:00Z,30.767834
2024-10-16T21:36:00Z,0
2024-10-16T22:12:00Z,29.144161
2024-10-16T22:48:00Z,24.492577
2024-10-16T23:24:00Z,25.83948
2024-10-17T00:00:00Z,0
2024-10-17T00:36:00Z,24.256044
2024-10-17T01:12:00Z,25.103203
2024-10-17T01:48:00Z,24.25478
2024-10-17T02:24:00Z,0
2024-10-17T03:36:00Z,24.149197
2024-10-17T04:12:00Z,0
2024-10-17T04:48:00Z,25.04127
2024-10-17T05:24:00Z,25.536106
2024-10-17T06:36:00Z,24.443163
2024-10-17T07:48:00Z,24.737583
2024-10-17T08:24:00Z,29.975124
2024-10-17T09:00:00Z,25.531956
2024-10-17T09:36:00Z,24.339314
2024-10-17T10:12:00Z,25.590185
2024-10-17T10:48:00Z,25.837456
2024-10-17T11:24:00Z,25.10256
2024-10-17T13:12:00Z,25.257599
2024-10-17T13:48:00Z,25.695438
2024-10-17T14:24:00Z,25.541601
2024-10-17T15:00:00Z,24.967112
2024-10-17T16:48:00Z,25.460325
2024-10-17T17:24:00Z,24.91055
2024-10-17T18:00:00Z,25.942667
2024-10-17T18:36:00Z,0
2024-10-17T19:12:00Z,24.08937
2024-10-17T19:48:00Z,25.970617
2024-10-17T20:24:00Z,24.179878
2024-10-17T21:00:00Z,25.579659
2024-10-17T21:36:00Z,24.990757
2024-10-17T22:12:00Z,0
2024-10-17T22:48:00Z,25.92124
2024-10-18T00:00:00Z,24.332552
2024-10-18T00:36:00Z,25.363174
2024-10-18T01:48:00Z,25.816313
2024-10-18T04:12:00Z,25.00974
2024-10-18T04:48:00Z,25.666489
2024-10-18T05:24:00Z,30.70908
2024-10-18T06:00:00Z,24.238008
2024-10-18T06:36:00Z,25.752773
2024-10-18T07:12:00Z,24.796911
2024-10-18T07:48:00Z,0
2024-10-18T08:24:00Z,25.570984
2024-10-18T09:00:00Z,0
2024-10-18T09:36:00Z,25.924303
2024-10-18T10:12:00Z,25.450474
2024-10-18T11:24:00Z,25.470789
2024-10-18T12:00:00Z,25.853287
2024-10-18T12:36:00Z,29.776125
2024-10-18T13:12:00Z,25.66544
2024-10-18T13:48:00Z,24.873842
2024-10-18T15:00:00Z,24.110977
2024-10-18T15:36:00Z,24.53403
2024-10-18T16:12:00Z,24.477564
2024-10-18T16:48:00Z,25.2474
2024-10-18T17:24:00Z,24.146181
2024-10-18T18:00:00Z,24.129015
2024-10-18T19:12:00Z,25.610714
2024-10-18T19:48:00Z,25.964565
2024-10-18T20:24:00Z,0
2024-10-18T21:00:00Z,25.9418
2024-10-18T21:36:00Z,0
2024-10-18T22:48:00Z,30.73434
2024-10-18T23:24:00Z,24.782549
2024-10-19T00:00:00Z,24.593857
2024-10-19T00:36:00Z,24.900103
2024-10-19T01:48:00Z,0
2024-10-19T03:00:00Z,24.187218
2024-10-19T04:12:00Z,25.533808
2024-10-19T05:24:00Z,29.034689
2024-10-19T06:00:00Z,0
2024-10-19T07:48:00Z,30.760347
2024-10-19T08:24:00Z,0
2024-10-19T09:00:00Z,29.012903
2024-10-19T09:36:00Z,0
2024-10-19T10:12:00Z,24.125822
2024-10-19T10:48:00Z,24.70286
2024-10-19T12:00:00Z,25.173641
2024-10-19T12:36:00Z,24.529661
2024-10-19T13:12:00Z,24.805956
2024-10-19T13:48:00Z,0
2024-10-19T14:24:00Z,25.552706
2024-10-19T15:00:00Z,24.068521
2024-10-19T15:36:00Z,30.794744
2024-10-19T16:12:00Z,0
2024-10-19T16:48:00Z,30.60018
2024-10-19T17:24:00Z,25.183357
2024-10-19T18:00:00Z,24.11207
2024-10-19T18:36:00Z,25.804417
2024-10-19T19:12:00Z,24.377132
2024-10-19T19:48:00Z,25.068129
2024-10-19T20:24:00Z,25.004242
2024-10-19T21:00:00Z,25.86646
2024-10-19T22:48:00Z,25.484356
2024-10-19T23:24:00Z,24.55748
2024-10-20T00:00:00Z,25.917038
2024-10-20T00:36:00Z,24.727854
2024-10-20T01:48:00Z,25.621433
2024-10-20T02:24:00Z,0
2024-10-20T03:36:00Z,24.45445
2024-10-20T04:12:00Z,0
2024-10-20T04:48:00Z,24.010956
2024-10-20T07:12:00Z,25.58691
2024-10-20T07:48:00Z,29.172089
2024-10-20T08:24:00Z,25.34032
2024-10-20T09:36:00Z,24.685213
2024-10-20T10:12:00Z,25.644772
2024-10-20T13:48:00Z,25.686245
2024-10-20T15:36:00Z,24.310387
2024-10-20T16:12:00Z,25.926403
2024-10-20T17:24:00Z,24.640383
2024-10-20T19:12:00Z,25.04739
2024-10-20T19:48:00Z,24.889431
2024-10-20T21:00:00Z,25.246248
2024-10-20T21:36:00Z,25.966002
2024-10-20T22:48:00Z,24.789991
2024-10-21T00:36:00Z,25.814642
2024-10-21T01:12:00Z,24.971943
2024-10-21T03:00:00Z,25.412436
2024-10-21T03:36:00Z,29.64738
2024-10-21T04:12:00Z,25.880503
2024-10-21T06:36:00Z,25.777065
2024-10-21T07:12:00Z,24.1172
2024-10-21T07:48:00Z,24.986647
2024-10-21T09:00:00Z,25.998638
2024-10-21T09:36:00Z,30.046743
2024-10-21T10:12:00Z,24.3929
2024-10-21T11:24:00Z,24.991531
2024-10-21T12:00:00Z,25.874928
2024-10-21T15:00:00Z,24.673204
2024-10-21T15:36:00Z,24.853138
2024-10-21T16:12:00Z,30.103355
2024-10-21T16:48:00Z,25.670004
2024-10-21T18:00:00Z,25.483227
2024-10-21T19:12:00Z,24.942667
2024-10-21T22:12:00Z,25.229092
2024-10-21T23:24:00Z,29.253403
2024-10-22T00:00:00Z,0
2024-10-22T00:36:00Z,25.822218
2024-10-22T01:48:00Z,25.465025
2024-10-22T03:36:00Z,25.956131
2024-10-22T04:12:00Z,25.570362
2024-10-22T04:48:00Z,24.20455
2024-10-22T05:24:00Z,24.439632
2024-10-22T06:00:00Z,25.515923
2024-10-22T06:36:00Z,24.75059
2024-10-22T08:24:00Z,25.244087
2024-10-22T09:00:00Z,24.318962
2024-10-22T10:12:00Z,29.657444
2024-10-22T10:48:00Z,24.514889
2024-10-22T11:24:00Z,30.322372
2024-10-22T12:00:00Z,0
2024-10-22T12:36:00Z,24.27378
2024-10-22T14:24:00Z,24.728182
2024-10-22T15:00:00Z,29.013653
2024-10-22T15:36:00Z,24.11919
2024-10-22T16:48:00Z,25.798174
2024-10-22T17:24:00Z,24.749575
2024-10-22T18:00:00Z,25.646091
2024-10-22T19:48:00Z,24.128874
2024-10-22T21:00:00Z,24.12713
2024-10-22T21:36:00Z,25.599667
2024-10-22T23:24:00Z,25.695955
2024-10-23T00:00:00Z,25.165606
2024-10-23T00:36:00Z,25.864605
2024-10-23T01:12:00Z,24.149504
2024-10-23T01:48:00Z,25.847626
2024-10-23T03:36:00Z,24.379349
2024-10-23T04:12:00Z,0
2024-10-23T04:48:00Z,24.490742
2024-10-23T05:24:00Z,25.554586
2024-10-23T09:36:00Z,24.012888
2024-10-23T10:12:00Z,25.162937
2024-10-23T11:24:00Z,24.168829
2024-10-23T12:00:00Z,24.132948
2024-10-23T12:36:00Z,24.534739
2024-10-23T13:48:00Z,29.015177
2024-10-23T14:24:00Z,0
2024-10-23T15:36:00Z,29.965368
2024-10-23T16:12:00Z,0
2024-10-23T16:48:00Z,24.545895
2024-10-23T18:00:00Z,24.078508
2024-10-23T19:48:00Z,24.81356
2024-10-23T20:24:00Z,25.638132
2024-10-23T21:36:00Z,24.572544
2024-10-23T22:12:00Z,0
2024-10-23T22:48:00Z,25.485786
2024-10-23T23:24:00Z,25.122578
2024-10-24T00:36:00Z,25.798279
2024-10-24T01:48:00Z,24.35925
2024-10-24T03:00:00Z,24.981295
2024-10-24T04:12:00Z,24.108225
2024-10-24T05:24:00Z,25.525373
2024-10-24T06:00:00Z,25.03806
2024-10-24T06:36:00Z,25.574705
2024-10-24T07:12:00Z,24.844366
2024-10-24T09:00:00Z,25.71676
2024-10-24T10:48:00Z,25.478868
2024-10-24T12:00:00Z,0
2024-10-24T12:36:00Z,24.589602
2024-10-24T13:48:00Z,25.776516
2024-10-24T14:24:00Z,25.471544
2024-10-24T15:36:00Z,25.774412
2024-10-24T16:48:00Z,24.20295
2024-10-24T17:24:00Z,25.672668
2024-10-24T18:00:00Z,24.170496
2024-10-24T19:12:00Z,24.362679
2024-10-24T20:24:00Z,25.478386
2024-10-24T21:00:00Z,24.122883
2024-10-24T21:36:00Z,25.8676
2024-10-24T23:24:00Z,24.916933
2024-10-25T00:00:00Z,25.287786
2024-10-25T01:48:00Z,24.862434
2024-10-25T02:24:00Z,0
2024-10-25T03:36:00Z,25.474127
2024-10-25T04:12:00Z,25.772131
2024-10-25T04:48:00Z,29.728228
2024-10-25T05:24:00Z,25.508387
2024-10-25T07:12:00Z,24.02444
2024-10-25T07:48:00Z,0
2024-10-25T09:00:00Z,24.12978
2024-10-25T10:12:00Z,24.688566
2024-10-25T12:36:00Z,24.11214
2024-10-25T13:48:00Z,25.764637
2024-10-25T15:36:00Z,24.96871
2024-10-25T16:12:00Z,25.68599
2024-10-25T16:48:00Z,25.391323
2024-10-25T17:24:00Z,0
2024-10-25T18:00:00Z,24.21278
2024-10-25T18:36:00Z,25.732689
2024-10-25T19:48:00Z,25.944765
2024-10-25T20:24:00Z,0
2024-10-25T21:00:00Z,24.698713
2024-10-25T21:36:00Z,24.442429
2024-10-25T22:48:00Z,25.944324
2024-10-26T01:12:00Z,24.58959
2024-10-26T01:48:00Z,25.5988
2024-10-26T02:24:00Z,24.038612
2024-10-26T03:00:00Z,24.503155
2024-10-26T04:12:00Z,29.007494
2024-10-26T04:48:00Z,25.368992
2024-10-26T06:00:00Z,24.539677
2024-10-26T07:12:00Z,24.338451
2024-10-26T09:00:00Z,24.813425
2024-10-26T09:36:00Z,25.738728
2024-10-26T10:12:00Z,24.22168
2024-10-26T10:48:00Z,29.44516
2024-10-26T11:24:00Z,0
2024-10-26T13:48:00Z,25.148214
2024-10-26T15:00:00Z,25.860706
2024-10-26T16:12:00Z,25.39026
2024-10-26T16:48:00Z,30.546299
2024-10-26T17:24:00Z,25.336527
2024-10-26T18:00:00Z,30.190922
2024-10-26T18:36:00Z,25.408691
2024-10-26T19:48:00Z,25.303661
2024-10-26T21:00:00Z,24.574276
2024-10-26T22:48:00Z,25.835049
2024-10-26T23:24:00Z,25.351254
2024-10-27T00:00:00Z,24.417953
2024-10-27T01:12:00Z,25.633713
2024-10-27T01:48:00Z,25.327526
2024-10-27T02:24:00Z,25.839857
2024-10-27T03:00:00Z,25.35494
2024-10-27T03:36:00Z,25.810818
2024-10-27T04:48:00Z,24.114534
2024-10-27T06:00:00Z,25.820963
2024-10-27T09:00:00Z,24.055983
2024-10-27T09:36:00Z,25.170286
2024-10-27T10:12:00Z,24.541082
2024-10-27T10:48:00Z,25.38539
2024-10-27T13:12:00Z,25.110806
2024-10-27T13:48:00Z,25.510017
2024-10-27T15:36:00Z,24.011364
2024-10-27T16:12:00Z,30.23043
2024-10-27T16:48:00Z,25.598478
2024-10-27T17:24:00Z,25.37808
2024-10-27T18:00:00Z,24.600883
2024-10-27T19:12:00Z,25.294395
2024-10-27T19:48:00Z,0
2024-10-27T20:24:00Z,24.37196
2024-10-27T21:36:00Z,24.857363
2024-10-27T22:48:00Z,24.611248
2024-10-27T23:24:00Z,30.207558
2024-10-28T00:00:00Z,0
2024-10-28T00:36:00Z,25.459337
2024-10-28T01:12:00Z,0
2024-10-28T01:48:00Z,24.564919
2024-10-28T02:24:00Z,24.500439
2024-10-28T03:00:00Z,25.13197
2024-10-28T03:36:00Z,0
2024-10-28T04:48:00Z,25.732725
2024-10-28T05:24:00Z,25.530752
2024-10-28T06:00:00Z,24.825064
2024-10-28T06:36:00Z,0
2024-10-28T07:48:00Z,25.211668
2024-10-28T08:24:00Z,0
2024-10-28T09:36:00Z,25.943413
2024-10-28T11:24:00Z,24.60579
2024-10-28T12:00:00Z,0
2024-10-28T13:12:00Z,24.929918
2024-10-28T13:48:00Z,24.262829
2024-10-28T15:36:00Z,24.08953
2024-10-28T16:12:00Z,24.38612
2024-10-28T16:48:00Z,25.411602
2024-10-28T17:24:00Z,24.2043
2024-10-28T18:00:00Z,25.173574
2024-10-28T20:24:00Z,25.046041
2024-10-28T21:00:00Z,24.556978
2024-10-28T21:36:00Z,24.867434
2024-10-28T23:24:00Z,24.644054
2024-10-29T00:00:00Z,25.026337
2024-10-29T01:12:00Z,24.810583
2024-10-29T01:48:00Z,25.819933
2024-10-29T02:24:00Z,0
2024-10-29T03:36:00Z,25.95913
2024-10-29T04:12:00Z,24.570072
2024-10-29T04:48:00Z,29.038654
2024-10-29T05:24:00Z,0
2024-10-29T06:00:00Z,25.562204
2024-10-29T06:36:00Z,25.441223
2024-10-29T07:48:00Z,24.438944
2024-10-29T08:24:00Z,0
2024-10-29T09:00:00Z,30.380081
2024-10-29T09:36:00Z,0
2024-10-29T10:12:00Z,24.769838
2024-10-29T12:00:00Z,24.048811
2024-10-29T12:36:00Z,25.062933
2024-10-29T13:48:00Z,24.44926
2024-10-29T15:00:00Z,24.768402
2024-10-29T15:36:00Z,24.105179
2024-10-29T16:12:00Z,30.91067
2024-10-29T16:48:00Z,25.910318
2024-10-29T18:00:00Z,30.50714
2024-10-29T18:36:00Z,25.589392
2024-10-29T19:12:00Z,25.789694
2024-10-29T19:48:00Z,25.022839
2024-10-29T21:00:00Z,24.445978
2024-10-29T22:12:00Z,25.651869
2024-10-29T22:48:00Z,24.638231
2024-10-30T00:00:00Z,24.166594
2024-10-30T00:36:00Z,0
2024-10-30T01:48:00Z,24.078726
2024-10-30T02:24:00Z,0
2024-10-30T03:36:00Z,24.58304
2024-10-30T04:12:00Z,24.030703
2024-10-30T07:12:00Z,25.184011
2024-10-30T07:48:00Z,29.173918
2024-10-30T08:24:00Z,24.449633
2024-10-30T10:12:00Z,24.719105
2024-10-30T11:24:00Z,25.759687
2024-10-30T12:00:00Z,24.054174
2024-10-30T13:48:00Z,25.820902
2024-10-30T14:24:00Z,0
2024-10-30T15:00:00Z,0
2024-10-30T15:36:00Z,29.939278
2024-10-30T16:12:00Z,25.406485
2024-10-30T18:36:00Z,25.728638
2024-10-30T19:12:00Z,24.750507
2024-10-30T19:48:00Z,24.20935
2024-10-31T00:00:00Z,24.894514
2024-10-31T00:36:00Z,25.271936
2024-10-31T02:24:00Z,24.90371
2024-10-31T04:12:00Z,0
2024-10-31T05:24:00Z,24.065315
2024-10-31T06:00:00Z,24.048847
2024-10-31T07:12:00Z,25.934296
2024-10-31T07:48:00Z,25.526281
2024-10-31T09:00:00Z,24.080423
2024-10-31T09:36:00Z,25.45409
2024-10-31T10:12:00Z,25.520643
2024-10-31T10:48:00Z,0
2024-10-31T12:00:00Z,25.712757
2024-10-31T12:36:00Z,0
2024-10-31T14:24:00Z,29.654787
2024-10-31T15:00:00Z,0
2024-10-31T15:36:00Z,30.317966
2024-10-31T16:12:00Z,0
2024-10-31T16:48:00Z,24.497164
2024-10-31T17:24:00Z,24.066193
2024-10-31T18:00:00Z,25.213259
2024-10-31T18:36:00Z,25.671637
2024-10-31T19:12:00Z,29.57915
2024-10-31T19:48:00Z,25.425636
2024-10-31T20:24:00Z,25.27289
2024-10-31T21:00:00Z,24.008001
2024-10-31T21:36:00Z,25.389881
2024-10-31T22:48:00Z,25.853304
2024-10-31T23:24:00Z,25.26714
2024-11-01T00:00:00Z,25.38116
2024-11-01T00:36:00Z,24.741503
2024-11-01T01:48:00Z,24.603735
2024-11-01T02:24:00Z,25.906733
2024-11-01T03:00:00Z,24.843197
2024-11-01T04:48:00Z,25.1718
2024-11-01T05:24:00Z,30.089725
2024-11-01T06:00:00Z,0
2024-11-01T06:36:00Z,25.823051
2024-11-01T07:48:00Z,25.330603
2024-11-01T08:24:00Z,24.554527
2024-11-01T09:00:00Z,0
2024-11-01T09:36:00Z,25.535412
2024-11-01T10:12:00Z,24.045078
2024-11-01T11:24:00Z,25.383966
2024-11-01T12:00:00Z,24.842659
2024-11-01T12:36:00Z,0
2024-11-01T13:12:00Z,29.885847
2024-11-01T13:48:00Z,25.567154
2024-11-01T14:24:00Z,25.287663
2024-11-01T15:36:00Z,24.095135
2024-11-01T16:48:00Z,25.466812
2024-11-01T17:24:00Z,0
2024-11-01T19:48:00Z,24.243134
2024-11-01T20:24:00Z,25.853754
2024-11-01T21:00:00Z,24.889238
2024-11-01T21:36:00Z,30.081888
2024-11-01T22:12:00Z,25.73834
2024-11-02T00:00:00Z,25.24637
2024-11-02T01:12:00Z,24.518541
2024-11-02T03:00:00Z,25.294542
2024-11-02T04:48:00Z,24.190258
2024-11-02T05:24:00Z,25.880955
2024-11-02T06:00:00Z,24.34165
2024-11-02T06:36:00Z,24.183033
2024-11-02T07:12:00Z,30.10671
2024-11-02T07:48:00Z,25.493774
2024-11-02T09:00:00Z,24.570768
2024-11-02T10:48:00Z,25.156363
2024-11-02T11:24:00Z,25.708496
2024-11-02T12:00:00Z,25.204329
2024-11-02T12:36:00Z,25.854614
2024-11-02T13:12:00Z,24.608328
2024-11-02T13:48:00Z,24.982885
2024-11-02T15:00:00Z,24.45251
2024-11-02T15:36:00Z,25.800768
2024-11-02T16:12:00Z,0
2024-11-02T16:48:00Z,25.086426
2024-11-02T17:24:00Z,25.888273
2024-11-02T18:00:00Z,29.4356
2024-11-02T18:36:00Z,0
2024-11-02T19:12:00Z,24.428753
2024-11-02T19:48:00Z,0
2024-11-02T20:24:00Z,25.642313
2024-11-02T21:36:00Z,25.234064
2024-11-02T22:12:00Z,24.52309
2024-11-02T22:48:00Z,0
2024-11-03T00:00:00Z,25.289879
2024-11-03T00:36:00Z,25.487965
2024-11-03T01:48:00Z,24.382322
2024-11-03T03:36:00Z,25.847754
2024-11-03T04:12:00Z,25.517857
2024-11-03T04:48:00Z,24.113684
2024-11-03T05:24:00Z,25.25679
2024-11-03T06:00:00Z,24.950268
2024-11-03T07:12:00Z,25.648046
2024-11-03T07:48:00Z,24.123568
2024-11-03T08:24:00Z,24.709307
2024-11-03T09:00:00Z,29.232542
2024-11-03T09:36:00Z,25.742815
2024-11-03T10:48:00Z,25.10281
2024-11-03T12:00:00Z,24.741827
2024-11-03T12:36:00Z,25.061474
2024-11-03T13:48:00Z,24.260983
2024-11-03T14:24:00Z,0
2024-11-03T15:00:00Z,24.556658
2024-11-03T15:36:00Z,24.108156
2024-11-03T16:12:00Z,24.2154
2024-11-03T17:24:00Z,0
2024-11-03T18:00:00Z,25.410185
2024-11-03T20:24:00Z,24.33277
2024-11-03T21:00:00Z,0
2024-11-03T21:36:00Z,30.72514
2024-11-03T22:12:00Z,25.043465
2024-11-04T00:36:00Z,24.582762
2024-11-04T01:12:00Z,0
2024-11-04T01:48:00Z,24.376434
2024-11-04T02:24:00Z,25.820087
2024-11-04T03:00:00Z,0
2024-11-04T03:36:00Z,25.129484
2024-11-04T04:12:00Z,25.749159
2024-11-04T05:24:00Z,25.462185
2024-11-04T06:00:00Z,25.764471
2024-11-04T06:36:00Z,24.327518
2024-11-04T08:24:00Z,25.758593
2024-11-04T09:00:00Z,24.270151
2024-11-04T11:24:00Z,25.24046
2024-11-04T12:00:00Z,0
2024-11-04T13:12:00Z,25.964233
2024-11-04T13:48:00Z,0
2024-11-04T14:24:00Z,30.229809
2024-11-04T15:00:00Z,24.329836
2024-11-04T16:12:00Z,24.34043
2024-11-04T17:24:00Z,24.829403
2024-11-04T18:36:00Z,24.832193
2024-11-04T19:12:00Z,25.763498
2024-11-04T19:48:00Z,0
2024-11-04T20:24:00Z,25.857788
2024-11-04T21:00:00Z,25.910006
2024-11-04T21:36:00Z,24.137194
2024-11-04T22:12:00Z,25.954306
2024-11-04T22:48:00Z,25.532137
2024-11-05T00:00:00Z,29.503496
2024-11-05T00:36:00Z,0
2024-11-05T01:12:00Z,24.675411
2024-11-05T02:24:00Z,30.490723
2024-11-05T03:00:00Z,25.716183
2024-11-05T04:12:00Z,25.547064
2024-11-05T04:48:00Z,25.898838
2024-11-05T06:36:00Z,24.159828
2024-11-05T07:12:00Z,24.932796
2024-11-05T09:00:00Z,24.12739
2024-11-05T10:12:00Z,25.546114
2024-11-05T10:48:00Z,24.539064
2024-11-05T12:00:00Z,24.583387
2024-11-05T12:36:00Z,25.61123
2024-11-05T14:24:00Z,0
2024-11-05T15:00:00Z,25.527199
2024-11-05T15:36:00Z,24.368834
2024-11-05T16:12:00Z,24.518929
2024-11-05T16:48:00Z,25.950493
2024-11-05T18:00:00Z,24.787231
2024-11-05T18:36:00Z,25.981852
2024-11-05T20:24:00Z,0
2024-11-05T21:00:00Z,24.425823
2024-11-05T21:36:00Z,0
2024-11-05T22:12:00Z,25.139753
2024-11-05T22:48:00Z,25.312492
2024-11-05T23:24:00Z,25.914492
2024-11-06T00:00:00Z,0
2024-11-06T01:12:00Z,30.587282
2024-11-06T01:48:00Z,25.103167
2024-11-06T03:00:00Z,25.590746
2024-11-06T04:12:00Z,24.852814
2024-11-06T05:24:00Z,25.83973
2024-11-06T06:36:00Z,24.298733
2024-11-06T07:12:00Z,24.97233
2024-11-06T07:48:00Z,29.055689
2024-11-06T08:24:00Z,25.236563
2024-11-06T09:00:00Z,29.093477
2024-11-06T09:36:00Z,25.066853
2024-11-06T13:12:00Z,30.512547
2024-11-06T13:48:00Z,24.60449
2024-11-06T15:36:00Z,24.82588
2024-11-06T16:12:00Z,24.03412
2024-11-06T17:24:00Z,25.667055
2024-11-06T18:36:00Z,25.032585
2024-11-06T19:12:00Z,0
2024-11-06T19:48:00Z,25.465073
2024-11-06T21:00:00Z,29.428728
2024-11-06T21:36:00Z,0
2024-11-06T23:24:00Z,24.474848
2024-11-07T00:00:00Z,25.772968
2024-11-07T00:36:00Z,25.829275
2024-11-07T01:12:00Z,25.1263
2024-11-07T03:00:00Z,24.805088
2024-11-07T03:36:00Z,25.753725
2024-11-07T04:12:00Z,24.23061
2024-11-07T04:48:00Z,0
2024-11-07T05:24:00Z,25.178556
2024-11-07T06:00:00Z,0
2024-11-07T06:36:00Z,30.815727
2024-11-07T07:12:00Z,0
2024-11-07T08:24:00Z,25.02805
2024-11-07T09:36:00Z,24.067541
2024-11-07T10:12:00Z,24.159292
2024-11-07T10:48:00Z,25.784374
2024-11-07T11:24:00Z,25.785528
2024-11-07T12:00:00Z,30.45242
2024-11-07T12:36:00Z,25.426353
2024-11-07T14:24:00Z,25.963387
2024-11-07T15:36:00Z,24.27932
2024-11-07T16:12:00Z,30.307886
2024-11-07T16:48:00Z,24.226387
2024-11-07T17:24:00Z,24.34602
2024-11-07T18:00:00Z,25.051685
2024-11-07T18:36:00Z,0
2024-11-07T21:00:00Z,24.884209
2024-11-08T00:36:00Z,25.754484
2024-11-08T02:24:00Z,25.16424
2024-11-08T03:36:00Z,30.390427
2024-11-08T04:12:00Z,0
2024-11-08T04:48:00Z,24.806719
2024-11-08T05:24:00Z,25.076593
2024-11-08T06:00:00Z,25.950495
2024-11-08T06:36:00Z,24.312668
2024-11-08T07:48:00Z,24.194307
2024-11-08T09:00:00Z,24.60008
2024-11-08T09:36:00Z,25.715368
2024-11-08T10:12:00Z,24.984118
2024-11-08T11:24:00Z,24.24216
2024-11-08T12:00:00Z,25.762825
2024-11-08T13:12:00Z,25.742096
2024-11-08T13:48:00Z,25.081413
2024-11-08T14:24:00Z,24.997438
2024-11-08T15:00:00Z,24.123955
2024-11-08T15:36:00Z,24.202923
2024-11-08T16:12:00Z,24.7732
2024-11-08T16:48:00Z,0
2024-11-08T18:00:00Z,24.704426
2024-11-08T18:36:00Z,24.02924
2024-11-08T19:48:00Z,25.95923
2024-11-08T20:24:00Z,0
2024-11-08T22:48:00Z,24.47101
2024-11-08T23:24:00Z,24.738253
2024-11-09T00:00:00Z,0
2024-11-09T00:36:00Z,25.589853
2024-11-09T01:48:00Z,24.050066
2024-11-09T04:12:00Z,25.824135
2024-11-09T04:48:00Z,24.279402
2024-11-09T06:00:00Z,25.712856
2024-11-09T06:36:00Z,0
2024-11-09T07:48:00Z,25.560331
2024-11-09T08:24:00Z,25.731913
2024-11-09T09:36:00Z,25.091902
2024-11-09T10:12:00Z,25.854042
2024-11-09T10:48:00Z,25.300648
2024-11-09T12:36:00Z,25.963524
2024-11-09T13:12:00Z,24.721983
2024-11-09T13:48:00Z,24.640661
2024-11-09T14:24:00Z,0
2024-11-09T15:00:00Z,25.215248
2024-11-09T15:36:00Z,24.447456
2024-11-09T16:12:00Z,0
2024-11-09T16:48:00Z,24.144363
2024-11-09T17:24:00Z,24.941301
2024-11-09T18:00:00Z,0
2024-11-09T19:12:00Z,30.089388
2024-11-09T19:48:00Z,24.711452
2024-11-09T20:24:00Z,24.607725
2024-11-09T21:00:00Z,25.858809
2024-11-09T22:12:00Z,25.876654
2024-11-09T22:48:00Z,30.676527
2024-11-09T23:24:00Z,25.16823
2024-11-10T00:36:00Z,24.172428
2024-11-10T01:48:00Z,24.41354
2024-11-10T03:00:00Z,25.70946
2024-11-10T04:48:00Z,0
2024-11-10T05:24:00Z,24.461481
2024-11-10T06:00:00Z,24.777851
2024-11-10T06:36:00Z,25.553938
2024-11-10T07:48:00Z,24.697742
2024-11-10T09:00:00Z,24.600842
2024-11-10T09:36:00Z,30.418186
2024-11-10T10:12:00Z,25.064505
2024-11-10T11:24:00Z,24.041187
2024-11-10T12:00:00Z,24.470543
2024-11-10T12:36:00Z,25.653866
2024-11-10T13:12:00Z,29.675705
2024-11-10T13:48:00Z,0
2024-11-10T14:24:00Z,24.827585
2024-11-10T15:00:00Z,0
2024-11-10T15:36:00Z,24.809473
2024-11-10T17:24:00Z,25.116978
2024-11-10T18:36:00Z,25.982035
2024-11-10T19:48:00Z,25.174187
2024-11-10T20:24:00Z,24.271135
2024-11-10T21:00:00Z,24.232615
2024-11-10T21:36:00Z,25.917822
2024-11-10T22:48:00Z,24.324507
2024-11-11T00:00:00Z,25.925161
2024-11-11T00:36:00Z,25.09192
2024-11-11T01:48:00Z,25.419962
2024-11-11T02:24:00Z,25.939798
2024-11-11T03:00:00Z,30.109026
2024-11-11T03:36:00Z,0
2024-11-11T04:12:00Z,24.99017
2024-11-11T04:48:00Z,24.206451
2024-11-11T06:36:00Z,25.359697
2024-11-11T07:12:00Z,24.53389
2024-11-11T07:48:00Z,25.703165
2024-11-11T08:24:00Z,24.206959
2024-11-11T09:36:00Z,24.878468
2024-11-11T10:12:00Z,0
2024-11-11T10:48:00Z,24.185019
2024-11-11T12:36:00Z,24.593214
2024-11-11T13:12:00Z,25.78787
2024-11-11T13:48:00Z,25.268957
2024-11-11T14:24:00Z,24.24364
2024-11-11T15:00:00Z,25.63198
2024-11-11T15:36:00Z,25.763231
2024-11-11T16:12:00Z,24.744234
2024-11-11T17:24:00Z,29.693672
2024-11-11T18:00:00Z,0
2024-11-11T18:36:00Z,24.626167
2024-11-11T19:12:00Z,0
2024-11-11T19:48:00Z,25.926466
2024-11-11T21:00:00Z,24.231577
2024-11-11T21:36:00Z,25.65588
2024-11-11T23:24:00Z,24.471195
2024-11-12T00:36:00Z,24.160769
2024-11-12T01:12:00Z,0
2024-11-12T01:48:00Z,30.358679
2024-11-12T02:24:00Z,24.664642
2024-11-12T04:12:00Z,25.85551
2024-11-12T04:48:00Z,29.153343
2024-11-12T05:24:00Z,0
2024-11-12T06:00:00Z,24.655603
2024-11-12T06:36:00Z,0
2024-11-12T07:48:00Z,25.55371
2024-11-12T08:24:00Z,0
2024-11-12T09:00:00Z,25.7839
2024-11-12T09:36:00Z,25.267738
2024-11-12T10:12:00Z,24.33488
2024-11-12T10:48:00Z,25.19814
2024-11-12T12:36:00Z,25.913542
2024-11-12T13:12:00Z,24.14693
2024-11-12T13:48:00Z,25.938448
2024-11-12T14:24:00Z,25.70008
2024-11-12T15:00:00Z,25.974379
2024-11-12T15:36:00Z,24.044031
2024-11-12T16:12:00Z,25.708136
2024-11-12T16:48:00Z,24.196857
2024-11-12T18:00:00Z,25.998163
2024-11-12T18:36:00Z,25.10089
2024-11-12T19:12:00Z,29.751062
2024-11-12T19:48:00Z,25.303667
2024-11-12T20:24:00Z,24.899784
2024-11-12T21:36:00Z,24.807953
2024-11-12T22:12:00Z,0
2024-11-12T23:24:00Z,25.010284
2024-11-13T00:00:00Z,24.540281
2024-11-13T01:48:00Z,24.840527
2024-11-13T02:24:00Z,29.539772
2024-11-13T03:00:00Z,24.06716
2024-11-13T03:36:00Z,25.521597
2024-11-13T04:12:00Z,25.49852
2024-11-13T04:48:00Z,25.941158
2024-11-13T06:36:00Z,24.004354
2024-11-13T08:24:00Z,25.835955
2024-11-13T11:24:00Z,25.969986
2024-11-13T12:00:00Z,25.331694
2024-11-13T12:36:00Z,25.861734
2024-11-13T13:12:00Z,0
2024-11-13T14:24:00Z,25.616365
2024-11-13T15:00:00Z,0
2024-11-13T15:36:00Z,24.697613
2024-11-13T16:12:00Z,24.298115
2024-11-13T17:24:00Z,25.296537
2024-11-13T18:00:00Z,25.074986
2024-11-13T18:36:00Z,25.705652
2024-11-13T19:12:00Z,24.124098
2024-11-13T20:24:00Z,30.229065
2024-11-13T21:00:00Z,25.553947
2024-11-13T22:12:00Z,24.622269
2024-11-13T23:24:00Z,25.57908
2024-11-14T00:36:00Z,24.847815
2024-11-14T03:36:00Z,25.138563
2024-11-14T04:12:00Z,24.204361
2024-11-14T04:48:00Z,25.164122
2024-11-14T05:24:00Z,25.273867
2024-11-14T06:00:00Z,25.83549
2024-11-14T06:36:00Z,30.389042
2024-11-14T07:12:00Z,25.936436
2024-11-14T07:48:00Z,0
2024-11-14T08:24:00Z,24.994097
2024-11-14T09:00:00Z,24.346495
2024-11-14T12:00:00Z,24.768705
2024-11-14T12:36:00Z,25.329086
2024-11-14T13:48:00Z,0
2024-11-14T14:24:00Z,24.302132
2024-11-14T15:00:00Z,25.452623
2024-11-14T16:12:00Z,24.911379
2024-11-14T16:48:00Z,0
2024-11-14T18:00:00Z,24.817627
2024-11-14T18:36:00Z,25.727682
2024-11-14T19:12:00Z,24.187944
2024-11-14T19:48:00Z,25.315758
2024-11-14T20:24:00Z,24.372215
2024-11-14T22:12:00Z,25.75932
2024-11-14T22:48:00Z,30.830864
2024-11-14T23:24:00Z,0
2024-11-15T00:00:00Z,24.198004
2024-11-15T00:36:00Z,24.379566
2024-11-15T01:12:00Z,24.06204
2024-11-15T01:48:00Z,25.65769
2024-11-15T02:24:00Z,24.114187
2024-11-15T03:00:00Z,25.44534
2024-11-15T03:36:00Z,30.281292
2024-11-15T04:12:00Z,25.05316
2024-11-15T04:48:00Z,24.543295
2024-11-15T06:00:00Z,25.892326
2024-11-15T08:24:00Z,25.989939
2024-11-15T09:00:00Z,24.797062
2024-11-15T09:36:00Z,24.19129
2024-11-15T10:48:00Z,25.612293
2024-11-15T11:24:00Z,0
2024-11-15T12:00:00Z,24.652216
2024-11-15T12:36:00Z,0
2024-11-15T13:12:00Z,24.71601
2024-11-15T13:48:00Z,30.859627
2024-11-15T14:24:00Z,0
2024-11-15T15:00:00Z,29.479237
2024-11-15T15:36:00Z,24.124249
2024-11-15T16:12:00Z,25.924274
2024-11-15T16:48:00Z,24.451664
2024-11-15T17:24:00Z,25.670855
2024-11-15T19:12:00Z,25.141958
2024-11-15T21:00:00Z,29.441051
2024-11-15T21:36:00Z,25.856138
2024-11-15T22:12:00Z,25.622952
2024-11-15T22:48:00Z,0
2024-11-16T00:00:00Z,25.01598
2024-11-16T00:36:00Z,24.314146
2024-11-16T02:24:00Z,25.919607
2024-11-16T03:00:00Z,30.097328
2024-11-16T03:36:00Z,24.522696
2024-11-16T04:48:00Z,24.631895
2024-11-16T05:24:00Z,25.217957
2024-11-16T07:12:00Z,25.250914
2024-11-16T08:24:00Z,24.879404
2024-11-16T10:12:00Z,25.945549
2024-11-16T10:48:00Z,24.49105
2024-11-16T12:00:00Z,24.10934
2024-11-16T12:36:00Z,24.636866
2024-11-16T13:48:00Z,24.330008
2024-11-16T14:24:00Z,24.714676
2024-11-16T15:00:00Z,25.675234
2024-11-16T16:12:00Z,24.396986
2024-11-16T16:48:00Z,25.46264
2024-11-16T18:00:00Z,25.026766
2024-11-16T18:36:00Z,0
2024-11-16T19:48:00Z,25.25908
2024-11-16T20:24:00Z,24.252945
2024-11-16T21:36:00Z,24.805023
2024-11-16T22:48:00Z,24.325253
2024-11-16T23:24:00Z,24.60988
2024-11-17T00:00:00Z,24.477312
2024-11-17T00:36:00Z,24.927504
2024-11-17T01:12:00Z,24.752552
2024-11-17T03:36:00Z,25.58131
2024-11-17T04:12:00Z,25.301334
2024-11-17T04:48:00Z,24.114183
2024-11-17T05:24:00Z,25.731684
2024-11-17T06:36:00Z,24.001379
2024-11-17T07:12:00Z,25.534658
2024-11-17T07:48:00Z,24.822332
2024-11-17T08:24:00Z,25.657757
2024-11-17T10:12:00Z,24.238108
2024-11-17T10:48:00Z,25.304317
2024-11-17T11:24:00Z,24.311615
2024-11-17T12:00:00Z,30.720127
2024-11-17T12:36:00Z,24.237366
2024-11-17T13:12:00Z,0
2024-11-17T13:48:00Z,25.32876
2024-11-17T17:24:00Z,25.908432
2024-11-17T18:00:00Z,25.03874
2024-11-17T18:36:00Z,29.626972
2024-11-17T19:12:00Z,0
2024-11-17T19:48:00Z,25.615017
2024-11-17T20:24:00Z,25.712671
2024-11-17T21:00:00Z,24.708633
2024-11-17T21:36:00Z,29.97684
2024-11-17T22:12:00Z,24.672619
2024-11-18T01:12:00Z,25.014393
2024-11-18T01:48:00Z,24.495508
2024-11-18T02:24:00Z,25.684643
2024-11-18T03:00:00Z,24.482258
2024-11-18T03:36:00Z,0
2024-11-18T04:12:00Z,24.55885
2024-11-18T04:48:00Z,0
2024-11-18T05:24:00Z,24.473284
2024-11-18T06:36:00Z,24.48278
2024-11-18T07:12:00Z,25.47115
2024-11-18T07:48:00Z,24.620214
2024-11-18T09:00:00Z,25.67839
2024-11-18T10:12:00Z,25.499462
2024-11-18T11:24:00Z,29.044203
2024-11-18T12:00:00Z,25.911676
2024-11-18T13:12:00Z,24.214949
2024-11-18T15:00:00Z,25.551498
2024-11-18T16:12:00Z,24.182999
2024-11-18T16:48:00Z,29.565226
2024-11-18T17:24:00Z,24.530636
2024-11-18T19:12:00Z,25.697058
2024-11-18T19:48:00Z,0
2024-11-18T20:24:00Z,25.559473
2024-11-18T21:00:00Z,30.175692
2024-11-18T21:36:00Z,0
2024-11-18T22:12:00Z,24.731403
2024-11-18T22:48:00Z,0
2024-11-18T23:24:00Z,30.14156
2024-11-19T00:00:00Z,24.504501
2024-11-19T01:12:00Z,25.11292
2024-11-19T01:48:00Z,24.175272
2024-11-19T03:36:00Z,25.054195
2024-11-19T04:12:00Z,29.310152
2024-11-19T04:48:00Z,0
2024-11-19T05:24:00Z,25.929672
2024-11-19T06:36:00Z,24.588196
2024-11-19T07:12:00Z,24.719542
2024-11-19T07:48:00Z,30.058159
2024-11-19T08:24:00Z,0
2024-11-19T09:00:00Z,24.223408
2024-11-19T09:36:00Z,29.407562
2024-11-19T10:12:00Z,0
2024-11-19T10:48:00Z,25.678408
2024-11-19T11:24:00Z,24.161163
2024-11-19T12:00:00Z,25.682753
2024-11-19T12:36:00Z,0
2024-11-19T13:12:00Z,29.128647
2024-11-19T13:48:00Z,24.237343
2024-11-19T15:00:00Z,24.119293
2024-11-19T15:36:00Z,24.957253
2024-11-19T16:12:00Z,25.01755
2024-11-19T16:48:00Z,29.599667
2024-11-19T17:24:00Z,24.22077
2024-11-19T18:00:00Z,25.21943
2024-11-19T21:00:00Z,24.446688
2024-11-19T21:36:00Z,25.182005
2024-11-19T22:12:00Z,24.193478
2024-11-19T22:48:00Z,0
2024-11-19T23:24:00Z,24.984516
2024-11-20T01:12:00Z,24.169384
2024-11-20T02:24:00Z,25.763632
2024-11-20T04:12:00Z,24.03593
2024-11-20T07:12:00Z,24.234228
2024-11-20T09:00:00Z,25.773506
2024-11-20T09:36:00Z,24.32684
2024-11-20T10:48:00Z,25.826378
2024-11-20T12:00:00Z,24.141068
2024-11-20T12:36:00Z,0
2024-11-20T13:48:00Z,24.472416
2024-11-20T14:24:00Z,24.073996
2024-11-20T15:00:00Z,24.6057
2024-11-20T15:36:00Z,0
2024-11-20T16:12:00Z,24.104788
2024-11-20T16:48:00Z,25.866638
2024-11-20T17:24:00Z,25.199503
2024-11-20T18:00:00Z,24.024624
2024-11-20T18:36:00Z,24.15646
2024-11-20T19:48:00Z,25.721138
2024-11-20T20:24:00Z,25.16505
2024-11-20T21:00:00Z,29.581078
2024-11-20T21:36:00Z,25.615034
2024-11-20T23:24:00Z,25.131008
2024-11-21T00:36:00Z,25.556488
2024-11-21T01:12:00Z,0
2024-11-21T02:24:00Z,24.688269
2024-11-21T03:00:00Z,24.99141
2024-11-21T03:36:00Z,25.899782
2024-11-21T04:12:00Z,25.359367
2024-11-21T05:24:00Z,24.991793
2024-11-21T06:00:00Z,24.505983
2024-11-21T06:36:00Z,29.34751
2024-11-21T07:12:00Z,24.786554
2024-11-21T07:48:00Z,25.844057
2024-11-21T08:24:00Z,0
2024-11-21T09:00:00Z,24.117464
2024-11-21T10:12:00Z,24.500658
2024-11-21T10:48:00Z,25.005438
2024-11-21T13:48:00Z,25.07411
2024-11-21T14:24:00Z,25.971859
2024-11-21T15:00:00Z,29.818264
2024-11-21T15:36:00Z,0
2024-11-21T16:12:00Z,29.152218
2024-11-21T16:48:00Z,24.051178
2024-11-21T18:00:00Z,25.606176
2024-11-21T18:36:00Z,24.402807
2024-11-21T19:48:00Z,25.971556
2024-11-21T21:00:00Z,24.911552
2024-11-21T21:36:00Z,25.879063
2024-11-21T22:12:00Z,24.584412
2024-11-21T22:48:00Z,25.699678
2024-11-21T23:24:00Z,25.581717
2024-11-22T00:00:00Z,25.87933
2024-11-22T00:36:00Z,24.359268
2024-11-22T01:12:00Z,24.980562
2024-11-22T03:36:00Z,24.066898
2024-11-22T04:12:00Z,25.240665
2024-11-22T04:48:00Z,0
2024-11-22T05:24:00Z,25.425161
2024-11-22T07:12:00Z,24.60575
2024-11-22T07:48:00Z,25.53525
2024-11-22T08:24:00Z,0
2024-11-22T09:36:00Z,25.072168
2024-11-22T10:12:00Z,24.613237
2024-11-22T12:00:00Z,25.32678
2024-11-22T12:36:00Z,25.237495
2024-11-22T13:12:00Z,24.492966
2024-11-22T13:48:00Z,0
2024-11-22T14:24:00Z,24.928068
2024-11-22T15:36:00Z,24.124844
2024-11-22T16:12:00Z,0
2024-11-22T17:24:00Z,30.584042
2024-11-22T18:00:00Z,24.817934
2024-11-22T18:36:00Z,24.043228
2024-11-22T19:12:00Z,24.91856
2024-11-22T20:24:00Z,24.167532
2024-11-22T21:36:00Z,25.044115
2024-11-22T22:48:00Z,24.951298
2024-11-22T23:24:00Z,25.941114
2024-11-23T00:00:00Z,24.172522
2024-11-23T01:12:00Z,24.418896
2024-11-23T01:48:00Z,25.386452
2024-11-23T02:24:00Z,25.240124
2024-11-23T04:12:00Z,25.907387
2024-11-23T04:48:00Z,25.356571
2024-11-23T05:24:00Z,24.31336
2024-11-23T06:00:00Z,30.021708
2024-11-23T06:36:00Z,24.717318
2024-11-23T07:12:00Z,25.91521
2024-11-23T07:48:00Z,25.711874
2024-11-23T08:24:00Z,24.292677
2024-11-23T09:00:00Z,0
2024-11-23T11:24:00Z,25.443605
2024-11-23T13:12:00Z,24.361277
2024-11-23T14:24:00Z,24.3081
2024-11-23T15:36:00Z,0
2024-11-23T16:12:00Z,25.546495
2024-11-23T16:48:00Z,25.540785
2024-11-23T17:24:00Z,24.5741
2024-11-23T19:48:00Z,25.432634
2024-11-23T20:24:00Z,25.993036
2024-11-23T21:00:00Z,25.4695
2024-11-23T23:24:00Z,25.770273
2024-11-24T00:36:00Z,25.571
2024-11-24T01:48:00Z,24.544588
2024-11-24T02:24:00Z,30.730852
2024-11-24T03:00:00Z,25.633223
2024-11-24T03:36:00Z,24.14918
2024-11-24T04:12:00Z,24.186045
2024-11-24T04:48:00Z,25.10494
2024-11-24T07:48:00Z,24.891777
2024-11-24T08:24:00Z,24.233229
2024-11-24T09:00:00Z,25.363268
2024-11-24T10:48:00Z,25.33671
2024-11-24T11:24:00Z,24.182697
2024-11-24T15:00:00Z,24.035915
2024-11-24T15:36:00Z,24.540527
2024-11-24T16:12:00Z,25.979773
2024-11-24T16:48:00Z,24.654333
2024-11-24T18:00:00Z,24.311361
2024-11-24T18:36:00Z,0
2024-11-24T19:48:00Z,0
2024-11-24T21:00:00Z,25.63654
2024-11-24T22:12:00Z,24.13785
2024-11-24T22:48:00Z,24.431906
2024-11-24T23:24:00Z,25.310297
2024-11-25T00:36:00Z,25.93319
2024-11-25T01:12:00Z,24.838667
2024-11-25T01:48:00Z,30.211786
2024-11-25T02:24:00Z,24.658552
2024-11-25T03:00:00Z,24.068275
2024-11-25T03:36:00Z,24.469109
2024-11-25T04:12:00Z,25.33737
2024-11-25T04:48:00Z,0
2024-11-25T05:24:00Z,24.019953
2024-11-25T06:00:00Z,25.684008
2024-11-25T06:36:00Z,24.223633
2024-11-25T07:12:00Z,24.61413
2024-11-25T07:48:00Z,30.394636
2024-11-25T08:24:00Z,0
2024-11-25T09:00:00Z,25.671078
2024-11-25T09:36:00Z,24.940985
2024-11-25T10:12:00Z,29.255646
2024-11-25T10:48:00Z,25.575214
2024-11-25T12:00:00Z,25.4459
2024-11-25T12:36:00Z,24.348425
2024-11-25T13:48:00Z,24.995693
2024-11-25T14:24:00Z,0
2024-11-25T15:00:00Z,25.338419
2024-11-25T17:24:00Z,24.499493
2024-11-25T18:00:00Z,25.726841
2024-11-25T19:12:00Z,25.33134
2024-11-25T19:48:00Z,24.765656
2024-11-25T20:24:00Z,29.456123
2024-11-25T21:00:00Z,0
2024-11-25T21:36:00Z,24.787588
2024-11-25T22:12:00Z,0
2024-11-25T22:48:00Z,29.282192
2024-11-25T23:24:00Z,0
2024-11-26T00:36:00Z,25.24826
2024-11-26T01:12:00Z,25.639515
2024-11-26T01:48:00Z,25.167189
2024-11-26T03:00:00Z,25.034742
2024-11-26T04:48:00Z,30.671528
2024-11-26T05:24:00Z,0
2024-11-26T06:00:00Z,24.575478
2024-11-26T06:36:00Z,24.999018
2024-11-26T07:12:00Z,30.2973
2024-11-26T07:48:00Z,0
2024-11-26T08:24:00Z,24.671642
2024-11-26T09:00:00Z,24.249664
2024-11-26T10:48:00Z,25.497803
2024-11-26T13:12:00Z,24.81326
2024-11-26T13:48:00Z,25.453918
2024-11-26T14:24:00Z,24.126848
2024-11-26T15:00:00Z,25.322872
2024-11-26T15:36:00Z,24.460587
2024-11-26T16:12:00Z,25.087168
2024-11-26T17:24:00Z,25.698904
2024-11-26T18:36:00Z,24.692099
2024-11-26T19:12:00Z,25.659813
2024-11-26T21:36:00Z,25.228184
2024-11-26T22:12:00Z,25.682781
2024-11-26T22:48:00Z,24.002466
2024-11-26T23:24:00Z,25.61055
2024-11-27T01:12:00Z,25.721426
2024-11-27T02:24:00Z,24.081095
2024-11-27T03:00:00Z,25.545082
2024-11-27T03:36:00Z,30.93448
2024-11-27T04:12:00Z,24.123959
2024-11-27T06:00:00Z,25.882006
2024-11-27T07:12:00Z,24.94866
2024-11-27T07:48:00Z,25.616737
2024-11-27T09:00:00Z,25.125418
2024-11-27T11:24:00Z,24.938967
2024-11-27T12:00:00Z,0
2024-11-27T13:12:00Z,25.47102
2024-11-27T13:48:00Z,0
2024-11-27T15:00:00Z,29.778215
2024-11-27T15:36:00Z,0
2024-11-27T16:12:00Z,24.94856
2024-11-27T16:48:00Z,24.700724
2024-11-27T17:24:00Z,25.655577
2024-11-27T18:00:00Z,24.794943
2024-11-27T18:36:00Z,25.32413
2024-11-27T19:12:00Z,24.879782
2024-11-27T19:48:00Z,25.232304
2024-11-27T20:24:00Z,24.589964
2024-11-27T21:00:00Z,25.389267
2024-11-27T21:36:00Z,24.658922
2024-11-27T22:12:00Z,25.025988
2024-11-27T23:24:00Z,24.375847
2024-11-28T00:00:00Z,25.337341
2024-11-28T01:12:00Z,24.502708
2024-11-28T02:24:00Z,24.042704
2024-11-28T03:00:00Z,25.956026
2024-11-28T03:36:00Z,25.682625
2024-11-28T04:48:00Z,24.056374
2024-11-28T05:24:00Z,25.80269
2024-11-28T06:00:00Z,24.20192
2024-11-28T06:36:00Z,24.884502
2024-11-28T08:24:00Z,24.114948
2024-11-28T09:00:00Z,24.599043
2024-11-28T09:36:00Z,0
2024-11-28T10:12:00Z,25.689571
2024-11-28T10:48:00Z,29.834724
2024-11-28T11:24:00Z,0
2024-11-28T12:00:00Z,25.157776
2024-11-28T12:36:00Z,25.190653
2024-11-28T13:12:00Z,29.93483
2024-11-28T13:48:00Z,25.71115
2024-11-28T14:24:00Z,30.341763
2024-11-28T15:00:00Z,25.342928
2024-11-28T16:12:00Z,24.756237
2024-11-28T16:48:00Z,24.896692
2024-11-28T17:24:00Z,25.928402
2024-11-28T18:36:00Z,24.097874
2024-11-28T19:12:00Z,25.506084
2024-11-28T19:48:00Z,24.32926
2024-11-28T20:24:00Z,25.124403
2024-11-28T21:00:00Z,0
2024-11-28T21:36:00Z,24.138561
2024-11-28T22:12:00Z,25.141783
2024-11-28T22:48:00Z,24.532223
2024-11-28T23:24:00Z,24.634768
2024-11-29T00:00:00Z,25.820353
2024-11-29T01:12:00Z,24.179686
2024-11-29T01:48:00Z,25.867693
2024-11-29T02:24:00Z,24.386034
2024-11-29T03:00:00Z,25.754824
2024-11-29T03:36:00Z,24.29109
2024-11-29T04:12:00Z,25.235107
2024-11-29T04:48:00Z,24.16183
2024-11-29T05:24:00Z,24.130234
2024-11-29T07:12:00Z,24.858818
2024-11-29T08:24:00Z,24.490988
2024-11-29T09:00:00Z,25.092543
2024-11-29T09:36:00Z,24.309488
2024-11-29T10:12:00Z,25.722364
2024-11-29T10:48:00Z,0
2024-11-29T11:24:00Z,25.974607
2024-11-29T12:00:00Z,24.415659
2024-11-29T13:12:00Z,25.976345
2024-11-29T13:48:00Z,24.352682
2024-11-29T14:24:00Z,25.126913
2024-11-29T15:00:00Z,30.827662
2024-11-29T15:36:00Z,0
2024-11-29T16:12:00Z,24.740685
2024-11-29T17:24:00Z,24.942719
2024-11-29T18:00:00Z,25.902876
2024-11-29T18:36:00Z,24.27358
2024-11-29T19:12:00Z,25.029045
2024-11-29T19:48:00Z,25.133003
2024-11-29T20:24:00Z,0
2024-11-29T21:00:00Z,24.33499
2024-11-29T21:36:00Z,25.838268
2024-11-29T22:12:00Z,24.665045
2024-11-29T22:48:00Z,24.35273
2024-11-29T23:24:00Z,25.657059
2024-11-30T00:00:00Z,24.226965
2024-11-30T00:36:00Z,0
2024-11-30T01:12:00Z,24.504986
2024-11-30T01:48:00Z,0
2024-11-30T02:24:00Z,25.344484
2024-11-30T03:00:00Z,24.661573
2024-11-30T04:12:00Z,25.593422
2024-11-30T04:48:00Z,24.642138
2024-11-30T05:24:00Z,24.246532
2024-11-30T06:00:00Z,24.778898
2024-11-30T06:36:00Z,24.275928
2024-11-30T07:12:00Z,24.989855
2024-11-30T08:24:00Z,25.703016
2024-11-30T09:00:00Z,29.220322
2024-11-30T09:36:00Z,25.785912
2024-11-30T10:48:00Z,24.855494
2024-11-30T11:24:00Z,25.629519
2024-11-30T12:00:00Z,25.411505
2024-11-30T12:36:00Z,24.40859
2024-11-30T13:48:00Z,24.001856
2024-11-30T14:24:00Z,24.179804
2024-11-30T15:00:00Z,24.942232
2024-11-30T15:36:00Z,24.165867
2024-11-30T17:24:00Z,24.615915
2024-11-30T18:36:00Z,24.877363
2024-11-30T19:12:00Z,24.086226
2024-11-30T19:48:00Z,24.800068
2024-11-30T20:24:00Z,0
2024-11-30T21:00:00Z,24.263618
2024-11-30T22:48:00Z,24.918457
2024-11-30T23:24:00Z,24.368084
2024-12-01T00:36:00Z,25.94831
2024-12-01T01:12:00Z,29.809515
2024-12-01T01:48:00Z,25.727741
2024-12-01T02:24:00Z,25.003286
2024-12-01T03:00:00Z,24.82755
2024-12-01T03:36:00Z,24.032806
2024-12-01T04:12:00Z,24.843214
2024-12-01T04:48:00Z,25.099794
2024-12-01T05:24:00Z,30.666338
2024-12-01T06:00:00Z,0
2024-12-01T06:36:00Z,25.528032
2024-12-01T07:12:00Z,24.999422
2024-12-01T07:48:00Z,25.101395
2024-12-01T08:24:00Z,29.587185
2024-12-01T09:00:00Z,0
2024-12-01T09:36:00Z,25.178123
2024-12-01T10:12:00Z,25.007872
2024-12-01T10:48:00Z,25.718801
2024-12-01T11:24:00Z,25.33795
2024-12-01T12:00:00Z,24.469347
2024-12-01T13:12:00Z,24.600817
2024-12-01T13:48:00Z,25.862108
2024-12-01T14:24:00Z,24.576777
2024-12-01T15:00:00Z,25.427292
2024-12-01T15:36:00Z,25.64664
2024-12-01T16:12:00Z,24.090014
2024-12-01T18:00:00Z,25.364851
2024-12-01T18:36:00Z,24.079687
2024-12-01T19:48:00Z,24.585573
2024-12-01T20:24:00Z,25.416624
2024-12-01T21:00:00Z,24.72889
2024-12-01T21:36:00Z,29.65275
2024-12-01T22:12:00Z,0
2024-12-01T22:48:00Z,25.820269
2024-12-01T23:24:00Z,24.080885
2024-12-02T00:00:00Z,25.164665
2024-12-02T01:12:00Z,24.020338
2024-12-02T02:24:00Z,25.157936
2024-12-02T03:00:00Z,25.95357
2024-12-02T03:36:00Z,25.783604
2024-12-02T04:12:00Z,24.233017
2024-12-02T04:48:00Z,30.2304
2024-12-02T05:24:00Z,0
2024-12-02T06:00:00Z,25.140112
2024-12-02T07:12:00Z,24.729424
2024-12-02T07:48:00Z,29.440283
2024-12-02T08:24:00Z,25.48169
2024-12-02T09:00:00Z,25.901167
2024-12-02T09:36:00Z,24.332615
2024-12-02T10:12:00Z,24.91522
2024-12-02T10:48:00Z,25.969463
2024-12-02T11:24:00Z,24.954708
2024-12-02T12:36:00Z,24.785461
2024-12-02T13:12:00Z,24.84043
2024-12-02T13:48:00Z,29.937162
2024-12-02T14:24:00Z,24.643526
2024-12-02T15:00:00Z,24.159718
2024-12-02T15:36:00Z,25.488142
2024-12-02T16:12:00Z,25.267384
2024-12-02T16:48:00Z,25.519629
2024-12-02T17:24:00Z,24.977343
2024-12-02T18:00:00Z,25.128464
2024-12-02T18:36:00Z,24.553669
2024-12-02T19:12:00Z,24.87028
2024-12-02T21:00:00Z,24.930716
2024-12-02T21:36:00Z,24.583149
2024-12-02T22:12:00Z,25.875774
2024-12-02T22:48:00Z,24.114567
2024-12-02T23:24:00Z,0
2024-12-03T00:00:00Z,25.938707
2024-12-03T00:36:00Z,0
2024-12-03T01:12:00Z,25.111113
2024-12-03T01:48:00Z,24.89588
2024-12-03T03:00:00Z,25.339783
2024-12-03T03:36:00Z,25.069654
2024-12-03T04:12:00Z,25.746073
2024-12-03T04:48:00Z,24.491814
2024-12-03T05:24:00Z,29.725977
2024-12-03T06:00:00Z,0
2024-12-03T06:36:00Z,30.895336
2024-12-03T07:12:00Z,0
2024-12-03T07:48:00Z,24.079996
2024-12-03T08:24:00Z,24.947037
2024-12-03T09:00:00Z,24.874987
2024-12-03T09:36:00Z,24.15969
2024-12-03T10:12:00Z,25.559587
2024-12-03T10:48:00Z,24.5041
2024-12-03T13:48:00Z,24.506865
2024-12-03T14:24:00Z,24.035599
2024-12-03T15:36:00Z,24.977362
2024-12-03T16:12:00Z,0
2024-12-03T16:48:00Z,25.014761
2024-12-03T17:24:00Z,24.40713
2024-12-03T18:00:00Z,29.282095
2024-12-03T18:36:00Z,25.091576
2024-12-03T19:12:00Z,25.65661
2024-12-03T19:48:00Z,0
2024-12-03T20:24:00Z,24.63886
2024-12-03T21:36:00Z,25.946
2024-12-03T22:12:00Z,0
2024-12-03T22:48:00Z,24.597034
2024-12-04T00:00:00Z,25.887533
2024-12-04T00:36:00Z,24.787487
2024-12-04T01:12:00Z,0
2024-12-04T01:48:00Z,24.957424
2024-12-04T03:36:00Z,24.209127
2024-12-04T04:12:00Z,24.682177
2024-12-04T04:48:00Z,25.862097
2024-12-04T05:24:00Z,25.686989
2024-12-04T06:00:00Z,24.467436
2024-12-04T07:12:00Z,24.341389
2024-12-04T07:48:00Z,0
2024-12-04T08:24:00Z,25.183979
2024-12-04T09:00:00Z,25.523592
2024-12-04T10:12:00Z,24.403147
2024-12-04T10:48:00Z,25.827719
2024-12-04T12:00:00Z,24.241753
2024-12-04T12:36:00Z,25.552029
2024-12-04T13:48:00Z,25.547083
2024-12-04T14:24:00Z,24.032087
2024-12-04T15:00:00Z,30.071745
2024-12-04T15:36:00Z,0
2024-12-04T16:12:00Z,24.717894
2024-12-04T16:48:00Z,25.674477
2024-12-04T17:24:00Z,25.797636
2024-12-04T18:00:00Z,24.077888
2024-12-04T18:36:00Z,30.165432
2024-12-04T19:12:00Z,25.922087
2024-12-04T19:48:00Z,24.020979
2024-12-04T20:24:00Z,24.156693
2024-12-04T21:00:00Z,25.542028
2024-12-04T21:36:00Z,25.984573
2024-12-04T22:12:00Z,25.184172
2024-12-04T22:48:00Z,0
2024-12-04T23:24:00Z,24.854576
2024-12-05T00:00:00Z,30.940771
2024-12-05T00:36:00Z,25.574142
2024-12-05T01:12:00Z,25.04739
2024-12-05T01:48:00Z,30.756811
2024-12-05T02:24:00Z,24.814342
2024-12-05T03:00:00Z,25.629904
2024-12-05T03:36:00Z,30.059439
2024-12-05T04:12:00Z,24.810356
2024-12-05T04:48:00Z,29.159872
2024-12-05T05:24:00Z,0
2024-12-05T06:00:00Z,24.7843
2024-12-05T06:36:00Z,25.111305
2024-12-05T07:12:00Z,24.15537
2024-12-05T07:48:00Z,25.53173
2024-12-05T08:24:00Z,24.811857
2024-12-05T09:00:00Z,25.906973
2024-12-05T09:36:00Z,24.29882
2024-12-05T10:12:00Z,24.576258
2024-12-05T10:48:00Z,24.393408
2024-12-05T11:24:00Z,24.711208
2024-12-05T12:00:00Z,0
2024-12-05T12:36:00Z,24.474272
2024-12-05T13:48:00Z,25.598984
2024-12-05T14:24:00Z,24.706047
2024-12-05T15:00:00Z,24.85078
2024-12-05T16:12:00Z,24.063751
2024-12-05T16:48:00Z,24.961231
2024-12-05T18:00:00Z,24.74071
2024-12-05T18:36:00Z,25.39043
2024-12-05T19:12:00Z,24.523846
2024-12-05T20:24:00Z,25.25199
2024-12-05T21:00:00Z,24.916878
2024-12-05T21:36:00Z,0
2024-12-05T22:12:00Z,25.096727
2024-12-05T22:48:00Z,24.873123
2024-12-05T23:24:00Z,25.11428
2024-12-06T00:00:00Z,24.251163
2024-12-06T00:36:00Z,24.587255
2024-12-06T01:12:00Z,24.18174
2024-12-06T01:48:00Z,25.289248
2024-12-06T03:00:00Z,24.297626
2024-12-06T03:36:00Z,25.599096
2024-12-06T04:12:00Z,24.477016
2024-12-06T04:48:00Z,24.156393
2024-12-06T06:00:00Z,25.595686
2024-12-06T06:36:00Z,25.550386
2024-12-06T07:12:00Z,24.65269
2024-12-06T07:48:00Z,25.658373
2024-12-06T08:24:00Z,25.280102
2024-12-06T09:00:00Z,0
2024-12-06T09:36:00Z,24.948078
2024-12-06T10:12:00Z,30.921673
2024-12-06T10:48:00Z,24.791876
2024-12-06T11:24:00Z,25.120502
2024-12-06T12:00:00Z,30.08094
2024-12-06T12:36:00Z,24.213074
2024-12-06T13:12:00Z,25.587051
2024-12-06T13:48:00Z,30.580765
2024-12-06T14:24:00Z,0
2024-12-06T15:00:00Z,0
2024-12-06T15:36:00Z,24.901657
2024-12-06T16:48:00Z,25.819483
2024-12-06T19:12:00Z,25.597445
2024-12-06T19:48:00Z,24.612837
2024-12-06T21:00:00Z,24.874725
2024-12-06T21:36:00Z,25.27277
2024-12-06T22:12:00Z,0
2024-12-06T22:48:00Z,25.311447
2024-12-06T23:24:00Z,0
2024-12-07T00:00:00Z,25.32903
2024-12-07T00:36:00Z,24.228949
2024-12-07T01:12:00Z,25.797182
2024-12-07T01:48:00Z,25.975046
2024-12-07T02:24:00Z,0
2024-12-07T03:00:00Z,24.224934
2024-12-07T04:12:00Z,24.271116
2024-12-07T04:48:00Z,25.44722
2024-12-07T05:24:00Z,24.264153
2024-12-07T06:00:00Z,25.351992
2024-12-07T07:48:00Z,25.968996
2024-12-07T08:24:00Z,24.71181
2024-12-07T09:00:00Z,30.5082
2024-12-07T09:36:00Z,0
2024-12-07T10:48:00Z,0
2024-12-07T11:24:00Z,25.755539
2024-12-07T12:36:00Z,24.702278
2024-12-07T13:12:00Z,25.861269
2024-12-07T13:48:00Z,0
2024-12-07T14:24:00Z,25.770428
2024-12-07T15:00:00Z,0
2024-12-07T15:36:00Z,24.705757
2024-12-07T16:12:00Z,25.702868
2024-12-07T16:48:00Z,25.699106
2024-12-07T17:24:00Z,24.844265
2024-12-07T18:00:00Z,25.23017
2024-12-07T18:36:00Z,29.861929
2024-12-07T19:12:00Z,0
2024-12-07T19:48:00Z,24.798725
2024-12-07T20:24:00Z,24.16002
2024-12-07T21:36:00Z,24.983856
2024-12-07T22:12:00Z,25.656033
2024-12-07T22:48:00Z,29.63054
2024-12-07T23:24:00Z,0
2024-12-08T00:00:00Z,24.623674
2024-12-08T00:36:00Z,0
2024-12-08T01:12:00Z,25.410328
2024-12-08T01:48:00Z,25.923403
2024-12-08T02:24:00Z,24.294153
2024-12-08T03:00:00Z,24.039095
2024-12-08T03:36:00Z,25.043123
2024-12-08T04:48:00Z,24.962425
2024-12-08T05:24:00Z,0
2024-12-08T06:00:00Z,25.306156
2024-12-08T06:36:00Z,25.070429
2024-12-08T07:12:00Z,24.289448
2024-12-08T07:48:00Z,25.953556
2024-12-08T08:24:00Z,25.501247
2024-12-08T09:00:00Z,24.562511
2024-12-08T09:36:00Z,25.850672
2024-12-08T10:12:00Z,24.112833
2024-12-08T10:48:00Z,30.407293
2024-12-08T11:24:00Z,24.488974
2024-12-08T12:00:00Z,25.43225
2024-12-08T12:36:00Z,25.675371
2024-12-08T13:48:00Z,24.74994
2024-12-08T14:24:00Z,0
2024-12-08T15:00:00Z,25.908709
2024-12-08T15:36:00Z,24.353495
2024-12-08T16:12:00Z,25.014456
2024-12-08T16:48:00Z,25.086351
2024-12-08T17:24:00Z,24.270216
2024-12-08T18:00:00Z,25.315367
2024-12-08T18:36:00Z,25.84754
2024-12-08T19:12:00Z,24.561926
2024-12-08T19:48:00Z,24.027227
2024-12-08T20:24:00Z,24.854792
2024-12-08T21:00:00Z,25.175722
2024-12-08T21:36:00Z,25.007614
2024-12-08T22:12:00Z,0
2024-12-08T22:48:00Z,24.451353
2024-12-08T23:24:00Z,24.16015
2024-12-09T00:00:00Z,25.814846
2024-12-09T00:36:00Z,0
2024-12-09T01:12:00Z,24.364592
2024-12-09T01:48:00Z,25.56019
2024-12-09T02:24:00Z,24.130367
2024-12-09T03:00:00Z,25.526176
2024-12-09T03:36:00Z,25.074211
2024-12-09T04:12:00Z,25.526247
2024-12-09T04:48:00Z,24.90371
2024-12-09T05:24:00Z,24.954775
2024-12-09T06:00:00Z,30.965994
2024-12-09T06:36:00Z,0
2024-12-09T07:12:00Z,24.177593
2024-12-09T07:48:00Z,25.023716
2024-12-09T08:24:00Z,30.551914
2024-12-09T09:00:00Z,0
2024-12-09T09:36:00Z,25.712696
2024-12-09T10:12:00Z,25.509111
2024-12-09T10:48:00Z,25.717934
2024-12-09T12:00:00Z,24.693808
2024-12-09T12:36:00Z,25.065214
2024-12-09T13:12:00Z,24.36927
2024-12-09T13:48:00Z,0
2024-12-09T14:24:00Z,25.003315
2024-12-09T15:00:00Z,25.779833
2024-12-09T15:36:00Z,24.90447
2024-12-09T16:48:00Z,25.65552
2024-12-09T17:24:00Z,30.782051
2024-12-09T18:00:00Z,25.797195
2024-12-09T18:36:00Z,25.01626
2024-12-09T19:12:00Z,25.438757
2024-12-09T19:48:00Z,24.333588
2024-12-09T21:00:00Z,24.280203
2024-12-09T21:36:00Z,25.063879
2024-12-09T22:12:00Z,24.544838
2024-12-09T22:48:00Z,30.835121
2024-12-09T23:24:00Z,25.351315
2024-12-10T00:00:00Z,24.951586
2024-12-10T00:36:00Z,24.083904
2024-12-10T01:12:00Z,25.923468
2024-12-10T01:48:00Z,24.540028
2024-12-10T02:24:00Z,25.847271
2024-12-10T03:00:00Z,0
2024-12-10T03:36:00Z,25.017317
2024-12-10T04:12:00Z,24.119272
2024-12-10T05:24:00Z,25.105764
2024-12-10T06:36:00Z,25.308409
2024-12-10T07:12:00Z,24.636732
2024-12-10T07:48:00Z,25.515434
2024-12-10T08:24:00Z,0
2024-12-10T09:00:00Z,25.525934
2024-12-10T09:36:00Z,25.332214
2024-12-10T10:12:00Z,24.15642
2024-12-10T10:48:00Z,0
2024-12-10T11:24:00Z,0
2024-12-10T12:00:00Z,30.324677
2024-12-10T12:36:00Z,24.000757
2024-12-10T13:12:00Z,25.08847
2024-12-10T13:48:00Z,24.279501
2024-12-10T14:24:00Z,24.362627
2024-12-10T15:00:00Z,25.414265
2024-12-10T15:36:00Z,24.698082
2024-12-10T16:48:00Z,25.47605
2024-12-10T17:24:00Z,24.455418
2024-12-10T18:00:00Z,25.383894
2024-12-10T18:36:00Z,30.681225
2024-12-10T19:12:00Z,24.927414
2024-12-10T19:48:00Z,25.72964
2024-12-10T20:24:00Z,24.940222
2024-12-10T21:00:00Z,24.887823
2024-12-10T21:36:00Z,0
2024-12-10T22:12:00Z,29.649473
2024-12-10T22:48:00Z,25.828703
2024-12-11T00:00:00Z,25.0763
2024-12-11T00:36:00Z,25.170864
2024-12-11T01:12:00Z,24.455868
2024-12-11T01:48:00Z,30.75652
2024-12-11T02:24:00Z,25.09045
2024-12-11T03:00:00Z,24.915388
2024-12-11T03:36:00Z,24.10649
2024-12-11T04:12:00Z,24.994041
2024-12-11T04:48:00Z,24.739464
2024-12-11T05:24:00Z,0
2024-12-11T06:00:00Z,24.161814
2024-12-11T06:36:00Z,25.565393
2024-12-11T07:12:00Z,29.357758
2024-12-11T07:48:00Z,25.556767
2024-12-11T08:24:00Z,24.22567
2024-12-11T09:00:00Z,24.888573
2024-12-11T09:36:00Z,29.637575
2024-12-11T10:12:00Z,25.238335
2024-12-11T10:48:00Z,25.050026
2024-12-11T11:24:00Z,25.67121
2024-12-11T12:00:00Z,25.471384
2024-12-11T12:36:00Z,24.677347
2024-12-11T13:12:00Z,29.074692
2024-12-11T13:48:00Z,0
2024-12-11T14:24:00Z,0
2024-12-11T15:00:00Z,24.132915
2024-12-11T15:36:00Z,25.211452
2024-12-11T16:12:00Z,25.060694
2024-12-11T16:48:00Z,25.636286
2024-12-11T17:24:00Z,25.403585
2024-12-11T18:00:00Z,0
2024-12-11T18:36:00Z,24.644678
2024-12-11T19:48:00Z,25.269346
2024-12-11T21:36:00Z,25.374191
2024-12-11T22:12:00Z,24.830315
2024-12-11T22:48:00Z,25.649933
2024-12-11T23:24:00Z,0
2024-12-12T00:00:00Z,25.625399
2024-12-12T00:36:00Z,25.031984
2024-12-12T01:48:00Z,25.011671
2024-12-12T02:24:00Z,25.82784
2024-12-12T03:00:00Z,24.27707
2024-12-12T03:36:00Z,24.683819
2024-12-12T04:12:00Z,25.862673
2024-12-12T04:48:00Z,24.012375
2024-12-12T05:24:00Z,25.18745
2024-12-12T06:00:00Z,24.463615
2024-12-12T06:36:00Z,25.377968
2024-12-12T07:48:00Z,24.166016
2024-12-12T08:24:00Z,25.805365
2024-12-12T09:00:00Z,25.854258
2024-12-12T09:36:00Z,29.375082
2024-12-12T10:12:00Z,0
2024-12-12T10:48:00Z,24.097313
2024-12-12T11:24:00Z,24.282175
2024-12-12T12:00:00Z,24.958162
2024-12-12T12:36:00Z,24.179737
2024-12-12T13:12:00Z,24.101994
2024-12-12T13:48:00Z,30.466028
2024-12-12T14:24:00Z,0
2024-12-12T15:00:00Z,24.915949
2024-12-12T15:36:00Z,24.306505
2024-12-12T16:12:00Z,29.222368
2024-12-12T16:48:00Z,0
2024-12-12T17:24:00Z,24.525166
2024-12-12T18:00:00Z,25.837437
2024-12-12T18:36:00Z,24.14116
2024-12-12T19:12:00Z,25.86116
2024-12-12T19:48:00Z,25.120255
2024-12-12T20:24:00Z,25.74899
2024-12-12T21:00:00Z,24.549393
2024-12-12T21:36:00Z,25.807718
2024-12-12T22:12:00Z,0
2024-12-12T22:48:00Z,24.496353
2024-12-13T00:00:00Z,25.139091
2024-12-13T00:36:00Z,24.967024
2024-12-13T01:12:00Z,30.002707
2024-12-13T01:48:00Z,24.661135
2024-12-13T02:24:00Z,24.17589
2024-12-13T03:00:00Z,24.775455
2024-12-13T03:36:00Z,25.832401
2024-12-13T04:12:00Z,29.508034
2024-12-13T04:48:00Z,0
2024-12-13T05:24:00Z,24.220892
2024-12-13T06:00:00Z,24.124231
2024-12-13T06:36:00Z,25.434635
2024-12-13T07:12:00Z,24.672264
2024-12-13T07:48:00Z,24.546078
2024-12-13T08:24:00Z,25.695421
2024-12-13T09:00:00Z,25.049181
2024-12-13T09:36:00Z,25.22484
2024-12-13T10:48:00Z,24.321486
2024-12-13T11:24:00Z,24.366716
2024-12-13T12:00:00Z,29.69772
2024-12-13T12:36:00Z,24.650202
2024-12-13T13:12:00Z,29.93607
2024-12-13T13:48:00Z,24.644165
2024-12-13T14:24:00Z,25.82462
2024-12-13T15:00:00Z,29.732292
2024-12-13T15:36:00Z,24.123453
2024-12-13T16:12:00Z,25.979826
2024-12-13T16:48:00Z,24.23396
2024-12-13T17:24:00Z,29.773834
2024-12-13T18:00:00Z,0
2024-12-13T18:36:00Z,24.163342
2024-12-13T19:12:00Z,24.829239
2024-12-13T19:48:00Z,24.955118
2024-12-13T20:24:00Z,30.203442
2024-12-13T21:00:00Z,0
2024-12-13T21:36:00Z,25.525963
2024-12-13T22:12:00Z,0
2024-12-13T22:48:00Z,25.568354
2024-12-14T00:00:00Z,24.360327
2024-12-14T00:36:00Z,25.539307
2024-12-14T01:12:00Z,24.27316
2024-12-14T01:48:00Z,25.1889
2024-12-14T02:24:00Z,24.280828
2024-12-14T05:24:00Z,24.587296
2024-12-14T06:00:00Z,0
2024-12-14T06:36:00Z,29.82445
2024-12-14T07:12:00Z,0
2024-12-14T07:48:00Z,24.043112
2024-12-14T08:24:00Z,25.49226
2024-12-14T09:36:00Z,24.472084
2024-12-14T10:12:00Z,24.424702
2024-12-14T10:48:00Z,29.152117
2024-12-14T11:24:00Z,25.50039
2024-12-14T12:00:00Z,25.060873
2024-12-14T12:36:00Z,25.997864
2024-12-14T13:48:00Z,25.500408
2024-12-14T14:24:00Z,24.13813
2024-12-14T15:00:00Z,25.046534
2024-12-14T15:36:00Z,24.282307
2024-12-14T16:12:00Z,25.131044
2024-12-14T16:48:00Z,24.221397
2024-12-14T17:24:00Z,25.685726
2024-12-14T18:00:00Z,25.190313
2024-12-14T18:36:00Z,25.368711
2024-12-14T19:12:00Z,24.696207
2024-12-14T19:48:00Z,24.67075
2024-12-14T20:24:00Z,30.665005
2024-12-14T21:00:00Z,0
2024-12-14T21:36:00Z,24.14919
2024-12-14T22:12:00Z,24.43798
2024-12-14T22:48:00Z,24.23908
2024-12-14T23:24:00Z,25.536116
2024-12-15T00:00:00Z,25.056387
2024-12-15T00:36:00Z,25.91852
2024-12-15T01:12:00Z,25.717701
2024-12-15T01:48:00Z,25.02977
2024-12-15T02:24:00Z,24.903145
2024-12-15T03:00:00Z,25.640533
2024-12-15T03:36:00Z,29.433985
2024-12-15T04:12:00Z,25.284962
2024-12-15T04:48:00Z,25.036118
2024-12-15T06:00:00Z,25.753082
2024-12-15T06:36:00Z,24.693853
2024-12-15T07:12:00Z,25.627459
2024-12-15T07:48:00Z,25.383453
2024-12-15T08:24:00Z,24.397459
2024-12-15T09:00:00Z,24.57431
2024-12-15T09:36:00Z,24.28357
2024-12-15T10:12:00Z,24.770765
2024-12-15T11:24:00Z,24.377407
2024-12-15T12:00:00Z,25.013428
2024-12-15T12:36:00Z,24.728798
2024-12-15T13:12:00Z,0
2024-12-15T13:48:00Z,25.477247
2024-12-15T14:24:00Z,25.54594
2024-12-15T15:00:00Z,30.474083
2024-12-15T15:36:00Z,0
2024-12-15T16:12:00Z,0
2024-12-15T16:48:00Z,24.433786
2024-12-15T17:24:00Z,25.611578
2024-12-15T18:36:00Z,24.722788
2024-12-15T19:12:00Z,24.654936
2024-12-15T19:48:00Z,0
2024-12-15T20:24:00Z,24.019396
2024-12-15T21:00:00Z,24.789103
2024-12-15T21:36:00Z,24.559484
2024-12-15T22:48:00Z,25.796843
2024-12-15T23:24:00Z,25.227077
2024-12-16T00:00:00Z,0
2024-12-16T00:36:00Z,29.482075
2024-12-16T01:12:00Z,0
2024-12-16T01:48:00Z,24.957903
2024-12-16T03:00:00Z,24.60622
2024-12-16T03:36:00Z,25.938349
2024-12-16T04:48:00Z,25.115234
2024-12-16T05:24:00Z,25.381058
2024-12-16T06:00:00Z,24.58284
2024-12-16T07:12:00Z,25.209547
2024-12-16T07:48:00Z,29.741198
2024-12-16T08:24:00Z,25.948225
2024-12-16T09:00:00Z,24.44447
2024-12-16T09:36:00Z,25.564428
2024-12-16T10:48:00Z,25.112131
2024-12-16T12:00:00Z,25.76198
2024-12-16T12:36:00Z,24.675678
2024-12-16T13:12:00Z,25.694721
2024-12-16T13:48:00Z,25.490576
2024-12-16T14:24:00Z,24.457037
2024-12-16T15:00:00Z,24.765142
2024-12-16T15:36:00Z,25.544561
2024-12-16T16:12:00Z,25.046251
2024-12-16T18:00:00Z,25.027134
2024-12-16T18:36:00Z,0
2024-12-16T19:12:00Z,24.635609
2024-12-16T19:48:00Z,24.205437
2024-12-16T20:24:00Z,0
2024-12-16T21:00:00Z,25.524439
2024-12-16T21:36:00Z,24.03261
2024-12-16T22:12:00Z,25.392347
2024-12-16T22:48:00Z,25.139782
2024-12-16T23:24:00Z,25.899384
2024-12-17T00:00:00Z,24.658781
2024-12-17T01:48:00Z,24.3
2024-12-17T02:24:00Z,24.637346
2024-12-17T04:12:00Z,24.384766
2024-12-17T04:48:00Z,25.184021
2024-12-17T05:24:00Z,0
2024-12-17T06:00:00Z,24.512344
2024-12-17T07:12:00Z,25.889967
2024-12-17T07:48:00Z,24.890635
2024-12-17T08:24:00Z,24.715065
2024-12-17T09:36:00Z,25.395227
2024-12-17T10:12:00Z,25.09346
2024-12-17T10:48:00Z,25.40446
2024-12-17T11:24:00Z,24.016008
2024-12-17T12:00:00Z,25.180931
2024-12-17T12:36:00Z,24.233109
2024-12-17T13:12:00Z,0
2024-12-17T13:48:00Z,24.272238
2024-12-17T14:24:00Z,25.369219
2024-12-17T15:00:00Z,24.531189
2024-12-17T15:36:00Z,24.50228
2024-12-17T16:12:00Z,0
2024-12-17T16:48:00Z,24.682503
2024-12-17T17:24:00Z,25.323267
2024-12-17T19:12:00Z,24.56393
2024-12-17T19:48:00Z,25.234524
2024-12-17T21:00:00Z,25.376595
2024-12-17T22:12:00Z,24.94148
2024-12-17T22:48:00Z,29.861412
2024-12-17T23:24:00Z,25.198965
2024-12-18T00:00:00Z,25.869823
2024-12-18T00:36:00Z,24.075626
2024-12-18T01:12:00Z,24.35576
2024-12-18T01:48:00Z,25.706343
2024-12-18T02:24:00Z,29.049921
2024-12-18T03:00:00Z,24.23426
2024-12-18T03:36:00Z,25.895964
2024-12-18T04:12:00Z,24.747065
2024-12-18T04:48:00Z,24.180187
2024-12-18T05:24:00Z,24.07746
2024-12-18T06:00:00Z,25.284973
2024-12-18T06:36:00Z,0
2024-12-18T07:12:00Z,24.998571
2024-12-18T07:48:00Z,25.759098
2024-12-18T08:24:00Z,30.919195
2024-12-18T09:00:00Z,0
2024-12-18T09:36:00Z,25.571064
2024-12-18T10:12:00Z,25.803976
2024-12-18T10:48:00Z,25.068153
2024-12-18T11:24:00Z,25.286127
2024-12-18T12:00:00Z,24.37652
2024-12-18T12:36:00Z,24.353151
2024-12-18T13:12:00Z,25.806862
2024-12-18T14:24:00Z,24.96346
2024-12-18T15:00:00Z,25.58856
2024-12-18T15:36:00Z,24.71253
2024-12-18T16:12:00Z,25.55509
2024-12-18T16:48:00Z,25.392336
2024-12-18T17:24:00Z,25.753359
2024-12-18T18:00:00Z,25.180136
2024-12-18T18:36:00Z,25.146648
2024-12-18T19:12:00Z,24.106276
2024-12-18T19:48:00Z,24.332472
2024-12-18T20:24:00Z,0
2024-12-18T21:00:00Z,25.065735
2024-12-18T21:36:00Z,25.741777
2024-12-18T22:12:00Z,24.025398
2024-12-18T22:48:00Z,24.865469
2024-12-18T23:24:00Z,24.861496
2024-12-19T00:00:00Z,24.278313
2024-12-19T00:36:00Z,25.66908
2024-12-19T01:12:00Z,25.770441
2024-12-19T01:48:00Z,24.55733
2024-12-19T02:24:00Z,25.6385
2024-12-19T03:00:00Z,30.953245
2024-12-19T03:36:00Z,25.9043
2024-12-19T04:12:00Z,24.097036
2024-12-19T05:24:00Z,25.660564
2024-12-19T06:00:00Z,25.367233
2024-12-19T06:36:00Z,24.611816
2024-12-19T07:12:00Z,25.851496
2024-12-19T07:48:00Z,25.9013
2024-12-19T08:24:00Z,24.732098
2024-12-19T09:00:00Z,24.039537
2024-12-19T09:36:00Z,30.186293
2024-12-19T10:12:00Z,25.168627
2024-12-19T10:48:00Z,25.098717
2024-12-19T11:24:00Z,25.44262
2024-12-19T12:00:00Z,24.063374
2024-12-19T12:36:00Z,25.894232
2024-12-19T13:12:00Z,25.498457
2024-12-19T13:48:00Z,24.172674
2024-12-19T14:24:00Z,25.681683
2024-12-19T15:00:00Z,24.022562
2024-12-19T15:36:00Z,30.25552
2024-12-19T16:12:00Z,24.98872
2024-12-19T16:48:00Z,25.675108
2024-12-19T17:24:00Z,25.468718
2024-12-19T18:00:00Z,24.3942
2024-12-19T18:36:00Z,24.70184
2024-12-19T19:12:00Z,25.488792
2024-12-19T19:48:00Z,25.058096
2024-12-19T20:24:00Z,30.38778
2024-12-19T21:00:00Z,0
2024-12-19T21:36:00Z,24.56021
2024-12-19T22:12:00Z,0
2024-12-19T22:48:00Z,24.519197
2024-12-20T00:00:00Z,25.47575
2024-12-20T01:48:00Z,24.758999
2024-12-20T02:24:00Z,25.13299
2024-12-20T03:36:00Z,24.583597
2024-12-20T04:12:00Z,0
2024-12-20T04:48:00Z,0
2024-12-20T05:24:00Z,24.128672
2024-12-20T06:00:00Z,25.12051
2024-12-20T06:36:00Z,30.911222
2024-12-20T07:12:00Z,24.809923
2024-12-20T07:48:00Z,25.909067
2024-12-20T08:24:00Z,24.84958
2024-12-20T09:00:00Z,24.697472
2024-12-20T09:36:00Z,29.044119
2024-12-20T10:12:00Z,24.864302
2024-12-20T10:48:00Z,24.491964
2024-12-20T11:24:00Z,0
2024-12-20T12:00:00Z,24.314432
2024-12-20T12:36:00Z,25.315168
2024-12-20T13:12:00Z,29.58887
2024-12-20T13:48:00Z,0
2024-12-20T14:24:00Z,0
2024-12-20T15:00:00Z,25.577242
2024-12-20T15:36:00Z,25.980356
2024-12-20T16:12:00Z,24.888891
2024-12-20T16:48:00Z,25.904362
2024-12-20T17:24:00Z,25.49104
2024-12-20T18:00:00Z,0
2024-12-20T18:36:00Z,25.909157
2024-12-20T19:48:00Z,24.83896
2024-12-20T20:24:00Z,0
2024-12-20T21:00:00Z,25.249561
2024-12-20T21:36:00Z,24.820868
2024-12-20T22:12:00Z,25.838572
2024-12-20T22:48:00Z,29.176653
2024-12-20T23:24:00Z,0
2024-12-21T00:00:00Z,25.211576
2024-12-21T00:36:00Z,0
2024-12-21T01:12:00Z,24.577038
2024-12-21T01:48:00Z,25.605257
2024-12-21T02:24:00Z,24.866455
2024-12-21T03:00:00Z,25.057802
2024-12-21T03:36:00Z,24.052036
2024-12-21T04:12:00Z,25.477352
2024-12-21T05:24:00Z,24.720428
2024-12-21T07:12:00Z,25.690912
2024-12-21T07:48:00Z,29.019886
2024-12-21T08:24:00Z,25.462517
2024-12-21T09:00:00Z,25.864017
2024-12-21T09:36:00Z,24.23484
2024-12-21T10:12:00Z,24.518072
2024-12-21T11:24:00Z,25.859089
2024-12-21T12:00:00Z,25.826614
2024-12-21T12:36:00Z,24.329994
2024-12-21T13:12:00Z,24.462673
2024-12-21T13:48:00Z,25.589905
2024-12-21T15:36:00Z,25.803596
2024-12-21T16:48:00Z,24.410702
2024-12-21T17:24:00Z,24.25628
2024-12-21T18:00:00Z,24.66345
2024-12-21T18:36:00Z,25.88811
2024-12-21T19:12:00Z,29.234234
2024-12-21T19:48:00Z,0
2024-12-21T20:24:00Z,25.807037
2024-12-21T21:00:00Z,0
2024-12-21T21:36:00Z,24.143785
2024-12-21T22:12:00Z,24.802477
2024-12-21T23:24:00Z,24.344183
2024-12-22T00:00:00Z,24.940598
2024-12-22T00:36:00Z,30.679745
2024-12-22T01:12:00Z,25.534092
2024-12-22T01:48:00Z,24.23953
2024-12-22T03:00:00Z,24.496153
2024-12-22T03:36:00Z,24.270653
2024-12-22T04:12:00Z,25.154535
2024-12-22T05:24:00Z,24.94682
2024-12-22T06:00:00Z,24.53415
2024-12-22T06:36:00Z,25.669779
2024-12-22T07:12:00Z,25.568836
2024-12-22T07:48:00Z,0
2024-12-22T08:24:00Z,25.784447
2024-12-22T09:00:00Z,25.996632
2024-12-22T09:36:00Z,24.461481
2024-12-22T10:12:00Z,25.548492
2024-12-22T10:48:00Z,24.383625
2024-12-22T12:00:00Z,24.603792
2024-12-22T12:36:00Z,25.321686
2024-12-22T13:12:00Z,24.190672
2024-12-22T13:48:00Z,25.549845
2024-12-22T14:24:00Z,25.8184
2024-12-22T15:00:00Z,24.425209
2024-12-22T15:36:00Z,30.512028
2024-12-22T16:12:00Z,0
2024-12-22T16:48:00Z,30.710169
2024-12-22T17:24:00Z,24.751158
2024-12-22T18:00:00Z,25.662827
2024-12-22T18:36:00Z,30.015696
2024-12-22T19:12:00Z,24.217495
2024-12-22T19:48:00Z,24.789566
2024-12-22T20:24:00Z,24.77391
2024-12-22T21:00:00Z,0
2024-12-22T21:36:00Z,25.886534
2024-12-22T22:12:00Z,24.382164
2024-12-22T22:48:00Z,25.757477
2024-12-22T23:24:00Z,25.163729
2024-12-23T00:00:00Z,25.39395
2024-12-23T00:36:00Z,0
2024-12-23T01:12:00Z,25.401775
2024-12-23T02:24:00Z,24.419806
2024-12-23T03:36:00Z,24.816135
2024-12-23T04:12:00Z,25.910444
2024-12-23T04:48:00Z,24.64994
2024-12-23T05:24:00Z,24.51958
2024-12-23T06:36:00Z,25.75169
2024-12-23T07:12:00Z,25.480206
2024-12-23T07:48:00Z,24.13176
2024-12-23T08:24:00Z,25.30389
2024-12-23T09:00:00Z,24.245022
2024-12-23T09:36:00Z,25.694277
2024-12-23T10:12:00Z,24.64059
2024-12-23T10:48:00Z,25.792881
2024-12-23T12:00:00Z,24.016214
2024-12-23T13:12:00Z,25.635145
2024-12-23T13:48:00Z,25.507774
2024-12-23T14:24:00Z,25.824535
2024-12-23T15:36:00Z,24.677763
2024-12-23T16:12:00Z,25.48217
2024-12-23T16:48:00Z,25.145302
2024-12-23T17:24:00Z,25.547745
2024-12-23T18:00:00Z,24.094362
2024-12-23T18:36:00Z,25.81444
2024-12-23T19:12:00Z,25.658953
2024-12-23T19:48:00Z,24.127113
2024-12-23T20:24:00Z,25.384766
2024-12-23T21:00:00Z,25.680075
2024-12-23T21:36:00Z,24.803759
2024-12-23T22:12:00Z,25.97886
2024-12-23T22:48:00Z,24.298252
2024-12-24T00:00:00Z,24.977068
2024-12-24T00:36:00Z,25.857847
2024-12-24T02:24:00Z,24.251547
2024-12-24T03:00:00Z,24.524557
2024-12-24T03:36:00Z,25.467758
2024-12-24T04:12:00Z,29.92864
2024-12-24T04:48:00Z,24.768095
2024-12-24T05:24:00Z,25.135931
2024-12-24T06:00:00Z,29.53224
2024-12-24T06:36:00Z,24.999249
2024-12-24T07:12:00Z,25.397959
2024-12-24T07:48:00Z,29.052298
2024-12-24T08:24:00Z,0
2024-12-24T09:00:00Z,24.843384
2024-12-24T09:36:00Z,25.061443
2024-12-24T10:12:00Z,24.601908
2024-12-24T10:48:00Z,0
2024-12-24T11:24:00Z,25.098482
2024-12-24T12:00:00Z,25.873363
2024-12-24T12:36:00Z,25.475256
2024-12-24T13:12:00Z,25.777203
2024-12-24T13:48:00Z,24.173782
2024-12-24T14:24:00Z,25.718231
2024-12-24T15:00:00Z,25.802832
2024-12-24T15:36:00Z,29.943314
2024-12-24T16:12:00Z,0
2024-12-24T16:48:00Z,25.227167
2024-12-24T17:24:00Z,24.548046
2024-12-24T18:00:00Z,25.936207
2024-12-24T19:12:00Z,25.633276
2024-12-24T19:48:00Z,25.976778
2024-12-24T20:24:00Z,25.007696
2024-12-24T21:00:00Z,25.196108
2024-12-24T21:36:00Z,24.094215
2024-12-24T22:12:00Z,24.142815
2024-12-24T23:24:00Z,25.36074
2024-12-25T00:00:00Z,24.70165
2024-12-25T00:36:00Z,0
2024-12-25T01:12:00Z,25.840372
2024-12-25T02:24:00Z,24.850649
2024-12-25T03:00:00Z,25.689003
2024-12-25T04:12:00Z,25.549248
2024-12-25T04:48:00Z,24.564774
2024-12-25T06:00:00Z,25.394756
2024-12-25T06:36:00Z,24.804787
2024-12-25T07:12:00Z,30.113462
2024-12-25T07:48:00Z,0
2024-12-25T08:24:00Z,29.859762
2024-12-25T09:00:00Z,0
2024-12-25T09:36:00Z,29.09519
2024-12-25T10:12:00Z,25.202055
2024-12-25T10:48:00Z,24.467987
2024-12-25T11:24:00Z,24.301342
2024-12-25T12:00:00Z,25.37697
2024-12-25T12:36:00Z,24.695974
2024-12-25T13:12:00Z,24.952879
2024-12-25T13:48:00Z,25.92588
2024-12-25T15:00:00Z,24.10058
2024-12-25T15:36:00Z,25.168262
2024-12-25T16:48:00Z,24.393269
2024-12-25T17:24:00Z,25.589537
2024-12-25T18:00:00Z,24.148846
2024-12-25T19:12:00Z,25.47959
2024-12-25T19:48:00Z,24.07042
2024-12-25T20:24:00Z,30.086517
2024-12-25T21:00:00Z,24.118324
2024-12-25T22:12:00Z,25.747847
2024-12-25T22:48:00Z,25.983263
2024-12-25T23:24:00Z,24.785616
2024-12-26T00:00:00Z,24.870253
2024-12-26T00:36:00Z,24.14716
2024-12-26T01:12:00Z,25.513248
2024-12-26T01:48:00Z,0
2024-12-26T02:24:00Z,25.628633
2024-12-26T03:00:00Z,25.353209
2024-12-26T03:36:00Z,25.95667
2024-12-26T04:12:00Z,24.456013
2024-12-26T05:24:00Z,25.75884
2024-12-26T06:00:00Z,25.268656
2024-12-26T06:36:00Z,25.277819
2024-12-26T07:12:00Z,25.997837
2024-12-26T07:48:00Z,25.604345
2024-12-26T08:24:00Z,24.688324
2024-12-26T09:00:00Z,24.582844
2024-12-26T10:48:00Z,25.63819
2024-12-26T11:24:00Z,24.805841
2024-12-26T12:00:00Z,25.107979
2024-12-26T12:36:00Z,24.010372
2024-12-26T13:12:00Z,25.397331
2024-12-26T13:48:00Z,24.0323
2024-12-26T14:24:00Z,25.789804
2024-12-26T15:00:00Z,24.168043
2024-12-26T15:36:00Z,24.086012
2024-12-26T16:12:00Z,25.266722
2024-12-26T16:48:00Z,24.970974
2024-12-26T17:24:00Z,25.364311
2024-12-26T19:12:00Z,25.070406
2024-12-26T19:48:00Z,30.767178
2024-12-26T20:24:00Z,0
2024-12-26T21:00:00Z,25.819738
2024-12-26T21:36:00Z,24.577343
2024-12-26T22:12:00Z,25.971077
2024-12-26T22:48:00Z,25.507818
2024-12-26T23:24:00Z,25.862465
2024-12-27T00:00:00Z,25.122684
2024-12-27T00:36:00Z,25.588835
2024-12-27T01:12:00Z,30.977257
2024-12-27T01:48:00Z,25.669403
2024-12-27T02:24:00Z,24.759596
2024-12-27T03:00:00Z,25.893375
2024-12-27T03:36:00Z,24.977482
2024-12-27T04:12:00Z,24.59719
2024-12-27T04:48:00Z,24.819342
2024-12-27T05:24:00Z,30.053053
2024-12-27T06:00:00Z,24.074947
2024-12-27T07:12:00Z,24.552708
2024-12-27T07:48:00Z,24.016708
2024-12-27T08:24:00Z,24.01022
2024-12-27T09:00:00Z,25.188509
2024-12-27T09:36:00Z,24.131752
2024-12-27T10:12:00Z,0
2024-12-27T10:48:00Z,24.847704
2024-12-27T11:24:00Z,25.404863
2024-12-27T12:00:00Z,24.43519
2024-12-27T12:36:00Z,25.379787
2024-12-27T13:12:00Z,25.788198
2024-12-27T13:48:00Z,30.978897
2024-12-27T14:24:00Z,24.833187
2024-12-27T15:00:00Z,24.320055
2024-12-27T15:36:00Z,25.919636
2024-12-27T16:12:00Z,24.836714
2024-12-27T17:24:00Z,24.59148
2024-12-27T18:00:00Z,30.661686
2024-12-27T18:36:00Z,24.109726
2024-12-27T19:12:00Z,25.372206
2024-12-27T19:48:00Z,24.233912
2024-12-27T20:24:00Z,0
2024-12-27T21:00:00Z,24.332874
2024-12-27T21:36:00Z,24.05607
2024-12-27T22:12:00Z,25.336811
2024-12-27T22:48:00Z,29.725426
2024-12-27T23:24:00Z,25.892384
2024-12-28T00:00:00Z,24.803682
2024-12-28T00:36:00Z,25.580431
2024-12-28T01:12:00Z,25.73489
2024-12-28T01:48:00Z,24.731348
2024-12-28T02:24:00Z,25.32346
2024-12-28T03:00:00Z,24.331947
2024-12-28T04:48:00Z,24.096691
2024-12-28T05:24:00Z,25.728046
2024-12-28T06:00:00Z,24.263807
2024-12-28T07:12:00Z,24.241901
2024-12-28T07:48:00Z,25.717623
2024-12-28T08:24:00Z,24.358751
2024-12-28T09:00:00Z,25.506268
2024-12-28T09:36:00Z,24.881447
2024-12-28T10:12:00Z,25.440361
2024-12-28T10:48:00Z,24.525257
2024-12-28T11:24:00Z,30.89455
2024-12-28T12:00:00Z,0
2024-12-28T12:36:00Z,24.320625
2024-12-28T13:12:00Z,24.061903
2024-12-28T13:48:00Z,25.82625
2024-12-28T15:00:00Z,25.314714
2024-12-28T15:36:00Z,24.318426
2024-12-28T16:12:00Z,24.961168
2024-12-28T16:48:00Z,30.308216
2024-12-28T17:24:00Z,0
2024-12-28T18:00:00Z,25.93596
2024-12-28T18:36:00Z,24.13513
2024-12-28T19:12:00Z,24.929829
2024-12-28T19:48:00Z,24.918175
2024-12-28T20:24:00Z,25.457787
2024-12-28T21:00:00Z,24.678537
2024-12-28T21:36:00Z,0
2024-12-28T22:12:00Z,24.57243
2024-12-28T22:48:00Z,0
2024-12-28T23:24:00Z,25.9565
2024-12-29T00:00:00Z,24.619839
2024-12-29T00:36:00Z,29.28486
2024-12-29T01:12:00Z,24.362713
2024-12-29T01:48:00Z,25.384434
2024-12-29T02:24:00Z,25.538687
2024-12-29T03:00:00Z,24.917883
2024-12-29T04:48:00Z,25.509787
2024-12-29T05:24:00Z,24.207388
2024-12-29T06:00:00Z,0
2024-12-29T06:36:00Z,25.45188
2024-12-29T07:12:00Z,24.15969
2024-12-29T07:48:00Z,30.696424
2024-12-29T08:24:00Z,24.319487
2024-12-29T09:00:00Z,25.076717
2024-12-29T09:36:00Z,0
2024-12-29T10:12:00Z,24.838789
2024-12-29T10:48:00Z,25.416594
2024-12-29T11:24:00Z,30.938068
2024-12-29T12:00:00Z,24.979748
2024-12-29T13:12:00Z,25.432192
2024-12-29T13:48:00Z,24.448477
2024-12-29T14:24:00Z,25.388601
2024-12-29T15:00:00Z,25.81983
2024-12-29T15:36:00Z,25.74566
2024-12-29T16:12:00Z,30.899818
2024-12-29T16:48:00Z,25.692049
2024-12-29T18:00:00Z,24.095316
2024-12-29T18:36:00Z,25.992056
2024-12-29T19:48:00Z,25.790462
2024-12-29T20:24:00Z,24.230995
2024-12-29T21:00:00Z,29.142534
2024-12-29T21:36:00Z,24.556404
2024-12-29T22:12:00Z,25.972784
2024-12-29T22:48:00Z,0
2024-12-29T23:24:00Z,25.708078
2024-12-30T00:00:00Z,29.989399
2024-12-30T00:36:00Z,25.171875
2024-12-30T01:12:00Z,25.775309
2024-12-30T01:48:00Z,25.417257
2024-12-30T02:24:00Z,25.59202
2024-12-30T03:00:00Z,24.218342
2024-12-30T03:36:00Z,30.811655
2024-12-30T04:12:00Z,24.170147
2024-12-30T04:48:00Z,25.736557
2024-12-30T05:24:00Z,24.626009
2024-12-30T06:00:00Z,25.55058
2024-12-30T06:36:00Z,24.31356
2024-12-30T07:12:00Z,24.055618
2024-12-30T07:48:00Z,24.869722
2024-12-30T08:24:00Z,24.860329
2024-12-30T09:00:00Z,25.681082
2024-12-30T09:36:00Z,24.426195
2024-12-30T10:12:00Z,24.795322
2024-12-30T10:48:00Z,24.671907
2024-12-30T11:24:00Z,0
2024-12-30T12:00:00Z,25.554937
2024-12-30T12:36:00Z,25.364805
2024-12-30T13:12:00Z,0
2024-12-30T13:48:00Z,24.984684
2024-12-30T14:24:00Z,25.541449
2024-12-30T15:00:00Z,24.117231
2024-12-30T15:36:00Z,24.449078
2024-12-30T16:12:00Z,25.303001
2024-12-30T16:48:00Z,25.54402
2024-12-30T17:24:00Z,24.351364
2024-12-30T18:36:00Z,25.632685
2024-12-30T19:12:00Z,25.207758
2024-12-30T19:48:00Z,30.091755
2024-12-30T20:24:00Z,25.984629
2024-12-30T21:00:00Z,25.053804
2024-12-30T21:36:00Z,0
2024-12-30T22:12:00Z,24.310673
2024-12-30T22:48:00Z,24.556232
2024-12-30T23:24:00Z,25.502586
2024-12-31T00:00:00Z,25.231447
2024-12-31T00:36:00Z,24.449495
2024-12-31T01:48:00Z,25.706861
2024-12-31T03:00:00Z,25.612637
2024-12-31T03:36:00Z,24.12479
2024-12-31T04:12:00Z,30.565594
2024-12-31T04:48:00Z,24.976688
2024-12-31T05:24:00Z,24.695555
2024-12-31T06:00:00Z,25.917868
2024-12-31T06:36:00Z,24.16438
2024-12-31T07:48:00Z,25.654715
2024-12-31T09:00:00Z,25.702196
2024-12-31T09:36:00Z,24.04099
2024-12-31T10:12:00Z,25.147224
2024-12-31T10:48:00Z,0
2024-12-31T11:24:00Z,24.992476
2024-12-31T12:00:00Z,25.917316
2024-12-31T12:36:00Z,24.609083
2024-12-31T13:48:00Z,25.03319
2024-12-31T14:24:00Z,0
2024-12-31T15:00:00Z,25.624516
2024-12-31T15:36:00Z,30.955153
2024-12-31T16:12:00Z,24.265545
2024-12-31T16:48:00Z,24.005539
2024-12-31T17:24:00Z,25.809645
2024-12-31T18:00:00Z,0
2024-12-31T18:36:00Z,24.968058
2024-12-31T20:24:00Z,24.107178
2024-12-31T21:00:00Z,29.98678
2024-12-31T21:36:00Z,25.515015
2024-12-31T22:12:00Z,24.16456
2024-12-31T22:48:00Z,30.586
2024-12-31T23:24:00Z,0
2025-01-01T00:00:00Z,29.30491
2025-01-01T00:36:00Z,0
2025-01-01T01:12:00Z,0
2025-01-01T01:48:00Z,25.071062
2025-01-01T02:24:00Z,25.606642
2025-01-01T03:00:00Z,24.59884
2025-01-01T04:48:00Z,25.502014
2025-01-01T05:24:00Z,25.426344
2025-01-01T06:00:00Z,24.383066
2025-01-01T06:36:00Z,24.104368
2025-01-01T07:12:00Z,24.986969
2025-01-01T07:48:00Z,24.273472
2025-01-01T08:24:00Z,29.915993
2025-01-01T09:00:00Z,0
2025-01-01T09:36:00Z,24.979471
2025-01-01T10:12:00Z,0
2025-01-01T10:48:00Z,24.00572
2025-01-01T11:24:00Z,25.12435
2025-01-01T12:00:00Z,24.086945
2025-01-01T12:36:00Z,25.427862
2025-01-01T13:12:00Z,24.266562
2025-01-01T13:48:00Z,25.239754
2025-01-01T14:24:00Z,25.419334
2025-01-01T15:00:00Z,24.158838
2025-01-01T15:36:00Z,24.111616
2025-01-01T16:12:00Z,29.562624
2025-01-01T16:48:00Z,24.920675
2025-01-01T17:24:00Z,24.430458
2025-01-01T18:00:00Z,24.919767
2025-01-01T18:36:00Z,25.993835
2025-01-01T19:48:00Z,24.052748
2025-01-01T20:24:00Z,0
2025-01-01T21:00:00Z,25.87133
2025-01-01T21:36:00Z,24.636322
2025-01-01T22:12:00Z,24.663654
2025-01-01T22:48:00Z,25.74101
2025-01-01T23:24:00Z,24.793764
2025-01-02T00:00:00Z,25.82962
2025-01-02T01:48:00Z,25.445883
2025-01-02T02:24:00Z,24.333168
2025-01-02T03:00:00Z,25.581442
2025-01-02T03:36:00Z,24.472073
2025-01-02T04:12:00Z,25.5059
2025-01-02T05:24:00Z,24.980812
2025-01-02T06:00:00Z,25.685873
2025-01-02T06:36:00Z,24.361647
2025-01-02T07:48:00Z,25.895245
2025-01-02T08:24:00Z,0
2025-01-02T09:00:00Z,30.774319
2025-01-02T09:36:00Z,24.47979
2025-01-02T10:12:00Z,24.953917
2025-01-02T10:48:00Z,24.574106
2025-01-02T11:24:00Z,0
2025-01-02T12:00:00Z,25.229734
2025-01-02T12:36:00Z,24.71888
2025-01-02T13:12:00Z,25.052885
2025-01-02T13:48:00Z,24.145443
2025-01-02T14:24:00Z,0
2025-01-02T15:00:00Z,25.344185
2025-01-02T16:12:00Z,25.042068
2025-01-02T16:48:00Z,24.137651
2025-01-02T17:24:00Z,25.77681
2025-01-02T18:00:00Z,25.471863
2025-01-02T18:36:00Z,25.572878
2025-01-02T19:12:00Z,24.467373
2025-01-02T19:48:00Z,24.62101
2025-01-02T20:24:00Z,25.813253
2025-01-02T21:00:00Z,25.640406
2025-01-02T21:36:00Z,24.748796
2025-01-02T22:12:00Z,25.059607
2025-01-02T22:48:00Z,25.823957
2025-01-02T23:24:00Z,24.186562
2025-01-03T00:00:00Z,25.142054
2025-01-03T01:12:00Z,25.263006
2025-01-03T02:24:00Z,25.9577
2025-01-03T03:00:00Z,25.133762
2025-01-03T03:36:00Z,25.788513
2025-01-03T04:12:00Z,24.709255
2025-01-03T04:48:00Z,24.862595
2025-01-03T05:24:00Z,30.935434
2025-01-03T06:00:00Z,25.01811
2025-01-03T06:36:00Z,25.146288
2025-01-03T07:12:00Z,24.562721
2025-01-03T07:48:00Z,25.039429
2025-01-03T08:24:00Z,0
2025-01-03T09:00:00Z,24.166307
2025-01-03T09:36:00Z,24.345594
2025-01-03T10:12:00Z,30.990078
2025-01-03T10:48:00Z,0
2025-01-03T11:24:00Z,24.114388
2025-01-03T12:00:00Z,24.975836
2025-01-03T12:36:00Z,24.268385
2025-01-03T13:12:00Z,25.284485
2025-01-03T13:48:00Z,25.89708
2025-01-03T14:24:00Z,25.554033
2025-01-03T15:00:00Z,29.393482
2025-01-03T15:36:00Z,25.574804
2025-01-03T16:12:00Z,25.154251
2025-01-03T16:48:00Z,25.369768
2025-01-03T17:24:00Z,24.17195
2025-01-03T18:00:00Z,30.72014
2025-01-03T18:36:00Z,24.12619
2025-01-03T19:12:00Z,24.887777
2025-01-03T19:48:00Z,24.779284
2025-01-03T20:24:00Z,24.058449
2025-01-03T21:00:00Z,25.051714
2025-01-03T21:36:00Z,30.735973
2025-01-03T22:12:00Z,25.434181
2025-01-03T22:48:00Z,24.296417
2025-01-03T23:24:00Z,25.617414
2025-01-04T00:00:00Z,25.955917
2025-01-04T00:36:00Z,24.487663
2025-01-04T01:48:00Z,24.446533
2025-01-04T03:00:00Z,25.545029
2025-01-04T04:12:00Z,24.615416
2025-01-04T04:48:00Z,25.923882
2025-01-04T05:24:00Z,30.027449
2025-01-04T06:00:00Z,25.358168
2025-01-04T06:36:00Z,24.596668
2025-01-04T07:12:00Z,24.634224
2025-01-04T07:48:00Z,25.815018
2025-01-04T08:24:00Z,24.192575
2025-01-04T09:36:00Z,25.63618
2025-01-04T10:12:00Z,25.273642
2025-01-04T10:48:00Z,0
2025-01-04T11:24:00Z,25.828592
2025-01-04T12:00:00Z,25.858027
2025-01-04T12:36:00Z,25.48274
2025-01-04T13:12:00Z,24.371725
2025-01-04T14:24:00Z,25.803764
2025-01-04T15:00:00Z,29.57112
2025-01-04T15:36:00Z,24.977095
2025-01-04T16:12:00Z,25.775322
2025-01-04T16:48:00Z,24.018003
2025-01-04T17:24:00Z,25.994034
2025-01-04T18:00:00Z,24.59259
2025-01-04T18:36:00Z,0
2025-01-04T19:12:00Z,0
2025-01-04T19:48:00Z,25.03603
2025-01-04T20:24:00Z,24.465477
2025-01-04T21:00:00Z,25.314468
2025-01-04T21:36:00Z,29.971785
2025-01-04T22:12:00Z,0
2025-01-04T22:48:00Z,25.26568
2025-01-04T23:24:00Z,25.150505
2025-01-05T00:00:00Z,24.18154
2025-01-05T00:36:00Z,25.718748
2025-01-05T01:12:00Z,25.38406
2025-01-05T01:48:00Z,25.57821
2025-01-05T02:24:00Z,0
2025-01-05T03:00:00Z,25.221416
2025-01-05T03:36:00Z,24.604553
2025-01-05T04:12:00Z,25.325329
2025-01-05T04:48:00Z,24.396124
2025-01-05T05:24:00Z,30.856314
2025-01-05T06:00:00Z,24.017353
2025-01-05T06:36:00Z,25.938023
2025-01-05T07:12:00Z,24.172474
2025-01-05T08:24:00Z,25.552011
2025-01-05T09:00:00Z,29.837667
2025-01-05T09:36:00Z,25.91531
2025-01-05T10:48:00Z,25.602427
2025-01-05T12:00:00Z,24.166365
2025-01-05T12:36:00Z,24.916016
2025-01-05T13:48:00Z,24.073025
2025-01-05T14:24:00Z,25.72802
2025-01-05T15:00:00Z,24.879206
2025-01-05T15:36:00Z,25.44596
2025-01-05T16:12:00Z,30.85714
2025-01-05T16:48:00Z,0
2025-01-05T17:24:00Z,29.265755
2025-01-05T18:00:00Z,0
2025-01-05T18:36:00Z,25.766829
2025-01-05T19:12:00Z,0
2025-01-05T19:48:00Z,24.918137
2025-01-05T20:24:00Z,25.553057
2025-01-05T21:00:00Z,25.357601
2025-01-05T21:36:00Z,24.240564
2025-01-05T22:12:00Z,25.792696
2025-01-05T22:48:00Z,29.958971
2025-01-05T23:24:00Z,25.683004
2025-01-06T00:00:00Z,25.183014
2025-01-06T00:36:00Z,29.8689
2025-01-06T01:12:00Z,24.48224
2025-01-06T02:24:00Z,25.500093
2025-01-06T03:00:00Z,30.911
2025-01-06T03:36:00Z,25.12765
2025-01-06T04:12:00Z,25.644321
2025-01-06T04:48:00Z,25.626152
2025-01-06T05:24:00Z,24.287825
2025-01-06T06:00:00Z,24.13014
2025-01-06T06:36:00Z,25.873512
2025-01-06T07:12:00Z,24.13836
2025-01-06T07:48:00Z,24.143225
2025-01-06T08:24:00Z,24.789667
2025-01-06T09:36:00Z,24.798044
2025-01-06T10:12:00Z,25.43585
2025-01-06T10:48:00Z,25.178495
2025-01-06T11:24:00Z,24.160028
2025-01-06T12:00:00Z,25.851442
2025-01-06T12:36:00Z,24.231548
2025-01-06T13:12:00Z,25.730137
2025-01-06T13:48:00Z,24.251026
2025-01-06T14:24:00Z,25.187897
2025-01-06T15:00:00Z,24.565351
2025-01-06T15:36:00Z,25.896719
2025-01-06T16:12:00Z,24.8237
2025-01-06T16:48:00Z,24.683352
2025-01-06T17:24:00Z,24.008848
2025-01-06T18:00:00Z,25.17908
2025-01-06T18:36:00Z,25.767002
2025-01-06T19:12:00Z,24.027918
2025-01-06T19:48:00Z,25.213877
2025-01-06T21:00:00Z,25.321056
2025-01-06T22:12:00Z,25.707863
2025-01-06T22:48:00Z,25.1408
2025-01-06T23:24:00Z,0
2025-01-07T00:00:00Z,25.152374
2025-01-07T00:36:00Z,29.844788
2025-01-07T01:12:00Z,24.548407
2025-01-07T01:48:00Z,25.749203
2025-01-07T02:24:00Z,24.653072
2025-01-07T03:00:00Z,25.236877
2025-01-07T03:36:00Z,24.13877
2025-01-07T04:12:00Z,24.495317
2025-01-07T04:48:00Z,25.538994
2025-01-07T05:24:00Z,25.443985
2025-01-07T06:00:00Z,24.440592
2025-01-07T06:36:00Z,24.426407
2025-01-07T07:12:00Z,25.222105
2025-01-07T08:24:00Z,25.642881
2025-01-07T09:00:00Z,24.05082
2025-01-07T09:36:00Z,24.15444
2025-01-07T10:12:00Z,29.214348
2025-01-07T10:48:00Z,0
2025-01-07T11:24:00Z,24.763256
2025-01-07T12:00:00Z,24.625608
2025-01-07T12:36:00Z,0
2025-01-07T13:12:00Z,24.464642
2025-01-07T13:48:00Z,25.499601
2025-01-07T14:24:00Z,25.694113
2025-01-07T15:00:00Z,0
2025-01-07T15:36:00Z,25.324755
2025-01-07T16:12:00Z,25.10777
2025-01-07T16:48:00Z,25.443964
2025-01-07T17:24:00Z,25.350319
2025-01-07T18:00:00Z,30.208931
2025-01-07T18:36:00Z,25.261261
2025-01-07T19:12:00Z,24.395182
2025-01-07T19:48:00Z,25.705965
2025-01-07T20:24:00Z,24.021358
2025-01-07T21:00:00Z,25.583822
2025-01-07T21:36:00Z,24.389389
2025-01-07T22:12:00Z,25.94273
2025-01-07T23:24:00Z,25.049873
2025-01-08T00:00:00Z,25.797781
2025-01-08T00:36:00Z,25.881668
2025-01-08T01:12:00Z,0
2025-01-08T01:48:00Z,25.003891
2025-01-08T03:00:00Z,25.397833
2025-01-08T03:36:00Z,24.651236
2025-01-08T04:12:00Z,24.640608
2025-01-08T04:48:00Z,0
2025-01-08T05:24:00Z,24.459185
2025-01-08T06:00:00Z,24.518017
2025-01-08T06:36:00Z,25.684956
2025-01-08T07:12:00Z,25.775543
2025-01-08T07:48:00Z,0
2025-01-08T08:24:00Z,24.22303
2025-01-08T09:00:00Z,24.439009
2025-01-08T09:36:00Z,24.039478
2025-01-08T10:12:00Z,24.70261
2025-01-08T10:48:00Z,24.55025
2025-01-08T11:24:00Z,25.376497
2025-01-08T12:00:00Z,25.380783
2025-01-08T12:36:00Z,25.790442
2025-01-08T13:12:00Z,24.338411
2025-01-08T13:48:00Z,25.332186
2025-01-08T14:24:00Z,24.29312
2025-01-08T15:00:00Z,24.526531
2025-01-08T15:36:00Z,24.152552
2025-01-08T16:48:00Z,25.608143
2025-01-08T17:24:00Z,25.037643
2025-01-08T18:00:00Z,25.252377
2025-01-08T18:36:00Z,0
2025-01-08T19:12:00Z,25.728249
2025-01-08T19:48:00Z,24.331827
2025-01-08T20:24:00Z,24.570702
2025-01-08T21:00:00Z,24.351694
2025-01-08T21:36:00Z,24.569805
2025-01-08T22:12:00Z,24.12088
2025-01-08T23:24:00Z,24.65909
2025-01-09T00:00:00Z,29.937914
2025-01-09T00:36:00Z,24.906096
2025-01-09T01:12:00Z,24.030449
2025-01-09T01:48:00Z,24.52142
2025-01-09T02:24:00Z,24.52611
2025-01-09T03:00:00Z,25.886179
2025-01-09T03:36:00Z,25.494795
2025-01-09T04:12:00Z,25.81452
2025-01-09T04:48:00Z,25.439823
2025-01-09T05:24:00Z,24.17256
2025-01-09T06:00:00Z,25.785358
2025-01-09T06:36:00Z,0
2025-01-09T07:12:00Z,25.109568
2025-01-09T08:24:00Z,24.5706
2025-01-09T09:00:00Z,24.963686
2025-01-09T09:36:00Z,25.977919
2025-01-09T10:12:00Z,24.580662
2025-01-09T11:24:00Z,24.41445
2025-01-09T12:00:00Z,25.797495
2025-01-09T12:36:00Z,24.955973
2025-01-09T13:12:00Z,24.832428
2025-01-09T13:48:00Z,24.204412
2025-01-09T15:00:00Z,24.832872
2025-01-09T15:36:00Z,0
2025-01-09T16:12:00Z,24.31647
2025-01-09T16:48:00Z,25.194723
2025-01-09T17:24:00Z,25.550234
2025-01-09T18:36:00Z,24.225504
2025-01-09T19:48:00Z,24.77975
2025-01-09T20:24:00Z,0
2025-01-09T21:00:00Z,25.250872
2025-01-09T22:12:00Z,25.862387
2025-01-09T22:48:00Z,24.642694
2025-01-10T00:00:00Z,25.369411
2025-01-10T00:36:00Z,24.58092
2025-01-10T03:00:00Z,25.909786
2025-01-10T03:36:00Z,25.156612
2025-01-10T04:12:00Z,25.033405
2025-01-10T04:48:00Z,25.47754
2025-01-10T05:24:00Z,24.58844
2025-01-10T06:00:00Z,24.463823
2025-01-10T06:36:00Z,29.806679
2025-01-10T07:12:00Z,24.515383
2025-01-10T07:48:00Z,24.761908
2025-01-10T08:24:00Z,25.615036
2025-01-10T09:00:00Z,24.322046
2025-01-10T09:36:00Z,0
2025-01-10T10:12:00Z,24.589941
2025-01-10T10:48:00Z,24.157007
2025-01-10T12:00:00Z,24.565037
2025-01-10T12:36:00Z,24.059952
2025-01-10T13:12:00Z,25.398336
2025-01-10T13:48:00Z,0
2025-01-10T14:24:00Z,24.699759
2025-01-10T15:36:00Z,24.801384
2025-01-10T16:12:00Z,24.241179
2025-01-10T16:48:00Z,0
2025-01-10T17:24:00Z,25.562872
2025-01-10T18:00:00Z,24.442215
2025-01-10T18:36:00Z,25.151438
2025-01-10T20:24:00Z,24.91604
2025-01-10T21:00:00Z,25.596449
2025-01-10T22:12:00Z,24.375015
2025-01-10T22:48:00Z,24.947187
2025-01-10T23:24:00Z,24.16394
2025-01-11T00:00:00Z,25.908255
2025-01-11T00:36:00Z,29.462023
2025-01-11T01:12:00Z,24.686104
2025-01-11T01:48:00Z,25.053457
2025-01-11T02:24:00Z,24.708418
2025-01-11T03:00:00Z,25.819399
2025-01-11T03:36:00Z,24.384634
2025-01-11T04:12:00Z,25.408691
2025-01-11T04:48:00Z,25.842533
2025-01-11T05:24:00Z,25.383368
2025-01-11T06:36:00Z,25.659462
2025-01-11T07:12:00Z,30.042173
2025-01-11T07:48:00Z,25.057703
2025-01-11T08:24:00Z,25.233192
2025-01-11T09:00:00Z,0
2025-01-11T09:36:00Z,24.258186
2025-01-11T10:12:00Z,25.045206
2025-01-11T10:48:00Z,25.301619
2025-01-11T11:24:00Z,24.71857
2025-01-11T12:00:00Z,25.504198
2025-01-11T12:36:00Z,25.585875
2025-01-11T13:12:00Z,0
2025-01-11T13:48:00Z,25.957556
2025-01-11T15:00:00Z,25.220438
2025-01-11T15:36:00Z,25.968758
2025-01-11T16:12:00Z,24.907335
2025-01-11T16:48:00Z,24.60916
2025-01-11T17:24:00Z,30.68949
2025-01-11T18:00:00Z,25.845348
2025-01-11T18:36:00Z,24.715307
2025-01-11T19:12:00Z,25.50411
2025-01-11T19:48:00Z,0
2025-01-11T20:24:00Z,24.875385
2025-01-11T21:00:00Z,29.115555
2025-01-11T21:36:00Z,25.375875
2025-01-11T22:12:00Z,25.564625
2025-01-11T22:48:00Z,24.608334
2025-01-11T23:24:00Z,25.79622
2025-01-12T00:00:00Z,24.190023
2025-01-12T00:36:00Z,25.096987
2025-01-12T01:12:00Z,24.706234
2025-01-12T01:48:00Z,25.855755
2025-01-12T02:24:00Z,25.123203
2025-01-12T03:00:00Z,25.812197
2025-01-12T03:36:00Z,24.59642
2025-01-12T04:12:00Z,24.659266
2025-01-12T04:48:00Z,24.040682
2025-01-12T05:24:00Z,24.727427
2025-01-12T07:12:00Z,24.663124
2025-01-12T07:48:00Z,24.69337
2025-01-12T08:24:00Z,24.023655
2025-01-12T09:00:00Z,25.005526
2025-01-12T09:36:00Z,25.238329
2025-01-12T10:48:00Z,24.6406
2025-01-12T11:24:00Z,25.444458
2025-01-12T12:36:00Z,25.386368
2025-01-12T13:12:00Z,30.217443
2025-01-12T13:48:00Z,25.871601
2025-01-12T14:24:00Z,24.362041
2025-01-12T15:00:00Z,25.83651
2025-01-12T15:36:00Z,24.542324
2025-01-12T16:12:00Z,25.598326
2025-01-12T17:24:00Z,25.93431
2025-01-12T18:00:00Z,0
2025-01-12T18:36:00Z,24.283665
2025-01-12T19:12:00Z,25.535192
2025-01-12T19:48:00Z,24.788626
2025-01-12T20:24:00Z,24.964268
2025-01-12T21:00:00Z,0
2025-01-12T21:36:00Z,25.586607
2025-01-12T22:12:00Z,24.453583
2025-01-12T22:48:00Z,24.021437
2025-01-12T23:24:00Z,29.308878
2025-01-13T00:00:00Z,25.741074
2025-01-13T00:36:00Z,24.409021
2025-01-13T01:12:00Z,25.02599
2025-01-13T01:48:00Z,24.528152
2025-01-13T02:24:00Z,25.583685
2025-01-13T03:00:00Z,24.501654
2025-01-13T03:36:00Z,25.296
2025-01-13T04:12:00Z,24.314363
2025-01-13T04:48:00Z,24.956476
2025-01-13T06:00:00Z,25.414846
2025-01-13T06:36:00Z,24.57864
2025-01-13T07:48:00Z,25.93066
2025-01-13T09:00:00Z,24.131897
2025-01-13T09:36:00Z,25.050205
2025-01-13T10:12:00Z,24.256752
2025-01-13T10:48:00Z,25.312204
2025-01-13T11:24:00Z,24.008633
2025-01-13T12:00:00Z,29.580206
2025-01-13T12:36:00Z,25.495365
2025-01-13T13:12:00Z,24.76332
2025-01-13T13:48:00Z,24.878824
2025-01-13T14:24:00Z,25.84141
2025-01-13T15:36:00Z,24.510479
2025-01-13T16:12:00Z,0
2025-01-13T16:48:00Z,24.798153
2025-01-13T17:24:00Z,25.831762
2025-01-13T18:00:00Z,30.366766
2025-01-13T18:36:00Z,0
2025-01-13T19:12:00Z,24.91998
2025-01-13T19:48:00Z,25.759274
2025-01-13T20:24:00Z,25.987398
2025-01-13T21:00:00Z,25.280993
2025-01-13T21:36:00Z,25.58185
2025-01-13T22:12:00Z,24.182495
2025-01-13T22:48:00Z,25.40681
2025-01-13T23:24:00Z,24.348991
2025-01-14T00:00:00Z,24.837019
2025-01-14T00:36:00Z,25.900282
2025-01-14T01:12:00Z,25.526669
2025-01-14T01:48:00Z,0
2025-01-14T02:24:00Z,25.94249
2025-01-14T03:00:00Z,24.498531
2025-01-14T03:36:00Z,25.75056
2025-01-14T04:12:00Z,25.784193
2025-01-14T04:48:00Z,24.22708
2025-01-14T06:00:00Z,24.73727
2025-01-14T06:36:00Z,25.23183
2025-01-14T07:12:00Z,25.095625
2025-01-14T07:48:00Z,25.519327
2025-01-14T09:00:00Z,24.075974
2025-01-14T09:36:00Z,25.296875
2025-01-14T10:12:00Z,24.10108
2025-01-14T12:00:00Z,25.455225
2025-01-14T13:48:00Z,25.173115
2025-01-14T14:24:00Z,24.625923
2025-01-14T15:00:00Z,25.506586
2025-01-14T15:36:00Z,25.951714
2025-01-14T16:12:00Z,25.981974
2025-01-14T16:48:00Z,25.164454
2025-01-14T17:24:00Z,25.955265
2025-01-14T18:00:00Z,0
2025-01-14T18:36:00Z,25.061205
2025-01-14T19:12:00Z,0
2025-01-14T19:48:00Z,0
2025-01-14T20:24:00Z,30.980179
2025-01-14T21:00:00Z,25.149117
2025-01-14T21:36:00Z,25.438414
2025-01-14T22:12:00Z,24.958084
2025-01-14T22:48:00Z,24.066517
2025-01-14T23:24:00Z,25.772753
2025-01-15T00:00:00Z,24.774803
2025-01-15T01:12:00Z,25.002583
2025-01-15T01:48:00Z,24.329416
2025-01-15T03:00:00Z,24.559464
2025-01-15T03:36:00Z,25.353743
2025-01-15T04:12:00Z,25.050568
2025-01-15T04:48:00Z,0
2025-01-15T05:24:00Z,24.811682
2025-01-15T06:00:00Z,29.841093
2025-01-15T06:36:00Z,25.844778
2025-01-15T07:48:00Z,24.181099
2025-01-15T08:24:00Z,25.98646
2025-01-15T09:00:00Z,24.381887
2025-01-15T09:36:00Z,24.312523
2025-01-15T10:12:00Z,0
2025-01-15T10:48:00Z,24.025053
2025-01-15T11:24:00Z,25.981829
2025-01-15T12:00:00Z,25.893997
2025-01-15T12:36:00Z,24.77615
2025-01-15T13:12:00Z,25.533825
2025-01-15T13:48:00Z,30.877262
2025-01-15T14:24:00Z,24.613115
2025-01-15T15:36:00Z,24.815235
2025-01-15T16:12:00Z,24.219084
2025-01-15T16:48:00Z,24.147038
2025-01-15T17:24:00Z,29.063263
2025-01-15T18:00:00Z,0
2025-01-15T18:36:00Z,24.940853
2025-01-15T19:12:00Z,29.964396
2025-01-15T19:48:00Z,24.206532
2025-01-15T20:24:00Z,24.493317
2025-01-15T21:00:00Z,25.877626
2025-01-15T21:36:00Z,24.987854
2025-01-15T22:12:00Z,24.538141
2025-01-15T22:48:00Z,30.388077
2025-01-15T23:24:00Z,0
2025-01-16T00:00:00Z,24.632671
2025-01-16T00:36:00Z,24.492268
2025-01-16T01:12:00Z,25.638252
2025-01-16T01:48:00Z,24.433117
2025-01-16T02:24:00Z,25.143187
2025-01-16T03:00:00Z,24.707108
2025-01-16T03:36:00Z,25.405483
2025-01-16T04:12:00Z,30.806175
2025-01-16T04:48:00Z,25.57174
2025-01-16T05:24:00Z,24.05545
2025-01-16T06:00:00Z,25.662075
2025-01-16T06:36:00Z,24.25738
2025-01-16T07:12:00Z,25.196693
2025-01-16T07:48:00Z,25.67757
2025-01-16T08:24:00Z,24.739573
2025-01-16T09:00:00Z,25.496529
2025-01-16T09:36:00Z,24.788895
2025-01-16T10:12:00Z,25.13678
2025-01-16T10:48:00Z,24.080008
2025-01-16T11:24:00Z,24.96489
2025-01-16T12:00:00Z,24.69474
2025-01-16T12:36:00Z,25.814407
2025-01-16T13:12:00Z,0
2025-01-16T13:48:00Z,25.798868
2025-01-16T15:00:00Z,25.711626
2025-01-16T15:36:00Z,24.59433
2025-01-16T16:12:00Z,25.181404
2025-01-16T17:24:00Z,24.540363
2025-01-16T18:00:00Z,25.906122
2025-01-16T18:36:00Z,24.270792
2025-01-16T19:12:00Z,25.926628
2025-01-16T19:48:00Z,24.956453
2025-01-16T20:24:00Z,25.646708
2025-01-16T21:00:00Z,25.601309
2025-01-16T21:36:00Z,24.336842
2025-01-16T22:12:00Z,25.562738
2025-01-16T22:48:00Z,25.795906
2025-01-16T23:24:00Z,0
2025-01-17T00:00:00Z,24.286139
2025-01-17T00:36:00Z,0
2025-01-17T01:12:00Z,24.324652
2025-01-17T01:48:00Z,24.072504
2025-01-17T02:24:00Z,30.645964
2025-01-17T03:00:00Z,24.646544
2025-01-17T03:36:00Z,25.743187
2025-01-17T04:12:00Z,0
2025-01-17T04:48:00Z,25.757587
2025-01-17T05:24:00Z,24.000076
2025-01-17T06:00:00Z,25.768806
2025-01-17T06:36:00Z,24.51462
2025-01-17T07:12:00Z,30.56149
2025-01-17T07:48:00Z,25.947765
2025-01-17T08:24:00Z,30.050793
2025-01-17T09:00:00Z,24.945356
2025-01-17T09:36:00Z,25.292164
2025-01-17T10:12:00Z,0
2025-01-17T10:48:00Z,24.709036
2025-01-17T11:24:00Z,25.258654
2025-01-17T12:00:00Z,24.282963
2025-01-17T12:36:00Z,24.621843
2025-01-17T13:12:00Z,0
2025-01-17T13:48:00Z,25.532684
2025-01-17T15:00:00Z,25.465874
2025-01-17T15:36:00Z,24.427847
2025-01-17T16:12:00Z,25.353085
2025-01-17T16:48:00Z,25.683973
2025-01-17T17:24:00Z,24.109509
2025-01-17T18:00:00Z,25.45072
2025-01-17T18:36:00Z,24.954435
2025-01-17T19:12:00Z,29.446629
2025-01-17T19:48:00Z,0
2025-01-17T20:24:00Z,25.999907
2025-01-17T21:00:00Z,24.995613
2025-01-17T21:36:00Z,25.484915
2025-01-17T22:12:00Z,24.86234
2025-01-17T22:48:00Z,24.690262
2025-01-17T23:24:00Z,25.920635
2025-01-18T00:00:00Z,24.197655
2025-01-18T01:12:00Z,24.474344
2025-01-18T01:48:00Z,25.43198
2025-01-18T02:24:00Z,24.755745
2025-01-18T03:36:00Z,24.32482
2025-01-18T04:48:00Z,25.31365
2025-01-18T06:00:00Z,24.41505
2025-01-18T06:36:00Z,24.792906
2025-01-18T07:12:00Z,0
2025-01-18T07:48:00Z,25.537664
2025-01-18T08:24:00Z,24.846182
2025-01-18T09:00:00Z,0
2025-01-18T09:36:00Z,25.27907
2025-01-18T10:12:00Z,0
2025-01-18T10:48:00Z,25.924486
2025-01-18T12:00:00Z,24.176445
2025-01-18T12:36:00Z,25.135668
2025-01-18T13:12:00Z,30.353266
2025-01-18T13:48:00Z,25.474394
2025-01-18T14:24:00Z,24.77013
2025-01-18T15:00:00Z,25.898035
2025-01-18T15:36:00Z,25.000591
2025-01-18T16:12:00Z,0
2025-01-18T16:48:00Z,25.115257
2025-01-18T17:24:00Z,25.683527
2025-01-18T18:00:00Z,25.342672
2025-01-18T18:36:00Z,25.983675
2025-01-18T19:12:00Z,24.912666
2025-01-18T19:48:00Z,0
2025-01-18T20:24:00Z,25.175543
2025-01-18T21:00:00Z,25.004393
2025-01-18T22:12:00Z,24.115503
2025-01-18T22:48:00Z,25.776926
2025-01-18T23:24:00Z,24.627003
2025-01-19T00:00:00Z,25.784573
2025-01-19T01:12:00Z,24.159754
2025-01-19T02:24:00Z,24.423155
2025-01-19T03:00:00Z,0
2025-01-19T03:36:00Z,25.938862
2025-01-19T04:12:00Z,25.931965
2025-01-19T04:48:00Z,24.032837
2025-01-19T05:24:00Z,25.876066
2025-01-19T06:00:00Z,24.12608
2025-01-19T06:36:00Z,0
2025-01-19T07:12:00Z,24.958504
2025-01-19T07:48:00Z,25.578133
2025-01-19T08:24:00Z,24.929794
2025-01-19T09:00:00Z,24.709517
2025-01-19T09:36:00Z,25.885754
2025-01-19T10:12:00Z,24.542747
2025-01-19T10:48:00Z,25.58643
2025-01-19T11:24:00Z,25.419163
2025-01-19T12:00:00Z,24.330748
2025-01-19T13:12:00Z,25.540236
2025-01-19T14:24:00Z,24.945015
2025-01-19T15:00:00Z,29.645193
2025-01-19T15:36:00Z,24.29125
2025-01-19T16:12:00Z,24.227795
2025-01-19T16:48:00Z,24.666676
2025-01-19T17:24:00Z,24.426996
2025-01-19T18:00:00Z,24.676739
2025-01-19T18:36:00Z,24.279295
2025-01-19T19:12:00Z,25.172182
2025-01-19T19:48:00Z,29.482908
2025-01-19T20:24:00Z,0
2025-01-19T21:00:00Z,24.703814
2025-01-19T22:12:00Z,25.445856
2025-01-19T22:48:00Z,24.58108
2025-01-19T23:24:00Z,24.91712
2025-01-20T00:00:00Z,24.05964
2025-01-20T00:36:00Z,25.43248
2025-01-20T02:24:00Z,25.058586
2025-01-20T03:00:00Z,24.090002
2025-01-20T03:36:00Z,25.01283
2025-01-20T04:12:00Z,0
2025-01-20T04:48:00Z,25.691338
2025-01-20T06:00:00Z,24.2415
2025-01-20T06:36:00Z,24.065554
2025-01-20T07:12:00Z,25.25002
2025-01-20T07:48:00Z,25.162624
2025-01-20T08:24:00Z,24.321507
2025-01-20T09:00:00Z,25.941542
2025-01-20T09:36:00Z,25.17109
2025-01-20T10:12:00Z,0
2025-01-20T10:48:00Z,24.639437
2025-01-20T11:24:00Z,24.939743
2025-01-20T12:00:00Z,24.352785
2025-01-20T12:36:00Z,25.764235
2025-01-20T13:12:00Z,24.070305
2025-01-20T13:48:00Z,25.7607
2025-01-20T14:24:00Z,29.199493
2025-01-20T15:00:00Z,25.07179
2025-01-20T15:36:00Z,30.440304
2025-01-20T16:12:00Z,24.43345
2025-01-20T16:48:00Z,25.77592
2025-01-20T17:24:00Z,25.126377
2025-01-20T18:00:00Z,24.88672
2025-01-20T18:36:00Z,29.411448
2025-01-20T19:12:00Z,25.201881
2025-01-20T19:48:00Z,24.410883
2025-01-20T20:24:00Z,25.2046
2025-01-20T21:00:00Z,24.383604
2025-01-20T21:36:00Z,25.306292
2025-01-20T22:12:00Z,24.35489
2025-01-20T22:48:00Z,24.927622
2025-01-20T23:24:00Z,29.14972
2025-01-21T00:00:00Z,0
2025-01-21T00:36:00Z,29.182014
2025-01-21T01:12:00Z,25.699682
2025-01-21T01:48:00Z,25.324877
2025-01-21T02:24:00Z,24.192265
2025-01-21T03:00:00Z,25.657928
2025-01-21T03:36:00Z,24.150122
2025-01-21T04:12:00Z,30.25881
2025-01-21T04:48:00Z,24.961695
2025-01-21T05:24:00Z,25.37409
2025-01-21T06:00:00Z,30.423836
2025-01-21T06:36:00Z,0
2025-01-21T07:12:00Z,25.977327
2025-01-21T07:48:00Z,24.636438
2025-01-21T08:24:00Z,24.201998
2025-01-21T09:00:00Z,25.932745
2025-01-21T10:12:00Z,24.275127
2025-01-21T11:24:00Z,24.220417
2025-01-21T12:36:00Z,25.590477
2025-01-21T13:12:00Z,25.959105
2025-01-21T14:24:00Z,25.299068
2025-01-21T15:00:00Z,24.104223
2025-01-21T15:36:00Z,25.736197
2025-01-21T16:12:00Z,25.850971
2025-01-21T16:48:00Z,25.368576
2025-01-21T17:24:00Z,30.217583
2025-01-21T18:00:00Z,0
2025-01-21T18:36:00Z,25.954868
2025-01-21T19:12:00Z,24.224106
2025-01-21T19:48:00Z,30.495398
2025-01-21T20:24:00Z,25.042297
2025-01-21T21:00:00Z,25.6316
2025-01-21T21:36:00Z,24.488539
2025-01-21T22:48:00Z,24.900337
2025-01-21T23:24:00Z,0
2025-01-22T00:00:00Z,24.521772
2025-01-22T00:36:00Z,29.18761
2025-01-22T01:12:00Z,24.39888
2025-01-22T01:48:00Z,25.758505
2025-01-22T03:00:00Z,25.726715
2025-01-22T03:36:00Z,24.192722
2025-01-22T04:12:00Z,30.422592
2025-01-22T04:48:00Z,0
2025-01-22T05:24:00Z,25.05959
2025-01-22T06:00:00Z,24.662926
2025-01-22T07:12:00Z,25.738487
2025-01-22T08:24:00Z,24.241438
2025-01-22T09:00:00Z,24.250553
2025-01-22T09:36:00Z,24.706457
2025-01-22T10:12:00Z,25.58192
2025-01-22T11:24:00Z,24.765173
2025-01-22T12:00:00Z,25.358942
2025-01-22T12:36:00Z,25.4477
2025-01-22T13:12:00Z,24.165178
2025-01-22T13:48:00Z,24.305592
2025-01-22T14:24:00Z,25.87828
2025-01-22T15:00:00Z,0
2025-01-22T15:36:00Z,24.379574
2025-01-22T16:12:00Z,25.33107
2025-01-22T17:24:00Z,25.513908
2025-01-22T18:00:00Z,24.23106
2025-01-22T19:12:00Z,24.296663
2025-01-22T19:48:00Z,25.25438
2025-01-22T20:24:00Z,25.560682
2025-01-22T21:00:00Z,25.102705
2025-01-22T21:36:00Z,30.580502
2025-01-22T22:12:00Z,25.154629
2025-01-23T00:36:00Z,24.790897
2025-01-23T01:48:00Z,24.928051
2025-01-23T02:24:00Z,25.8645
2025-01-23T03:00:00Z,0
2025-01-23T03:36:00Z,25.149605
2025-01-23T04:48:00Z,25.48489
2025-01-23T05:24:00Z,24.516605
2025-01-23T06:00:00Z,25.384176
2025-01-23T06:36:00Z,24.472736
2025-01-23T07:12:00Z,24.979725
2025-01-23T07:48:00Z,24.378681
2025-01-23T10:12:00Z,25.715734
2025-01-23T11:24:00Z,24.177717
2025-01-23T12:00:00Z,24.807728
2025-01-23T12:36:00Z,24.072496
2025-01-23T13:12:00Z,0
2025-01-23T13:48:00Z,25.2775
2025-01-23T14:24:00Z,0
2025-01-23T15:00:00Z,24.86024
2025-01-23T15:36:00Z,25.04656
2025-01-23T16:12:00Z,0
2025-01-23T16:48:00Z,24.997456
2025-01-23T17:24:00Z,25.909744
2025-01-23T18:00:00Z,25.726013
2025-01-23T19:12:00Z,24.36632
2025-01-23T19:48:00Z,25.066675
2025-01-23T20:24:00Z,24.749775
2025-01-23T21:00:00Z,25.909912
2025-01-23T22:12:00Z,24.35062
2025-01-23T23:24:00Z,24.792938
2025-01-24T00:00:00Z,24.659426
2025-01-24T00:36:00Z,25.63479
2025-01-24T01:48:00Z,25.8203
2025-01-24T02:24:00Z,24.20485
2025-01-24T03:00:00Z,24.172338
2025-01-24T03:36:00Z,0
2025-01-24T04:12:00Z,25.912193
2025-01-24T04:48:00Z,24.915138
2025-01-24T05:24:00Z,24.485716
2025-01-24T06:00:00Z,25.974377
2025-01-24T07:48:00Z,24.905066
2025-01-24T08:24:00Z,25.887394
2025-01-24T09:00:00Z,29.607544
2025-01-24T09:36:00Z,24.005419
2025-01-24T10:12:00Z,0
2025-01-24T10:48:00Z,25.530254
2025-01-24T11:24:00Z,24.386894
2025-01-24T13:12:00Z,25.655613
2025-01-24T14:24:00Z,25.798813
2025-01-24T15:00:00Z,24.59464
2025-01-24T15:36:00Z,25.472542
2025-01-24T16:12:00Z,24.454432
2025-01-24T18:00:00Z,24.129063
2025-01-24T18:36:00Z,25.34769
2025-01-24T19:12:00Z,25.3444
2025-01-24T19:48:00Z,24.20485
2025-01-24T20:24:00Z,25.978964
2025-01-24T21:00:00Z,24.81723
2025-01-24T21:36:00Z,25.757713
2025-01-24T22:12:00Z,25.363363
2025-01-24T22:48:00Z,24.359625
2025-01-24T23:24:00Z,24.778484
2025-01-25T00:00:00Z,24.09534
2025-01-25T00:36:00Z,24.332747
2025-01-25T01:12:00Z,25.129753
2025-01-25T01:48:00Z,24.766212
2025-01-25T02:24:00Z,25.499727
2025-01-25T03:00:00Z,24.937414
2025-01-25T03:36:00Z,25.017914
2025-01-25T04:12:00Z,25.934427
2025-01-25T06:36:00Z,24.702372
2025-01-25T07:12:00Z,24.416492
2025-01-25T07:48:00Z,24.868198
2025-01-25T08:24:00Z,24.550812
2025-01-25T09:00:00Z,24.835978
2025-01-25T09:36:00Z,24.388493
2025-01-25T10:12:00Z,24.926176
2025-01-25T11:24:00Z,24.323317
2025-01-25T12:00:00Z,24.635962
2025-01-25T12:36:00Z,25.383144
2025-01-25T13:12:00Z,24.280165
2025-01-25T14:24:00Z,25.993034
2025-01-25T15:00:00Z,24.87141
2025-01-25T15:36:00Z,25.47568
2025-01-25T16:12:00Z,24.48168
2025-01-25T16:48:00Z,29.871452
2025-01-25T17:24:00Z,25.698479
2025-01-25T19:12:00Z,24.034967
2025-01-25T21:00:00Z,25.07885
2025-01-25T21:36:00Z,24.173546
2025-01-25T22:12:00Z,25.161394
2025-01-25T22:48:00Z,24.752567
2025-01-25T23:24:00Z,25.055378
2025-01-26T00:00:00Z,24.342894
2025-01-26T00:36:00Z,25.410927
2025-01-26T01:48:00Z,24.300875
2025-01-26T02:24:00Z,24.807844
2025-01-26T03:00:00Z,24.073467
2025-01-26T03:36:00Z,24.520012
2025-01-26T04:12:00Z,29.806816
2025-01-26T04:48:00Z,24.068283
2025-01-26T05:24:00Z,25.982935
2025-01-26T06:00:00Z,25.959389
2025-01-26T07:12:00Z,24.069773
2025-01-26T07:48:00Z,25.456242
2025-01-26T08:24:00Z,24.769358
2025-01-26T09:00:00Z,25.039192
2025-01-26T09:36:00Z,24.279922
2025-01-26T10:12:00Z,24.06539
2025-01-26T10:48:00Z,25.596176
2025-01-26T12:00:00Z,25.244455
2025-01-26T13:12:00Z,25.66986
2025-01-26T13:48:00Z,25.364462
2025-01-26T14:24:00Z,24.484962
2025-01-26T15:00:00Z,0
2025-01-26T15:36:00Z,24.185246
2025-01-26T16:12:00Z,0
2025-01-26T16:48:00Z,25.619452
2025-01-26T17:24:00Z,24.516628
2025-01-26T18:00:00Z,24.311039
2025-01-26T18:36:00Z,25.885843
2025-01-26T19:12:00Z,29.32193
2025-01-26T19:48:00Z,0
2025-01-26T20:24:00Z,25.699272
2025-01-26T21:36:00Z,24.319056
2025-01-26T22:12:00Z,24.02978
2025-01-26T22:48:00Z,25.581491
2025-01-26T23:24:00Z,25.48208
2025-01-27T00:00:00Z,24.724556
2025-01-27T00:36:00Z,24.617779
2025-01-27T01:12:00Z,25.108028
2025-01-27T01:48:00Z,24.039757
2025-01-27T02:24:00Z,25.268269
2025-01-27T03:00:00Z,25.841274
2025-01-27T03:36:00Z,0
2025-01-27T04:12:00Z,24.61258
2025-01-27T04:48:00Z,25.214441
2025-01-27T05:24:00Z,0
2025-01-27T06:00:00Z,24.680119
2025-01-27T06:36:00Z,24.779108
2025-01-27T07:12:00Z,25.601992
2025-01-27T07:48:00Z,24.216097
2025-01-27T08:24:00Z,24.014362
2025-01-27T09:00:00Z,30.038467
2025-01-27T09:36:00Z,0
2025-01-27T10:12:00Z,25.792824
2025-01-27T10:48:00Z,29.652256
2025-01-27T11:24:00Z,25.204466
2025-01-27T12:00:00Z,24.626886
2025-01-27T13:12:00Z,24.753813
2025-01-27T13:48:00Z,25.46363
2025-01-27T14:24:00Z,24.233614
2025-01-27T15:00:00Z,30.331985
2025-01-27T15:36:00Z,25.595455
2025-01-27T16:12:00Z,25.040958
2025-01-27T17:24:00Z,25.987354
2025-01-27T18:00:00Z,24.196663
2025-01-27T19:12:00Z,25.156494
2025-01-27T19:48:00Z,25.308466
2025-01-27T20:24:00Z,29.217607
2025-01-27T21:00:00Z,24.722527
2025-01-27T21:36:00Z,25.831217
2025-01-27T22:12:00Z,25.070704
2025-01-27T22:48:00Z,24.989372
2025-01-27T23:24:00Z,25.322145
2025-01-28T00:00:00Z,24.754953
2025-01-28T01:12:00Z,24.548979
2025-01-28T01:48:00Z,25.637436
2025-01-28T02:24:00Z,25.442762
2025-01-28T03:00:00Z,25.734735
2025-01-28T03:36:00Z,30.289812
2025-01-28T04:12:00Z,24.565725
2025-01-28T05:24:00Z,25.660988
2025-01-28T06:00:00Z,24.682281
2025-01-28T06:36:00Z,0
2025-01-28T07:12:00Z,25.229248
2025-01-28T08:24:00Z,24.07299
2025-01-28T09:36:00Z,24.70368
2025-01-28T10:12:00Z,25.829182
2025-01-28T11:24:00Z,25.40394
2025-01-28T12:36:00Z,24.480572
2025-01-28T13:12:00Z,25.419914
2025-01-28T14:24:00Z,24.97205
2025-01-28T15:00:00Z,25.451311
2025-01-28T15:36:00Z,24.551094
2025-01-28T16:12:00Z,25.099459
2025-01-28T18:00:00Z,24.945633
2025-01-28T18:36:00Z,24.091982
2025-01-28T19:12:00Z,24.409332
2025-01-28T19:48:00Z,25.682173
2025-01-28T20:24:00Z,24.1775
2025-01-28T21:00:00Z,25.98617
2025-01-28T21:36:00Z,24.42594
2025-01-28T22:12:00Z,24.440115
2025-01-28T22:48:00Z,25.618717
2025-01-28T23:24:00Z,30.783937
2025-01-29T00:00:00Z,24.689243
2025-01-29T00:36:00Z,25.836948
2025-01-29T01:12:00Z,25.49902
2025-01-29T01:48:00Z,24.046635
2025-01-29T02:24:00Z,25.389538
2025-01-29T03:36:00Z,25.486237
2025-01-29T04:12:00Z,24.15079
2025-01-29T05:24:00Z,25.417469
2025-01-29T06:00:00Z,0
2025-01-29T06:36:00Z,25.050087
2025-01-29T07:12:00Z,25.547342
2025-01-29T07:48:00Z,25.61702
2025-01-29T08:24:00Z,24.558058
2025-01-29T09:00:00Z,25.997192
2025-01-29T09:36:00Z,25.443832
2025-01-29T10:12:00Z,0
2025-01-29T10:48:00Z,25.303352
2025-01-29T11:24:00Z,25.259031
2025-01-29T12:00:00Z,29.764437
2025-01-29T12:36:00Z,24.399715
2025-01-29T13:12:00Z,30.866419
2025-01-29T13:48:00Z,0
2025-01-29T14:24:00Z,25.20619
2025-01-29T15:00:00Z,0
2025-01-29T15:36:00Z,24.311394
2025-01-29T16:12:00Z,30.57484
2025-01-29T16:48:00Z,24.780083
2025-01-29T17:24:00Z,25.786245
2025-01-29T18:00:00Z,24.986952
2025-01-29T18:36:00Z,25.505
2025-01-29T19:12:00Z,24.914999
2025-01-29T19:48:00Z,25.636328
2025-01-29T20:24:00Z,24.642422
2025-01-29T21:00:00Z,24.769678
2025-01-29T21:36:00Z,30.214317
2025-01-29T22:12:00Z,25.94697
2025-01-29T23:24:00Z,24.402266
2025-01-30T00:00:00Z,29.922588
2025-01-30T00:36:00Z,0
2025-01-30T01:12:00Z,24.794981
2025-01-30T01:48:00Z,24.232624
2025-01-30T02:24:00Z,25.395454
2025-01-30T03:00:00Z,0
2025-01-30T03:36:00Z,25.517294
2025-01-30T04:12:00Z,25.418789
2025-01-30T04:48:00Z,0
2025-01-30T05:24:00Z,25.823357
2025-01-30T06:00:00Z,29.184084
2025-01-30T06:36:00Z,24.894176
2025-01-30T07:12:00Z,24.35569
2025-01-30T08:24:00Z,24.292942
2025-01-30T09:00:00Z,25.55049
2025-01-30T09:36:00Z,0
2025-01-30T10:12:00Z,24.202354
2025-01-30T10:48:00Z,24.611832
2025-01-30T11:24:00Z,24.049486
2025-01-30T12:00:00Z,25.81362
2025-01-30T13:12:00Z,25.281658
2025-01-30T13:48:00Z,0
2025-01-30T14:24:00Z,24.739649
2025-01-30T15:00:00Z,25.913172
2025-01-30T16:12:00Z,24.521444
2025-01-30T17:24:00Z,24.199736
2025-01-30T18:00:00Z,24.84877
2025-01-30T18:36:00Z,24.2236
2025-01-30T19:12:00Z,25.93916
2025-01-30T19:48:00Z,24.372437
2025-01-30T20:24:00Z,29.508373
2025-01-30T21:00:00Z,24.568678
2025-01-30T21:36:00Z,30.664762
2025-01-30T22:12:00Z,0
2025-01-30T22:48:00Z,24.806625
2025-01-30T23:24:00Z,25.609732
2025-01-31T00:36:00Z,25.90506
2025-01-31T01:12:00Z,29.86359
2025-01-31T01:48:00Z,25.173288
2025-01-31T02:24:00Z,25.63207
2025-01-31T03:00:00Z,24.25758
2025-01-31T03:36:00Z,24.729303
2025-01-31T04:12:00Z,24.273132
2025-01-31T04:48:00Z,25.443115
2025-01-31T05:24:00Z,25.688623
2025-01-31T06:36:00Z,24.24649
2025-01-31T07:12:00Z,25.650898
2025-01-31T07:48:00Z,24.46551
2025-01-31T08:24:00Z,25.417652
2025-01-31T09:00:00Z,24.669575
2025-01-31T10:12:00Z,25.780928
2025-01-31T10:48:00Z,25.413803
2025-01-31T11:24:00Z,24.030106
2025-01-31T12:00:00Z,25.82186
2025-01-31T12:36:00Z,24.659803
2025-01-31T13:12:00Z,0
2025-01-31T13:48:00Z,29.654425
2025-01-31T14:24:00Z,24.690378
2025-01-31T15:00:00Z,24.779892
2025-01-31T15:36:00Z,25.952925
2025-01-31T16:12:00Z,25.548063
2025-01-31T18:00:00Z,25.851624
2025-01-31T18:36:00Z,24.89226
2025-01-31T19:12:00Z,24.64295
2025-01-31T19:48:00Z,0
2025-01-31T20:24:00Z,24.107277
2025-01-31T21:00:00Z,24.24834
2025-01-31T21:36:00Z,25.307753
2025-01-31T22:12:00Z,24.459064
2025-01-31T22:48:00Z,24.035933
2025-01-31T23:24:00Z,25.19671
2025-02-01T00:00:00Z,25.520754
2025-02-01T00:36:00Z,25.076307
2025-02-01T01:12:00Z,25.957645
2025-02-01T01:48:00Z,24.499556
2025-02-01T02:24:00Z,24.010166
2025-02-01T03:00:00Z,30.58856
2025-02-01T03:36:00Z,25.908216
2025-02-01T04:48:00Z,25.456032
2025-02-01T05:24:00Z,25.491282
2025-02-01T06:00:00Z,24.53398
2025-02-01T07:12:00Z,24.433357
2025-02-01T07:48:00Z,25.687382
2025-02-01T08:24:00Z,29.162495
2025-02-01T09:00:00Z,25.10938
2025-02-01T09:36:00Z,24.222998
2025-02-01T10:12:00Z,25.862566
2025-02-01T10:48:00Z,24.406523
2025-02-01T11:24:00Z,25.549913
2025-02-01T12:00:00Z,29.657196
2025-02-01T12:36:00Z,0
2025-02-01T13:12:00Z,24.36728
2025-02-01T13:48:00Z,24.626259
2025-02-01T14:24:00Z,0
2025-02-01T15:00:00Z,25.832546
2025-02-01T15:36:00Z,24.501163
2025-02-01T16:12:00Z,29.6566
2025-02-01T16:48:00Z,25.101274
2025-02-01T17:24:00Z,25.503155
2025-02-01T18:00:00Z,24.871372
2025-02-01T18:36:00Z,25.939222
2025-02-01T19:12:00Z,24.66632
2025-02-01T21:00:00Z,24.147833
2025-02-01T21:36:00Z,29.965435
2025-02-01T22:12:00Z,24.267433
2025-02-01T22:48:00Z,24.678679
2025-02-01T23:24:00Z,0
2025-02-02T00:00:00Z,24.078611
2025-02-02T00:36:00Z,25.943165
2025-02-02T02:24:00Z,24.498896
2025-02-02T04:12:00Z,25.847658
2025-02-02T04:48:00Z,24.973314
2025-02-02T05:24:00Z,24.612923
2025-02-02T06:00:00Z,0
2025-02-02T06:36:00Z,25.994808
2025-02-02T07:12:00Z,25.962368
2025-02-02T07:48:00Z,24.898254
2025-02-02T08:24:00Z,25.675426
2025-02-02T09:00:00Z,24.044687
2025-02-02T09:36:00Z,25.069403
2025-02-02T10:12:00Z,0
2025-02-02T10:48:00Z,24.397896
2025-02-02T11:24:00Z,24.25027
2025-02-02T12:00:00Z,25.63861
2025-02-02T13:12:00Z,25.42703
2025-02-02T14:24:00Z,24.287195
2025-02-02T15:00:00Z,0
2025-02-02T15:36:00Z,25.209612
2025-02-02T16:12:00Z,30.338518
2025-02-02T16:48:00Z,25.800613
2025-02-02T17:24:00Z,24.726099
2025-02-02T18:00:00Z,0
2025-02-02T18:36:00Z,25.271637
2025-02-02T19:12:00Z,24.32377
2025-02-02T21:00:00Z,25.83554
2025-02-02T21:36:00Z,25.297594
2025-02-02T22:12:00Z,25.959375
2025-02-02T22:48:00Z,24.034748
2025-02-02T23:24:00Z,24.86475
2025-02-03T00:00:00Z,24.37164
2025-02-03T00:36:00Z,0
2025-02-03T01:12:00Z,25.79585
2025-02-03T03:00:00Z,24.267948
2025-02-03T03:36:00Z,24.354246
2025-02-03T04:12:00Z,25.738829
2025-02-03T05:24:00Z,25.852365
2025-02-03T06:00:00Z,24.29997
2025-02-03T06:36:00Z,25.324696
2025-02-03T07:12:00Z,25.784163
2025-02-03T07:48:00Z,25.113205
2025-02-03T08:24:00Z,25.590044
2025-02-03T09:00:00Z,30.31055
2025-02-03T09:36:00Z,24.048174
2025-02-03T10:12:00Z,25.836613
2025-02-03T10:48:00Z,0
2025-02-03T11:24:00Z,25.173695
2025-02-03T12:00:00Z,24.160189
2025-02-03T12:36:00Z,24.619896
2025-02-03T13:12:00Z,29.937893
2025-02-03T13:48:00Z,24.030497
2025-02-03T14:24:00Z,24.759264
2025-02-03T15:00:00Z,24.517164
2025-02-03T15:36:00Z,29.821106
2025-02-03T16:12:00Z,25.468803
2025-02-03T16:48:00Z,24.604286
2025-02-03T17:24:00Z,0
2025-02-03T18:00:00Z,25.056263
2025-02-03T18:36:00Z,25.462223
2025-02-03T19:12:00Z,24.863016
2025-02-03T19:48:00Z,24.726011
2025-02-03T20:24:00Z,25.626802
2025-02-03T21:00:00Z,24.014853
2025-02-03T21:36:00Z,30.87584
2025-02-03T22:12:00Z,25.520748
2025-02-03T22:48:00Z,25.571875
2025-02-03T23:24:00Z,24.710054
2025-02-04T00:00:00Z,24.472132
2025-02-04T01:12:00Z,25.876934
2025-02-04T01:48:00Z,24.855125
2025-02-04T02:24:00Z,25.987411
2025-02-04T03:00:00Z,25.230494
2025-02-04T05:24:00Z,24.432472
2025-02-04T06:00:00Z,24.984533
2025-02-04T07:12:00Z,24.02688
2025-02-04T07:48:00Z,24.266825
2025-02-04T08:24:00Z,25.724342
2025-02-04T09:00:00Z,24.958366
2025-02-04T10:12:00Z,24.869917
2025-02-04T10:48:00Z,25.464033
2025-02-04T11:24:00Z,24.456211
2025-02-04T12:00:00Z,29.283245
2025-02-04T12:36:00Z,0
2025-02-04T13:12:00Z,24.459227
2025-02-04T13:48:00Z,25.717491
2025-02-04T14:24:00Z,25.744333
2025-02-04T15:00:00Z,30.831999
2025-02-04T15:36:00Z,0
2025-02-04T16:12:00Z,24.584028
2025-02-04T16:48:00Z,25.64418
2025-02-04T17:24:00Z,24.580967
2025-02-04T18:00:00Z,25.194983
2025-02-04T18:36:00Z,24.61735
2025-02-04T19:12:00Z,25.623388
2025-02-04T19:48:00Z,24.0868
2025-02-04T20:24:00Z,25.349476
2025-02-04T21:00:00Z,24.333656
2025-02-04T21:36:00Z,25.06915
2025-02-04T22:12:00Z,29.444578
2025-02-04T22:48:00Z,25.093786
2025-02-04T23:24:00Z,29.686646
2025-02-05T00:00:00Z,0
2025-02-05T00:36:00Z,24.23391
2025-02-05T01:12:00Z,25.876186
2025-02-05T01:48:00Z,24.792625
2025-02-05T03:00:00Z,25.913872
2025-02-05T03:36:00Z,24.062666
2025-02-05T04:12:00Z,25.318111
2025-02-05T04:48:00Z,24.027315
2025-02-05T05:24:00Z,24.597841
2025-02-05T06:00:00Z,25.69703
2025-02-05T06:36:00Z,0
2025-02-05T07:12:00Z,24.027853
2025-02-05T07:48:00Z,25.883362
2025-02-05T08:24:00Z,25.52085
2025-02-05T09:00:00Z,24.204363
2025-02-05T09:36:00Z,24.227005
2025-02-05T10:12:00Z,30.160433
2025-02-05T10:48:00Z,24.620672
2025-02-05T11:24:00Z,25.822163
2025-02-05T12:00:00Z,25.051
2025-02-05T12:36:00Z,0
2025-02-05T13:12:00Z,24.972273
2025-02-05T13:48:00Z,24.468481
2025-02-05T14:24:00Z,24.486645
2025-02-05T15:00:00Z,25.265615
2025-02-05T15:36:00Z,24.37316
2025-02-05T16:12:00Z,25.134096
2025-02-05T16:48:00Z,24.784134
2025-02-05T17:24:00Z,0
2025-02-05T18:00:00Z,25.912867
2025-02-05T18:36:00Z,24.907335
2025-02-05T19:12:00Z,25.932913
2025-02-05T19:48:00Z,24.716799
2025-02-05T20:24:00Z,25.06978
2025-02-05T21:00:00Z,30.322498
2025-02-05T21:36:00Z,25.018255
2025-02-05T22:12:00Z,24.831936
2025-02-05T22:48:00Z,30.40689
2025-02-05T23:24:00Z,24.407846
2025-02-06T00:00:00Z,29.624794
2025-02-06T00:36:00Z,24.543198
2025-02-06T01:48:00Z,25.227726
2025-02-06T02:24:00Z,24.018026
2025-02-06T03:00:00Z,24.907278
2025-02-06T03:36:00Z,0
2025-02-06T04:12:00Z,24.566833
2025-02-06T04:48:00Z,24.361607
2025-02-06T06:00:00Z,25.091408
2025-02-06T06:36:00Z,0
2025-02-06T07:12:00Z,25.709816
2025-02-06T07:48:00Z,24.893335
2025-02-06T08:24:00Z,25.733227
2025-02-06T09:00:00Z,24.56021
2025-02-06T10:12:00Z,25.3631
2025-02-06T10:48:00Z,0
2025-02-06T11:24:00Z,25.29456
2025-02-06T12:00:00Z,25.46571
2025-02-06T12:36:00Z,24.375647
2025-02-06T13:48:00Z,25.961023
2025-02-06T14:24:00Z,24.374407
2025-02-06T15:00:00Z,24.940592
2025-02-06T15:36:00Z,24.462204
2025-02-06T16:12:00Z,0
2025-02-06T16:48:00Z,24.096554
2025-02-06T17:24:00Z,25.942461
2025-02-06T18:00:00Z,25.016827
2025-02-06T18:36:00Z,25.95973
2025-02-06T19:12:00Z,24.868181
2025-02-06T19:48:00Z,24.846119
2025-02-06T20:24:00Z,29.07635
2025-02-06T21:00:00Z,24.511887
2025-02-06T21:36:00Z,25.258516
2025-02-06T22:12:00Z,24.276426
2025-02-06T22:48:00Z,25.054789
2025-02-06T23:24:00Z,24.151264
2025-02-07T00:00:00Z,25.948872
2025-02-07T00:36:00Z,0
2025-02-07T01:12:00Z,25.38058
2025-02-07T01:48:00Z,25.134718
2025-02-07T02:24:00Z,25.891764
2025-02-07T03:00:00Z,25.393158
2025-02-07T03:36:00Z,24.38919
2025-02-07T04:12:00Z,0
2025-02-07T04:48:00Z,24.20897
2025-02-07T05:24:00Z,30.718853
2025-02-07T06:00:00Z,24.663868
2025-02-07T06:36:00Z,25.740812
2025-02-07T07:12:00Z,25.437443
2025-02-07T07:48:00Z,30.78226
2025-02-07T08:24:00Z,25.264269
2025-02-07T09:00:00Z,29.558338
2025-02-07T09:36:00Z,24.471392
2025-02-07T10:48:00Z,25.572428
2025-02-07T12:36:00Z,25.075348
2025-02-07T13:12:00Z,25.658356
2025-02-07T13:48:00Z,24.715952
2025-02-07T14:24:00Z,30.605396
2025-02-07T15:00:00Z,24.882906
2025-02-07T15:36:00Z,24.27415
2025-02-07T16:48:00Z,25.107052
2025-02-07T17:24:00Z,0
2025-02-07T18:00:00Z,29.590414
2025-02-07T18:36:00Z,25.617723
2025-02-07T19:48:00Z,24.318602
2025-02-07T20:24:00Z,24.333183
2025-02-07T21:36:00Z,25.982582
2025-02-07T22:12:00Z,30.60223
2025-02-07T22:48:00Z,0
2025-02-07T23:24:00Z,25.65767
2025-02-08T00:36:00Z,25.146969
2025-02-08T01:12:00Z,25.823023
2025-02-08T01:48:00Z,25.96032
2025-02-08T02:24:00Z,25.390099
2025-02-08T03:00:00Z,25.672981
2025-02-08T04:12:00Z,24.951214
2025-02-08T05:24:00Z,25.918411
2025-02-08T06:00:00Z,25.12284
2025-02-08T06:36:00Z,25.077991
2025-02-08T07:12:00Z,24.34876
2025-02-08T07:48:00Z,24.57948
2025-02-08T08:24:00Z,30.631975
2025-02-08T09:00:00Z,25.90897
2025-02-08T09:36:00Z,25.399418
2025-02-08T10:12:00Z,25.79522
2025-02-08T10:48:00Z,25.338448
2025-02-08T11:24:00Z,24.360338
2025-02-08T12:00:00Z,25.638489
2025-02-08T12:36:00Z,24.565073
2025-02-08T14:24:00Z,24.265585
2025-02-08T15:36:00Z,25.95296
2025-02-08T16:12:00Z,24.397726
2025-02-08T16:48:00Z,25.227228
2025-02-08T17:24:00Z,25.54371
2025-02-08T18:00:00Z,0
2025-02-08T18:36:00Z,29.50582
2025-02-08T19:12:00Z,24.361746
2025-02-08T19:48:00Z,25.107569
2025-02-08T21:00:00Z,25.161285
2025-02-08T21:36:00Z,25.86097
2025-02-08T22:12:00Z,24.852741
2025-02-08T22:48:00Z,24.618275
2025-02-08T23:24:00Z,29.436657
2025-02-09T00:00:00Z,25.185665
2025-02-09T00:36:00Z,25.051983
2025-02-09T01:12:00Z,24.359985
2025-02-09T01:48:00Z,24.173304
2025-02-09T02:24:00Z,25.85891
2025-02-09T04:12:00Z,24.626303
2025-02-09T04:48:00Z,25.45256
2025-02-09T05:24:00Z,24.440054
2025-02-09T06:00:00Z,24.905792
2025-02-09T06:36:00Z,29.337875
2025-02-09T07:12:00Z,0
2025-02-09T07:48:00Z,30.576931
2025-02-09T08:24:00Z,0
2025-02-09T09:00:00Z,24.118292
2025-02-09T09:36:00Z,25.005568
2025-02-09T10:12:00Z,24.52093
2025-02-09T10:48:00Z,25.364525
2025-02-09T11:24:00Z,24.291653
2025-02-09T12:00:00Z,25.29729
2025-02-09T12:36:00Z,25.652079
2025-02-09T13:12:00Z,24.379242
2025-02-09T13:48:00Z,0
2025-02-09T14:24:00Z,24.98507
2025-02-09T15:00:00Z,25.8957
2025-02-09T16:12:00Z,24.235052
2025-02-09T16:48:00Z,25.086271
2025-02-09T17:24:00Z,25.001799
2025-02-09T18:00:00Z,25.576172
2025-02-09T19:12:00Z,25.250378
2025-02-09T19:48:00Z,24.433376
2025-02-09T20:24:00Z,24.896212
2025-02-09T21:00:00Z,29.98025
2025-02-09T21:36:00Z,0
2025-02-09T22:12:00Z,24.018019
2025-02-09T22:48:00Z,24.559084
2025-02-10T00:00:00Z,24.247324
2025-02-10T01:12:00Z,25.583992
2025-02-10T01:48:00Z,24.238148
2025-02-10T02:24:00Z,24.549582
2025-02-10T03:00:00Z,25.360317
2025-02-10T03:36:00Z,24.310646
2025-02-10T04:12:00Z,25.202557
2025-02-10T04:48:00Z,29.41304
2025-02-10T05:24:00Z,25.430262
2025-02-10T06:00:00Z,25.046654
2025-02-10T06:36:00Z,25.54886
2025-02-10T07:12:00Z,25.12949
2025-02-10T07:48:00Z,24.168556
2025-02-10T08:24:00Z,25.22844
2025-02-10T09:00:00Z,25.62175
2025-02-10T09:36:00Z,29.547365
2025-02-10T10:12:00Z,24.152693
2025-02-10T10:48:00Z,25.99133
2025-02-10T11:24:00Z,25.896671
2025-02-10T12:00:00Z,0
2025-02-10T12:36:00Z,25.417727
2025-02-10T13:12:00Z,0
2025-02-10T13:48:00Z,24.865524
2025-02-10T14:24:00Z,25.713482
2025-02-10T15:00:00Z,24.637354
2025-02-10T15:36:00Z,24.047754
2025-02-10T16:12:00Z,24.31344
2025-02-10T16:48:00Z,29.514214
2025-02-10T17:24:00Z,0
2025-02-10T18:00:00Z,25.987932
2025-02-10T18:36:00Z,24.397896
2025-02-10T19:48:00Z,24.305021
2025-02-10T20:24:00Z,25.27313
2025-02-10T21:00:00Z,24.324224
2025-02-10T21:36:00Z,24.464478
2025-02-10T22:12:00Z,24.09621
2025-02-10T22:48:00Z,24.355438
2025-02-10T23:24:00Z,0
2025-02-11T00:00:00Z,25.952911
2025-02-11T00:36:00Z,24.87003
2025-02-11T01:12:00Z,24.804031
2025-02-11T01:48:00Z,25.972263
2025-02-11T02:24:00Z,24.403805
2025-02-11T03:36:00Z,25.899755
2025-02-11T04:48:00Z,24.571829
2025-02-11T05:24:00Z,24.413736
2025-02-11T06:00:00Z,25.377584
2025-02-11T06:36:00Z,24.146606
2025-02-11T07:12:00Z,25.167921
2025-02-11T07:48:00Z,24.390432
2025-02-11T08:24:00Z,25.722633
2025-02-11T09:00:00Z,25.651035
2025-02-11T09:36:00Z,24.735022
2025-02-11T10:12:00Z,30.968534
2025-02-11T10:48:00Z,0
2025-02-11T11:24:00Z,29.351818
2025-02-11T12:00:00Z,0
2025-02-11T12:36:00Z,24.746365
2025-02-11T13:12:00Z,24.507504
2025-02-11T13:48:00Z,24.712103
2025-02-11T14:24:00Z,25.767664
2025-02-11T15:36:00Z,25.06245
2025-02-11T16:12:00Z,25.941114
2025-02-11T16:48:00Z,24.64129
2025-02-11T17:24:00Z,25.589512
2025-02-11T18:00:00Z,24.172739
2025-02-11T19:48:00Z,24.767372
2025-02-11T20:24:00Z,24.679546
2025-02-11T21:00:00Z,25.272644
2025-02-11T21:36:00Z,30.707361
2025-02-11T22:12:00Z,24.136805
2025-02-11T23:24:00Z,25.688133
2025-02-12T00:00:00Z,24.734653
2025-02-12T00:36:00Z,29.392866
2025-02-12T01:12:00Z,0
2025-02-12T01:48:00Z,25.669403
2025-02-12T02:24:00Z,25.14467
2025-02-12T03:00:00Z,24.013626
2025-02-12T03:36:00Z,24.675142
2025-02-12T04:12:00Z,24.037357
2025-02-12T04:48:00Z,29.641445
2025-02-12T05:24:00Z,25.565485
2025-02-12T06:36:00Z,24.570782
2025-02-12T07:12:00Z,25.244465
2025-02-12T07:48:00Z,29.314878
2025-02-12T08:24:00Z,24.079098
2025-02-12T09:00:00Z,24.292648
2025-02-12T09:36:00Z,25.95217
2025-02-12T10:12:00Z,30.522676
2025-02-12T10:48:00Z,0
2025-02-12T11:24:00Z,24.11431
2025-02-12T12:00:00Z,25.158909
2025-02-12T12:36:00Z,25.476511
2025-02-12T13:12:00Z,0
2025-02-12T13:48:00Z,30.151463
2025-02-12T14:24:00Z,0
2025-02-12T15:00:00Z,25.15162
2025-02-12T15:36:00Z,29.027588
2025-02-12T16:12:00Z,0
2025-02-12T16:48:00Z,29.271887
2025-02-12T17:24:00Z,24.525139
2025-02-12T18:00:00Z,29.49763
2025-02-12T18:36:00Z,0
2025-02-12T19:12:00Z,25.68611
2025-02-12T19:48:00Z,29.56806
2025-02-12T20:24:00Z,0
2025-02-12T21:00:00Z,25.632267
2025-02-12T21:36:00Z,0
2025-02-12T22:12:00Z,30.910252
2025-02-12T22:48:00Z,24.128967
2025-02-12T23:24:00Z,24.560133
2025-02-13T00:00:00Z,25.779184
2025-02-13T00:36:00Z,25.579573
2025-02-13T01:12:00Z,0
2025-02-13T01:48:00Z,30.647272
2025-02-13T02:24:00Z,25.872183
2025-02-13T03:00:00Z,24.531017
2025-02-13T03:36:00Z,24.866987
2025-02-13T04:12:00Z,24.13328
2025-02-13T04:48:00Z,24.731855
2025-02-13T05:24:00Z,24.411518
2025-02-13T07:12:00Z,24.97176
2025-02-13T07:48:00Z,24.63981
2025-02-13T08:24:00Z,25.243176
2025-02-13T09:00:00Z,24.93196
2025-02-13T09:36:00Z,25.542557
2025-02-13T10:12:00Z,0
2025-02-13T10:48:00Z,25.565022
2025-02-13T12:00:00Z,24.809381
2025-02-13T12:36:00Z,25.771282
2025-02-13T13:12:00Z,24.421219
2025-02-13T13:48:00Z,24.080807
2025-02-13T15:00:00Z,24.525661
2025-02-13T15:36:00Z,0
2025-02-13T16:12:00Z,24.433449
2025-02-13T16:48:00Z,25.458153
2025-02-13T18:36:00Z,25.44084
2025-02-13T19:12:00Z,24.26909
2025-02-13T19:48:00Z,30.776224
2025-02-13T20:24:00Z,24.11847
2025-02-13T21:00:00Z,24.635876
2025-02-13T21:36:00Z,0
2025-02-13T22:12:00Z,25.656136
2025-02-13T22:48:00Z,24.552599
2025-02-13T23:24:00Z,24.070282
2025-02-14T00:00:00Z,25.345354
2025-02-14T00:36:00Z,0
2025-02-14T01:12:00Z,24.497112
2025-02-14T01:48:00Z,25.209068
2025-02-14T02:24:00Z,0
2025-02-14T03:00:00Z,25.470583
2025-02-14T03:36:00Z,24.54129
2025-02-14T04:12:00Z,0
2025-02-14T04:48:00Z,25.104183
2025-02-14T05:24:00Z,25.817202
2025-02-14T06:00:00Z,24.128906
2025-02-14T06:36:00Z,25.128817
2025-02-14T07:48:00Z,25.7771
2025-02-14T08:24:00Z,24.222652
2025-02-14T09:00:00Z,25.348875
2025-02-14T09:36:00Z,24.156557
2025-02-14T10:12:00Z,24.07998
2025-02-14T10:48:00Z,25.13167
2025-02-14T11:24:00Z,29.461302
2025-02-14T12:00:00Z,24.778885
2025-02-14T12:36:00Z,29.162773
2025-02-14T13:12:00Z,25.84043
2025-02-14T13:48:00Z,24.030285
2025-02-14T14:24:00Z,25.755373
2025-02-14T15:00:00Z,25.709856
2025-02-14T15:36:00Z,25.053883
2025-02-14T16:12:00Z,25.058702
2025-02-14T16:48:00Z,25.761732
2025-02-14T17:24:00Z,24.422277
2025-02-14T18:36:00Z,24.551598
2025-02-14T19:12:00Z,0
2025-02-14T19:48:00Z,24.387192
2025-02-14T20:24:00Z,29.644373
2025-02-14T21:00:00Z,0
2025-02-14T21:36:00Z,25.338945
2025-02-14T22:12:00Z,25.806702
2025-02-14T23:24:00Z,24.243631
2025-02-15T00:00:00Z,24.866144
2025-02-15T00:36:00Z,24.753208
2025-02-15T01:12:00Z,0
2025-02-15T01:48:00Z,24.169348
2025-02-15T03:36:00Z,24.383595
2025-02-15T04:12:00Z,24.204367
2025-02-15T04:48:00Z,0
2025-02-15T05:24:00Z,25.920534
2025-02-15T06:36:00Z,24.497696
2025-02-15T07:12:00Z,25.659138
2025-02-15T08:24:00Z,25.666967
2025-02-15T09:00:00Z,25.120958
2025-02-15T09:36:00Z,25.908783
2025-02-15T10:12:00Z,25.73853
2025-02-15T10:48:00Z,0
2025-02-15T11:24:00Z,24.028534
2025-02-15T12:00:00Z,25.291252
2025-02-15T12:36:00Z,25.24232
2025-02-15T13:12:00Z,24.49508
2025-02-15T13:48:00Z,29.57185
2025-02-15T14:24:00Z,24.322117
2025-02-15T15:00:00Z,25.20974
2025-02-15T15:36:00Z,25.442581
2025-02-15T16:12:00Z,24.772928
2025-02-15T17:24:00Z,25.789957
2025-02-15T18:00:00Z,25.37182
2025-02-15T18:36:00Z,25.552204
2025-02-15T19:12:00Z,0
2025-02-15T19:48:00Z,25.642328
2025-02-15T20:24:00Z,25.930279
2025-02-15T21:00:00Z,0
2025-02-15T21:36:00Z,25.630451
2025-02-15T22:12:00Z,24.63241
2025-02-15T22:48:00Z,25.380123
2025-02-16T00:00:00Z,25.72039
2025-02-16T00:36:00Z,24.641077
2025-02-16T01:12:00Z,0
2025-02-16T01:48:00Z,24.39972
2025-02-16T02:24:00Z,25.684769
2025-02-16T03:00:00Z,24.32768
2025-02-16T03:36:00Z,25.889437
2025-02-16T04:12:00Z,24.095825
2025-02-16T04:48:00Z,25.416674
2025-02-16T05:24:00Z,24.542824
2025-02-16T06:00:00Z,0
2025-02-16T06:36:00Z,25.900738
2025-02-16T07:48:00Z,25.69976
2025-02-16T08:24:00Z,24.020239
2025-02-16T09:00:00Z,25.960434
2025-02-16T09:36:00Z,25.173355
2025-02-16T10:12:00Z,25.984135
2025-02-16T10:48:00Z,25.526455
2025-02-16T11:24:00Z,24.191008
2025-02-16T12:00:00Z,25.367298
2025-02-16T12:36:00Z,25.54252
2025-02-16T13:12:00Z,25.211035
2025-02-16T13:48:00Z,25.946032
2025-02-16T15:00:00Z,24.052996
2025-02-16T15:36:00Z,25.224463
2025-02-16T16:12:00Z,24.205297
2025-02-16T17:24:00Z,25.528877
2025-02-16T18:00:00Z,24.247688
2025-02-16T18:36:00Z,24.127462
2025-02-16T19:12:00Z,25.629519
2025-02-16T19:48:00Z,24.984234
2025-02-16T20:24:00Z,25.229048
2025-02-16T21:00:00Z,24.15928
2025-02-16T21:36:00Z,25.394436
2025-02-16T22:48:00Z,24.587402
2025-02-16T23:24:00Z,25.645496
2025-02-17T00:00:00Z,24.500433
2025-02-17T00:36:00Z,24.2986
2025-02-17T01:12:00Z,25.61919
2025-02-17T01:48:00Z,25.577116
2025-02-17T03:00:00Z,24.389946
2025-02-17T04:12:00Z,25.045225
2025-02-17T04:48:00Z,30.535524
2025-02-17T05:24:00Z,24.157633
2025-02-17T06:00:00Z,25.276571
2025-02-17T06:36:00Z,25.133474
2025-02-17T07:12:00Z,24.14798
2025-02-17T08:24:00Z,25.31811
2025-02-17T09:00:00Z,24.835505
2025-02-17T09:36:00Z,25.158699
2025-02-17T10:12:00Z,24.457403
2025-02-17T10:48:00Z,24.387472
2025-02-17T11:24:00Z,25.463089
2025-02-17T12:36:00Z,24.270672
2025-02-17T13:12:00Z,25.896206
2025-02-17T13:48:00Z,24.749914
2025-02-17T14:24:00Z,25.38855
2025-02-17T15:00:00Z,25.501364
2025-02-17T15:36:00Z,24.573
2025-02-17T16:12:00Z,25.27618
2025-02-17T16:48:00Z,24.78468
2025-02-17T17:24:00Z,25.224787
2025-02-17T18:36:00Z,25.271315
2025-02-17T19:12:00Z,25.438951
2025-02-17T19:48:00Z,24.190132
2025-02-17T20:24:00Z,25.168995
2025-02-17T21:00:00Z,24.44693
2025-02-17T21:36:00Z,25.061052
2025-02-17T22:12:00Z,24.268333
2025-02-18T00:00:00Z,25.953178
2025-02-18T00:36:00Z,24.029404
2025-02-18T01:48:00Z,25.59787
2025-02-18T02:24:00Z,24.225409
2025-02-18T03:00:00Z,25.515072
2025-02-18T03:36:00Z,25.077621
2025-02-18T04:12:00Z,29.733053
2025-02-18T04:48:00Z,25.879389
2025-02-18T05:24:00Z,25.251646
2025-02-18T06:00:00Z,25.990662
2025-02-18T06:36:00Z,24.849636
2025-02-18T07:12:00Z,24.225908
2025-02-18T07:48:00Z,24.65813
2025-02-18T08:24:00Z,25.641972
2025-02-18T09:00:00Z,0
2025-02-18T09:36:00Z,25.501562
2025-02-18T10:48:00Z,25.068481
2025-02-18T11:24:00Z,24.02078
2025-02-18T12:00:00Z,24.014568
2025-02-18T12:36:00Z,25.512865
2025-02-18T13:12:00Z,25.662407
2025-02-18T13:48:00Z,24.921967
2025-02-18T15:36:00Z,24.098501
2025-02-18T16:12:00Z,0
2025-02-18T16:48:00Z,25.782593
2025-02-18T17:24:00Z,25.256975
2025-02-18T18:00:00Z,29.971008
2025-02-18T18:36:00Z,24.24355
2025-02-18T19:12:00Z,25.72976
2025-02-18T19:48:00Z,0
2025-02-18T20:24:00Z,24.533463
2025-02-18T21:36:00Z,24.865122
2025-02-18T22:12:00Z,29.310858
2025-02-18T22:48:00Z,24.778107
2025-02-19T00:00:00Z,25.674583
2025-02-19T00:36:00Z,24.886158
2025-02-19T01:12:00Z,25.602045
2025-02-19T01:48:00Z,25.675406
2025-02-19T03:00:00Z,24.907621
2025-02-19T03:36:00Z,25.343948
2025-02-19T04:12:00Z,24.831594
2025-02-19T04:48:00Z,25.08055
2025-02-19T05:24:00Z,25.997507
2025-02-19T06:00:00Z,24.531761
2025-02-19T06:36:00Z,24.674366
2025-02-19T07:12:00Z,0
2025-02-19T07:48:00Z,25.95967
2025-02-19T08:24:00Z,24.037489
2025-02-19T09:00:00Z,25.430006
2025-02-19T09:36:00Z,25.803244
2025-02-19T10:12:00Z,25.356392
2025-02-19T10:48:00Z,24.097216
2025-02-19T11:24:00Z,24.83696
2025-02-19T12:00:00Z,24.020544
2025-02-19T12:36:00Z,0
2025-02-19T13:12:00Z,24.552841
2025-02-19T13:48:00Z,0
2025-02-19T14:24:00Z,24.838884
2025-02-19T15:00:00Z,25.65244
2025-02-19T15:36:00Z,24.466461
2025-02-19T16:12:00Z,25.72186
2025-02-19T16:48:00Z,25.892351
2025-02-19T17:24:00Z,25.238592
2025-02-19T18:00:00Z,25.375208
2025-02-19T18:36:00Z,24.841387
2025-02-19T19:12:00Z,25.527607
2025-02-19T19:48:00Z,24.911127
2025-02-19T20:24:00Z,25.78089
2025-02-19T21:36:00Z,25.85922
2025-02-19T22:12:00Z,25.204844
2025-02-19T22:48:00Z,25.520912
2025-02-19T23:24:00Z,24.795244
2025-02-20T00:36:00Z,25.417156
2025-02-20T01:12:00Z,24.28227
2025-02-20T02:24:00Z,24.990578
2025-02-20T03:00:00Z,25.633917
2025-02-20T03:36:00Z,24.123611
2025-02-20T04:12:00Z,25.250404
2025-02-20T04:48:00Z,24.221004
2025-02-20T05:24:00Z,24.286999
2025-02-20T06:00:00Z,25.43675
2025-02-20T06:36:00Z,25.602324
2025-02-20T07:12:00Z,25.240067
2025-02-20T07:48:00Z,0
2025-02-20T08:24:00Z,24.118319
2025-02-20T09:36:00Z,25.493887
2025-02-20T10:12:00Z,24.661263
2025-02-20T10:48:00Z,25.43648
2025-02-20T11:24:00Z,24.616308
2025-02-20T12:00:00Z,24.749262
2025-02-20T12:36:00Z,25.375801
2025-02-20T13:12:00Z,30.22252
2025-02-20T13:48:00Z,0
2025-02-20T14:24:00Z,24.59724
2025-02-20T15:00:00Z,25.510708
2025-02-20T15:36:00Z,24.130226
2025-02-20T16:48:00Z,24.108816
2025-02-20T17:24:00Z,25.004513
2025-02-20T18:36:00Z,25.519548
2025-02-20T19:12:00Z,24.115337
2025-02-20T19:48:00Z,25.223078
2025-02-20T20:24:00Z,25.368486
2025-02-20T21:00:00Z,0
2025-02-20T21:36:00Z,25.851099
2025-02-20T22:12:00Z,25.739723
2025-02-20T22:48:00Z,24.564495
2025-02-20T23:24:00Z,24.426792
2025-02-21T00:00:00Z,25.682657
2025-02-21T01:12:00Z,24.23004
2025-02-21T02:24:00Z,25.917093
2025-02-21T03:00:00Z,24.429382
2025-02-21T03:36:00Z,24.097782
2025-02-21T04:12:00Z,25.976257
2025-02-21T04:48:00Z,25.477802
2025-02-21T05:24:00Z,0
2025-02-21T06:00:00Z,25.714252
2025-02-21T06:36:00Z,24.350494
2025-02-21T07:12:00Z,25.686308
2025-02-21T07:48:00Z,0
2025-02-21T08:24:00Z,25.58267
2025-02-21T09:00:00Z,25.696276
2025-02-21T09:36:00Z,24.741514
2025-02-21T10:12:00Z,25.055065
2025-02-21T10:48:00Z,25.948324
2025-02-21T11:24:00Z,30.182798
2025-02-21T12:00:00Z,25.929478
2025-02-21T13:12:00Z,24.228962
2025-02-21T13:48:00Z,0
2025-02-21T14:24:00Z,25.835218
2025-02-21T15:00:00Z,25.541172
2025-02-21T15:36:00Z,0
2025-02-21T16:12:00Z,24.189474
2025-02-21T16:48:00Z,24.661772
2025-02-21T18:00:00Z,24.31732
2025-02-21T18:36:00Z,25.869566
2025-02-21T19:12:00Z,0
2025-02-21T19:48:00Z,24.190475
2025-02-21T20:24:00Z,0
2025-02-21T21:00:00Z,24.18517
2025-02-21T21:36:00Z,0
2025-02-21T22:12:00Z,0
2025-02-21T22:48:00Z,24.907892
2025-02-21T23:24:00Z,25.87718
2025-02-22T00:00:00Z,25.377853
2025-02-22T00:36:00Z,25.637524
2025-02-22T01:12:00Z,0
2025-02-22T01:48:00Z,24.280092
2025-02-22T02:24:00Z,25.926872
2025-02-22T03:00:00Z,24.526545
2025-02-22T03:36:00Z,25.691372
2025-02-22T04:12:00Z,24.724041
2025-02-22T04:48:00Z,25.83698
2025-02-22T05:24:00Z,25.637985
2025-02-22T06:00:00Z,24.18631
2025-02-22T06:36:00Z,25.400259
2025-02-22T07:12:00Z,24.314444
2025-02-22T07:48:00Z,24.312914
2025-02-22T08:24:00Z,0
2025-02-22T09:00:00Z,25.036055
2025-02-22T09:36:00Z,25.651394
2025-02-22T10:12:00Z,24.95768
2025-02-22T10:48:00Z,25.882032
2025-02-22T11:24:00Z,24.045794
2025-02-22T12:00:00Z,25.811584
2025-02-22T13:12:00Z,25.757847
2025-02-22T14:24:00Z,25.276882
2025-02-22T15:00:00Z,24.120468
2025-02-22T15:36:00Z,0
2025-02-22T16:12:00Z,25.028906
2025-02-22T16:48:00Z,25.647417
2025-02-22T17:24:00Z,0
2025-02-22T18:00:00Z,25.486933
2025-02-22T18:36:00Z,25.620996
2025-02-22T19:12:00Z,24.485867
2025-02-22T19:48:00Z,25.297718
2025-02-22T20:24:00Z,25.110554
2025-02-22T21:00:00Z,25.683275
2025-02-22T21:36:00Z,25.577702
2025-02-22T22:12:00Z,24.602406
2025-02-22T22:48:00Z,30.448065
2025-02-22T23:24:00Z,24.322384
2025-02-23T00:00:00Z,0
2025-02-23T00:36:00Z,25.710236
2025-02-23T01:12:00Z,24.908417
2025-02-23T01:48:00Z,25.820137
2025-02-23T03:00:00Z,25.975174
2025-02-23T03:36:00Z,25.060188
2025-02-23T04:48:00Z,24.296017
2025-02-23T05:24:00Z,0
2025-02-23T06:00:00Z,24.492624
2025-02-23T06:36:00Z,25.887053
2025-02-23T07:12:00Z,0
2025-02-23T07:48:00Z,25.537481
2025-02-23T08:24:00Z,25.641184
2025-02-23T09:00:00Z,24.498234
2025-02-23T09:36:00Z,24.246048
2025-02-23T10:48:00Z,24.826502
2025-02-23T11:24:00Z,24.34117
2025-02-23T12:00:00Z,25.706186
2025-02-23T12:36:00Z,0
2025-02-23T13:12:00Z,24.937632
2025-02-23T13:48:00Z,24.085495
2025-02-23T14:24:00Z,25.094063
2025-02-23T15:36:00Z,25.423407
2025-02-23T16:48:00Z,24.200888
2025-02-23T17:24:00Z,25.534853
2025-02-23T18:36:00Z,24.661476
2025-02-23T19:48:00Z,25.112675
2025-02-23T20:24:00Z,25.024332
2025-02-23T21:00:00Z,24.159542
2025-02-23T21:36:00Z,24.770454
2025-02-23T22:12:00Z,25.787642
2025-02-23T22:48:00Z,25.916533
2025-02-23T23:24:00Z,25.239532
2025-02-24T00:00:00Z,25.97331
2025-02-24T00:36:00Z,24.320755
2025-02-24T01:48:00Z,24.790188
2025-02-24T02:24:00Z,24.211193
2025-02-24T03:36:00Z,25.240753
2025-02-24T04:12:00Z,0
2025-02-24T04:48:00Z,25.813097
2025-02-24T05:24:00Z,25.001158
2025-02-24T06:36:00Z,24.004562
2025-02-24T07:12:00Z,24.962145
2025-02-24T07:48:00Z,30.238642
2025-02-24T08:24:00Z,24.793808
2025-02-24T09:00:00Z,25.349464
2025-02-24T10:12:00Z,24.549105
2025-02-24T10:48:00Z,25.455088
2025-02-24T11:24:00Z,24.680164
2025-02-24T12:00:00Z,25.473267
2025-02-24T12:36:00Z,25.746056
2025-02-24T13:12:00Z,0
2025-02-24T13:48:00Z,25.2493
2025-02-24T14:24:00Z,24.81595
2025-02-24T15:00:00Z,29.653482
2025-02-24T15:36:00Z,25.13931
2025-02-24T16:12:00Z,24.999088
2025-02-24T16:48:00Z,24.453957
2025-02-24T17:24:00Z,25.44589
2025-02-24T18:00:00Z,24.589872
2025-02-24T18:36:00Z,25.877792
2025-02-24T19:12:00Z,30.112303
2025-02-24T19:48:00Z,0
2025-02-24T20:24:00Z,25.584375
2025-02-24T21:00:00Z,29.095882
2025-02-24T21:36:00Z,24.166025
2025-02-24T22:12:00Z,30.336842
2025-02-24T22:48:00Z,0
2025-02-25T00:00:00Z,0
2025-02-25T00:36:00Z,25.771961
2025-02-25T01:48:00Z,24.377018
2025-02-25T02:24:00Z,25.851957
2025-02-25T03:00:00Z,25.447172
2025-02-25T03:36:00Z,24.2465
2025-02-25T04:12:00Z,24.001524
2025-02-25T04:48:00Z,0
2025-02-25T05:24:00Z,24.821465
2025-02-25T06:00:00Z,25.891949
2025-02-25T06:36:00Z,29.187153
2025-02-25T07:12:00Z,25.49324
2025-02-25T07:48:00Z,24.36852
2025-02-25T08:24:00Z,25.601744
2025-02-25T09:36:00Z,25.689783
2025-02-25T10:12:00Z,24.7221
2025-02-25T10:48:00Z,25.013472
2025-02-25T12:00:00Z,24.688034
2025-02-25T12:36:00Z,0
2025-02-25T13:12:00Z,25.896814
2025-02-25T13:48:00Z,25.914692
2025-02-25T14:24:00Z,29.993204
2025-02-25T15:00:00Z,24.304428
2025-02-25T16:12:00Z,25.701721
2025-02-25T16:48:00Z,24.795637
2025-02-25T17:24:00Z,25.417042
2025-02-25T18:00:00Z,25.103838
2025-02-25T18:36:00Z,0
2025-02-25T19:12:00Z,25.773026
2025-02-25T19:48:00Z,24.958252
2025-02-25T20:24:00Z,0
2025-02-25T21:00:00Z,25.405136
2025-02-25T21:36:00Z,24.588884
2025-02-25T22:12:00Z,25.96824
2025-02-25T22:48:00Z,24.632338
2025-02-25T23:24:00Z,25.322048
2025-02-26T00:00:00Z,24.243282
2025-02-26T00:36:00Z,24.54525
2025-02-26T01:12:00Z,25.753065
2025-02-26T01:48:00Z,0
2025-02-26T02:24:00Z,25.724907
2025-02-26T03:00:00Z,24.33523
2025-02-26T03:36:00Z,0
2025-02-26T04:12:00Z,25.155561
2025-02-26T04:48:00Z,25.269714
2025-02-26T05:24:00Z,0
2025-02-26T06:00:00Z,25.0951
2025-02-26T06:36:00Z,25.983671
2025-02-26T07:12:00Z,24.238504
2025-02-26T07:48:00Z,24.726868
2025-02-26T08:24:00Z,29.035753
2025-02-26T09:00:00Z,0
2025-02-26T09:36:00Z,25.753242
2025-02-26T10:12:00Z,25.795052
2025-02-26T10:48:00Z,24.798227
2025-02-26T11:24:00Z,25.389027
2025-02-26T12:36:00Z,24.891088
2025-02-26T13:12:00Z,24.165422
2025-02-26T15:00:00Z,24.251606
2025-02-26T15:36:00Z,25.370829
2025-02-26T16:48:00Z,25.407917
2025-02-26T17:24:00Z,24.23018
2025-02-26T18:00:00Z,29.467207
2025-02-26T18:36:00Z,24.05274
2025-02-26T19:12:00Z,25.858429
2025-02-26T19:48:00Z,25.605099
2025-02-26T20:24:00Z,24.140572
2025-02-26T21:00:00Z,24.391676
2025-02-26T21:36:00Z,24.221006
2025-02-26T22:12:00Z,25.16044
2025-02-26T22:48:00Z,24.527958
2025-02-26T23:24:00Z,24.807993
2025-02-27T00:00:00Z,25.685219
2025-02-27T00:36:00Z,25.715494
2025-02-27T01:12:00Z,24.630306
2025-02-27T01:48:00Z,24.374065
2025-02-27T02:24:00Z,0
2025-02-27T03:00:00Z,25.855137
2025-02-27T03:36:00Z,24.756048
2025-02-27T04:12:00Z,25.738527
2025-02-27T06:00:00Z,24.08131
2025-02-27T06:36:00Z,25.979849
2025-02-27T07:12:00Z,25.798744
2025-02-27T07:48:00Z,25.215538
2025-02-27T08:24:00Z,25.694845
2025-02-27T09:00:00Z,29.507671
2025-02-27T09:36:00Z,25.59771
2025-02-27T10:12:00Z,25.328753
2025-02-27T10:48:00Z,30.296064
2025-02-27T11:24:00Z,0
2025-02-27T12:00:00Z,0
2025-02-27T12:36:00Z,24.62399
2025-02-27T13:12:00Z,24.81306
2025-02-27T13:48:00Z,25.975685
2025-02-27T14:24:00Z,24.114307
2025-02-27T15:00:00Z,24.413012
2025-02-27T15:36:00Z,24.00153
2025-02-27T16:12:00Z,25.489775
2025-02-27T16:48:00Z,29.332666
2025-02-27T17:24:00Z,24.774021
2025-02-27T18:00:00Z,29.934216
2025-02-27T18:36:00Z,0
2025-02-27T19:12:00Z,25.801098
2025-02-27T19:48:00Z,30.484247
2025-02-27T20:24:00Z,24.468523
2025-02-27T21:36:00Z,25.262703
2025-02-27T22:12:00Z,25.830063
2025-02-27T22:48:00Z,25.85876
2025-02-27T23:24:00Z,24.446253
2025-02-28T00:00:00Z,30.185179
2025-02-28T00:36:00Z,25.323603
2025-02-28T01:48:00Z,25.447441
2025-02-28T02:24:00Z,25.822796
2025-02-28T03:00:00Z,30.499722
2025-02-28T03:36:00Z,25.208614
2025-02-28T04:12:00Z,25.847536
2025-02-28T04:48:00Z,25.334068
2025-02-28T05:24:00Z,24.409748
2025-02-28T07:12:00Z,25.713594
2025-02-28T08:24:00Z,25.480022
2025-02-28T09:00:00Z,29.874016
2025-02-28T09:36:00Z,24.812819
2025-02-28T10:12:00Z,25.035795
2025-02-28T10:48:00Z,25.737617
2025-02-28T11:24:00Z,25.804296
2025-02-28T12:00:00Z,25.436607
2025-02-28T12:36:00Z,25.705112
2025-02-28T13:12:00Z,24.551702
2025-02-28T14:24:00Z,25.670662
2025-02-28T15:00:00Z,25.214224
2025-02-28T15:36:00Z,25.980654
2025-02-28T16:12:00Z,24.752121
2025-02-28T16:48:00Z,24.255905
2025-02-28T17:24:00Z,24.188938
2025-02-28T18:00:00Z,24.800901
2025-02-28T18:36:00Z,0
2025-02-28T19:12:00Z,0
2025-02-28T19:48:00Z,25.527847
2025-02-28T20:24:00Z,24.768513
2025-02-28T21:36:00Z,24.774162
2025-02-28T22:12:00Z,29.836483
2025-02-28T22:48:00Z,0
2025-02-28T23:24:00Z,30.39669
2025-03-01T00:00:00Z,0
2025-03-01T00:36:00Z,0
2025-03-01T01:12:00Z,24.208141
2025-03-01T01:48:00Z,25.920937
2025-03-01T02:24:00Z,24.736593
2025-03-01T04:12:00Z,25.028269
2025-03-01T04:48:00Z,24.2047
2025-03-01T05:24:00Z,24.257084
2025-03-01T06:00:00Z,25.21451
2025-03-01T06:36:00Z,24.03082
2025-03-01T07:12:00Z,25.035423
2025-03-01T07:48:00Z,25.026075
2025-03-01T08:24:00Z,25.912395
2025-03-01T09:00:00Z,24.19142
2025-03-01T09:36:00Z,0
2025-03-01T10:12:00Z,24.435846
2025-03-01T10:48:00Z,25.900219
2025-03-01T12:00:00Z,25.80872
2025-03-01T12:36:00Z,30.991657
2025-03-01T13:12:00Z,0
2025-03-01T13:48:00Z,25.129396
2025-03-01T14:24:00Z,29.64732
2025-03-01T15:00:00Z,0
2025-03-01T15:36:00Z,25.181835
2025-03-01T16:12:00Z,24.393095
2025-03-01T16:48:00Z,25.675005
2025-03-01T17:24:00Z,24.659754
2025-03-01T18:00:00Z,24.129337
2025-03-01T18:36:00Z,25.731203
2025-03-01T19:12:00Z,0
2025-03-01T19:48:00Z,25.387978
2025-03-01T20:24:00Z,24.21601
2025-03-01T21:36:00Z,25.960932
2025-03-01T22:12:00Z,24.490194
2025-03-01T22:48:00Z,24.441273
2025-03-01T23:24:00Z,24.796833
2025-03-02T00:00:00Z,25.856138
2025-03-02T00:36:00Z,24.270853
2025-03-02T01:12:00Z,25.58119
2025-03-02T01:48:00Z,25.370895
2025-03-02T02:24:00Z,29.24709
2025-03-02T03:00:00Z,24.301039
2025-03-02T03:36:00Z,25.313808
2025-03-02T04:12:00Z,25.890331
2025-03-02T04:48:00Z,24.461203
2025-03-02T05:24:00Z,24.46222
2025-03-02T06:00:00Z,25.38402
2025-03-02T06:36:00Z,24.584738
2025-03-02T07:12:00Z,24.677452
2025-03-02T07:48:00Z,24.050982
2025-03-02T08:24:00Z,25.78087
2025-03-02T09:00:00Z,24.990757
2025-03-02T10:12:00Z,25.354782
2025-03-02T10:48:00Z,24.95479
2025-03-02T11:24:00Z,25.545996
2025-03-02T12:00:00Z,0
2025-03-02T12:36:00Z,24.888727
2025-03-02T13:12:00Z,25.193579
2025-03-02T13:48:00Z,24.287346
2025-03-02T14:24:00Z,24.203026
2025-03-02T15:00:00Z,25.667246
2025-03-02T16:12:00Z,25.873394
2025-03-02T16:48:00Z,25.149017
2025-03-02T17:24:00Z,25.232647
2025-03-02T18:00:00Z,24.137312
2025-03-02T19:12:00Z,24.980198
2025-03-02T19:48:00Z,29.094831
2025-03-02T20:24:00Z,24.538221
2025-03-02T21:00:00Z,24.562635
2025-03-02T21:36:00Z,25.466646
2025-03-02T22:12:00Z,25.712675
2025-03-02T22:48:00Z,24.68696
2025-03-03T00:00:00Z,25.353863
2025-03-03T00:36:00Z,24.938906
2025-03-03T01:12:00Z,25.403585
2025-03-03T01:48:00Z,24.104952
2025-03-03T02:24:00Z,25.93638
2025-03-03T03:00:00Z,24.124851
2025-03-03T03:36:00Z,25.662193
2025-03-03T04:12:00Z,25.66103
2025-03-03T04:48:00Z,25.018066
2025-03-03T05:24:00Z,25.92168
2025-03-03T06:00:00Z,24.716381
2025-03-03T06:36:00Z,25.010569
2025-03-03T07:12:00Z,24.605032
2025-03-03T07:48:00Z,24.78549
2025-03-03T08:24:00Z,24.433416
2025-03-03T09:00:00Z,25.148832
2025-03-03T09:36:00Z,0
2025-03-03T10:12:00Z,24.670301
2025-03-03T10:48:00Z,24.089567
2025-03-03T11:24:00Z,25.376322
2025-03-03T12:00:00Z,24.100883
2025-03-03T12:36:00Z,25.299604
2025-03-03T13:12:00Z,0
2025-03-03T13:48:00Z,25.622442
2025-03-03T14:24:00Z,25.577879
2025-03-03T15:00:00Z,0
2025-03-03T15:36:00Z,24.209581
2025-03-03T16:48:00Z,24.354546
2025-03-03T18:00:00Z,25.834473
2025-03-03T18:36:00Z,25.656984
2025-03-03T19:12:00Z,0
2025-03-03T19:48:00Z,24.57514
2025-03-03T20:24:00Z,29.456417
2025-03-03T21:00:00Z,25.979555
2025-03-03T21:36:00Z,25.688757
2025-03-03T22:12:00Z,25.94275
2025-03-03T22:48:00Z,30.215591
2025-03-03T23:24:00Z,25.371378
2025-03-04T00:00:00Z,0
2025-03-04T00:36:00Z,29.897367
2025-03-04T01:12:00Z,24.662514
2025-03-04T01:48:00Z,24.705791
2025-03-04T02:24:00Z,0
2025-03-04T03:00:00Z,25.650507
2025-03-04T03:36:00Z,24.373358
2025-03-04T04:12:00Z,24.022799
2025-03-04T04:48:00Z,24.077307
2025-03-04T05:24:00Z,25.42193
2025-03-04T06:00:00Z,24.849136
2025-03-04T06:36:00Z,25.651493
2025-03-04T07:12:00Z,24.536377
2025-03-04T07:48:00Z,24.021656
2025-03-04T08:24:00Z,25.304451
2025-03-04T09:00:00Z,24.69865
2025-03-04T09:36:00Z,25.328835
2025-03-04T11:24:00Z,25.829248
2025-03-04T12:00:00Z,24.493479
2025-03-04T12:36:00Z,24.861267
2025-03-04T13:12:00Z,24.15215
2025-03-04T13:48:00Z,25.656845
2025-03-04T14:24:00Z,25.63824
2025-03-04T15:00:00Z,30.48041
2025-03-04T15:36:00Z,24.75715
2025-03-04T16:12:00Z,0
2025-03-04T16:48:00Z,24.061274
2025-03-04T17:24:00Z,25.195112
2025-03-04T18:00:00Z,25.641998
2025-03-04T18:36:00Z,24.618174
2025-03-04T19:12:00Z,0
2025-03-04T19:48:00Z,24.42328
2025-03-04T20:24:00Z,24.0776
2025-03-04T21:00:00Z,30.010075
2025-03-04T21:36:00Z,24.804562
2025-03-04T22:12:00Z,24.888191
2025-03-04T22:48:00Z,24.295511
2025-03-04T23:24:00Z,25.831392
2025-03-05T00:00:00Z,0
2025-03-05T00:36:00Z,24.780613
2025-03-05T01:12:00Z,25.657818
2025-03-05T01:48:00Z,30.427675
2025-03-05T02:24:00Z,0
2025-03-05T03:00:00Z,24.80937
2025-03-05T03:36:00Z,30.042387
2025-03-05T04:12:00Z,25.401152
2025-03-05T04:48:00Z,24.423405
2025-03-05T05:24:00Z,25.68633
2025-03-05T06:00:00Z,0
2025-03-05T06:36:00Z,24.117172
2025-03-05T07:12:00Z,24.543346
2025-03-05T07:48:00Z,24.53056
2025-03-05T08:24:00Z,25.19163
2025-03-05T09:00:00Z,24.275154
2025-03-05T09:36:00Z,25.54352
2025-03-05T10:12:00Z,25.588392
2025-03-05T10:48:00Z,0
2025-03-05T11:24:00Z,25.072817
2025-03-05T12:00:00Z,24.801495
2025-03-05T12:36:00Z,25.069414
2025-03-05T13:12:00Z,24.544977
2025-03-05T13:48:00Z,25.509464
2025-03-05T14:24:00Z,25.541319
2025-03-05T15:00:00Z,0
2025-03-05T15:36:00Z,25.357584
2025-03-05T16:12:00Z,25.953545
2025-03-05T16:48:00Z,24.766775
2025-03-05T17:24:00Z,24.28882
2025-03-05T18:00:00Z,25.978348
2025-03-05T18:36:00Z,24.539469
2025-03-05T19:48:00Z,25.723715
2025-03-05T20:24:00Z,24.008358
2025-03-05T21:00:00Z,0
2025-03-05T21:36:00Z,25.844465
2025-03-05T22:12:00Z,24.733507
2025-03-05T22:48:00Z,24.59185
2025-03-05T23:24:00Z,25.17166
2025-03-06T00:00:00Z,0
2025-03-06T00:36:00Z,24.312517
2025-03-06T01:12:00Z,25.815962
2025-03-06T01:48:00Z,25.771807
2025-03-06T02:24:00Z,0
2025-03-06T03:00:00Z,24.305344
2025-03-06T03:36:00Z,25.772781
2025-03-06T04:12:00Z,30.88344
2025-03-06T04:48:00Z,24.706305
2025-03-06T05:24:00Z,25.123247
2025-03-06T06:00:00Z,24.929932
2025-03-06T06:36:00Z,25.549011
2025-03-06T07:48:00Z,24.11769
2025-03-06T08:24:00Z,25.320415
2025-03-06T09:00:00Z,25.757448
2025-03-06T09:36:00Z,25.484035
2025-03-06T10:12:00Z,24.730106
2025-03-06T10:48:00Z,25.610905
2025-03-06T12:00:00Z,25.77078
2025-03-06T12:36:00Z,25.473688
2025-03-06T13:12:00Z,24.334326
2025-03-06T13:48:00Z,25.69234
2025-03-06T14:24:00Z,25.38923
2025-03-06T15:00:00Z,25.565815
2025-03-06T15:36:00Z,25.231686
2025-03-06T16:12:00Z,25.70717
2025-03-06T16:48:00Z,0
2025-03-06T17:24:00Z,25.751596
2025-03-06T18:00:00Z,0
