Timestamp,Value
2024-10-01T17:24:00Z,24.303576
2024-10-01T18:00:00Z,25.65883
2024-10-01T18:36:00Z,25.623817
2024-10-01T19:12:00Z,24.492207
2024-10-01T21:36:00Z,24.381468
2024-10-01T22:12:00Z,0
2024-10-01T22:48:00Z,24.832357
2024-10-01T23:24:00Z,0
2024-10-02T00:36:00Z,24.769712
2024-10-02T01:12:00Z,25.85668
2024-10-02T01:48:00Z,29.350027
2024-10-02T02:24:00Z,24.497847
2024-10-02T04:12:00Z,24.01355
2024-10-02T05:24:00Z,25.792835
2024-10-02T06:00:00Z,24.531076
2024-10-02T06:36:00Z,24.476713
2024-10-02T07:12:00Z,25.266558
2024-10-02T08:24:00Z,25.449385
2024-10-02T09:00:00Z,24.1365
2024-10-02T09:36:00Z,0
2024-10-02T10:12:00Z,25.280235
2024-10-02T10:48:00Z,0
2024-10-02T11:24:00Z,24.841022
2024-10-02T12:00:00Z,24.111975
2024-10-02T12:36:00Z,0
2024-10-02T14:24:00Z,25.583271
2024-10-02T15:00:00Z,24.512138
2024-10-02T15:36:00Z,24.311344
2024-10-02T16:48:00Z,24.584133
2024-10-02T17:24:00Z,0
2024-10-02T18:36:00Z,24.516294
2024-10-02T19:12:00Z,24.701647
2024-10-02T19:48:00Z,25.480818
2024-10-02T21:00:00Z,25.392359
2024-10-02T21:36:00Z,24.85016
2024-10-02T22:12:00Z,0
2024-10-02T22:48:00Z,25.023891
2024-10-02T23:24:00Z,25.458338
2024-10-03T00:00:00Z,25.4356
2024-10-03T01:12:00Z,24.34361
2024-10-03T01:48:00Z,0
2024-10-03T03:00:00Z,25.638237
2024-10-03T04:48:00Z,24.352245
2024-10-03T05:24:00Z,0
2024-10-03T06:00:00Z,25.471294
2024-10-03T09:36:00Z,0
2024-10-03T10:12:00Z,24.721638
2024-10-03T10:48:00Z,0
2024-10-03T12:36:00Z,25.701738
2024-10-03T13:48:00Z,25.22798
2024-10-03T15:00:00Z,25.507917
2024-10-03T17:24:00Z,24.828972
2024-10-03T18:00:00Z,25.075678
2024-10-03T19:12:00Z,0
2024-10-03T19:48:00Z,24.67121
2024-10-03T20:24:00Z,25.877796
2024-10-03T22:12:00Z,24.381466
2024-10-03T22:48:00Z,25.692562
2024-10-03T23:24:00Z,24.04625
2024-10-04T00:00:00Z,25.506683
2024-10-04T00:36:00Z,24.58624
2024-10-04T01:12:00Z,25.244627
2024-10-04T01:48:00Z,24.099474
2024-10-04T03:00:00Z,25.831158
2024-10-04T04:12:00Z,30.637678
2024-10-04T04:48:00Z,24.266994
2024-10-04T05:24:00Z,29.810991
2024-10-04T06:00:00Z,25.840836
2024-10-04T07:48:00Z,25.340588
2024-10-04T08:24:00Z,24.751184
2024-10-04T09:00:00Z,25.248026
2024-10-04T09:36:00Z,24.90778
2024-10-04T11:24:00Z,25.13537
2024-10-04T12:00:00Z,25.933565
2024-10-04T13:12:00Z,0
2024-10-04T14:24:00Z,25.73747
2024-10-04T15:00:00Z,25.348026
2024-10-04T16:12:00Z,25.683699
2024-10-04T16:48:00Z,0
2024-10-04T17:24:00Z,25.359215
2024-10-04T18:00:00Z,25.1963
2024-10-04T18:36:00Z,0
2024-10-04T19:12:00Z,24.018682
2024-10-04T19:48:00Z,24.870577
2024-10-04T21:36:00Z,24.293814
2024-10-04T22:48:00Z,25.658535
2024-10-04T23:24:00Z,25.910553
2024-10-05T00:00:00Z,25.48663
2024-10-05T00:36:00Z,0
2024-10-05T01:12:00Z,25.261332
2024-10-05T01:48:00Z,0
2024-10-05T02:24:00Z,25.55975
2024-10-05T03:00:00Z,0
2024-10-05T03:36:00Z,0
2024-10-05T04:12:00Z,24.945782
2024-10-05T04:48:00Z,24.589111
2024-10-05T06:36:00Z,25.687428
2024-10-05T07:12:00Z,24.566889
2024-10-05T07:48:00Z,30.768732
2024-10-05T08:24:00Z,25.135056
2024-10-05T09:36:00Z,24.35509
2024-10-05T10:48:00Z,25.949312
2024-10-05T12:00:00Z,25.05774
2024-10-05T13:12:00Z,25.168821
2024-10-05T13:48:00Z,24.795069
2024-10-05T14:24:00Z,25.429306
2024-10-05T15:36:00Z,24.782587
2024-10-05T16:12:00Z,25.94407
2024-10-05T16:48:00Z,25.563604
2024-10-05T17:24:00Z,25.89614
2024-10-05T18:00:00Z,25.017105
2024-10-05T18:36:00Z,29.342524
2024-10-05T19:12:00Z,24.645573
2024-10-05T20:24:00Z,29.429033
2024-10-05T21:00:00Z,0
2024-10-05T22:12:00Z,24.875475
2024-10-05T22:48:00Z,24.042753
2024-10-05T23:24:00Z,24.321728
2024-10-06T00:00:00Z,30.986269
2024-10-06T00:36:00Z,25.777964
2024-10-06T01:12:00Z,24.270397
2024-10-06T01:48:00Z,24.767946
2024-10-06T02:24:00Z,24.369232
2024-10-06T03:00:00Z,0
2024-10-06T03:36:00Z,25.495935
2024-10-06T04:12:00Z,25.338682
2024-10-06T04:48:00Z,24.020796
2024-10-06T05:24:00Z,25.783329
2024-10-06T06:00:00Z,30.10867
2024-10-06T06:36:00Z,24.223974
2024-10-06T07:48:00Z,24.433979
2024-10-06T08:24:00Z,25.939077
2024-10-06T09:36:00Z,25.485216
2024-10-06T10:12:00Z,24.478178
2024-10-06T10:48:00Z,30.940613
2024-10-06T11:24:00Z,25.795925
2024-10-06T12:36:00Z,25.967936
2024-10-06T15:36:00Z,24.063875
2024-10-06T16:12:00Z,24.431793
2024-10-06T16:48:00Z,25.532223
2024-10-06T17:24:00Z,24.595444
2024-10-06T18:36:00Z,29.779675
2024-10-06T19:12:00Z,25.593271
2024-10-06T19:48:00Z,24.414347
2024-10-06T20:24:00Z,25.633095
2024-10-06T21:36:00Z,30.67019
2024-10-06T22:12:00Z,0
2024-10-06T23:24:00Z,24.620274
2024-10-07T00:00:00Z,24.155323
2024-10-07T00:36:00Z,30.798464
2024-10-07T01:12:00Z,24.675055
2024-10-07T01:48:00Z,29.807707
2024-10-07T02:24:00Z,25.780632
2024-10-07T03:36:00Z,24.067043
2024-10-07T06:00:00Z,24.374353
2024-10-07T07:12:00Z,25.486486
2024-10-07T08:24:00Z,25.662106
2024-10-07T09:36:00Z,24.506172
2024-10-07T10:12:00Z,25.812565
2024-10-07T10:48:00Z,30.277662
2024-10-07T11:24:00Z,24.682726
2024-10-07T13:48:00Z,24.300703
2024-10-07T15:00:00Z,25.32122
2024-10-07T15:36:00Z,25.179487
2024-10-07T16:48:00Z,25.985468
2024-10-07T18:00:00Z,25.064539
2024-10-07T18:36:00Z,0
2024-10-07T19:12:00Z,24.746565
2024-10-07T19:48:00Z,25.742008
2024-10-07T20:24:00Z,0
2024-10-07T21:00:00Z,24.784382
2024-10-08T00:00:00Z,25.278046
2024-10-08T01:12:00Z,25.772964
2024-10-08T03:00:00Z,25.134226
2024-10-08T03:36:00Z,0
2024-10-08T06:36:00Z,25.711866
2024-10-08T07:12:00Z,24.88647
2024-10-08T09:00:00Z,24.280159
2024-10-08T10:48:00Z,30.47303
2024-10-08T11:24:00Z,25.057657
2024-10-08T12:00:00Z,24.893442
2024-10-08T12:36:00Z,25.890423
2024-10-08T13:48:00Z,24.293877
2024-10-08T14:24:00Z,25.486204
2024-10-08T15:00:00Z,25.17154
2024-10-08T16:12:00Z,25.440466
2024-10-08T16:48:00Z,24.2828
2024-10-08T17:24:00Z,25.362717
2024-10-08T19:48:00Z,24.99129
2024-10-08T21:00:00Z,25.388403
2024-10-08T21:36:00Z,24.130522
2024-10-08T22:12:00Z,25.85293
2024-10-08T22:48:00Z,24.296835
2024-10-09T00:00:00Z,24.575483
2024-10-09T01:12:00Z,29.549267
2024-10-09T01:48:00Z,0
2024-10-09T02:24:00Z,25.54984
2024-10-09T03:00:00Z,25.972244
2024-10-09T04:12:00Z,29.69495
2024-10-09T04:48:00Z,24.380913
2024-10-09T06:00:00Z,25.18092
2024-10-09T08:24:00Z,25.99704
2024-10-09T10:12:00Z,24.152071
2024-10-09T11:24:00Z,25.664082
2024-10-09T12:00:00Z,24.277853
2024-10-09T12:36:00Z,25.441654
2024-10-09T13:48:00Z,25.330694
2024-10-09T14:24:00Z,24.411858
2024-10-09T15:36:00Z,25.054796
2024-10-09T16:12:00Z,24.80418
2024-10-09T16:48:00Z,25.41287
2024-10-09T17:24:00Z,25.029234
2024-10-09T18:00:00Z,24.670298
2024-10-09T18:36:00Z,25.23205
2024-10-09T20:24:00Z,25.41802
2024-10-09T21:00:00Z,25.14835
2024-10-09T22:48:00Z,25.820251
2024-10-10T00:36:00Z,25.84104
2024-10-10T01:12:00Z,25.712852
2024-10-10T01:48:00Z,30.604145
2024-10-10T02:24:00Z,25.376228
2024-10-10T03:00:00Z,24.645906
2024-10-10T03:36:00Z,24.715755
2024-10-10T04:12:00Z,25.773798
2024-10-10T06:00:00Z,25.572344
2024-10-10T07:12:00Z,24.728231
2024-10-10T07:48:00Z,0
2024-10-10T08:24:00Z,24.354916
2024-10-10T09:00:00Z,25.125284
2024-10-10T09:36:00Z,25.180313
2024-10-10T10:12:00Z,25.690548
2024-10-10T10:48:00Z,24.314278
2024-10-10T13:48:00Z,24.510778
2024-10-10T14:24:00Z,0
2024-10-10T15:36:00Z,29.08842
2024-10-10T16:12:00Z,24.757639
2024-10-10T17:24:00Z,24.640139
2024-10-10T19:12:00Z,25.867445
2024-10-10T20:24:00Z,25.22348
2024-10-10T21:00:00Z,25.519262
2024-10-10T22:48:00Z,25.105968
2024-10-10T23:24:00Z,0
2024-10-11T00:00:00Z,25.006306
2024-10-11T01:12:00Z,25.359394
2024-10-11T03:00:00Z,24.169437
2024-10-11T04:12:00Z,24.63132
2024-10-11T04:48:00Z,25.356825
2024-10-11T07:12:00Z,24.432493
2024-10-11T07:48:00Z,24.528008
2024-10-11T08:24:00Z,25.256239
2024-10-11T09:00:00Z,24.186838
2024-10-11T11:24:00Z,24.821589
2024-10-11T12:36:00Z,29.034712
2024-10-11T13:12:00Z,25.914175
2024-10-11T13:48:00Z,24.54001
2024-10-11T14:24:00Z,25.28503
2024-10-11T15:00:00Z,24.410734
2024-10-11T16:48:00Z,25.398245
2024-10-11T17:24:00Z,0
2024-10-11T18:00:00Z,25.519516
2024-10-11T20:24:00Z,24.090456
2024-10-11T21:36:00Z,29.680422
2024-10-11T22:12:00Z,24.797579
2024-10-12T00:00:00Z,24.474222
2024-10-12T01:12:00Z,25.264893
2024-10-12T01:48:00Z,24.944504
2024-10-12T02:24:00Z,25.348322
2024-10-12T03:36:00Z,24.881643
2024-10-12T04:12:00Z,25.172592
2024-10-12T04:48:00Z,24.429026
2024-10-12T05:24:00Z,0
2024-10-12T06:00:00Z,25.47163
2024-10-12T06:36:00Z,25.158102
2024-10-12T07:12:00Z,24.066118
2024-10-12T07:48:00Z,24.326519
2024-10-12T09:36:00Z,29.374668
2024-10-12T10:12:00Z,25.672152
2024-10-12T12:00:00Z,25.948359
2024-10-12T12:36:00Z,25.491488
2024-10-12T13:12:00Z,25.595375
2024-10-12T14:24:00Z,24.11369
2024-10-12T15:00:00Z,24.596642
2024-10-12T16:12:00Z,24.11668
2024-10-12T16:48:00Z,24.411753
2024-10-12T18:00:00Z,24.368172
2024-10-12T20:24:00Z,30.031307
2024-10-12T21:00:00Z,24.929539
2024-10-12T21:36:00Z,24.495268
2024-10-12T22:12:00Z,0
2024-10-12T23:24:00Z,24.589937
2024-10-13T00:36:00Z,25.465168
2024-10-13T01:48:00Z,25.524137
2024-10-13T02:24:00Z,30.02396
2024-10-13T03:00:00Z,0
2024-10-13T03:36:00Z,24.098219
2024-10-13T04:48:00Z,25.692644
2024-10-13T05:24:00Z,25.581642
2024-10-13T06:00:00Z,24.120245
2024-10-13T06:36:00Z,29.008343
2024-10-13T07:12:00Z,25.207144
2024-10-13T07:48:00Z,25.583965
2024-10-13T08:24:00Z,0
2024-10-13T10:12:00Z,25.301882
2024-10-13T10:48:00Z,29.705845
2024-10-13T11:24:00Z,0
2024-10-13T12:00:00Z,29.251278
2024-10-13T12:36:00Z,24.343634
2024-10-13T14:24:00Z,24.62633
2024-10-13T15:00:00Z,24.991934
2024-10-13T15:36:00Z,24.158508
2024-10-13T16:12:00Z,29.039186
2024-10-13T16:48:00Z,24.818363
2024-10-13T19:12:00Z,24.246962
2024-10-13T19:48:00Z,25.374395
2024-10-13T20:24:00Z,29.597986
2024-10-13T21:00:00Z,24.642866
2024-10-13T22:12:00Z,25.841866
2024-10-13T22:48:00Z,24.219898
2024-10-14T00:36:00Z,25.966602
2024-10-14T01:48:00Z,24.38645
2024-10-14T02:24:00Z,25.134378
2024-10-14T03:36:00Z,24.319208
2024-10-14T04:12:00Z,25.965496
2024-10-14T04:48:00Z,24.568165
2024-10-14T05:24:00Z,24.858938
2024-10-14T06:00:00Z,24.103369
2024-10-14T08:24:00Z,25.623209
2024-10-14T09:00:00Z,25.378971
2024-10-14T09:36:00Z,25.750004
2024-10-14T10:12:00Z,24.942316
2024-10-14T10:48:00Z,25.4412
2024-10-14T11:24:00Z,0
2024-10-14T12:00:00Z,24.274446
2024-10-14T12:36:00Z,25.733278
2024-10-14T13:12:00Z,24.274927
2024-10-14T13:48:00Z,25.719381
2024-10-14T14:24:00Z,25.093468
2024-10-14T15:36:00Z,25.674822
2024-10-14T16:12:00Z,24.97559
2024-10-14T18:00:00Z,24.643934
2024-10-14T18:36:00Z,25.983282
2024-10-14T19:12:00Z,0
2024-10-14T19:48:00Z,25.512547
2024-10-14T20:24:00Z,0
2024-10-14T21:00:00Z,25.437984
2024-10-14T21:36:00Z,24.804983
2024-10-14T23:24:00Z,24.61262
2024-10-15T00:00:00Z,29.589535
2024-10-15T00:36:00Z,0
2024-10-15T01:12:00Z,0
2024-10-15T01:48:00Z,29.232218
2024-10-15T02:24:00Z,24.293238
2024-10-15T03:36:00Z,25.139555
2024-10-15T04:12:00Z,25.009901
2024-10-15T05:24:00Z,24.053719
2024-10-15T06:00:00Z,25.70415
2024-10-15T06:36:00Z,24.774414
2024-10-15T07:12:00Z,24.298382
2024-10-15T07:48:00Z,25.457918
2024-10-15T08:24:00Z,25.9205
2024-10-15T09:00:00Z,24.347689
2024-10-15T09:36:00Z,0
2024-10-15T11:24:00Z,24.153357
2024-10-15T12:36:00Z,24.92205
2024-10-15T13:48:00Z,30.071423
2024-10-15T14:24:00Z,24.985952
2024-10-15T15:36:00Z,25.727564
2024-10-15T16:48:00Z,30.270178
2024-10-15T17:24:00Z,0
2024-10-15T18:00:00Z,25.615705
2024-10-15T19:12:00Z,25.968771
2024-10-15T19:48:00Z,0
2024-10-15T21:36:00Z,25.005781
2024-10-15T22:12:00Z,25.037308
2024-10-15T22:48:00Z,0
2024-10-16T00:00:00Z,25.772425
2024-10-16T00:36:00Z,0
2024-10-16T01:48:00Z,24.550966
2024-10-16T02:24:00Z,25.03972
2024-10-16T03:00:00Z,0
2024-10-16T04:12:00Z,25.412584
2024-10-16T04:48:00Z,25.131458
2024-10-16T05:24:00Z,0
2024-10-16T06:00:00Z,24.703959
2024-10-16T06:36:00Z,25.26474
2024-10-16T07:48:00Z,24.179602
2024-10-16T08:24:00Z,24.432083
2024-10-16T09:00:00Z,25.687727
2024-10-16T09:36:00Z,24.609812
2024-10-16T10:48:00Z,24.576653
2024-10-16T11:24:00Z,24.100079
2024-10-16T13:12:00Z,25.830473
2024-10-16T13:48:00Z,29.604525
2024-10-16T14:24:00Z,25.77498
2024-10-16T15:36:00Z,25.58869
2024-10-16T16:12:00Z,24.709238
2024-10-16T16:48:00Z,0
2024-10-16T17:24:00Z,25.352816
2024-10-16T18:36:00Z,24.60161
2024-10-16T19:12:00Z,25.083202
2024-10-16T20:24:00Z,24.196962
2024-10-16T21:00:00Z,25.59173
2024-10-16T22:12:00Z,25.92856
2024-10-16T22:48:00Z,25.086895
2024-10-17T00:36:00Z,25.954
2024-10-17T01:12:00Z,0
2024-10-17T03:00:00Z,25.470062
2024-10-17T04:12:00Z,30.86754
2024-10-17T04:48:00Z,25.289139
2024-10-17T05:24:00Z,24.205664
2024-10-17T06:00:00Z,24.532291
2024-10-17T07:12:00Z,24.250153
2024-10-17T08:24:00Z,25.53168
2024-10-17T09:00:00Z,24.92873
2024-10-17T10:12:00Z,24.36373
2024-10-17T12:00:00Z,25.63773
2024-10-17T14:24:00Z,29.2185
2024-10-17T15:00:00Z,24.578672
2024-10-17T15:36:00Z,25.861513
2024-10-17T16:12:00Z,24.463934
2024-10-17T18:00:00Z,24.01258
2024-10-17T18:36:00Z,25.475704
2024-10-17T19:12:00Z,24.153913
2024-10-17T19:48:00Z,25.344513
2024-10-17T21:00:00Z,24.456045
2024-10-17T21:36:00Z,30.420372
2024-10-17T22:12:00Z,24.846676
2024-10-17T22:48:00Z,25.092676
2024-10-17T23:24:00Z,24.876122
2024-10-18T00:00:00Z,25.97786
2024-10-18T01:12:00Z,25.20629
2024-10-18T01:48:00Z,25.153536
2024-10-18T02:24:00Z,0
2024-10-18T03:00:00Z,24.717543
2024-10-18T03:36:00Z,29.476297
2024-10-18T04:12:00Z,0
2024-10-18T05:24:00Z,25.353664
2024-10-18T06:00:00Z,29.820263
2024-10-18T06:36:00Z,25.67178
2024-10-18T07:12:00Z,24.143217
2024-10-18T08:24:00Z,25.640398
2024-10-18T09:00:00Z,0
2024-10-18T10:12:00Z,24.678751
2024-10-18T10:48:00Z,25.720175
2024-10-18T12:00:00Z,25.897394
2024-10-18T13:12:00Z,25.424044
2024-10-18T13:48:00Z,0
2024-10-18T14:24:00Z,25.490112
2024-10-18T15:00:00Z,24.932867
2024-10-18T15:36:00Z,25.623087
2024-10-18T16:12:00Z,24.19492
2024-10-18T19:12:00Z,24.392765
2024-10-18T19:48:00Z,25.859848
2024-10-18T21:00:00Z,0
2024-10-18T22:12:00Z,25.843756
2024-10-18T22:48:00Z,25.955984
2024-10-19T00:00:00Z,24.136507
2024-10-19T01:12:00Z,25.907368
2024-10-19T01:48:00Z,25.31728
2024-10-19T02:24:00Z,29.969213
2024-10-19T03:00:00Z,24.662931
2024-10-19T04:12:00Z,25.129171
2024-10-19T04:48:00Z,24.43597
2024-10-19T05:24:00Z,30.504093
2024-10-19T06:00:00Z,24.179653
2024-10-19T07:48:00Z,24.037987
2024-10-19T08:24:00Z,25.151953
2024-10-19T09:00:00Z,24.874544
2024-10-19T09:36:00Z,25.293053
2024-10-19T10:12:00Z,24.342453
2024-10-19T10:48:00Z,25.161629
2024-10-19T12:00:00Z,25.269691
2024-10-19T13:12:00Z,25.897383
2024-10-19T14:24:00Z,0
2024-10-19T15:00:00Z,25.446812
2024-10-19T15:36:00Z,0
2024-10-19T16:12:00Z,0
2024-10-19T16:48:00Z,30.199076
2024-10-19T17:24:00Z,0
2024-10-19T18:00:00Z,24.491179
2024-10-19T18:36:00Z,25.317215
2024-10-19T19:48:00Z,24.297579
2024-10-19T20:24:00Z,24.386536
2024-10-19T21:00:00Z,29.219183
2024-10-19T21:36:00Z,24.473373
2024-10-19T22:12:00Z,25.561737
2024-10-19T22:48:00Z,24.314718
2024-10-19T23:24:00Z,29.839266
2024-10-20T00:00:00Z,25.334091
2024-10-20T00:36:00Z,24.147537
2024-10-20T01:12:00Z,30.100533
2024-10-20T01:48:00Z,25.834349
2024-10-20T02:24:00Z,25.758308
2024-10-20T03:00:00Z,24.129597
2024-10-20T03:36:00Z,24.730087
2024-10-20T06:00:00Z,25.965189
2024-10-20T06:36:00Z,0
2024-10-20T07:12:00Z,24.435394
2024-10-20T07:48:00Z,25.68611
2024-10-20T08:24:00Z,24.288496
2024-10-20T09:00:00Z,25.014912
2024-10-20T09:36:00Z,25.224035
2024-10-20T10:12:00Z,25.945251
2024-10-20T10:48:00Z,24.53476
2024-10-20T12:36:00Z,25.052004
2024-10-20T13:12:00Z,30.47314
2024-10-20T13:48:00Z,0
2024-10-20T15:00:00Z,25.300268
2024-10-20T18:00:00Z,24.491806
2024-10-20T19:48:00Z,24.704308
2024-10-20T20:24:00Z,25.298136
2024-10-20T21:00:00Z,24.327051
2024-10-20T21:36:00Z,25.020628
2024-10-20T22:12:00Z,24.96207
2024-10-20T22:48:00Z,25.58184
2024-10-21T00:36:00Z,24.102987
2024-10-21T01:48:00Z,24.173208
2024-10-21T02:24:00Z,25.787985
2024-10-21T03:00:00Z,24.476765
2024-10-21T03:36:00Z,25.88008
2024-10-21T05:24:00Z,25.789135
2024-10-21T06:00:00Z,24.989561
2024-10-21T07:48:00Z,30.119846
2024-10-21T08:24:00Z,0
2024-10-21T09:00:00Z,24.607462
2024-10-21T09:36:00Z,24.997868
2024-10-21T11:24:00Z,0
2024-10-21T12:00:00Z,24.216438
2024-10-21T12:36:00Z,29.273531
2024-10-21T13:12:00Z,25.326092
2024-10-21T14:24:00Z,24.696468
2024-10-21T15:00:00Z,25.486418
2024-10-21T15:36:00Z,0
2024-10-21T16:12:00Z,25.89355
2024-10-21T16:48:00Z,24.004887
2024-10-21T17:24:00Z,25.66755
2024-10-21T18:00:00Z,24.226439
2024-10-21T19:12:00Z,25.48714
2024-10-21T20:24:00Z,24.07147
2024-10-21T21:00:00Z,25.707195
2024-10-21T21:36:00Z,24.153625
2024-10-21T22:12:00Z,25.704681
2024-10-21T22:48:00Z,0
2024-10-22T00:00:00Z,25.357243
2024-10-22T00:36:00Z,25.951553
2024-10-22T01:12:00Z,24.36938
2024-10-22T01:48:00Z,25.500908
2024-10-22T03:00:00Z,24.103497
2024-10-22T04:48:00Z,24.42434
2024-10-22T05:24:00Z,30.714428
2024-10-22T06:00:00Z,24.316801
2024-10-22T07:12:00Z,25.725416
2024-10-22T07:48:00Z,0
2024-10-22T08:24:00Z,25.572577
2024-10-22T09:00:00Z,30.2352
2024-10-22T09:36:00Z,25.135052
2024-10-22T11:24:00Z,24.01035
2024-10-22T12:00:00Z,24.87063
2024-10-22T12:36:00Z,24.57743
2024-10-22T13:12:00Z,29.100035
2024-10-22T13:48:00Z,0
2024-10-22T14:24:00Z,24.07164
2024-10-22T15:00:00Z,24.042202
2024-10-22T16:48:00Z,30.692173
2024-10-22T17:24:00Z,25.61868
2024-10-22T18:00:00Z,24.51208
2024-10-22T18:36:00Z,25.37059
2024-10-22T19:48:00Z,29.605852
2024-10-22T20:24:00Z,25.557579
2024-10-22T21:00:00Z,25.7389
2024-10-22T21:36:00Z,24.95886
2024-10-23T00:00:00Z,25.908257
2024-10-23T00:36:00Z,0
2024-10-23T01:12:00Z,24.09315
2024-10-23T01:48:00Z,0
2024-10-23T02:24:00Z,24.938814
2024-10-23T03:00:00Z,24.072716
2024-10-23T03:36:00Z,24.269272
2024-10-23T04:12:00Z,25.16744
2024-10-23T04:48:00Z,29.087696
2024-10-23T05:24:00Z,25.880402
2024-10-23T06:00:00Z,25.616522
2024-10-23T06:36:00Z,0
2024-10-23T07:12:00Z,25.020067
2024-10-23T07:48:00Z,24.081837
2024-10-23T08:24:00Z,25.44159
2024-10-23T09:00:00Z,24.23467
2024-10-23T09:36:00Z,24.398077
2024-10-23T10:12:00Z,24.108032
2024-10-23T12:00:00Z,25.411549
2024-10-23T13:12:00Z,25.599026
2024-10-23T13:48:00Z,24.133877
2024-10-23T15:36:00Z,25.756197
2024-10-23T16:12:00Z,25.92134
2024-10-23T18:36:00Z,24.928574
2024-10-23T19:12:00Z,0
2024-10-23T20:24:00Z,24.853947
2024-10-23T21:36:00Z,25.316856
2024-10-23T22:48:00Z,24.171753
2024-10-23T23:24:00Z,25.008377
2024-10-24T00:00:00Z,24.473219
2024-10-24T02:24:00Z,24.965506
2024-10-24T03:00:00Z,24.020359
2024-10-24T03:36:00Z,0
2024-10-24T04:12:00Z,30.482647
2024-10-24T04:48:00Z,25.9578
2024-10-24T05:24:00Z,25.5576
2024-10-24T06:00:00Z,24.138231
2024-10-24T07:12:00Z,25.956287
2024-10-24T07:48:00Z,0
2024-10-24T08:24:00Z,25.833576
2024-10-24T09:00:00Z,0
2024-10-24T09:36:00Z,24.957808
2024-10-24T10:12:00Z,25.639656
2024-10-24T11:24:00Z,24.478495
2024-10-24T12:36:00Z,25.395216
2024-10-24T13:12:00Z,24.70916
2024-10-24T13:48:00Z,25.929976
2024-10-24T15:00:00Z,25.90575
2024-10-24T15:36:00Z,24.350761
2024-10-24T17:24:00Z,25.764582
2024-10-24T18:00:00Z,25.228205
2024-10-24T19:48:00Z,30.012693
2024-10-24T20:24:00Z,24.853533
2024-10-24T21:00:00Z,25.809402
2024-10-24T21:36:00Z,24.54236
2024-10-24T22:12:00Z,25.509773
2024-10-24T22:48:00Z,24.707829
2024-10-25T00:00:00Z,24.352135
2024-10-25T00:36:00Z,25.17865
2024-10-25T01:12:00Z,25.441816
2024-10-25T01:48:00Z,30.536945
2024-10-25T02:24:00Z,25.78355
2024-10-25T03:00:00Z,25.4314
2024-10-25T03:36:00Z,0
2024-10-25T05:24:00Z,25.188848
2024-10-25T06:00:00Z,25.298042
2024-10-25T06:36:00Z,24.431244
2024-10-25T07:48:00Z,25.353834
2024-10-25T08:24:00Z,24.825932
2024-10-25T09:36:00Z,25.04269
2024-10-25T10:12:00Z,24.77559
2024-10-25T10:48:00Z,29.304865
2024-10-25T11:24:00Z,25.69801
2024-10-25T12:00:00Z,30.759321
2024-10-25T12:36:00Z,0
2024-10-25T13:12:00Z,24.828129
2024-10-25T13:48:00Z,25.432016
2024-10-25T14:24:00Z,24.487946
2024-10-25T15:00:00Z,25.749868
2024-10-25T15:36:00Z,25.042513
2024-10-25T16:12:00Z,25.515066
2024-10-25T19:12:00Z,25.33512
2024-10-25T19:48:00Z,30.770878
2024-10-25T20:24:00Z,25.65583
2024-10-25T21:00:00Z,24.005558
2024-10-25T21:36:00Z,0
2024-10-25T22:12:00Z,24.399126
2024-10-26T00:36:00Z,29.761354
2024-10-26T01:12:00Z,0
2024-10-26T01:48:00Z,24.420511
2024-10-26T02:24:00Z,25.819332
2024-10-26T03:00:00Z,24.824081
2024-10-26T03:36:00Z,29.469912
2024-10-26T04:12:00Z,0
2024-10-26T06:00:00Z,25.387297
2024-10-26T06:36:00Z,24.128124
2024-10-26T07:12:00Z,24.45234
2024-10-26T07:48:00Z,25.855057
2024-10-26T08:24:00Z,24.983355
2024-10-26T09:36:00Z,25.99123
2024-10-26T10:48:00Z,24.638775
2024-10-26T11:24:00Z,30.366465
2024-10-26T12:00:00Z,24.475412
2024-10-26T13:12:00Z,25.726591
2024-10-26T13:48:00Z,24.271183
2024-10-26T14:24:00Z,25.309122
2024-10-26T16:12:00Z,25.519304
2024-10-26T16:48:00Z,25.20837
2024-10-26T17:24:00Z,24.38358
2024-10-26T18:00:00Z,25.527706
2024-10-26T18:36:00Z,25.553219
2024-10-26T19:12:00Z,0
2024-10-26T19:48:00Z,24.871502
2024-10-26T20:24:00Z,25.590178
2024-10-26T21:00:00Z,29.50894
2024-10-26T21:36:00Z,25.806257
2024-10-26T22:12:00Z,24.131893
2024-10-26T23:24:00Z,24.284046
2024-10-27T00:00:00Z,25.343973
2024-10-27T00:36:00Z,24.400562
2024-10-27T01:48:00Z,25.18169
2024-10-27T02:24:00Z,24.10297
2024-10-27T03:00:00Z,0
2024-10-27T03:36:00Z,24.573843
2024-10-27T04:12:00Z,24.246304
2024-10-27T04:48:00Z,25.890535
2024-10-27T06:36:00Z,24.346016
2024-10-27T07:12:00Z,24.095
2024-10-27T07:48:00Z,0
2024-10-27T08:24:00Z,24.266396
2024-10-27T09:00:00Z,0
2024-10-27T09:36:00Z,25.485487
2024-10-27T10:12:00Z,30.804953
2024-10-27T10:48:00Z,24.607845
2024-10-27T11:24:00Z,24.971432
2024-10-27T12:00:00Z,24.416615
2024-10-27T13:12:00Z,30.560535
2024-10-27T13:48:00Z,0
2024-10-27T14:24:00Z,25.537828
2024-10-27T15:00:00Z,24.307447
2024-10-27T15:36:00Z,25.885971
2024-10-27T16:12:00Z,24.760817
2024-10-27T16:48:00Z,25.398855
2024-10-27T17:24:00Z,24.491016
2024-10-27T18:00:00Z,24.50103
2024-10-27T18:36:00Z,25.52169
2024-10-27T19:12:00Z,0
2024-10-27T19:48:00Z,25.730494
2024-10-27T20:24:00Z,25.238605
2024-10-27T21:00:00Z,24.25793
2024-10-28T00:36:00Z,24.687546
2024-10-28T01:12:00Z,25.469131
2024-10-28T01:48:00Z,25.185904
2024-10-28T02:24:00Z,25.52488
2024-10-28T03:36:00Z,25.392298
2024-10-28T04:48:00Z,25.87072
2024-10-28T05:24:00Z,24.016233
2024-10-28T06:00:00Z,25.63642
2024-10-28T07:12:00Z,24.27805
2024-10-28T08:24:00Z,24.515415
2024-10-28T09:00:00Z,30.030548
2024-10-28T09:36:00Z,24.879034
2024-10-28T10:12:00Z,25.543398
2024-10-28T10:48:00Z,25.04702
2024-10-28T11:24:00Z,25.79959
2024-10-28T12:00:00Z,24.107206
2024-10-28T13:12:00Z,24.670958
2024-10-28T13:48:00Z,0
2024-10-28T14:24:00Z,30.876347
2024-10-28T15:00:00Z,25.812542
2024-10-28T15:36:00Z,29.512512
2024-10-28T16:12:00Z,25.801714
2024-10-28T20:24:00Z,25.940998
2024-10-28T21:00:00Z,25.227718
2024-10-28T21:36:00Z,25.870897
2024-10-28T22:48:00Z,0
2024-10-28T23:24:00Z,24.62584
2024-10-29T00:00:00Z,25.969894
2024-10-29T01:12:00Z,24.292383
2024-10-29T02:24:00Z,25.07034
2024-10-29T03:00:00Z,0
2024-10-29T04:12:00Z,25.744892
2024-10-29T06:00:00Z,25.696274
2024-10-29T08:24:00Z,24.773176
2024-10-29T09:00:00Z,25.73135
2024-10-29T09:36:00Z,24.273947
2024-10-29T11:24:00Z,25.59103
2024-10-29T12:00:00Z,24.268476
2024-10-29T13:12:00Z,24.474646
2024-10-29T13:48:00Z,30.42875
2024-10-29T14:24:00Z,0
2024-10-29T15:00:00Z,25.54948
2024-10-29T16:12:00Z,25.629633
2024-10-29T16:48:00Z,24.442442
2024-10-29T17:24:00Z,24.431334
2024-10-29T18:00:00Z,0
2024-10-29T18:36:00Z,25.60721
2024-10-29T19:12:00Z,0
2024-10-29T20:24:00Z,25.126596
2024-10-29T21:00:00Z,25.477516
2024-10-29T21:36:00Z,25.038221
2024-10-29T22:12:00Z,0
2024-10-29T22:48:00Z,24.634354
2024-10-29T23:24:00Z,0
2024-10-30T00:00:00Z,24.870352
2024-10-30T00:36:00Z,25.172813
2024-10-30T01:48:00Z,30.861523
2024-10-30T02:24:00Z,24.141161
2024-10-30T05:24:00Z,24.404627
2024-10-30T06:36:00Z,24.032877
2024-10-30T07:12:00Z,0
2024-10-30T07:48:00Z,24.28356
2024-10-30T09:00:00Z,25.46423
2024-10-30T09:36:00Z,25.497953
2024-10-30T10:12:00Z,0
2024-10-30T10:48:00Z,24.625618
2024-10-30T11:24:00Z,25.116005
2024-10-30T12:36:00Z,30.124125
2024-10-30T13:12:00Z,25.981634
2024-10-30T16:12:00Z,25.65449
2024-10-30T16:48:00Z,29.701101
2024-10-30T17:24:00Z,25.495136
2024-10-30T19:12:00Z,25.096172
2024-10-30T19:48:00Z,25.989006
2024-10-30T20:24:00Z,30.631163
2024-10-30T21:00:00Z,0
2024-10-30T21:36:00Z,24.250462
2024-10-30T23:24:00Z,24.291464
2024-10-31T00:00:00Z,25.637291
2024-10-31T01:12:00Z,30.61005
2024-10-31T01:48:00Z,0
2024-10-31T03:00:00Z,24.558155
2024-10-31T03:36:00Z,24.472212
2024-10-31T06:00:00Z,25.73121
2024-10-31T06:36:00Z,24.414904
2024-10-31T07:48:00Z,24.715973
2024-10-31T08:24:00Z,24.027952
2024-10-31T09:36:00Z,29.674152
2024-10-31T10:12:00Z,0
2024-10-31T12:00:00Z,24.03092
2024-10-31T12:36:00Z,25.128773
2024-10-31T13:12:00Z,25.66552
2024-10-31T13:48:00Z,0
2024-10-31T15:00:00Z,25.259201
2024-10-31T15:36:00Z,0
2024-10-31T16:12:00Z,24.409636
2024-10-31T16:48:00Z,25.624983
2024-10-31T18:36:00Z,24.921469
2024-10-31T19:12:00Z,24.202763
2024-10-31T22:12:00Z,25.434505
2024-10-31T23:24:00Z,25.450481
2024-11-01T00:36:00Z,24.516506
2024-11-01T01:12:00Z,25.631924
2024-11-01T01:48:00Z,25.897982
2024-11-01T06:00:00Z,24.565964
2024-11-01T06:36:00Z,30.16821
2024-11-01T07:12:00Z,0
2024-11-01T07:48:00Z,25.730507
2024-11-01T08:24:00Z,24.407682
2024-11-01T09:00:00Z,24.691254
2024-11-01T09:36:00Z,0
2024-11-01T10:12:00Z,25.039541
2024-11-01T10:48:00Z,0
2024-11-01T12:00:00Z,25.61775
2024-11-01T12:36:00Z,25.883345
2024-11-01T13:48:00Z,24.273293
2024-11-01T14:24:00Z,25.195452
2024-11-01T15:00:00Z,0
2024-11-01T17:24:00Z,29.561502
2024-11-01T18:00:00Z,25.36122
2024-11-01T19:48:00Z,24.64504
2024-11-01T21:00:00Z,24.871008
2024-11-01T21:36:00Z,24.332289
2024-11-01T22:12:00Z,0
2024-11-01T22:48:00Z,24.842022
2024-11-01T23:24:00Z,0
2024-11-02T00:36:00Z,24.574007
2024-11-02T01:12:00Z,25.965473
2024-11-02T01:48:00Z,24.798288
2024-11-02T03:00:00Z,25.756662
2024-11-02T04:12:00Z,25.000652
2024-11-02T06:00:00Z,25.636768
2024-11-02T06:36:00Z,30.880232
2024-11-02T07:12:00Z,25.846098
2024-11-02T07:48:00Z,30.851685
2024-11-02T08:24:00Z,24.50447
2024-11-02T09:00:00Z,25.401934
2024-11-02T09:36:00Z,24.113981
2024-11-02T10:12:00Z,24.03086
2024-11-02T10:48:00Z,25.91682
2024-11-02T11:24:00Z,24.544092
2024-11-02T12:00:00Z,25.84137
2024-11-02T12:36:00Z,0
2024-11-02T13:12:00Z,24.75978
2024-11-02T13:48:00Z,25.627016
2024-11-02T14:24:00Z,24.203053
2024-11-02T15:00:00Z,0
2024-11-02T15:36:00Z,24.028475
2024-11-02T16:12:00Z,24.576513
2024-11-02T16:48:00Z,29.043821
2024-11-02T17:24:00Z,0
2024-11-02T18:00:00Z,25.302008
2024-11-02T18:36:00Z,25.890873
2024-11-02T19:12:00Z,24.638212
2024-11-02T19:48:00Z,0
2024-11-02T20:24:00Z,25.23828
2024-11-02T21:00:00Z,25.478296
2024-11-02T21:36:00Z,25.264854
2024-11-02T22:12:00Z,0
2024-11-02T22:48:00Z,25.517597
2024-11-02T23:24:00Z,0
2024-11-03T00:36:00Z,24.60068
2024-11-03T01:12:00Z,24.686243
2024-11-03T01:48:00Z,29.133818
2024-11-03T02:24:00Z,0
2024-11-03T03:36:00Z,30.701147
2024-11-03T04:12:00Z,24.644497
2024-11-03T04:48:00Z,25.810913
2024-11-03T05:24:00Z,25.609781
2024-11-03T06:00:00Z,24.98125
2024-11-03T07:12:00Z,25.926582
2024-11-03T07:48:00Z,24.30524
2024-11-03T08:24:00Z,0
2024-11-03T10:48:00Z,25.196774
2024-11-03T12:00:00Z,25.128937
2024-11-03T12:36:00Z,0
2024-11-03T13:12:00Z,25.027983
2024-11-03T15:00:00Z,24.483534
2024-11-03T15:36:00Z,0
2024-11-03T17:24:00Z,24.747534
2024-11-03T18:00:00Z,24.453636
2024-11-03T18:36:00Z,0
2024-11-03T19:12:00Z,25.291195
2024-11-03T21:00:00Z,24.157978
2024-11-03T21:36:00Z,24.355902
2024-11-03T22:12:00Z,0
2024-11-03T23:24:00Z,29.995205
2024-11-04T00:00:00Z,0
2024-11-04T00:36:00Z,25.695894
2024-11-04T01:48:00Z,30.658861
2024-11-04T02:24:00Z,25.215132
2024-11-04T03:00:00Z,25.619337
2024-11-04T03:36:00Z,24.807314
2024-11-04T05:24:00Z,24.146105
2024-11-04T07:48:00Z,25.068342
2024-11-04T08:24:00Z,25.830944
2024-11-04T09:36:00Z,24.641851
2024-11-04T10:12:00Z,24.578743
2024-11-04T10:48:00Z,24.01421
2024-11-04T11:24:00Z,24.03437
2024-11-04T12:00:00Z,25.956959
2024-11-04T12:36:00Z,24.36793
2024-11-04T13:12:00Z,25.098104
2024-11-04T13:48:00Z,0
2024-11-04T15:36:00Z,25.332222
2024-11-04T16:48:00Z,25.39467
2024-11-04T17:24:00Z,24.699467
2024-11-04T18:00:00Z,24.711658
2024-11-04T18:36:00Z,25.254519
2024-11-04T19:12:00Z,24.873053
2024-11-04T19:48:00Z,25.0327
2024-11-04T21:36:00Z,25.865755
2024-11-04T22:48:00Z,24.012186
2024-11-04T23:24:00Z,24.870579
2024-11-05T00:00:00Z,0
2024-11-05T00:36:00Z,0
2024-11-05T01:12:00Z,25.077402
2024-11-05T02:24:00Z,24.720886
2024-11-05T03:36:00Z,25.658129
2024-11-05T04:48:00Z,25.599035
2024-11-05T05:24:00Z,24.121456
2024-11-05T07:48:00Z,25.019197
2024-11-05T08:24:00Z,29.959702
2024-11-05T09:00:00Z,25.2314
2024-11-05T09:36:00Z,24.772724
2024-11-05T10:12:00Z,0
2024-11-05T10:48:00Z,25.365322
2024-11-05T12:00:00Z,0
2024-11-05T13:12:00Z,24.870697
2024-11-05T13:48:00Z,25.054688
2024-11-05T15:00:00Z,24.534258
2024-11-05T15:36:00Z,25.968615
2024-11-05T16:48:00Z,24.545557
2024-11-05T17:24:00Z,0
2024-11-05T18:00:00Z,25.285437
2024-11-05T18:36:00Z,25.231674
2024-11-05T19:48:00Z,24.367195
2024-11-05T20:24:00Z,25.5056
2024-11-05T21:00:00Z,24.005592
2024-11-05T21:36:00Z,25.416805
2024-11-05T23:24:00Z,24.926996
2024-11-06T00:00:00Z,0
2024-11-06T00:36:00Z,24.013666
2024-11-06T01:12:00Z,29.462364
2024-11-06T01:48:00Z,25.303238
2024-11-06T02:24:00Z,25.159678
2024-11-06T03:00:00Z,29.223745
2024-11-06T03:36:00Z,25.082329
2024-11-06T06:00:00Z,24.562159
2024-11-06T06:36:00Z,30.57832
2024-11-06T07:12:00Z,24.454828
2024-11-06T07:48:00Z,24.683681
2024-11-06T08:24:00Z,25.452425
2024-11-06T09:00:00Z,24.008184
2024-11-06T09:36:00Z,25.569666
2024-11-06T10:48:00Z,25.724918
2024-11-06T13:12:00Z,24.129429
2024-11-06T13:48:00Z,24.692421
2024-11-06T14:24:00Z,0
2024-11-06T15:36:00Z,24.14019
2024-11-06T17:24:00Z,24.87428
2024-11-06T18:00:00Z,24.54382
2024-11-06T19:12:00Z,24.776226
2024-11-06T19:48:00Z,25.854748
2024-11-06T22:12:00Z,24.211843
2024-11-06T23:24:00Z,24.528543
2024-11-07T00:36:00Z,25.683506
2024-11-07T01:12:00Z,24.456919
2024-11-07T03:36:00Z,24.107506
2024-11-07T05:24:00Z,25.760752
2024-11-07T06:00:00Z,0
2024-11-07T06:36:00Z,24.837673
2024-11-07T07:12:00Z,24.897573
2024-11-07T07:48:00Z,25.908854
2024-11-07T08:24:00Z,25.430532
2024-11-07T09:36:00Z,25.345688
2024-11-07T10:12:00Z,29.72248
2024-11-07T10:48:00Z,0
2024-11-07T11:24:00Z,25.690836
2024-11-07T12:00:00Z,24.814875
2024-11-07T12:36:00Z,25.75366
2024-11-07T13:12:00Z,0
2024-11-07T13:48:00Z,25.334404
2024-11-07T14:24:00Z,24.275328
2024-11-07T15:36:00Z,25.285952
2024-11-07T16:48:00Z,24.701078
2024-11-07T17:24:00Z,25.945808
2024-11-07T18:36:00Z,24.055317
2024-11-07T19:12:00Z,30.556477
2024-11-07T19:48:00Z,0
2024-11-07T20:24:00Z,24.07287
2024-11-07T21:36:00Z,25.194792
2024-11-08T00:00:00Z,24.616125
2024-11-08T01:48:00Z,25.073397
2024-11-08T02:24:00Z,0
2024-11-08T03:00:00Z,25.890585
2024-11-08T03:36:00Z,0
2024-11-08T04:12:00Z,30.416716
2024-11-08T04:48:00Z,0
2024-11-08T05:24:00Z,25.917604
2024-11-08T06:00:00Z,24.427774
2024-11-08T06:36:00Z,25.115982
2024-11-08T07:12:00Z,24.503935
2024-11-08T08:24:00Z,29.69519
2024-11-08T09:00:00Z,24.044651
2024-11-08T09:36:00Z,24.016336
2024-11-08T10:12:00Z,25.492905
2024-11-08T11:24:00Z,24.963121
2024-11-08T12:00:00Z,0
2024-11-08T13:12:00Z,25.155792
2024-11-08T14:24:00Z,25.313784
2024-11-08T15:00:00Z,0
2024-11-08T15:36:00Z,0
2024-11-08T16:48:00Z,25.541267
2024-11-08T18:00:00Z,24.271017
2024-11-08T18:36:00Z,25.336607
2024-11-08T19:48:00Z,25.44126
2024-11-08T20:24:00Z,0
2024-11-08T21:00:00Z,25.349342
2024-11-08T21:36:00Z,0
2024-11-08T22:12:00Z,25.686556
2024-11-08T22:48:00Z,25.650555
2024-11-08T23:24:00Z,24.280117
2024-11-09T00:00:00Z,25.833416
2024-11-09T01:12:00Z,25.900644
2024-11-09T01:48:00Z,0
2024-11-09T03:00:00Z,24.140692
2024-11-09T04:12:00Z,0
2024-11-09T04:48:00Z,25.80003
2024-11-09T06:00:00Z,24.109648
2024-11-09T07:12:00Z,25.087494
2024-11-09T07:48:00Z,29.23759
2024-11-09T08:24:00Z,24.098576
2024-11-09T09:36:00Z,25.19289
2024-11-09T10:12:00Z,24.871458
2024-11-09T10:48:00Z,25.348557
2024-11-09T12:00:00Z,24.285152
2024-11-09T12:36:00Z,25.320591
2024-11-09T13:12:00Z,25.031057
2024-11-09T13:48:00Z,25.814442
2024-11-09T14:24:00Z,0
2024-11-09T15:36:00Z,25.435375
2024-11-09T16:48:00Z,24.14979
2024-11-09T17:24:00Z,30.785917
2024-11-09T18:00:00Z,24.216036
2024-11-09T18:36:00Z,30.866692
2024-11-09T19:12:00Z,24.590338
2024-11-09T19:48:00Z,24.682848
2024-11-09T20:24:00Z,25.603884
2024-11-09T21:00:00Z,24.14949
2024-11-09T22:12:00Z,25.11971
2024-11-09T22:48:00Z,24.651117
2024-11-09T23:24:00Z,29.113457
2024-11-10T00:00:00Z,25.832584
2024-11-10T00:36:00Z,24.178757
2024-11-10T01:12:00Z,29.266035
2024-11-10T01:48:00Z,0
2024-11-10T02:24:00Z,25.189947
2024-11-10T03:00:00Z,25.003347
2024-11-10T03:36:00Z,0
2024-11-10T04:12:00Z,25.65654
2024-11-10T04:48:00Z,0
2024-11-10T05:24:00Z,24.746979
2024-11-10T06:00:00Z,24.016272
2024-11-10T07:12:00Z,29.476881
2024-11-10T07:48:00Z,24.133821
2024-11-10T09:00:00Z,25.736458
2024-11-10T09:36:00Z,0
2024-11-10T10:48:00Z,25.051645
2024-11-10T14:24:00Z,24.74059
2024-11-10T15:00:00Z,24.408335
2024-11-10T16:12:00Z,30.660082
2024-11-10T16:48:00Z,25.089396
2024-11-10T18:00:00Z,25.448345
2024-11-10T18:36:00Z,29.218447
2024-11-10T19:12:00Z,0
2024-11-10T19:48:00Z,24.075813
2024-11-10T21:00:00Z,25.204988
2024-11-10T21:36:00Z,24.009644
2024-11-10T22:12:00Z,0
2024-11-10T22:48:00Z,24.884262
2024-11-10T23:24:00Z,25.023815
2024-11-11T00:00:00Z,24.585455
2024-11-11T00:36:00Z,25.959156
2024-11-11T01:12:00Z,24.953222
2024-11-11T02:24:00Z,24.664776
2024-11-11T03:00:00Z,24.724777
2024-11-11T03:36:00Z,24.177631
2024-11-11T04:12:00Z,24.806738
2024-11-11T04:48:00Z,24.523851
2024-11-11T05:24:00Z,25.24414
2024-11-11T06:36:00Z,25.122593
2024-11-11T07:48:00Z,24.494537
2024-11-11T08:24:00Z,24.585125
2024-11-11T09:00:00Z,0
2024-11-11T10:12:00Z,25.808521
2024-11-11T13:12:00Z,25.659935
2024-11-11T15:00:00Z,24.80962
2024-11-11T15:36:00Z,25.938726
2024-11-11T16:12:00Z,25.33268
2024-11-11T17:24:00Z,25.314072
2024-11-11T18:36:00Z,25.742367
2024-11-11T19:12:00Z,24.323278
2024-11-11T20:24:00Z,24.386372
2024-11-11T22:48:00Z,25.6933
2024-11-11T23:24:00Z,25.158358
2024-11-12T00:00:00Z,25.758917
2024-11-12T00:36:00Z,24.455282
2024-11-12T01:12:00Z,25.25502
2024-11-12T01:48:00Z,24.930618
2024-11-12T03:00:00Z,24.94715
2024-11-12T03:36:00Z,24.458155
2024-11-12T04:48:00Z,24.895782
2024-11-12T05:24:00Z,30.326807
2024-11-12T06:00:00Z,24.524237
2024-11-12T06:36:00Z,25.834518
2024-11-12T09:00:00Z,25.269844
2024-11-12T10:12:00Z,24.251293
2024-11-12T11:24:00Z,25.015614
2024-11-12T12:00:00Z,24.716198
2024-11-12T13:12:00Z,24.894508
2024-11-12T13:48:00Z,24.097218
2024-11-12T15:00:00Z,0
2024-11-12T15:36:00Z,24.335964
2024-11-12T18:00:00Z,24.688055
2024-11-12T18:36:00Z,29.663502
2024-11-12T19:12:00Z,24.645716
2024-11-12T21:36:00Z,24.080952
2024-11-13T00:36:00Z,25.76085
2024-11-13T01:12:00Z,24.131216
2024-11-13T01:48:00Z,24.349087
2024-11-13T02:24:00Z,25.751486
2024-11-13T04:48:00Z,24.637436
2024-11-13T06:36:00Z,25.920774
2024-11-13T07:12:00Z,24.20468
2024-11-13T09:00:00Z,24.973026
2024-11-13T11:24:00Z,24.0247
2024-11-13T12:36:00Z,25.693865
2024-11-13T15:00:00Z,24.161964
2024-11-13T15:36:00Z,25.108057
2024-11-13T16:48:00Z,24.329887
2024-11-13T17:24:00Z,30.74764
2024-11-13T18:00:00Z,24.58689
2024-11-13T18:36:00Z,25.238403
2024-11-13T19:48:00Z,25.924046
2024-11-13T20:24:00Z,24.454882
2024-11-13T21:00:00Z,24.962677
2024-11-13T21:36:00Z,24.17144
2024-11-13T22:12:00Z,0
2024-11-13T23:24:00Z,25.842703
2024-11-14T00:36:00Z,24.587858
2024-11-14T01:12:00Z,30.443008
2024-11-14T01:48:00Z,25.260809
2024-11-14T02:24:00Z,24.497402
2024-11-14T03:00:00Z,25.63597
2024-11-14T04:48:00Z,25.724463
2024-11-14T05:24:00Z,30.710806
2024-11-14T06:00:00Z,25.264011
2024-11-14T07:48:00Z,25.719545
2024-11-14T08:24:00Z,24.894213
2024-11-14T09:00:00Z,0
2024-11-14T09:36:00Z,25.681034
2024-11-14T10:12:00Z,24.249523
2024-11-14T10:48:00Z,25.583063
2024-11-14T11:24:00Z,24.201323
2024-11-14T12:00:00Z,0
2024-11-14T12:36:00Z,24.886879
2024-11-14T15:36:00Z,24.089487
2024-11-14T16:12:00Z,25.675829
2024-11-14T16:48:00Z,0
2024-11-14T17:24:00Z,24.834045
2024-11-14T19:12:00Z,24.18266
2024-11-14T20:24:00Z,30.449142
2024-11-14T21:00:00Z,24.596508
2024-11-14T21:36:00Z,25.627815
2024-11-14T22:12:00Z,25.438837
2024-11-14T22:48:00Z,24.463398
2024-11-15T01:12:00Z,25.36947
2024-11-15T01:48:00Z,24.043716
2024-11-15T03:00:00Z,25.342094
2024-11-15T03:36:00Z,24.047855
2024-11-15T04:12:00Z,29.204105
2024-11-15T04:48:00Z,24.238586
2024-11-15T05:24:00Z,29.487896
2024-11-15T06:00:00Z,0
2024-11-15T06:36:00Z,24.748764
2024-11-15T07:12:00Z,25.15667
2024-11-15T07:48:00Z,24.313213
2024-11-15T09:00:00Z,25.475285
2024-11-15T09:36:00Z,25.11053
2024-11-15T10:12:00Z,24.259295
2024-11-15T10:48:00Z,24.029375
2024-11-15T12:36:00Z,24.155256
2024-11-15T13:12:00Z,0
2024-11-15T14:24:00Z,25.018412
2024-11-15T15:00:00Z,25.377224
2024-11-15T16:12:00Z,24.171638
2024-11-15T16:48:00Z,25.455626
2024-11-15T17:24:00Z,25.731995
2024-11-15T18:00:00Z,24.687916
2024-11-15T18:36:00Z,25.127295
2024-11-15T20:24:00Z,24.845497
2024-11-15T21:00:00Z,0
2024-11-15T21:36:00Z,24.584099
2024-11-16T00:36:00Z,25.92583
2024-11-16T02:24:00Z,25.866732
2024-11-16T03:00:00Z,0
2024-11-16T04:48:00Z,24.14907
2024-11-16T05:24:00Z,29.776976
2024-11-16T06:00:00Z,0
2024-11-16T07:48:00Z,24.988068
2024-11-16T08:24:00Z,24.295572
2024-11-16T09:00:00Z,25.50938
2024-11-16T09:36:00Z,24.664948
2024-11-16T10:12:00Z,24.409355
2024-11-16T10:48:00Z,24.271055
2024-11-16T12:00:00Z,25.126099
2024-11-16T13:48:00Z,24.97849
2024-11-16T15:00:00Z,24.307117
2024-11-16T15:36:00Z,25.530901
2024-11-16T17:24:00Z,25.815216
2024-11-16T18:00:00Z,25.3038
2024-11-16T18:36:00Z,0
2024-11-16T19:12:00Z,24.316216
2024-11-16T19:48:00Z,0
2024-11-16T21:00:00Z,24.069292
2024-11-16T21:36:00Z,25.99792
2024-11-16T22:12:00Z,24.39135
2024-11-16T22:48:00Z,24.553236
2024-11-16T23:24:00Z,29.557674
2024-11-17T00:00:00Z,25.13057
2024-11-17T00:36:00Z,25.219707
2024-11-17T01:12:00Z,24.259796
2024-11-17T03:00:00Z,24.073162
2024-11-17T04:12:00Z,25.658216
2024-11-17T04:48:00Z,0
2024-11-17T05:24:00Z,30.503084
2024-11-17T06:00:00Z,24.830502
2024-11-17T07:12:00Z,24.993711
2024-11-17T07:48:00Z,24.29694
2024-11-17T08:24:00Z,25.78074
2024-11-17T11:24:00Z,24.036358
2024-11-17T12:36:00Z,24.88651
2024-11-17T13:12:00Z,24.444298
2024-11-17T15:00:00Z,25.996479
2024-11-17T15:36:00Z,24.523045
2024-11-17T16:12:00Z,25.784561
2024-11-17T16:48:00Z,0
2024-11-17T17:24:00Z,25.44613
2024-11-17T18:00:00Z,24.029083
2024-11-17T18:36:00Z,25.366524
2024-11-17T19:12:00Z,0
2024-11-17T20:24:00Z,25.560848
2024-11-17T21:00:00Z,0
2024-11-17T22:12:00Z,29.902744
2024-11-17T22:48:00Z,25.314018
2024-11-17T23:24:00Z,24.33461
2024-11-18T00:00:00Z,25.29168
2024-11-18T00:36:00Z,0
2024-11-18T01:12:00Z,25.84215
2024-11-18T01:48:00Z,24.946852
2024-11-18T02:24:00Z,25.32221
2024-11-18T03:00:00Z,0
2024-11-18T03:36:00Z,24.077635
2024-11-18T04:48:00Z,25.015219
2024-11-18T05:24:00Z,24.781815
2024-11-18T06:00:00Z,0
2024-11-18T07:12:00Z,24.186047
2024-11-18T07:48:00Z,25.99646
2024-11-18T10:12:00Z,30.670856
2024-11-18T10:48:00Z,0
2024-11-18T11:24:00Z,24.685064
2024-11-18T12:00:00Z,0
2024-11-18T12:36:00Z,25.825195
2024-11-18T13:48:00Z,24.160435
2024-11-18T14:24:00Z,25.885424
2024-11-18T16:48:00Z,24.40657
2024-11-18T19:48:00Z,24.181442
2024-11-18T20:24:00Z,0
2024-11-18T22:48:00Z,30.236233
2024-11-18T23:24:00Z,25.20204
2024-11-19T01:48:00Z,25.510422
2024-11-19T02:24:00Z,24.17844
2024-11-19T04:12:00Z,0
2024-11-19T05:24:00Z,25.364388
2024-11-19T06:36:00Z,0
2024-11-19T07:12:00Z,25.179972
2024-11-19T07:48:00Z,29.87047
2024-11-19T08:24:00Z,25.606632
2024-11-19T09:00:00Z,29.322563
2024-11-19T09:36:00Z,24.072077
2024-11-19T10:12:00Z,25.421339
2024-11-19T12:00:00Z,24.278109
2024-11-19T12:36:00Z,0
2024-11-19T13:12:00Z,25.945974
2024-11-19T13:48:00Z,29.267118
2024-11-19T14:24:00Z,25.641548
2024-11-19T15:00:00Z,24.925327
2024-11-19T15:36:00Z,30.467848
2024-11-19T16:12:00Z,24.79015
2024-11-19T16:48:00Z,25.023542
2024-11-19T17:24:00Z,24.355106
2024-11-19T18:36:00Z,24.267906
2024-11-19T19:12:00Z,25.338926
2024-11-19T21:00:00Z,25.02432
2024-11-19T21:36:00Z,25.475077
2024-11-19T22:12:00Z,24.629162
2024-11-19T22:48:00Z,25.375746
2024-11-19T23:24:00Z,24.981007
2024-11-20T01:12:00Z,0
2024-11-20T02:24:00Z,25.569775
2024-11-20T03:00:00Z,25.22036
2024-11-20T03:36:00Z,25.324978
2024-11-20T04:12:00Z,0
2024-11-20T05:24:00Z,25.131485
2024-11-20T06:36:00Z,24.816483
2024-11-20T07:12:00Z,0
2024-11-20T07:48:00Z,24.486687
2024-11-20T09:00:00Z,25.425707
2024-11-20T09:36:00Z,25.210567
2024-11-20T10:12:00Z,24.475273
2024-11-20T10:48:00Z,24.79105
2024-11-20T11:24:00Z,29.515446
2024-11-20T12:00:00Z,0
2024-11-20T13:12:00Z,29.63516
2024-11-20T13:48:00Z,24.44787
2024-11-20T14:24:00Z,29.730318
2024-11-20T15:00:00Z,25.663595
2024-11-20T16:48:00Z,25.222916
2024-11-20T17:24:00Z,25.857933
2024-11-20T18:00:00Z,0
2024-11-20T19:12:00Z,25.298105
2024-11-20T20:24:00Z,24.142475
2024-11-20T21:00:00Z,30.5553
2024-11-20T21:36:00Z,25.050505
2024-11-20T22:48:00Z,25.30399
2024-11-21T00:36:00Z,24.125778
2024-11-21T01:48:00Z,24.82309
2024-11-21T03:00:00Z,24.210506
2024-11-21T03:36:00Z,25.352636
2024-11-21T04:12:00Z,25.818535
2024-11-21T04:48:00Z,24.688364
2024-11-21T05:24:00Z,0
2024-11-21T06:00:00Z,24.89257
2024-11-21T06:36:00Z,24.27826
2024-11-21T07:12:00Z,30.722906
2024-11-21T07:48:00Z,24.235617
2024-11-21T08:24:00Z,0
2024-11-21T09:00:00Z,24.472883
2024-11-21T09:36:00Z,25.941877
2024-11-21T10:12:00Z,24.131569
2024-11-21T10:48:00Z,24.860876
2024-11-21T12:36:00Z,25.015488
2024-11-21T13:12:00Z,0
2024-11-21T13:48:00Z,24.21
2024-11-21T16:12:00Z,24.479885
2024-11-21T16:48:00Z,30.90171
2024-11-21T17:24:00Z,25.901228
2024-11-21T18:00:00Z,25.071077
2024-11-21T21:36:00Z,24.778915
2024-11-22T00:00:00Z,25.236303
2024-11-22T00:36:00Z,25.683592
2024-11-22T01:12:00Z,24.938225
2024-11-22T03:36:00Z,24.10511
2024-11-22T04:12:00Z,25.084578
2024-11-22T05:24:00Z,24.188469
2024-11-22T06:00:00Z,24.541523
2024-11-22T06:36:00Z,25.424654
2024-11-22T07:12:00Z,25.618958
2024-11-22T07:48:00Z,24.075869
2024-11-22T08:24:00Z,30.972162
2024-11-22T09:00:00Z,0
2024-11-22T09:36:00Z,30.302446
2024-11-22T10:12:00Z,24.798304
2024-11-22T11:24:00Z,24.038033
2024-11-22T12:00:00Z,25.875324
2024-11-22T13:12:00Z,24.122158
2024-11-22T13:48:00Z,25.5515
2024-11-22T14:24:00Z,24.560755
2024-11-22T15:00:00Z,29.838139
2024-11-22T15:36:00Z,0
2024-11-22T16:12:00Z,25.06569
2024-11-22T16:48:00Z,24.699663
2024-11-22T17:24:00Z,24.821915
2024-11-22T18:00:00Z,25.852392
2024-11-22T19:48:00Z,25.450699
2024-11-22T21:00:00Z,25.894371
2024-11-22T21:36:00Z,25.06034
2024-11-22T22:12:00Z,0
2024-11-22T23:24:00Z,25.23773
2024-11-23T00:36:00Z,24.26137
2024-11-23T01:12:00Z,25.444298
2024-11-23T02:24:00Z,25.437706
2024-11-23T03:00:00Z,24.62344
2024-11-23T03:36:00Z,25.199488
2024-11-23T04:12:00Z,29.06354
2024-11-23T04:48:00Z,0
2024-11-23T05:24:00Z,30.852425
2024-11-23T06:00:00Z,25.11271
2024-11-23T06:36:00Z,25.154757
2024-11-23T07:12:00Z,24.192913
2024-11-23T07:48:00Z,24.435446
2024-11-23T08:24:00Z,24.017456
2024-11-23T09:36:00Z,25.90267
2024-11-23T10:12:00Z,25.403296
2024-11-23T10:48:00Z,25.784111
2024-11-23T11:24:00Z,24.665398
2024-11-23T12:36:00Z,25.110668
2024-11-23T13:12:00Z,24.06834
2024-11-23T13:48:00Z,25.986437
2024-11-23T14:24:00Z,24.35824
2024-11-23T15:36:00Z,24.344143
2024-11-23T16:12:00Z,25.192617
2024-11-23T16:48:00Z,24.850166
2024-11-23T17:24:00Z,25.397076
2024-11-23T18:00:00Z,24.13665
2024-11-23T18:36:00Z,25.291916
2024-11-23T19:12:00Z,25.270447
2024-11-23T20:24:00Z,24.378529
2024-11-23T22:12:00Z,25.733414
2024-11-23T22:48:00Z,0
2024-11-24T00:00:00Z,25.007397
2024-11-24T00:36:00Z,24.342876
2024-11-24T02:24:00Z,25.297453
2024-11-24T03:36:00Z,24.358427
2024-11-24T04:12:00Z,30.663662
2024-11-24T04:48:00Z,0
2024-11-24T05:24:00Z,25.913904
2024-11-24T06:00:00Z,0
2024-11-24T07:48:00Z,25.011963
2024-11-24T08:24:00Z,25.204014
2024-11-24T09:36:00Z,24.856905
2024-11-24T10:12:00Z,25.415943
2024-11-24T10:48:00Z,25.451815
2024-11-24T11:24:00Z,24.547867
2024-11-24T12:36:00Z,24.210384
2024-11-24T13:12:00Z,25.63761
2024-11-24T13:48:00Z,0
2024-11-24T15:00:00Z,0
2024-11-24T15:36:00Z,25.50525
2024-11-24T16:12:00Z,24.82425
2024-11-24T16:48:00Z,25.370285
2024-11-24T17:24:00Z,24.08626
2024-11-24T18:00:00Z,24.43527
2024-11-24T19:12:00Z,24.243446
2024-11-24T21:00:00Z,25.009132
2024-11-24T21:36:00Z,24.541182
2024-11-24T23:24:00Z,24.731195
2024-11-25T00:00:00Z,25.765734
2024-11-25T00:36:00Z,0
2024-11-25T01:12:00Z,25.01334
2024-11-25T01:48:00Z,25.991554
2024-11-25T03:00:00Z,24.422888
2024-11-25T03:36:00Z,25.82638
2024-11-25T05:24:00Z,24.438095
2024-11-25T06:00:00Z,25.569078
2024-11-25T06:36:00Z,25.963085
2024-11-25T07:48:00Z,25.256475
2024-11-25T08:24:00Z,24.44233
2024-11-25T10:12:00Z,25.460886
2024-11-25T10:48:00Z,25.38859
2024-11-25T12:00:00Z,25.88194
2024-11-25T12:36:00Z,29.289686
2024-11-25T13:12:00Z,25.754843
2024-11-25T13:48:00Z,24.791967
2024-11-25T14:24:00Z,24.350945
2024-11-25T15:00:00Z,25.720766
2024-11-25T16:12:00Z,25.041533
2024-11-25T16:48:00Z,24.365492
2024-11-25T18:00:00Z,24.666084
2024-11-25T18:36:00Z,25.968733
2024-11-25T19:48:00Z,24.821224
2024-11-25T20:24:00Z,0
2024-11-25T21:36:00Z,25.93476
2024-11-25T22:12:00Z,0
2024-11-26T00:00:00Z,24.829687
2024-11-26T00:36:00Z,25.037645
2024-11-26T01:12:00Z,30.18223
2024-11-26T01:48:00Z,24.840408
2024-11-26T02:24:00Z,24.128935
2024-11-26T03:00:00Z,25.495451
2024-11-26T03:36:00Z,29.900848
2024-11-26T04:12:00Z,24.927963
2024-11-26T06:00:00Z,25.459906
2024-11-26T06:36:00Z,24.497906
2024-11-26T07:12:00Z,24.132502
2024-11-26T07:48:00Z,25.443472
2024-11-26T09:00:00Z,29.789038
2024-11-26T09:36:00Z,25.046755
2024-11-26T10:12:00Z,25.483854
2024-11-26T10:48:00Z,24.76801
2024-11-26T11:24:00Z,25.996716
2024-11-26T12:00:00Z,24.560398
2024-11-26T12:36:00Z,25.511591
2024-11-26T15:36:00Z,25.250309
2024-11-26T16:12:00Z,25.967466
2024-11-26T16:48:00Z,25.120893
2024-11-26T18:00:00Z,24.23854
2024-11-26T18:36:00Z,0
2024-11-26T19:48:00Z,24.601418
2024-11-26T20:24:00Z,25.93188
2024-11-26T22:48:00Z,25.473417
2024-11-27T00:00:00Z,30.824451
2024-11-27T00:36:00Z,25.99391
2024-11-27T01:48:00Z,24.434124
2024-11-27T03:00:00Z,25.160856
2024-11-27T04:12:00Z,25.2205
2024-11-27T06:00:00Z,0
2024-11-27T07:12:00Z,24.40817
2024-11-27T08:24:00Z,24.099457
2024-11-27T09:00:00Z,25.507305
2024-11-27T10:12:00Z,24.73194
2024-11-27T11:24:00Z,25.044466
2024-11-27T12:00:00Z,24.714394
2024-11-27T14:24:00Z,25.067766
2024-11-27T15:00:00Z,25.796707
2024-11-27T15:36:00Z,25.97828
2024-11-27T16:12:00Z,24.951422
2024-11-27T16:48:00Z,30.547413
2024-11-27T17:24:00Z,24.279535
2024-11-27T18:00:00Z,24.903204
2024-11-27T18:36:00Z,0
2024-11-27T19:12:00Z,25.255398
2024-11-27T19:48:00Z,24.82567
2024-11-27T20:24:00Z,25.66021
2024-11-27T21:00:00Z,24.465317
2024-11-27T22:12:00Z,25.949348
2024-11-27T22:48:00Z,24.654924
2024-11-27T23:24:00Z,24.969984
2024-11-28T00:00:00Z,0
2024-11-28T00:36:00Z,24.52641
2024-11-28T01:12:00Z,0
2024-11-28T01:48:00Z,24.217026
2024-11-28T02:24:00Z,25.08499
2024-11-28T03:00:00Z,24.213705
2024-11-28T03:36:00Z,25.853672
2024-11-28T04:12:00Z,24.334131
2024-11-28T05:24:00Z,24.327993
2024-11-28T06:00:00Z,25.2736
2024-11-28T06:36:00Z,24.444967
2024-11-28T07:12:00Z,24.546665
2024-11-28T07:48:00Z,25.52105
2024-11-28T09:00:00Z,25.520517
2024-11-28T09:36:00Z,25.082357
2024-11-28T10:12:00Z,24.106438
2024-11-28T12:00:00Z,25.195667
2024-11-28T13:12:00Z,24.18849
2024-11-28T14:24:00Z,25.627487
2024-11-28T16:48:00Z,25.736721
2024-11-28T17:24:00Z,24.517736
2024-11-28T18:36:00Z,25.340364
2024-11-28T19:12:00Z,24.799076
2024-11-28T19:48:00Z,25.270899
2024-11-28T20:24:00Z,0
2024-11-28T21:00:00Z,24.14038
2024-11-28T21:36:00Z,25.613045
2024-11-28T22:48:00Z,25.620722
2024-11-28T23:24:00Z,25.44792
2024-11-29T00:00:00Z,24.503006
2024-11-29T00:36:00Z,24.339558
2024-11-29T01:12:00Z,0
2024-11-29T01:48:00Z,25.572453
2024-11-29T02:24:00Z,24.626642
2024-11-29T03:00:00Z,24.31221
2024-11-29T03:36:00Z,24.812408
2024-11-29T04:12:00Z,24.39102
2024-11-29T05:24:00Z,25.7445
2024-11-29T06:00:00Z,25.84315
2024-11-29T06:36:00Z,24.752913
2024-11-29T07:12:00Z,30.98571
2024-11-29T07:48:00Z,25.032997
2024-11-29T08:24:00Z,25.140915
2024-11-29T09:00:00Z,29.961061
2024-11-29T09:36:00Z,0
2024-11-29T10:12:00Z,25.357178
2024-11-29T10:48:00Z,25.339495
2024-11-29T12:00:00Z,24.41476
2024-11-29T12:36:00Z,24.211699
2024-11-29T13:48:00Z,25.55643
2024-11-29T14:24:00Z,25.154217
2024-11-29T15:00:00Z,24.062557
2024-11-29T15:36:00Z,25.029451
2024-11-29T16:12:00Z,24.465496
2024-11-29T16:48:00Z,24.515163
2024-11-29T17:24:00Z,0
2024-11-29T18:00:00Z,24.89177
2024-11-29T19:12:00Z,25.39253
2024-11-29T19:48:00Z,0
2024-11-29T20:24:00Z,24.347511
2024-11-29T21:00:00Z,24.11164
2024-11-29T21:36:00Z,25.602161
2024-11-29T22:48:00Z,24.020718
2024-11-30T00:00:00Z,24.579311
2024-11-30T01:12:00Z,25.729105
2024-11-30T01:48:00Z,24.263573
2024-11-30T02:24:00Z,25.118807
2024-11-30T03:00:00Z,25.573353
2024-11-30T03:36:00Z,24.717455
2024-11-30T04:12:00Z,25.32556
2024-11-30T04:48:00Z,24.848253
2024-11-30T05:24:00Z,25.503418
2024-11-30T06:00:00Z,24.7079
2024-11-30T06:36:00Z,25.746176
2024-11-30T07:12:00Z,24.066885
2024-11-30T07:48:00Z,29.862913
2024-11-30T08:24:00Z,24.18625
2024-11-30T09:00:00Z,25.461481
2024-11-30T09:36:00Z,24.767008
2024-11-30T10:12:00Z,25.716919
2024-11-30T10:48:00Z,24.51288
2024-11-30T11:24:00Z,25.096981
2024-11-30T12:36:00Z,24.546799
2024-11-30T13:12:00Z,0
2024-11-30T13:48:00Z,24.948578
2024-11-30T14:24:00Z,24.095695
2024-11-30T15:00:00Z,25.348122
2024-11-30T15:36:00Z,25.005323
2024-11-30T16:12:00Z,25.8588
2024-11-30T16:48:00Z,25.975042
2024-11-30T18:00:00Z,24.415123
2024-11-30T18:36:00Z,25.520884
2024-11-30T19:12:00Z,29.238735
2024-11-30T19:48:00Z,25.499575
2024-11-30T20:24:00Z,30.99563
2024-11-30T21:00:00Z,24.26526
2024-11-30T21:36:00Z,25.494509
2024-11-30T22:12:00Z,25.362854
2024-11-30T22:48:00Z,24.039053
2024-11-30T23:24:00Z,29.975399
2024-12-01T00:00:00Z,24.080063
2024-12-01T00:36:00Z,25.803038
2024-12-01T01:12:00Z,25.786386
2024-12-01T01:48:00Z,24.396248
2024-12-01T02:24:00Z,25.335415
2024-12-01T03:00:00Z,25.867334
2024-12-01T04:48:00Z,25.638695
2024-12-01T05:24:00Z,25.129478
2024-12-01T06:00:00Z,29.97839
2024-12-01T06:36:00Z,25.59246
2024-12-01T07:12:00Z,24.839804
2024-12-01T07:48:00Z,24.789686
2024-12-01T08:24:00Z,25.16479
2024-12-01T09:00:00Z,30.014032
2024-12-01T09:36:00Z,0
2024-12-01T10:12:00Z,25.117378
2024-12-01T10:48:00Z,25.461338
2024-12-01T11:24:00Z,25.358356
2024-12-01T12:00:00Z,24.529594
2024-12-01T12:36:00Z,25.04962
2024-12-01T13:12:00Z,0
2024-12-01T13:48:00Z,25.639736
2024-12-01T14:24:00Z,25.881773
2024-12-01T15:00:00Z,24.367552
2024-12-01T15:36:00Z,25.251888
2024-12-01T16:12:00Z,24.26846
2024-12-01T16:48:00Z,25.316633
2024-12-01T17:24:00Z,0
2024-12-01T18:00:00Z,25.7963
2024-12-01T18:36:00Z,25.100286
2024-12-01T19:12:00Z,30.337881
2024-12-01T19:48:00Z,25.064308
2024-12-01T20:24:00Z,25.75444
2024-12-01T21:00:00Z,24.98603
2024-12-01T21:36:00Z,25.049507
2024-12-01T22:12:00Z,0
2024-12-01T22:48:00Z,24.700394
2024-12-01T23:24:00Z,24.91231
2024-12-02T00:00:00Z,25.817438
2024-12-02T00:36:00Z,24.535282
2024-12-02T01:48:00Z,24.123686
2024-12-02T03:00:00Z,25.459827
2024-12-02T03:36:00Z,24.176369
2024-12-02T04:48:00Z,24.4843
2024-12-02T05:24:00Z,25.873373
2024-12-02T06:00:00Z,25.776905
2024-12-02T06:36:00Z,24.45375
2024-12-02T07:12:00Z,0
2024-12-02T07:48:00Z,25.683691
2024-12-02T08:24:00Z,25.036648
2024-12-02T09:00:00Z,25.788506
2024-12-02T09:36:00Z,29.703691
2024-12-02T10:12:00Z,24.448103
2024-12-02T11:24:00Z,25.362253
2024-12-02T12:00:00Z,29.748526
2024-12-02T12:36:00Z,25.437504
2024-12-02T13:12:00Z,25.565271
2024-12-02T13:48:00Z,24.823751
2024-12-02T14:24:00Z,25.856655
2024-12-02T15:00:00Z,24.904552
2024-12-02T15:36:00Z,29.92777
2024-12-02T16:12:00Z,24.161692
2024-12-02T16:48:00Z,25.52116
2024-12-02T17:24:00Z,24.543114
2024-12-02T18:00:00Z,24.047073
2024-12-02T18:36:00Z,24.112446
2024-12-02T19:12:00Z,25.781824
2024-12-02T19:48:00Z,25.406065
2024-12-02T20:24:00Z,24.165478
2024-12-02T21:00:00Z,30.2512
2024-12-02T21:36:00Z,24.319538
2024-12-02T22:12:00Z,25.151258
2024-12-02T22:48:00Z,24.01467
2024-12-02T23:24:00Z,24.034815
2024-12-03T00:00:00Z,24.530277
2024-12-03T00:36:00Z,0
2024-12-03T01:12:00Z,0
2024-12-03T01:48:00Z,25.967403
2024-12-03T02:24:00Z,25.53804
2024-12-03T03:00:00Z,25.925348
2024-12-03T03:36:00Z,25.244095
2024-12-03T04:12:00Z,25.585075
2024-12-03T04:48:00Z,24.866615
2024-12-03T06:00:00Z,24.495022
2024-12-03T06:36:00Z,0
2024-12-03T07:12:00Z,24.119934
2024-12-03T08:24:00Z,24.883001
2024-12-03T09:36:00Z,24.2945
2024-12-03T10:12:00Z,25.574783
2024-12-03T10:48:00Z,25.700369
2024-12-03T11:24:00Z,25.37051
2024-12-03T12:36:00Z,25.33457
2024-12-03T13:12:00Z,24.457367
2024-12-03T13:48:00Z,25.780502
2024-12-03T14:24:00Z,0
2024-12-03T15:00:00Z,24.9705
2024-12-03T15:36:00Z,0
2024-12-03T16:12:00Z,25.139389
2024-12-03T17:24:00Z,24.179674
2024-12-03T18:00:00Z,24.409094
2024-12-03T18:36:00Z,25.300987
2024-12-03T19:12:00Z,25.506111
2024-12-03T19:48:00Z,24.224508
2024-12-03T20:24:00Z,24.154057
2024-12-03T21:00:00Z,0
2024-12-03T21:36:00Z,24.082209
2024-12-03T22:12:00Z,25.274235
2024-12-03T22:48:00Z,25.259188
2024-12-03T23:24:00Z,24.758892
2024-12-04T00:00:00Z,25.431034
2024-12-04T00:36:00Z,0
2024-12-04T01:12:00Z,30.761257
2024-12-04T01:48:00Z,0
2024-12-04T02:24:00Z,24.937634
2024-12-04T03:36:00Z,24.394
2024-12-04T04:12:00Z,25.074888
2024-12-04T05:24:00Z,24.135382
2024-12-04T06:00:00Z,24.976921
2024-12-04T06:36:00Z,25.096354
2024-12-04T07:12:00Z,24.594505
2024-12-04T07:48:00Z,25.082909
2024-12-04T08:24:00Z,24.71962
2024-12-04T09:00:00Z,25.192394
2024-12-04T09:36:00Z,24.22141
2024-12-04T10:12:00Z,25.94683
2024-12-04T10:48:00Z,25.02043
2024-12-04T12:00:00Z,24.555105
2024-12-04T12:36:00Z,25.21814
2024-12-04T13:12:00Z,24.479809
2024-12-04T13:48:00Z,25.529724
2024-12-04T14:24:00Z,29.548153
2024-12-04T15:00:00Z,24.445837
2024-12-04T15:36:00Z,25.6151
2024-12-04T16:12:00Z,0
2024-12-04T16:48:00Z,25.626137
2024-12-04T17:24:00Z,25.146456
2024-12-04T18:00:00Z,25.86388
2024-12-04T18:36:00Z,0
2024-12-04T19:12:00Z,25.576714
2024-12-04T21:00:00Z,25.786638
2024-12-04T21:36:00Z,0
2024-12-04T22:12:00Z,24.899603
2024-12-04T22:48:00Z,24.435528
2024-12-05T00:00:00Z,25.74868
2024-12-05T00:36:00Z,24.945599
2024-12-05T01:12:00Z,29.845768
2024-12-05T01:48:00Z,25.331594
2024-12-05T02:24:00Z,25.874329
2024-12-05T03:00:00Z,24.933212
2024-12-05T03:36:00Z,30.16745
2024-12-05T04:12:00Z,25.22173
2024-12-05T05:24:00Z,24.326872
2024-12-05T06:00:00Z,24.451298
2024-12-05T06:36:00Z,25.217394
2024-12-05T07:12:00Z,24.719652
2024-12-05T07:48:00Z,24.914366
2024-12-05T08:24:00Z,24.40013
2024-12-05T09:00:00Z,25.554195
2024-12-05T09:36:00Z,24.479778
2024-12-05T10:12:00Z,25.748943
2024-12-05T10:48:00Z,24.625305
2024-12-05T11:24:00Z,25.47706
2024-12-05T12:00:00Z,24.032387
2024-12-05T12:36:00Z,25.39084
2024-12-05T13:12:00Z,25.667004
2024-12-05T13:48:00Z,24.400677
2024-12-05T15:36:00Z,25.143383
2024-12-05T16:12:00Z,25.050936
2024-12-05T16:48:00Z,25.817677
2024-12-05T17:24:00Z,24.496088
2024-12-05T18:00:00Z,25.615309
2024-12-05T18:36:00Z,24.128422
2024-12-05T19:12:00Z,24.277803
2024-12-05T19:48:00Z,25.778282
2024-12-05T20:24:00Z,24.63554
2024-12-05T21:00:00Z,30.821575
2024-12-05T21:36:00Z,0
2024-12-05T22:12:00Z,25.538702
2024-12-05T22:48:00Z,25.99821
2024-12-05T23:24:00Z,0
2024-12-06T00:00:00Z,25.056412
2024-12-06T00:36:00Z,29.877594
2024-12-06T01:12:00Z,24.30755
2024-12-06T01:48:00Z,0
2024-12-06T02:24:00Z,24.314802
2024-12-06T03:00:00Z,25.820154
2024-12-06T03:36:00Z,25.348082
2024-12-06T04:12:00Z,0
2024-12-06T04:48:00Z,25.190376
2024-12-06T05:24:00Z,25.918282
2024-12-06T06:00:00Z,24.310959
2024-12-06T06:36:00Z,24.997263
2024-12-06T07:12:00Z,24.64563
2024-12-06T07:48:00Z,25.44248
2024-12-06T08:24:00Z,24.541576
2024-12-06T09:00:00Z,24.196608
2024-12-06T09:36:00Z,24.716974
2024-12-06T10:12:00Z,24.5003
2024-12-06T10:48:00Z,25.688847
2024-12-06T11:24:00Z,24.888428
2024-12-06T12:00:00Z,0
2024-12-06T12:36:00Z,30.761549
2024-12-06T13:12:00Z,24.023054
2024-12-06T13:48:00Z,24.718271
2024-12-06T14:24:00Z,24.0386
2024-12-06T15:00:00Z,25.24404
2024-12-06T15:36:00Z,25.149862
2024-12-06T16:12:00Z,25.808668
2024-12-06T16:48:00Z,25.039341
2024-12-06T18:00:00Z,25.829172
2024-12-06T18:36:00Z,25.029274
2024-12-06T19:12:00Z,30.301813
2024-12-06T19:48:00Z,25.02081
2024-12-06T20:24:00Z,25.683031
2024-12-06T21:00:00Z,0
2024-12-06T21:36:00Z,24.70166
2024-12-06T22:12:00Z,25.185663
2024-12-06T22:48:00Z,0
2024-12-06T23:24:00Z,29.103561
2024-12-07T00:00:00Z,25.10103
2024-12-07T00:36:00Z,25.098448
2024-12-07T01:12:00Z,24.616951
2024-12-07T01:48:00Z,25.559969
2024-12-07T02:24:00Z,24.400532
2024-12-07T03:36:00Z,24.972338
2024-12-07T04:12:00Z,0
2024-12-07T04:48:00Z,24.022465
2024-12-07T05:24:00Z,25.533297
2024-12-07T06:00:00Z,25.33602
2024-12-07T06:36:00Z,24.34065
2024-12-07T07:48:00Z,24.08539
2024-12-07T08:24:00Z,25.126884
2024-12-07T09:36:00Z,24.423704
2024-12-07T10:12:00Z,25.461826
2024-12-07T10:48:00Z,25.547417
2024-12-07T11:24:00Z,30.764612
2024-12-07T12:00:00Z,24.19527
2024-12-07T12:36:00Z,25.77075
2024-12-07T13:12:00Z,24.577982
2024-12-07T13:48:00Z,0
2024-12-07T14:24:00Z,25.342459
2024-12-07T15:00:00Z,24.406235
2024-12-07T15:36:00Z,25.43257
2024-12-07T16:12:00Z,25.422964
2024-12-07T16:48:00Z,24.59329
2024-12-07T18:00:00Z,25.335566
2024-12-07T18:36:00Z,30.881716
2024-12-07T19:12:00Z,0
2024-12-07T19:48:00Z,24.729998
2024-12-07T20:24:00Z,25.671816
2024-12-07T21:00:00Z,0
2024-12-07T21:36:00Z,25.430622
2024-12-07T22:12:00Z,24.99087
2024-12-07T22:48:00Z,25.980051
2024-12-07T23:24:00Z,24.373043
2024-12-08T00:00:00Z,25.936703
2024-12-08T00:36:00Z,24.57704
2024-12-08T01:48:00Z,25.93178
2024-12-08T02:24:00Z,25.961237
2024-12-08T03:00:00Z,25.205606
2024-12-08T03:36:00Z,25.609127
2024-12-08T04:12:00Z,24.15701
2024-12-08T04:48:00Z,0
2024-12-08T05:24:00Z,25.013983
2024-12-08T06:00:00Z,25.636189
2024-12-08T06:36:00Z,30.353352
2024-12-08T07:12:00Z,24.206648
2024-12-08T07:48:00Z,24.474588
2024-12-08T08:24:00Z,25.422514
2024-12-08T09:00:00Z,24.43888
2024-12-08T10:12:00Z,25.338291
2024-12-08T10:48:00Z,25.146399
2024-12-08T11:24:00Z,25.609062
2024-12-08T12:00:00Z,24.260372
2024-12-08T12:36:00Z,24.287971
2024-12-08T13:12:00Z,25.568367
2024-12-08T13:48:00Z,25.865376
2024-12-08T14:24:00Z,24.160233
2024-12-08T15:00:00Z,25.189281
2024-12-08T15:36:00Z,25.734987
2024-12-08T16:12:00Z,24.926868
2024-12-08T16:48:00Z,25.296017
2024-12-08T18:00:00Z,24.912392
2024-12-08T18:36:00Z,25.309114
2024-12-08T19:12:00Z,24.603182
2024-12-08T19:48:00Z,0
2024-12-08T20:24:00Z,24.32232
2024-12-08T21:00:00Z,24.270283
2024-12-08T21:36:00Z,25.949432
2024-12-08T22:12:00Z,24.492498
2024-12-08T22:48:00Z,24.655254
2024-12-08T23:24:00Z,24.007868
2024-12-09T00:00:00Z,24.1992
2024-12-09T00:36:00Z,25.887228
2024-12-09T01:12:00Z,29.463436
2024-12-09T01:48:00Z,0
2024-12-09T02:24:00Z,25.493938
2024-12-09T03:00:00Z,24.172318
2024-12-09T04:12:00Z,24.04003
2024-12-09T04:48:00Z,25.556303
2024-12-09T05:24:00Z,25.652483
2024-12-09T06:00:00Z,24.776793
2024-12-09T06:36:00Z,25.590061
2024-12-09T07:12:00Z,24.144966
2024-12-09T08:24:00Z,25.838451
2024-12-09T09:00:00Z,25.265543
2024-12-09T09:36:00Z,0
2024-12-09T10:12:00Z,25.891247
2024-12-09T10:48:00Z,24.108265
2024-12-09T11:24:00Z,25.723938
2024-12-09T12:00:00Z,24.90093
2024-12-09T12:36:00Z,25.933582
2024-12-09T13:12:00Z,25.821943
2024-12-09T13:48:00Z,24.563175
2024-12-09T14:24:00Z,24.9832
2024-12-09T15:00:00Z,24.41667
2024-12-09T15:36:00Z,24.658472
2024-12-09T16:12:00Z,25.560667
2024-12-09T16:48:00Z,25.652681
2024-12-09T17:24:00Z,29.802319
2024-12-09T18:00:00Z,24.805346
2024-12-09T18:36:00Z,0
2024-12-09T19:12:00Z,25.753092
2024-12-09T19:48:00Z,24.569134
2024-12-09T20:24:00Z,30.752544
2024-12-09T21:00:00Z,25.097061
2024-12-09T21:36:00Z,25.629486
2024-12-09T22:12:00Z,24.013853
2024-12-09T22:48:00Z,24.472292
2024-12-09T23:24:00Z,25.65189
2024-12-10T00:00:00Z,24.300974
2024-12-10T00:36:00Z,25.751278
2024-12-10T01:12:00Z,25.912067
2024-12-10T03:00:00Z,24.395868
2024-12-10T03:36:00Z,0
2024-12-10T04:12:00Z,25.431541
2024-12-10T04:48:00Z,29.975868
2024-12-10T05:24:00Z,25.597307
2024-12-10T06:00:00Z,25.9649
2024-12-10T06:36:00Z,24.285397
2024-12-10T07:12:00Z,24.81828
2024-12-10T07:48:00Z,24.629986
2024-12-10T08:24:00Z,24.926634
2024-12-10T09:00:00Z,0
2024-12-10T09:36:00Z,25.452091
2024-12-10T10:12:00Z,24.515034
2024-12-10T11:24:00Z,25.99804
2024-12-10T12:00:00Z,24.81104
2024-12-10T12:36:00Z,24.09936
2024-12-10T13:12:00Z,0
2024-12-10T13:48:00Z,24.707027
2024-12-10T14:24:00Z,24.380856
2024-12-10T15:00:00Z,25.114595
2024-12-10T15:36:00Z,24.376007
2024-12-10T16:12:00Z,24.614698
2024-12-10T16:48:00Z,25.748856
2024-12-10T17:24:00Z,24.168774
2024-12-10T18:36:00Z,25.795061
2024-12-10T19:12:00Z,24.748528
2024-12-10T19:48:00Z,24.44593
2024-12-10T20:24:00Z,25.456509
2024-12-10T21:00:00Z,25.957888
2024-12-10T21:36:00Z,25.791897
2024-12-10T22:12:00Z,24.155487
2024-12-10T22:48:00Z,24.823788
2024-12-10T23:24:00Z,25.900723
2024-12-11T01:12:00Z,24.464008
2024-12-11T01:48:00Z,24.239769
2024-12-11T03:00:00Z,25.446642
2024-12-11T03:36:00Z,29.251305
2024-12-11T04:12:00Z,25.707138
2024-12-11T04:48:00Z,24.382334
2024-12-11T05:24:00Z,25.188429
2024-12-11T06:00:00Z,0
2024-12-11T06:36:00Z,25.689066
2024-12-11T07:12:00Z,24.181494
2024-12-11T07:48:00Z,24.58344
2024-12-11T08:24:00Z,25.67582
2024-12-11T09:00:00Z,24.05519
2024-12-11T09:36:00Z,25.940351
2024-12-11T10:12:00Z,25.692377
2024-12-11T10:48:00Z,24.89755
2024-12-11T12:00:00Z,25.322695
2024-12-11T12:36:00Z,25.33176
2024-12-11T13:12:00Z,24.255444
2024-12-11T14:24:00Z,25.362104
2024-12-11T16:12:00Z,24.013323
2024-12-11T16:48:00Z,25.590496
2024-12-11T18:36:00Z,25.589952
2024-12-11T19:12:00Z,24.680231
2024-12-11T19:48:00Z,25.301184
2024-12-11T20:24:00Z,24.763474
2024-12-11T21:00:00Z,24.90415
2024-12-11T21:36:00Z,29.085493
2024-12-11T22:12:00Z,0
2024-12-11T22:48:00Z,25.718739
2024-12-12T00:00:00Z,25.18764
2024-12-12T01:12:00Z,24.060991
2024-12-12T01:48:00Z,24.896801
2024-12-12T02:24:00Z,29.999374
2024-12-12T03:00:00Z,24.239988
2024-12-12T03:36:00Z,24.564518
2024-12-12T04:12:00Z,0
2024-12-12T04:48:00Z,24.366705
2024-12-12T05:24:00Z,24.361113
2024-12-12T06:00:00Z,25.975437
2024-12-12T07:12:00Z,25.75208
2024-12-12T08:24:00Z,25.97062
2024-12-12T09:00:00Z,24.337162
2024-12-12T09:36:00Z,25.414652
2024-12-12T10:12:00Z,0
2024-12-12T10:48:00Z,24.297298
2024-12-12T11:24:00Z,25.297953
2024-12-12T12:00:00Z,24.361633
2024-12-12T12:36:00Z,29.247608
2024-12-12T13:12:00Z,0
2024-12-12T13:48:00Z,24.031382
2024-12-12T14:24:00Z,25.808672
2024-12-12T15:00:00Z,24.259838
2024-12-12T15:36:00Z,29.798851
2024-12-12T16:12:00Z,0
2024-12-12T16:48:00Z,24.339445
2024-12-12T17:24:00Z,24.802069
2024-12-12T18:00:00Z,24.461956
2024-12-12T18:36:00Z,25.190142
2024-12-12T19:12:00Z,24.342157
2024-12-12T19:48:00Z,0
2024-12-12T20:24:00Z,25.238058
2024-12-12T21:00:00Z,24.255508
2024-12-12T21:36:00Z,25.61239
2024-12-12T22:12:00Z,24.075405
2024-12-12T22:48:00Z,25.130058
2024-12-12T23:24:00Z,24.24049
2024-12-13T00:00:00Z,24.70991
2024-12-13T00:36:00Z,25.693106
2024-12-13T01:12:00Z,0
2024-12-13T01:48:00Z,25.962955
2024-12-13T02:24:00Z,25.070234
2024-12-13T03:00:00Z,25.067772
2024-12-13T03:36:00Z,25.883657
2024-12-13T04:12:00Z,25.570885
2024-12-13T04:48:00Z,24.386179
2024-12-13T05:24:00Z,24.79438
2024-12-13T06:00:00Z,25.856289
2024-12-13T06:36:00Z,25.11601
2024-12-13T07:48:00Z,24.223457
2024-12-13T09:00:00Z,24.141556
2024-12-13T09:36:00Z,24.455315
2024-12-13T10:12:00Z,25.67627
2024-12-13T10:48:00Z,24.59787
2024-12-13T11:24:00Z,25.96114
2024-12-13T12:00:00Z,25.450693
2024-12-13T12:36:00Z,24.116043
2024-12-13T13:12:00Z,25.063267
2024-12-13T13:48:00Z,24.725264
2024-12-13T14:24:00Z,25.37043
2024-12-13T15:00:00Z,25.031101
2024-12-13T15:36:00Z,25.415634
2024-12-13T16:12:00Z,24.79394
2024-12-13T17:24:00Z,25.529472
2024-12-13T18:00:00Z,24.397867
2024-12-13T18:36:00Z,0
2024-12-13T19:12:00Z,24.547768
2024-12-13T19:48:00Z,24.267725
2024-12-13T20:24:00Z,25.137987
2024-12-13T21:36:00Z,24.428741
2024-12-13T22:12:00Z,0
2024-12-13T22:48:00Z,24.255175
2024-12-14T01:12:00Z,25.351469
2024-12-14T01:48:00Z,24.443537
2024-12-14T02:24:00Z,25.958412
2024-12-14T03:36:00Z,25.157927
2024-12-14T04:12:00Z,0
2024-12-14T04:48:00Z,0
2024-12-14T05:24:00Z,25.767979
2024-12-14T06:36:00Z,24.386932
2024-12-14T07:12:00Z,25.899998
2024-12-14T07:48:00Z,25.887264
2024-12-14T08:24:00Z,25.122334
2024-12-14T09:00:00Z,25.749748
2024-12-14T09:36:00Z,25.941654
2024-12-14T10:12:00Z,24.20392
2024-12-14T10:48:00Z,24.910667
2024-12-14T11:24:00Z,0
2024-12-14T12:00:00Z,29.731691
2024-12-14T12:36:00Z,24.97972
2024-12-14T13:12:00Z,24.90494
2024-12-14T13:48:00Z,25.615461
2024-12-14T14:24:00Z,24.745245
2024-12-14T15:00:00Z,0
2024-12-14T15:36:00Z,25.923763
2024-12-14T16:12:00Z,29.45037
2024-12-14T16:48:00Z,0
2024-12-14T17:24:00Z,24.348534
2024-12-14T18:00:00Z,25.154318
2024-12-14T19:12:00Z,25.243729
2024-12-14T19:48:00Z,0
2024-12-14T20:24:00Z,24.734102
2024-12-14T21:00:00Z,25.79106
2024-12-14T21:36:00Z,24.530634
2024-12-14T22:12:00Z,25.083746
2024-12-15T00:00:00Z,24.847944
2024-12-15T01:48:00Z,25.820904
2024-12-15T02:24:00Z,25.31169
2024-12-15T03:00:00Z,25.682436
2024-12-15T03:36:00Z,24.141777
2024-12-15T04:48:00Z,24.607645
2024-12-15T05:24:00Z,25.006361
2024-12-15T06:36:00Z,24.485676
2024-12-15T07:12:00Z,25.247145
2024-12-15T07:48:00Z,0
2024-12-15T08:24:00Z,25.044947
2024-12-15T09:00:00Z,30.36956
2024-12-15T09:36:00Z,0
2024-12-15T10:12:00Z,25.901098
2024-12-15T10:48:00Z,25.879044
2024-12-15T12:00:00Z,24.375996
2024-12-15T12:36:00Z,24.540215
2024-12-15T13:12:00Z,25.310005
2024-12-15T13:48:00Z,25.016092
2024-12-15T14:24:00Z,25.724945
2024-12-15T15:00:00Z,24.275177
2024-12-15T15:36:00Z,25.905151
2024-12-15T16:12:00Z,24.1139
2024-12-15T16:48:00Z,25.951578
2024-12-15T17:24:00Z,24.600973
2024-12-15T18:00:00Z,25.203022
2024-12-15T18:36:00Z,25.31236
2024-12-15T19:48:00Z,24.07427
2024-12-15T20:24:00Z,25.563078
2024-12-15T21:00:00Z,0
2024-12-15T21:36:00Z,25.222393
2024-12-15T22:48:00Z,24.699594
2024-12-15T23:24:00Z,25.334293
2024-12-16T00:00:00Z,24.614126
2024-12-16T00:36:00Z,0
2024-12-16T01:12:00Z,24.783075
2024-12-16T01:48:00Z,25.54248
2024-12-16T02:24:00Z,25.466936
2024-12-16T03:00:00Z,29.365904
2024-12-16T03:36:00Z,0
2024-12-16T04:12:00Z,25.331736
2024-12-16T04:48:00Z,24.219126
2024-12-16T06:00:00Z,25.415674
2024-12-16T07:12:00Z,25.311136
2024-12-16T08:24:00Z,25.067913
2024-12-16T09:00:00Z,29.135239
2024-12-16T09:36:00Z,0
2024-12-16T10:12:00Z,24.87332
2024-12-16T10:48:00Z,25.456514
2024-12-16T11:24:00Z,24.115538
2024-12-16T12:36:00Z,25.74353
2024-12-16T13:12:00Z,24.4269
2024-12-16T13:48:00Z,0
2024-12-16T14:24:00Z,24.178093
2024-12-16T15:00:00Z,25.06995
2024-12-16T15:36:00Z,30.39326
2024-12-16T16:12:00Z,25.49291
2024-12-16T16:48:00Z,25.749983
2024-12-16T17:24:00Z,24.422895
2024-12-16T18:00:00Z,24.544468
2024-12-16T18:36:00Z,24.253578
2024-12-16T19:12:00Z,24.70809
2024-12-16T19:48:00Z,0
2024-12-16T20:24:00Z,24.121246
2024-12-16T21:00:00Z,25.466707
2024-12-16T22:12:00Z,25.984585
2024-12-16T22:48:00Z,24.596584
2024-12-16T23:24:00Z,25.530853
2024-12-17T00:00:00Z,24.59933
2024-12-17T00:36:00Z,0
2024-12-17T01:12:00Z,24.525242
2024-12-17T01:48:00Z,24.995663
2024-12-17T02:24:00Z,24.341028
2024-12-17T03:00:00Z,25.074993
2024-12-17T03:36:00Z,24.52037
2024-12-17T04:48:00Z,25.946606
2024-12-17T05:24:00Z,24.02406
2024-12-17T06:00:00Z,0
2024-12-17T06:36:00Z,24.99708
2024-12-17T07:12:00Z,24.986996
2024-12-17T07:48:00Z,24.18618
2024-12-17T08:24:00Z,25.13454
2024-12-17T09:00:00Z,24.065767
2024-12-17T09:36:00Z,25.21132
2024-12-17T10:12:00Z,24.394653
2024-12-17T10:48:00Z,0
2024-12-17T11:24:00Z,25.455399
2024-12-17T12:00:00Z,24.525879
2024-12-17T12:36:00Z,25.299305
2024-12-17T13:12:00Z,0
2024-12-17T13:48:00Z,25.663343
2024-12-17T14:24:00Z,25.275345
2024-12-17T15:00:00Z,25.829508
2024-12-17T15:36:00Z,24.00048
2024-12-17T16:12:00Z,24.065647
2024-12-17T16:48:00Z,25.846796
2024-12-17T17:24:00Z,25.965296
2024-12-17T18:00:00Z,24.1002
2024-12-17T18:36:00Z,25.452362
2024-12-17T19:12:00Z,0
2024-12-17T19:48:00Z,24.332
2024-12-17T21:36:00Z,25.816267
2024-12-17T22:12:00Z,0
2024-12-17T22:48:00Z,30.487793
2024-12-17T23:24:00Z,0
2024-12-18T00:00:00Z,25.038496
2024-12-18T01:12:00Z,25.970512
2024-12-18T01:48:00Z,24.261906
2024-12-18T02:24:00Z,25.85067
2024-12-18T03:00:00Z,24.62083
2024-12-18T03:36:00Z,30.425207
2024-12-18T04:12:00Z,0
2024-12-18T04:48:00Z,24.54465
2024-12-18T05:24:00Z,24.19808
2024-12-18T06:00:00Z,25.575726
2024-12-18T06:36:00Z,0
2024-12-18T07:12:00Z,29.97525
2024-12-18T07:48:00Z,0
2024-12-18T08:24:00Z,24.589462
2024-12-18T09:36:00Z,25.583153
2024-12-18T10:12:00Z,0
2024-12-18T10:48:00Z,25.11677
2024-12-18T11:24:00Z,24.30542
2024-12-18T12:00:00Z,25.387651
2024-12-18T13:48:00Z,25.389925
2024-12-18T14:24:00Z,0
2024-12-18T15:00:00Z,29.97373
2024-12-18T15:36:00Z,0
2024-12-18T16:12:00Z,25.450947
2024-12-18T16:48:00Z,25.065397
2024-12-18T17:24:00Z,24.119864
2024-12-18T18:00:00Z,25.688017
2024-12-18T19:12:00Z,24.609112
2024-12-18T19:48:00Z,0
2024-12-18T20:24:00Z,25.42386
2024-12-18T21:00:00Z,24.135925
2024-12-18T21:36:00Z,29.205446
2024-12-18T22:12:00Z,24.28892
2024-12-18T22:48:00Z,24.069267
2024-12-18T23:24:00Z,24.281443
2024-12-19T00:00:00Z,25.008337
2024-12-19T00:36:00Z,29.526268
2024-12-19T01:12:00Z,0
2024-12-19T01:48:00Z,24.577854
2024-12-19T02:24:00Z,25.288574
2024-12-19T03:00:00Z,25.074461
2024-12-19T03:36:00Z,24.418634
2024-12-19T04:48:00Z,25.97697
2024-12-19T05:24:00Z,25.922789
2024-12-19T06:00:00Z,24.503162
2024-12-19T06:36:00Z,25.509619
2024-12-19T07:48:00Z,24.313507
2024-12-19T08:24:00Z,25.293394
2024-12-19T09:36:00Z,25.148472
2024-12-19T10:12:00Z,24.680328
2024-12-19T10:48:00Z,0
2024-12-19T11:24:00Z,29.876768
2024-12-19T12:00:00Z,25.17259
2024-12-19T12:36:00Z,25.57875
2024-12-19T13:12:00Z,25.130468
2024-12-19T13:48:00Z,25.115232
2024-12-19T14:24:00Z,30.58699
2024-12-19T15:00:00Z,0
2024-12-19T15:36:00Z,25.08685
2024-12-19T16:12:00Z,25.08626
2024-12-19T16:48:00Z,29.184568
2024-12-19T17:24:00Z,25.429976
2024-12-19T18:00:00Z,25.537966
2024-12-19T18:36:00Z,25.075191
2024-12-19T19:12:00Z,25.284971
2024-12-19T19:48:00Z,24.740398
2024-12-19T20:24:00Z,25.334324
2024-12-19T21:00:00Z,24.585995
2024-12-19T21:36:00Z,25.973898
2024-12-19T22:12:00Z,24.337393
2024-12-19T22:48:00Z,25.363194
2024-12-19T23:24:00Z,24.405277
2024-12-20T00:00:00Z,25.738653
2024-12-20T01:12:00Z,24.045082
2024-12-20T02:24:00Z,25.953194
2024-12-20T03:00:00Z,24.112322
2024-12-20T04:12:00Z,25.405193
2024-12-20T04:48:00Z,0
2024-12-20T05:24:00Z,24.075397
2024-12-20T06:00:00Z,24.33797
2024-12-20T07:12:00Z,25.988392
2024-12-20T07:48:00Z,24.69844
2024-12-20T09:36:00Z,25.657469
2024-12-20T10:12:00Z,24.168049
2024-12-20T10:48:00Z,25.102869
2024-12-20T11:24:00Z,24.441593
2024-12-20T12:00:00Z,25.618896
2024-12-20T12:36:00Z,24.817755
2024-12-20T13:12:00Z,30.044838
2024-12-20T13:48:00Z,0
2024-12-20T14:24:00Z,25.93022
2024-12-20T15:00:00Z,24.462685
2024-12-20T15:36:00Z,24.396935
2024-12-20T16:12:00Z,24.88646
2024-12-20T16:48:00Z,24.149284
2024-12-20T17:24:00Z,25.698734
2024-12-20T18:36:00Z,25.526344
2024-12-20T19:12:00Z,24.539743
2024-12-20T19:48:00Z,25.739147
2024-12-20T20:24:00Z,25.315695
2024-12-20T21:00:00Z,24.370834
2024-12-20T21:36:00Z,25.309713
2024-12-20T22:12:00Z,24.52836
2024-12-20T22:48:00Z,30.55396
2024-12-20T23:24:00Z,0
2024-12-21T00:00:00Z,24.193256
2024-12-21T00:36:00Z,29.919548
2024-12-21T01:12:00Z,0
2024-12-21T01:48:00Z,25.687834
2024-12-21T02:24:00Z,24.569471
2024-12-21T03:00:00Z,25.823845
2024-12-21T03:36:00Z,25.865606
2024-12-21T04:12:00Z,24.275705
2024-12-21T04:48:00Z,0
2024-12-21T05:24:00Z,25.560347
2024-12-21T06:00:00Z,25.412611
2024-12-21T06:36:00Z,24.060642
2024-12-21T07:12:00Z,30.680662
2024-12-21T07:48:00Z,24.705883
2024-12-21T08:24:00Z,25.612541
2024-12-21T09:00:00Z,25.035852
2024-12-21T09:36:00Z,25.854073
2024-12-21T10:12:00Z,24.392527
2024-12-21T10:48:00Z,25.981089
2024-12-21T11:24:00Z,25.792223
2024-12-21T12:00:00Z,24.4719
2024-12-21T12:36:00Z,24.021461
2024-12-21T13:12:00Z,25.277378
2024-12-21T13:48:00Z,24.595608
2024-12-21T14:24:00Z,24.742796
2024-12-21T15:00:00Z,24.11418
2024-12-21T15:36:00Z,25.33037
2024-12-21T16:12:00Z,25.706043
2024-12-21T16:48:00Z,29.056644
2024-12-21T17:24:00Z,0
2024-12-21T18:00:00Z,24.770153
2024-12-21T18:36:00Z,29.853916
2024-12-21T19:12:00Z,25.046232
2024-12-21T19:48:00Z,25.680468
2024-12-21T20:24:00Z,25.742834
2024-12-21T21:00:00Z,24.753233
2024-12-21T21:36:00Z,25.795376
2024-12-21T22:12:00Z,25.886194
2024-12-21T22:48:00Z,24.66904
2024-12-21T23:24:00Z,25.528229
2024-12-22T00:00:00Z,0
2024-12-22T00:36:00Z,24.567226
2024-12-22T01:12:00Z,24.239079
2024-12-22T01:48:00Z,25.149277
2024-12-22T02:24:00Z,25.051207
2024-12-22T03:00:00Z,25.537247
2024-12-22T03:36:00Z,24.788782
2024-12-22T04:12:00Z,24.554403
2024-12-22T04:48:00Z,25.37204
2024-12-22T06:00:00Z,24.791561
2024-12-22T06:36:00Z,25.50783
2024-12-22T07:12:00Z,24.221558
2024-12-22T07:48:00Z,29.296288
2024-12-22T08:24:00Z,0
2024-12-22T09:00:00Z,0
2024-12-22T09:36:00Z,25.598528
2024-12-22T10:12:00Z,25.098417
2024-12-22T11:24:00Z,25.938086
2024-12-22T12:00:00Z,25.581715
2024-12-22T12:36:00Z,24.434145
2024-12-22T13:12:00Z,25.737705
2024-12-22T13:48:00Z,25.604086
2024-12-22T14:24:00Z,25.009356
2024-12-22T15:00:00Z,25.810936
2024-12-22T15:36:00Z,24.359434
2024-12-22T16:12:00Z,25.967117
2024-12-22T16:48:00Z,25.837814
2024-12-22T17:24:00Z,24.282856
2024-12-22T18:00:00Z,25.668797
2024-12-22T18:36:00Z,25.928125
2024-12-22T19:12:00Z,25.120964
2024-12-22T19:48:00Z,30.053219
2024-12-22T20:24:00Z,25.282984
2024-12-22T21:00:00Z,24.47666
2024-12-22T21:36:00Z,25.220064
2024-12-22T22:12:00Z,25.559772
2024-12-22T22:48:00Z,24.702131
2024-12-22T23:24:00Z,25.87946
2024-12-23T00:00:00Z,24.370777
2024-12-23T01:48:00Z,25.825043
2024-12-23T02:24:00Z,24.431055
2024-12-23T03:00:00Z,29.21635
2024-12-23T03:36:00Z,0
2024-12-23T04:12:00Z,25.513283
2024-12-23T04:48:00Z,24.146229
2024-12-23T05:24:00Z,0
2024-12-23T06:00:00Z,25.178816
2024-12-23T06:36:00Z,0
2024-12-23T07:12:00Z,25.193558
2024-12-23T07:48:00Z,25.768806
2024-12-23T08:24:00Z,24.297087
2024-12-23T09:00:00Z,30.848497
2024-12-23T09:36:00Z,25.567886
2024-12-23T10:12:00Z,25.444063
2024-12-23T10:48:00Z,24.51759
2024-12-23T12:36:00Z,24.013659
2024-12-23T13:12:00Z,24.220844
2024-12-23T13:48:00Z,25.239302
2024-12-23T14:24:00Z,29.707293
2024-12-23T15:00:00Z,25.854347
2024-12-23T15:36:00Z,24.521976
2024-12-23T16:12:00Z,25.830309
2024-12-23T18:00:00Z,25.365232
2024-12-23T18:36:00Z,30.773546
2024-12-23T19:12:00Z,0
2024-12-23T19:48:00Z,25.370785
2024-12-23T20:24:00Z,24.869492
2024-12-23T21:00:00Z,0
2024-12-23T21:36:00Z,24.947517
2024-12-23T22:12:00Z,0
2024-12-23T22:48:00Z,25.394505
2024-12-23T23:24:00Z,25.399733
2024-12-24T00:00:00Z,25.849346
2024-12-24T00:36:00Z,24.639717
2024-12-24T01:12:00Z,24.255949
2024-12-24T01:48:00Z,25.876379
2024-12-24T02:24:00Z,24.36643
2024-12-24T03:00:00Z,25.754877
2024-12-24T03:36:00Z,0
2024-12-24T04:12:00Z,25.150074
2024-12-24T04:48:00Z,29.890825
2024-12-24T05:24:00Z,25.852434
2024-12-24T06:00:00Z,25.438196
2024-12-24T06:36:00Z,0
2024-12-24T07:12:00Z,30.383093
2024-12-24T07:48:00Z,0
2024-12-24T08:24:00Z,24.07827
2024-12-24T09:00:00Z,24.351822
2024-12-24T09:36:00Z,25.343042
2024-12-24T10:12:00Z,24.009634
2024-12-24T11:24:00Z,24.210424
2024-12-24T12:36:00Z,25.998789
2024-12-24T13:12:00Z,30.451733
2024-12-24T13:48:00Z,25.956144
2024-12-24T15:36:00Z,24.401726
2024-12-24T16:12:00Z,25.733103
2024-12-24T16:48:00Z,0
2024-12-24T17:24:00Z,25.063961
2024-12-24T18:00:00Z,0
2024-12-24T18:36:00Z,24.056263
2024-12-24T19:12:00Z,25.633047
2024-12-24T19:48:00Z,25.493622
2024-12-24T20:24:00Z,0
2024-12-24T21:00:00Z,25.001678
2024-12-24T21:36:00Z,25.6681
2024-12-24T22:48:00Z,24.204185
2024-12-24T23:24:00Z,30.16435
2024-12-25T00:00:00Z,24.29226
2024-12-25T00:36:00Z,24.503633
2024-12-25T01:12:00Z,25.527437
2024-12-25T02:24:00Z,25.984095
2024-12-25T03:00:00Z,24.308132
2024-12-25T03:36:00Z,25.191587
2024-12-25T04:12:00Z,24.618086
2024-12-25T04:48:00Z,30.32679
2024-12-25T05:24:00Z,0
2024-12-25T06:00:00Z,25.86081
2024-12-25T06:36:00Z,0
2024-12-25T07:12:00Z,25.790838
2024-12-25T08:24:00Z,25.649437
2024-12-25T09:00:00Z,24.348269
2024-12-25T10:12:00Z,24.400476
2024-12-25T11:24:00Z,25.9429
2024-12-25T13:12:00Z,24.149458
2024-12-25T13:48:00Z,24.649433
2024-12-25T14:24:00Z,29.47921
2024-12-25T15:00:00Z,24.302454
2024-12-25T15:36:00Z,25.34349
2024-12-25T16:12:00Z,24.77038
2024-12-25T17:24:00Z,25.448786
2024-12-25T18:00:00Z,24.416561
2024-12-25T18:36:00Z,25.689741
2024-12-25T19:12:00Z,25.01852
2024-12-25T19:48:00Z,25.249853
2024-12-25T21:00:00Z,24.84286
2024-12-25T21:36:00Z,30.448778
2024-12-25T22:12:00Z,24.594719
2024-12-25T22:48:00Z,25.706999
2024-12-25T23:24:00Z,25.23376
2024-12-26T00:00:00Z,25.777636
2024-12-26T00:36:00Z,24.65906
2024-12-26T01:12:00Z,25.901655
2024-12-26T01:48:00Z,25.36235
2024-12-26T02:24:00Z,0
2024-12-26T03:00:00Z,25.160542
2024-12-26T03:36:00Z,24.494978
2024-12-26T04:12:00Z,25.168043
2024-12-26T04:48:00Z,24.887415
2024-12-26T05:24:00Z,0
2024-12-26T06:00:00Z,24.21837
2024-12-26T06:36:00Z,25.836615
2024-12-26T07:12:00Z,25.910213
2024-12-26T07:48:00Z,29.93934
2024-12-26T08:24:00Z,25.632214
2024-12-26T09:36:00Z,25.41587
2024-12-26T10:12:00Z,24.644178
2024-12-26T10:48:00Z,25.876156
2024-12-26T11:24:00Z,0
2024-12-26T12:00:00Z,24.615534
2024-12-26T12:36:00Z,25.025694
2024-12-26T13:12:00Z,25.990492
2024-12-26T13:48:00Z,25.399605
2024-12-26T14:24:00Z,0
2024-12-26T15:00:00Z,24.2891
2024-12-26T15:36:00Z,29.357447
2024-12-26T16:12:00Z,0
2024-12-26T16:48:00Z,25.360111
2024-12-26T17:24:00Z,25.381514
2024-12-26T18:00:00Z,24.45968
2024-12-26T18:36:00Z,25.364334
2024-12-26T19:12:00Z,25.66947
2024-12-26T19:48:00Z,24.55781
2024-12-26T20:24:00Z,0
2024-12-26T21:00:00Z,25.451344
2024-12-26T21:36:00Z,25.484262
2024-12-26T22:12:00Z,24.828455
2024-12-26T23:24:00Z,24.375566
2024-12-27T00:00:00Z,25.743383
2024-12-27T01:12:00Z,25.101326
2024-12-27T01:48:00Z,25.605434
2024-12-27T02:24:00Z,24.796843
2024-12-27T03:00:00Z,24.467796
2024-12-27T03:36:00Z,25.813637
2024-12-27T04:12:00Z,24.149715
2024-12-27T04:48:00Z,24.772165
2024-12-27T05:24:00Z,0
2024-12-27T06:00:00Z,25.441692
2024-12-27T06:36:00Z,25.117453
2024-12-27T07:12:00Z,24.208918
2024-12-27T08:24:00Z,25.230732
2024-12-27T09:00:00Z,0
2024-12-27T09:36:00Z,25.854158
2024-12-27T10:12:00Z,24.346783
2024-12-27T10:48:00Z,24.987486
2024-12-27T11:24:00Z,24.332531
2024-12-27T12:00:00Z,25.37045
2024-12-27T12:36:00Z,24.94071
2024-12-27T13:12:00Z,0
2024-12-27T13:48:00Z,25.659733
2024-12-27T14:24:00Z,0
2024-12-27T15:00:00Z,0
2024-12-27T15:36:00Z,24.526299
2024-12-27T16:12:00Z,0
2024-12-27T16:48:00Z,24.994799
2024-12-27T17:24:00Z,24.19528
2024-12-27T18:00:00Z,24.223988
2024-12-27T18:36:00Z,30.622583
2024-12-27T19:12:00Z,24.197948
2024-12-27T19:48:00Z,25.350292
2024-12-27T20:24:00Z,25.184532
2024-12-27T21:00:00Z,25.88496
2024-12-27T21:36:00Z,24.75066
2024-12-27T22:12:00Z,25.623947
2024-12-27T22:48:00Z,25.447018
2024-12-27T23:24:00Z,24.265808
2024-12-28T00:00:00Z,24.963423
2024-12-28T00:36:00Z,24.804989
2024-12-28T01:12:00Z,24.107624
2024-12-28T02:24:00Z,24.448597
2024-12-28T03:00:00Z,24.919483
2024-12-28T03:36:00Z,24.31221
2024-12-28T04:48:00Z,25.781937
2024-12-28T05:24:00Z,25.570826
2024-12-28T06:00:00Z,25.856241
2024-12-28T06:36:00Z,24.616076
2024-12-28T07:12:00Z,24.322536
2024-12-28T07:48:00Z,24.83223
2024-12-28T08:24:00Z,25.875813
2024-12-28T09:00:00Z,30.181803
2024-12-28T09:36:00Z,24.379251
2024-12-28T10:12:00Z,24.518969
2024-12-28T10:48:00Z,24.01489
2024-12-28T11:24:00Z,24.696945
2024-12-28T12:00:00Z,24.054937
2024-12-28T12:36:00Z,0
2024-12-28T13:12:00Z,24.490513
2024-12-28T13:48:00Z,25.666292
2024-12-28T14:24:00Z,25.602003
2024-12-28T15:00:00Z,29.163929
2024-12-28T15:36:00Z,24.183102
2024-12-28T16:48:00Z,25.676682
2024-12-28T17:24:00Z,25.734364
2024-12-28T18:00:00Z,24.626955
2024-12-28T18:36:00Z,25.440657
2024-12-28T19:12:00Z,24.719654
2024-12-28T19:48:00Z,0
2024-12-28T20:24:00Z,25.229633
2024-12-28T21:00:00Z,29.962038
2024-12-28T21:36:00Z,25.771194
2024-12-28T22:12:00Z,24.875454
2024-12-28T23:24:00Z,25.2831
2024-12-29T00:00:00Z,24.57326
2024-12-29T00:36:00Z,24.631548
2024-12-29T01:12:00Z,25.380905
2024-12-29T01:48:00Z,25.257994
2024-12-29T02:24:00Z,24.116203
2024-12-29T03:00:00Z,25.878008
2024-12-29T03:36:00Z,24.904722
2024-12-29T05:24:00Z,25.737717
2024-12-29T06:00:00Z,24.607973
2024-12-29T06:36:00Z,25.84881
2024-12-29T07:12:00Z,24.93569
2024-12-29T08:24:00Z,25.77107
2024-12-29T09:00:00Z,25.337858
2024-12-29T09:36:00Z,0
2024-12-29T10:12:00Z,25.703047
2024-12-29T10:48:00Z,25.562775
2024-12-29T11:24:00Z,24.029814
2024-12-29T12:00:00Z,25.272888
2024-12-29T12:36:00Z,30.522377
2024-12-29T13:12:00Z,25.875801
2024-12-29T13:48:00Z,24.597233
2024-12-29T14:24:00Z,24.77683
2024-12-29T15:00:00Z,24.019945
2024-12-29T15:36:00Z,30.847275
2024-12-29T16:12:00Z,0
2024-12-29T16:48:00Z,24.99966
2024-12-29T17:24:00Z,24.391092
2024-12-29T18:00:00Z,24.3131
2024-12-29T19:12:00Z,25.315754
2024-12-29T19:48:00Z,24.549614
2024-12-29T20:24:00Z,24.260487
2024-12-29T21:00:00Z,25.16747
2024-12-29T23:24:00Z,25.76167
2024-12-30T00:00:00Z,24.795725
2024-12-30T00:36:00Z,25.22623
2024-12-30T01:12:00Z,24.828148
2024-12-30T01:48:00Z,29.078068
2024-12-30T02:24:00Z,25.386854
2024-12-30T03:36:00Z,24.324387
2024-12-30T04:12:00Z,25.46707
2024-12-30T04:48:00Z,24.233282
2024-12-30T05:24:00Z,25.513466
2024-12-30T06:00:00Z,24.038225
2024-12-30T06:36:00Z,24.668743
2024-12-30T07:12:00Z,24.030514
2024-12-30T07:48:00Z,24.019144
2024-12-30T08:24:00Z,25.793146
2024-12-30T09:00:00Z,24.548576
2024-12-30T09:36:00Z,24.860641
2024-12-30T10:12:00Z,0
2024-12-30T10:48:00Z,25.820728
2024-12-30T11:24:00Z,25.34992
2024-12-30T12:00:00Z,25.365423
2024-12-30T12:36:00Z,0
2024-12-30T13:12:00Z,25.961002
2024-12-30T13:48:00Z,24.09286
2024-12-30T14:24:00Z,30.915026
2024-12-30T15:00:00Z,0
2024-12-30T15:36:00Z,25.746613
2024-12-30T16:12:00Z,24.012533
2024-12-30T17:24:00Z,25.56378
2024-12-30T18:36:00Z,24.13938
2024-12-30T19:12:00Z,25.38341
2024-12-30T19:48:00Z,25.20969
2024-12-30T20:24:00Z,24.14735
2024-12-30T21:00:00Z,25.124897
2024-12-30T22:12:00Z,24.425236
2024-12-30T22:48:00Z,0
2024-12-30T23:24:00Z,25.303274
2024-12-31T00:00:00Z,24.337236
2024-12-31T01:12:00Z,25.096533
2024-12-31T02:24:00Z,24.644493
2024-12-31T03:00:00Z,24.76568
2024-12-31T03:36:00Z,29.11468
2024-12-31T04:12:00Z,0
2024-12-31T04:48:00Z,25.28854
2024-12-31T05:24:00Z,0
2024-12-31T06:00:00Z,24.912006
2024-12-31T06:36:00Z,24.814514
2024-12-31T07:12:00Z,30.976774
2024-12-31T07:48:00Z,25.42189
2024-12-31T08:24:00Z,25.143923
2024-12-31T09:00:00Z,0
2024-12-31T09:36:00Z,24.188648
2024-12-31T10:12:00Z,0
2024-12-31T10:48:00Z,29.270031
2024-12-31T11:24:00Z,25.193
2024-12-31T12:36:00Z,25.705477
2024-12-31T13:12:00Z,24.47936
2024-12-31T14:24:00Z,24.230433
2024-12-31T15:00:00Z,24.863537
2024-12-31T15:36:00Z,24.437344
2024-12-31T16:12:00Z,25.042768
2024-12-31T16:48:00Z,29.651413
2024-12-31T17:24:00Z,25.250912
2024-12-31T18:00:00Z,24.161697
2024-12-31T18:36:00Z,25.620636
2024-12-31T19:48:00Z,25.962057
2024-12-31T20:24:00Z,24.41751
2024-12-31T21:00:00Z,24.758116
2024-12-31T21:36:00Z,24.11794
2024-12-31T22:12:00Z,0
2024-12-31T22:48:00Z,25.986343
2024-12-31T23:24:00Z,24.937622
2025-01-01T00:00:00Z,25.558405
2025-01-01T00:36:00Z,29.020685
2025-01-01T01:12:00Z,24.865643
2025-01-01T01:48:00Z,25.48338
2025-01-01T03:00:00Z,24.492258
2025-01-01T03:36:00Z,25.263298
2025-01-01T04:12:00Z,25.630062
2025-01-01T04:48:00Z,25.053919
2025-01-01T05:24:00Z,25.777954
2025-01-01T06:00:00Z,25.860212
2025-01-01T06:36:00Z,24.352028
2025-01-01T07:12:00Z,25.960003
2025-01-01T07:48:00Z,24.514591
2025-01-01T08:24:00Z,30.084547
2025-01-01T09:00:00Z,25.006222
2025-01-01T09:36:00Z,24.926298
2025-01-01T10:12:00Z,25.434635
2025-01-01T10:48:00Z,24.04336
2025-01-01T11:24:00Z,0
2025-01-01T12:00:00Z,25.771318
2025-01-01T12:36:00Z,0
2025-01-01T13:12:00Z,24.783995
2025-01-01T13:48:00Z,25.55176
2025-01-01T14:24:00Z,0
2025-01-01T15:00:00Z,0
2025-01-01T15:36:00Z,25.435514
2025-01-01T16:12:00Z,24.790037
2025-01-01T16:48:00Z,25.588196
2025-01-01T17:24:00Z,24.37844
2025-01-01T18:00:00Z,24.303514
2025-01-01T18:36:00Z,30.633835
2025-01-01T19:12:00Z,25.48965
2025-01-01T19:48:00Z,25.452295
2025-01-01T20:24:00Z,29.883003
2025-01-01T21:00:00Z,24.045689
2025-01-01T21:36:00Z,0
2025-01-01T22:12:00Z,24.777725
2025-01-01T22:48:00Z,25.025433
2025-01-02T00:00:00Z,24.04093
2025-01-02T01:12:00Z,24.587584
2025-01-02T01:48:00Z,25.248457
2025-01-02T03:00:00Z,25.601093
2025-01-02T03:36:00Z,24.96651
2025-01-02T04:12:00Z,25.667543
2025-01-02T04:48:00Z,25.877542
2025-01-02T05:24:00Z,0
2025-01-02T06:00:00Z,24.278416
2025-01-02T06:36:00Z,24.79192
2025-01-02T07:12:00Z,24.199926
2025-01-02T08:24:00Z,24.179659
2025-01-02T09:00:00Z,25.257141
2025-01-02T09:36:00Z,24.73297
2025-01-02T10:48:00Z,24.499014
2025-01-02T11:24:00Z,24.98123
2025-01-02T12:00:00Z,0
2025-01-02T12:36:00Z,25.121157
2025-01-02T13:12:00Z,25.750061
2025-01-02T13:48:00Z,0
2025-01-02T14:24:00Z,30.598518
2025-01-02T15:00:00Z,0
2025-01-02T15:36:00Z,25.371662
2025-01-02T16:12:00Z,24.366089
2025-01-02T16:48:00Z,24.109797
2025-01-02T17:24:00Z,24.684834
2025-01-02T18:00:00Z,24.051325
2025-01-02T18:36:00Z,25.264982
2025-01-02T19:12:00Z,25.654669
2025-01-02T19:48:00Z,24.419516
2025-01-02T20:24:00Z,25.110373
2025-01-02T21:00:00Z,25.25905
2025-01-02T21:36:00Z,24.37159
2025-01-02T22:12:00Z,25.038378
2025-01-02T22:48:00Z,24.3632
2025-01-02T23:24:00Z,25.93211
2025-01-03T00:00:00Z,29.136765
2025-01-03T00:36:00Z,0
2025-01-03T01:12:00Z,25.498953
2025-01-03T01:48:00Z,24.378065
2025-01-03T02:24:00Z,25.1716
2025-01-03T03:00:00Z,29.746046
2025-01-03T03:36:00Z,24.908339
2025-01-03T04:12:00Z,25.189186
2025-01-03T04:48:00Z,24.432247
2025-01-03T05:24:00Z,24.968864
2025-01-03T06:00:00Z,25.928843
2025-01-03T06:36:00Z,30.072538
2025-01-03T07:12:00Z,24.739492
2025-01-03T07:48:00Z,25.391378
2025-01-03T09:00:00Z,24.3169
2025-01-03T09:36:00Z,25.080122
2025-01-03T10:12:00Z,29.301828
2025-01-03T10:48:00Z,24.366898
2025-01-03T11:24:00Z,25.552889
2025-01-03T12:00:00Z,24.897589
2025-01-03T12:36:00Z,25.34401
2025-01-03T13:12:00Z,0
2025-01-03T13:48:00Z,24.573795
2025-01-03T14:24:00Z,24.787075
2025-01-03T15:00:00Z,24.542381
2025-01-03T15:36:00Z,25.740776
2025-01-03T17:24:00Z,25.37647
2025-01-03T18:36:00Z,25.645397
2025-01-03T19:12:00Z,0
2025-01-03T19:48:00Z,30.59962
2025-01-03T20:24:00Z,0
2025-01-03T21:00:00Z,25.233532
2025-01-03T21:36:00Z,24.641174
2025-01-03T22:48:00Z,24.48474
2025-01-03T23:24:00Z,25.49968
2025-01-04T00:00:00Z,25.66265
2025-01-04T00:36:00Z,0
2025-01-04T01:12:00Z,24.770899
2025-01-04T01:48:00Z,24.05767
2025-01-04T02:24:00Z,24.384315
2025-01-04T03:00:00Z,0
2025-01-04T03:36:00Z,25.671839
2025-01-04T04:12:00Z,25.842796
2025-01-04T04:48:00Z,30.96915
2025-01-04T05:24:00Z,25.899755
2025-01-04T06:00:00Z,24.8225
2025-01-04T06:36:00Z,24.80153
2025-01-04T07:12:00Z,30.533491
2025-01-04T07:48:00Z,24.649496
2025-01-04T08:24:00Z,25.698748
2025-01-04T09:00:00Z,25.892002
2025-01-04T09:36:00Z,25.537815
2025-01-04T10:12:00Z,25.661957
2025-01-04T10:48:00Z,24.403923
2025-01-04T11:24:00Z,25.679422
2025-01-04T12:00:00Z,30.742376
2025-01-04T12:36:00Z,25.512512
2025-01-04T13:12:00Z,24.38402
2025-01-04T14:24:00Z,25.758104
2025-01-04T15:00:00Z,24.059145
2025-01-04T15:36:00Z,24.71993
2025-01-04T16:12:00Z,0
2025-01-04T16:48:00Z,25.218672
2025-01-04T17:24:00Z,24.093338
2025-01-04T18:00:00Z,25.4626
2025-01-04T19:48:00Z,24.750843
2025-01-04T20:24:00Z,25.752851
2025-01-04T21:00:00Z,24.22309
2025-01-04T21:36:00Z,24.42273
2025-01-04T22:12:00Z,25.610851
2025-01-04T23:24:00Z,24.269775
2025-01-05T00:00:00Z,25.98431
2025-01-05T00:36:00Z,24.94667
2025-01-05T01:12:00Z,25.653854
2025-01-05T02:24:00Z,24.740406
2025-01-05T03:00:00Z,24.834156
2025-01-05T03:36:00Z,25.5181
2025-01-05T04:12:00Z,24.216986
2025-01-05T05:24:00Z,24.167418
2025-01-05T06:00:00Z,25.085594
2025-01-05T06:36:00Z,24.331902
2025-01-05T07:12:00Z,24.088663
2025-01-05T07:48:00Z,30.538422
2025-01-05T08:24:00Z,24.575144
2025-01-05T09:00:00Z,24.140919
2025-01-05T09:36:00Z,25.51757
2025-01-05T10:12:00Z,24.402262
2025-01-05T10:48:00Z,24.194067
2025-01-05T11:24:00Z,25.853321
2025-01-05T12:00:00Z,29.097828
2025-01-05T12:36:00Z,25.544823
2025-01-05T13:12:00Z,25.785097
2025-01-05T13:48:00Z,25.199738
2025-01-05T14:24:00Z,30.419348
2025-01-05T15:00:00Z,25.539158
2025-01-05T15:36:00Z,30.758245
2025-01-05T16:12:00Z,25.950287
2025-01-05T16:48:00Z,25.412943
2025-01-05T17:24:00Z,25.703926
2025-01-05T18:00:00Z,24.308973
2025-01-05T18:36:00Z,25.912039
2025-01-05T19:12:00Z,30.303476
2025-01-05T19:48:00Z,0
2025-01-05T20:24:00Z,24.812057
2025-01-05T21:36:00Z,25.63221
2025-01-05T22:12:00Z,25.702703
2025-01-05T22:48:00Z,24.127056
2025-01-05T23:24:00Z,25.225683
2025-01-06T00:00:00Z,0
2025-01-06T00:36:00Z,29.645811
2025-01-06T01:12:00Z,0
2025-01-06T01:48:00Z,24.282866
2025-01-06T02:24:00Z,25.046839
2025-01-06T03:00:00Z,25.282112
2025-01-06T03:36:00Z,24.419445
2025-01-06T04:48:00Z,25.98546
2025-01-06T05:24:00Z,25.377295
2025-01-06T06:00:00Z,0
2025-01-06T06:36:00Z,24.28044
2025-01-06T07:12:00Z,24.881535
2025-01-06T07:48:00Z,0
2025-01-06T08:24:00Z,25.99632
2025-01-06T09:00:00Z,25.011793
2025-01-06T09:36:00Z,24.883617
2025-01-06T10:12:00Z,0
2025-01-06T10:48:00Z,29.344286
2025-01-06T11:24:00Z,24.441446
2025-01-06T12:00:00Z,24.110249
2025-01-06T12:36:00Z,24.193665
2025-01-06T13:12:00Z,25.693817
2025-01-06T13:48:00Z,24.622736
2025-01-06T14:24:00Z,25.61425
2025-01-06T15:36:00Z,25.110596
2025-01-06T16:12:00Z,24.387785
2025-01-06T16:48:00Z,25.14315
2025-01-06T17:24:00Z,25.404665
2025-01-06T18:00:00Z,24.400305
2025-01-06T18:36:00Z,24.368044
2025-01-06T19:12:00Z,25.057041
2025-01-06T19:48:00Z,24.157608
2025-01-06T20:24:00Z,29.285757
2025-01-06T21:00:00Z,24.71401
2025-01-06T21:36:00Z,25.513193
2025-01-06T22:12:00Z,24.242002
2025-01-06T22:48:00Z,25.09329
2025-01-07T00:00:00Z,25.819817
2025-01-07T00:36:00Z,24.189651
2025-01-07T01:12:00Z,24.11798
2025-01-07T01:48:00Z,25.584673
2025-01-07T02:24:00Z,24.594215
2025-01-07T03:00:00Z,25.326006
2025-01-07T03:36:00Z,24.00144
2025-01-07T04:12:00Z,25.251188
2025-01-07T04:48:00Z,30.638361
2025-01-07T05:24:00Z,24.824108
2025-01-07T06:00:00Z,25.959475
2025-01-07T06:36:00Z,24.916054
2025-01-07T07:12:00Z,30.082617
2025-01-07T07:48:00Z,0
2025-01-07T08:24:00Z,25.178022
2025-01-07T10:12:00Z,25.656033
2025-01-07T11:24:00Z,25.218918
2025-01-07T12:00:00Z,24.038631
2025-01-07T12:36:00Z,30.693449
2025-01-07T13:12:00Z,25.200668
2025-01-07T13:48:00Z,25.486784
2025-01-07T14:24:00Z,24.122086
2025-01-07T15:00:00Z,0
2025-01-07T15:36:00Z,24.30837
2025-01-07T16:12:00Z,24.225992
2025-01-07T16:48:00Z,25.897072
2025-01-07T17:24:00Z,29.19981
2025-01-07T18:00:00Z,0
2025-01-07T18:36:00Z,24.892544
2025-01-07T19:12:00Z,24.74376
2025-01-07T19:48:00Z,0
2025-01-07T20:24:00Z,24.979725
2025-01-07T21:00:00Z,24.510038
2025-01-07T21:36:00Z,0
2025-01-07T22:12:00Z,25.070805
2025-01-07T22:48:00Z,25.423494
2025-01-07T23:24:00Z,0
2025-01-08T00:00:00Z,24.142826
2025-01-08T00:36:00Z,24.716429
2025-01-08T01:12:00Z,24.08112
2025-01-08T01:48:00Z,25.891064
2025-01-08T02:24:00Z,30.233702
2025-01-08T03:00:00Z,25.483364
2025-01-08T03:36:00Z,24.007238
2025-01-08T04:48:00Z,25.49081
2025-01-08T05:24:00Z,24.385408
2025-01-08T06:00:00Z,24.557852
2025-01-08T06:36:00Z,25.809704
2025-01-08T07:12:00Z,24.53638
2025-01-08T07:48:00Z,0
2025-01-08T08:24:00Z,0
2025-01-08T09:00:00Z,24.134548
2025-01-08T09:36:00Z,24.521147
2025-01-08T10:12:00Z,25.820345
2025-01-08T10:48:00Z,25.07444
2025-01-08T11:24:00Z,25.833918
2025-01-08T12:00:00Z,25.156271
2025-01-08T12:36:00Z,25.636635
2025-01-08T13:12:00Z,24.648397
2025-01-08T14:24:00Z,24.956697
2025-01-08T15:00:00Z,25.90229
2025-01-08T15:36:00Z,24.859755
2025-01-08T16:12:00Z,24.254265
2025-01-08T16:48:00Z,0
2025-01-08T17:24:00Z,24.59499
2025-01-08T18:00:00Z,24.524158
2025-01-08T18:36:00Z,25.591143
2025-01-08T19:12:00Z,25.75132
2025-01-08T19:48:00Z,24.22569
2025-01-08T20:24:00Z,25.21768
2025-01-08T21:00:00Z,24.03956
2025-01-08T21:36:00Z,25.13456
2025-01-08T22:12:00Z,24.295511
2025-01-08T22:48:00Z,25.413225
2025-01-08T23:24:00Z,24.46232
2025-01-09T00:00:00Z,25.327423
2025-01-09T01:12:00Z,24.687496
2025-01-09T01:48:00Z,25.48936
2025-01-09T02:24:00Z,0
2025-01-09T03:00:00Z,30.639296
2025-01-09T03:36:00Z,0
2025-01-09T04:12:00Z,29.28388
2025-01-09T04:48:00Z,25.481321
2025-01-09T05:24:00Z,24.045538
2025-01-09T06:36:00Z,24.55933
2025-01-09T07:12:00Z,0
2025-01-09T07:48:00Z,25.65178
2025-01-09T08:24:00Z,25.296381
2025-01-09T09:00:00Z,24.483467
2025-01-09T09:36:00Z,25.40575
2025-01-09T10:12:00Z,25.811954
2025-01-09T11:24:00Z,24.843147
2025-01-09T12:00:00Z,25.714783
2025-01-09T12:36:00Z,25.087095
2025-01-09T13:12:00Z,25.544867
2025-01-09T13:48:00Z,24.58805
2025-01-09T14:24:00Z,25.441463
2025-01-09T15:00:00Z,25.504606
2025-01-09T15:36:00Z,24.336872
2025-01-09T16:12:00Z,25.581158
2025-01-09T16:48:00Z,24.571892
2025-01-09T18:00:00Z,25.427124
2025-01-09T18:36:00Z,25.288216
2025-01-09T19:12:00Z,24.368011
2025-01-09T19:48:00Z,25.337954
2025-01-09T20:24:00Z,24.190664
2025-01-09T21:00:00Z,29.4346
2025-01-09T21:36:00Z,0
2025-01-09T22:12:00Z,24.079813
2025-01-09T22:48:00Z,24.194723
2025-01-09T23:24:00Z,24.726593
2025-01-10T00:36:00Z,25.139654
2025-01-10T01:12:00Z,25.807196
2025-01-10T01:48:00Z,29.056305
2025-01-10T02:24:00Z,25.369555
2025-01-10T03:00:00Z,24.269337
2025-01-10T03:36:00Z,30.536884
2025-01-10T04:12:00Z,25.05532
2025-01-10T04:48:00Z,24.711458
2025-01-10T05:24:00Z,24.894356
2025-01-10T06:00:00Z,25.912916
2025-01-10T06:36:00Z,25.756908
2025-01-10T07:12:00Z,24.053028
2025-01-10T07:48:00Z,25.933996
2025-01-10T09:00:00Z,24.756433
2025-01-10T09:36:00Z,25.487614
2025-01-10T10:12:00Z,24.595396
2025-01-10T10:48:00Z,24.36036
2025-01-10T11:24:00Z,0
2025-01-10T12:00:00Z,25.721088
2025-01-10T12:36:00Z,24.156956
2025-01-10T13:48:00Z,24.58006
2025-01-10T14:24:00Z,30.104612
2025-01-10T15:00:00Z,24.715994
2025-01-10T15:36:00Z,25.91822
2025-01-10T16:12:00Z,0
2025-01-10T16:48:00Z,25.8267
2025-01-10T17:24:00Z,24.406403
2025-01-10T18:00:00Z,30.054892
2025-01-10T18:36:00Z,24.838219
2025-01-10T19:48:00Z,24.98074
2025-01-10T20:24:00Z,24.724665
2025-01-10T21:00:00Z,25.462612
2025-01-10T21:36:00Z,24.036528
2025-01-10T22:12:00Z,25.445478
2025-01-10T22:48:00Z,24.223354
2025-01-10T23:24:00Z,25.430052
2025-01-11T00:00:00Z,0
2025-01-11T00:36:00Z,25.737041
2025-01-11T01:12:00Z,24.65836
2025-01-11T02:24:00Z,24.580374
2025-01-11T03:00:00Z,29.438768
2025-01-11T03:36:00Z,24.7489
2025-01-11T04:12:00Z,24.942049
2025-01-11T04:48:00Z,25.844858
2025-01-11T06:00:00Z,24.186869
2025-01-11T06:36:00Z,25.557108
2025-01-11T07:12:00Z,25.396141
2025-01-11T07:48:00Z,24.217655
2025-01-11T08:24:00Z,24.11764
2025-01-11T09:00:00Z,25.777443
2025-01-11T09:36:00Z,0
2025-01-11T10:12:00Z,24.936684
2025-01-11T10:48:00Z,24.686304
2025-01-11T11:24:00Z,0
2025-01-11T12:00:00Z,0
2025-01-11T12:36:00Z,24.858795
2025-01-11T13:12:00Z,24.169252
2025-01-11T13:48:00Z,25.940903
2025-01-11T14:24:00Z,25.073006
2025-01-11T15:00:00Z,25.46002
2025-01-11T15:36:00Z,0
2025-01-11T16:12:00Z,24.771072
2025-01-11T16:48:00Z,24.403717
2025-01-11T17:24:00Z,25.569832
2025-01-11T18:00:00Z,25.310085
2025-01-11T18:36:00Z,24.25398
2025-01-11T19:12:00Z,24.404734
2025-01-11T19:48:00Z,30.07862
2025-01-11T20:24:00Z,25.033869
2025-01-11T21:00:00Z,30.428606
2025-01-11T21:36:00Z,25.46134
2025-01-11T22:12:00Z,29.228153
2025-01-11T22:48:00Z,24.296312
2025-01-11T23:24:00Z,25.772903
2025-01-12T00:00:00Z,24.606966
2025-01-12T01:48:00Z,25.4311
2025-01-12T02:24:00Z,24.32985
2025-01-12T03:00:00Z,0
2025-01-12T03:36:00Z,25.985529
2025-01-12T04:12:00Z,29.450129
2025-01-12T04:48:00Z,24.506657
2025-01-12T06:00:00Z,25.527374
2025-01-12T06:36:00Z,24.424122
2025-01-12T07:12:00Z,24.43088
2025-01-12T07:48:00Z,25.487986
2025-01-12T08:24:00Z,24.155613
2025-01-12T09:00:00Z,24.573652
2025-01-12T09:36:00Z,30.977934
2025-01-12T10:12:00Z,24.733364
2025-01-12T10:48:00Z,24.83582
2025-01-12T11:24:00Z,25.905176
2025-01-12T12:00:00Z,24.457676
2025-01-12T12:36:00Z,0
2025-01-12T13:12:00Z,25.125666
2025-01-12T14:24:00Z,24.787369
2025-01-12T15:00:00Z,25.174305
2025-01-12T15:36:00Z,24.348425
2025-01-12T16:12:00Z,25.991726
2025-01-12T16:48:00Z,0
2025-01-12T17:24:00Z,24.4254
2025-01-12T18:00:00Z,30.825119
2025-01-12T18:36:00Z,25.194595
2025-01-12T19:12:00Z,30.823402
2025-01-12T19:48:00Z,25.150513
2025-01-12T20:24:00Z,25.313189
2025-01-12T21:00:00Z,24.301798
2025-01-12T21:36:00Z,25.690933
2025-01-12T22:48:00Z,24.099133
2025-01-12T23:24:00Z,24.891365
2025-01-13T00:00:00Z,25.273888
2025-01-13T00:36:00Z,24.022167
2025-01-13T02:24:00Z,25.660288
2025-01-13T03:00:00Z,24.446299
2025-01-13T03:36:00Z,24.603712
2025-01-13T04:12:00Z,24.27189
2025-01-13T04:48:00Z,25.504019
2025-01-13T05:24:00Z,24.100729
2025-01-13T06:00:00Z,25.609692
2025-01-13T06:36:00Z,0
2025-01-13T07:12:00Z,24.654247
2025-01-13T07:48:00Z,25.664917
2025-01-13T08:24:00Z,24.781082
2025-01-13T09:00:00Z,25.690414
2025-01-13T09:36:00Z,30.095972
2025-01-13T10:12:00Z,0
2025-01-13T10:48:00Z,24.360222
2025-01-13T11:24:00Z,25.478243
2025-01-13T12:00:00Z,25.927319
2025-01-13T12:36:00Z,24.239384
2025-01-13T13:12:00Z,24.534061
2025-01-13T13:48:00Z,25.400023
2025-01-13T14:24:00Z,24.492155
2025-01-13T15:00:00Z,24.50931
2025-01-13T15:36:00Z,25.313658
2025-01-13T16:12:00Z,24.06316
2025-01-13T17:24:00Z,24.335768
2025-01-13T18:00:00Z,25.301653
2025-01-13T18:36:00Z,24.876715
2025-01-13T19:12:00Z,25.60777
2025-01-13T19:48:00Z,24.81653
2025-01-13T20:24:00Z,0
2025-01-13T21:00:00Z,25.547695
2025-01-13T21:36:00Z,24.32854
2025-01-13T22:12:00Z,24.869385
2025-01-13T22:48:00Z,24.237822
2025-01-13T23:24:00Z,29.27647
2025-01-14T00:00:00Z,24.924477
2025-01-14T00:36:00Z,25.842777
2025-01-14T01:12:00Z,24.780527
2025-01-14T01:48:00Z,24.69562
2025-01-14T02:24:00Z,24.021185
2025-01-14T04:12:00Z,25.982248
2025-01-14T04:48:00Z,24.173786
2025-01-14T05:24:00Z,25.454355
2025-01-14T06:00:00Z,0
2025-01-14T06:36:00Z,25.179543
2025-01-14T07:12:00Z,0
2025-01-14T07:48:00Z,24.140184
2025-01-14T08:24:00Z,25.05326
2025-01-14T09:00:00Z,0
2025-01-14T09:36:00Z,24.011269
2025-01-14T10:12:00Z,25.073692
2025-01-14T10:48:00Z,24.659227
2025-01-14T11:24:00Z,25.233345
2025-01-14T12:00:00Z,24.468613
2025-01-14T13:12:00Z,24.289307
2025-01-14T13:48:00Z,25.534033
2025-01-14T15:00:00Z,25.376297
2025-01-14T15:36:00Z,24.79884
2025-01-14T16:12:00Z,25.82695
2025-01-14T16:48:00Z,24.708853
2025-01-14T17:24:00Z,25.478441
2025-01-14T18:36:00Z,25.50225
2025-01-14T19:12:00Z,24.960117
2025-01-14T20:24:00Z,25.25724
2025-01-14T21:00:00Z,0
2025-01-14T21:36:00Z,25.749388
2025-01-14T22:48:00Z,25.376778
2025-01-14T23:24:00Z,25.789295
2025-01-15T00:36:00Z,25.234692
2025-01-15T01:12:00Z,30.127153
2025-01-15T01:48:00Z,24.21101
2025-01-15T03:36:00Z,25.907476
2025-01-15T04:12:00Z,24.970512
2025-01-15T04:48:00Z,30.943853
2025-01-15T05:24:00Z,0
2025-01-15T06:00:00Z,24.95414
2025-01-15T06:36:00Z,25.84064
2025-01-15T07:12:00Z,25.98942
2025-01-15T07:48:00Z,24.236797
2025-01-15T08:24:00Z,29.13434
2025-01-15T09:00:00Z,25.04732
2025-01-15T10:12:00Z,25.630547
2025-01-15T10:48:00Z,0
2025-01-15T11:24:00Z,24.394688
2025-01-15T12:00:00Z,24.9445
2025-01-15T12:36:00Z,0
2025-01-15T13:12:00Z,25.05784
2025-01-15T13:48:00Z,25.638706
2025-01-15T14:24:00Z,24.65891
2025-01-15T15:36:00Z,25.74221
2025-01-15T16:12:00Z,0
2025-01-15T16:48:00Z,25.91052
2025-01-15T17:24:00Z,24.942316
2025-01-15T18:36:00Z,25.044575
2025-01-15T19:12:00Z,29.260075
2025-01-15T19:48:00Z,0
2025-01-15T20:24:00Z,24.906088
2025-01-15T21:00:00Z,25.497358
2025-01-15T21:36:00Z,25.023342
2025-01-15T22:12:00Z,25.144114
2025-01-15T23:24:00Z,24.375301
2025-01-16T00:00:00Z,0
2025-01-16T00:36:00Z,25.778666
2025-01-16T01:48:00Z,24.431374
2025-01-16T03:00:00Z,24.487452
2025-01-16T03:36:00Z,0
2025-01-16T04:12:00Z,24.87794
2025-01-16T04:48:00Z,25.488525
2025-01-16T05:24:00Z,24.091352
2025-01-16T07:12:00Z,25.650574
2025-01-16T07:48:00Z,25.874067
2025-01-16T08:24:00Z,24.694185
2025-01-16T09:00:00Z,25.150047
2025-01-16T10:12:00Z,24.322115
2025-01-16T10:48:00Z,25.999498
2025-01-16T12:00:00Z,24.20816
2025-01-16T13:12:00Z,24.084084
2025-01-16T13:48:00Z,0
2025-01-16T14:24:00Z,25.57468
2025-01-16T15:00:00Z,0
2025-01-16T15:36:00Z,25.357439
2025-01-16T16:12:00Z,24.63688
2025-01-16T17:24:00Z,24.719715
2025-01-16T18:00:00Z,24.172209
2025-01-16T18:36:00Z,0
2025-01-16T19:12:00Z,25.451258
2025-01-16T19:48:00Z,24.608536
2025-01-16T20:24:00Z,25.086355
2025-01-16T21:36:00Z,25.020836
2025-01-16T22:48:00Z,24.254383
2025-01-17T00:00:00Z,25.692629
2025-01-17T00:36:00Z,0
2025-01-17T01:12:00Z,25.144302
2025-01-17T01:48:00Z,25.011978
2025-01-17T02:24:00Z,24.138361
2025-01-17T03:00:00Z,29.006214
2025-01-17T03:36:00Z,25.749424
2025-01-17T04:48:00Z,25.206839
2025-01-17T05:24:00Z,25.88412
2025-01-17T06:00:00Z,25.43809
2025-01-17T06:36:00Z,29.535631
2025-01-17T07:12:00Z,25.700249
2025-01-17T08:24:00Z,25.350853
2025-01-17T09:00:00Z,24.536987
2025-01-17T09:36:00Z,25.71257
2025-01-17T10:12:00Z,24.61878
2025-01-17T10:48:00Z,0
2025-01-17T11:24:00Z,24.597027
2025-01-17T12:00:00Z,25.749996
2025-01-17T12:36:00Z,24.82564
2025-01-17T13:12:00Z,0
2025-01-17T13:48:00Z,25.50329
2025-01-17T15:00:00Z,25.366865
2025-01-17T15:36:00Z,25.6905
2025-01-17T16:12:00Z,25.38134
2025-01-17T16:48:00Z,24.545818
2025-01-17T18:00:00Z,24.072472
2025-01-17T18:36:00Z,30.948345
2025-01-17T19:12:00Z,24.423952
2025-01-17T19:48:00Z,25.380375
2025-01-17T21:00:00Z,25.644876
2025-01-17T21:36:00Z,24.095264
2025-01-17T22:48:00Z,25.140385
2025-01-17T23:24:00Z,25.057611
2025-01-18T00:00:00Z,29.612665
2025-01-18T00:36:00Z,25.341036
2025-01-18T01:12:00Z,24.851175
2025-01-18T01:48:00Z,25.693975
2025-01-18T02:24:00Z,24.081057
2025-01-18T03:00:00Z,24.47694
2025-01-18T03:36:00Z,25.747421
2025-01-18T05:24:00Z,24.32802
2025-01-18T06:00:00Z,24.107897
2025-01-18T06:36:00Z,24.84999
2025-01-18T07:12:00Z,24.246576
2025-01-18T08:24:00Z,25.283962
2025-01-18T09:00:00Z,29.99857
2025-01-18T09:36:00Z,24.5234
2025-01-18T10:12:00Z,24.312914
2025-01-18T10:48:00Z,25.499708
2025-01-18T11:24:00Z,29.395159
2025-01-18T12:00:00Z,24.424519
2025-01-18T12:36:00Z,25.865047
2025-01-18T13:12:00Z,24.50004
2025-01-18T13:48:00Z,24.721588
2025-01-18T14:24:00Z,24.162146
2025-01-18T15:00:00Z,24.40939
2025-01-18T15:36:00Z,29.082283
2025-01-18T16:12:00Z,25.84537
2025-01-18T16:48:00Z,0
2025-01-18T17:24:00Z,25.185856
2025-01-18T18:00:00Z,29.060165
2025-01-18T18:36:00Z,25.851852
2025-01-18T19:12:00Z,24.804749
2025-01-18T19:48:00Z,25.91716
2025-01-18T20:24:00Z,25.52725
2025-01-18T21:00:00Z,24.568836
2025-01-18T21:36:00Z,24.624014
2025-01-18T22:12:00Z,24.105017
2025-01-18T22:48:00Z,24.023304
2025-01-18T23:24:00Z,25.797022
2025-01-19T00:00:00Z,25.394802
2025-01-19T00:36:00Z,25.46419
2025-01-19T01:12:00Z,25.04071
2025-01-19T01:48:00Z,25.2012
2025-01-19T02:24:00Z,24.50341
2025-01-19T03:00:00Z,25.426914
2025-01-19T04:12:00Z,24.32419
2025-01-19T04:48:00Z,25.112705
2025-01-19T05:24:00Z,24.738188
2025-01-19T06:00:00Z,25.615608
2025-01-19T08:24:00Z,24.737526
2025-01-19T09:00:00Z,24.262358
2025-01-19T09:36:00Z,25.512217
2025-01-19T10:12:00Z,24.289032
2025-01-19T11:24:00Z,25.546991
2025-01-19T12:36:00Z,25.319712
2025-01-19T13:12:00Z,24.599613
2025-01-19T13:48:00Z,24.473162
2025-01-19T14:24:00Z,25.434343
2025-01-19T15:00:00Z,24.745071
2025-01-19T15:36:00Z,24.470066
2025-01-19T16:12:00Z,24.83083
2025-01-19T16:48:00Z,24.630526
2025-01-19T18:00:00Z,25.00522
2025-01-19T18:36:00Z,24.12487
2025-01-19T19:12:00Z,25.530205
2025-01-19T19:48:00Z,25.892996
2025-01-19T21:00:00Z,24.025017
2025-01-19T21:36:00Z,24.838129
2025-01-19T22:12:00Z,0
2025-01-19T22:48:00Z,24.114092
2025-01-19T23:24:00Z,24.786982
2025-01-20T00:00:00Z,24.365088
2025-01-20T00:36:00Z,25.195705
2025-01-20T01:12:00Z,25.425537
2025-01-20T01:48:00Z,24.360893
2025-01-20T02:24:00Z,24.278667
2025-01-20T03:00:00Z,24.855402
2025-01-20T03:36:00Z,30.14214
2025-01-20T04:12:00Z,25.109116
2025-01-20T04:48:00Z,25.171968
2025-01-20T05:24:00Z,24.454336
2025-01-20T06:00:00Z,0
2025-01-20T06:36:00Z,25.382261
2025-01-20T07:12:00Z,0
2025-01-20T07:48:00Z,25.833002
2025-01-20T08:24:00Z,24.750492
2025-01-20T09:00:00Z,25.879162
2025-01-20T09:36:00Z,25.813324
2025-01-20T10:12:00Z,24.221043
2025-01-20T10:48:00Z,24.21758
2025-01-20T11:24:00Z,24.659304
2025-01-20T12:00:00Z,29.627966
2025-01-20T12:36:00Z,24.316643
2025-01-20T13:12:00Z,24.400267
2025-01-20T14:24:00Z,25.95167
2025-01-20T15:00:00Z,25.150322
2025-01-20T15:36:00Z,0
2025-01-20T16:12:00Z,25.45607
2025-01-20T17:24:00Z,24.869942
2025-01-20T18:00:00Z,24.241991
2025-01-20T18:36:00Z,25.922768
2025-01-20T19:12:00Z,24.205233
2025-01-20T19:48:00Z,25.18084
2025-01-20T20:24:00Z,30.980473
2025-01-20T21:00:00Z,25.178644
2025-01-20T21:36:00Z,24.241549
2025-01-20T22:12:00Z,24.06654
2025-01-20T22:48:00Z,25.010979
2025-01-20T23:24:00Z,30.721024
2025-01-21T00:00:00Z,24.874784
2025-01-21T01:48:00Z,24.934729
2025-01-21T02:24:00Z,25.989721
2025-01-21T03:00:00Z,29.228548
2025-01-21T03:36:00Z,0
2025-01-21T04:12:00Z,24.456213
2025-01-21T04:48:00Z,24.431702
2025-01-21T05:24:00Z,29.052727
2025-01-21T06:00:00Z,25.171206
2025-01-21T06:36:00Z,25.534847
2025-01-21T07:12:00Z,24.972462
2025-01-21T07:48:00Z,25.540636
2025-01-21T09:00:00Z,25.145277
2025-01-21T09:36:00Z,25.248978
2025-01-21T10:12:00Z,24.935022
2025-01-21T10:48:00Z,25.900127
2025-01-21T11:24:00Z,29.46801
2025-01-21T12:00:00Z,25.727581
2025-01-21T12:36:00Z,25.11592
2025-01-21T13:12:00Z,25.32483
2025-01-21T13:48:00Z,24.51473
2025-01-21T14:24:00Z,25.33252
2025-01-21T15:00:00Z,29.817877
2025-01-21T15:36:00Z,25.251165
2025-01-21T16:12:00Z,24.588463
2025-01-21T17:24:00Z,25.90965
2025-01-21T18:00:00Z,24.327267
2025-01-21T18:36:00Z,0
2025-01-21T19:12:00Z,24.866177
2025-01-21T19:48:00Z,24.963558
2025-01-21T20:24:00Z,25.57183
2025-01-21T22:12:00Z,25.672312
2025-01-21T22:48:00Z,25.513037
2025-01-21T23:24:00Z,25.952427
2025-01-22T00:00:00Z,30.383507
2025-01-22T00:36:00Z,25.240074
2025-01-22T01:12:00Z,25.742016
2025-01-22T03:00:00Z,24.890827
2025-01-22T03:36:00Z,0
2025-01-22T04:12:00Z,24.654802
2025-01-22T04:48:00Z,25.445223
2025-01-22T05:24:00Z,24.117231
2025-01-22T06:00:00Z,25.176298
2025-01-22T06:36:00Z,25.711945
2025-01-22T07:48:00Z,25.023123
2025-01-22T08:24:00Z,25.66935
2025-01-22T09:00:00Z,25.166168
2025-01-22T09:36:00Z,25.704132
2025-01-22T10:48:00Z,25.4193
2025-01-22T11:24:00Z,25.674608
2025-01-22T12:00:00Z,24.64362
2025-01-22T12:36:00Z,24.455812
2025-01-22T13:48:00Z,24.834257
2025-01-22T15:00:00Z,24.423159
2025-01-22T15:36:00Z,24.954094
2025-01-22T16:12:00Z,24.39771
2025-01-22T16:48:00Z,25.762333
2025-01-22T17:24:00Z,0
2025-01-22T18:00:00Z,25.677483
2025-01-22T18:36:00Z,24.582092
2025-01-22T19:12:00Z,25.499298
2025-01-22T19:48:00Z,25.508318
2025-01-22T20:24:00Z,24.662964
2025-01-22T21:36:00Z,25.129114
2025-01-22T22:12:00Z,24.445248
2025-01-22T23:24:00Z,25.701399
2025-01-23T00:00:00Z,30.403593
2025-01-23T00:36:00Z,0
2025-01-23T01:12:00Z,24.655537
2025-01-23T01:48:00Z,25.672878
2025-01-23T02:24:00Z,24.879429
2025-01-23T04:48:00Z,24.995726
2025-01-23T05:24:00Z,25.73329
2025-01-23T06:36:00Z,25.729603
2025-01-23T07:12:00Z,24.21705
2025-01-23T07:48:00Z,29.838432
2025-01-23T08:24:00Z,25.457575
2025-01-23T09:00:00Z,0
2025-01-23T09:36:00Z,24.455954
2025-01-23T10:12:00Z,24.568624
2025-01-23T10:48:00Z,24.125883
2025-01-23T11:24:00Z,25.718052
2025-01-23T12:00:00Z,29.322094
2025-01-23T12:36:00Z,0
2025-01-23T13:12:00Z,24.655222
2025-01-23T13:48:00Z,24.38457
2025-01-23T14:24:00Z,0
2025-01-23T15:00:00Z,25.770824
2025-01-23T15:36:00Z,25.76684
2025-01-23T16:12:00Z,25.000925
2025-01-23T16:48:00Z,25.595339
2025-01-23T17:24:00Z,25.57672
2025-01-23T18:00:00Z,0
2025-01-23T18:36:00Z,25.19517
2025-01-23T19:48:00Z,25.989044
2025-01-23T20:24:00Z,24.422346
2025-01-23T21:00:00Z,25.908163
2025-01-23T21:36:00Z,24.46085
2025-01-23T22:12:00Z,25.402483
2025-01-23T22:48:00Z,24.032316
2025-01-23T23:24:00Z,25.328457
2025-01-24T00:00:00Z,24.403269
2025-01-24T00:36:00Z,0
2025-01-24T01:12:00Z,30.645601
2025-01-24T01:48:00Z,25.554556
2025-01-24T02:24:00Z,25.325867
2025-01-24T03:00:00Z,24.046743
2025-01-24T03:36:00Z,25.576393
2025-01-24T04:12:00Z,29.367226
2025-01-24T04:48:00Z,0
2025-01-24T05:24:00Z,25.587328
2025-01-24T06:00:00Z,29.58307
2025-01-24T06:36:00Z,0
2025-01-24T07:12:00Z,24.491686
2025-01-24T07:48:00Z,25.325605
2025-01-24T08:24:00Z,25.281618
2025-01-24T09:00:00Z,0
2025-01-24T09:36:00Z,29.524885
2025-01-24T10:12:00Z,25.68422
2025-01-24T10:48:00Z,24.22443
2025-01-24T12:00:00Z,24.941885
2025-01-24T12:36:00Z,25.816704
2025-01-24T13:12:00Z,0
2025-01-24T13:48:00Z,25.691933
2025-01-24T15:00:00Z,24.183117
2025-01-24T15:36:00Z,25.153301
2025-01-24T16:48:00Z,24.052607
2025-01-24T17:24:00Z,24.606497
2025-01-24T18:00:00Z,25.603954
2025-01-24T18:36:00Z,24.056938
2025-01-24T19:12:00Z,25.40725
2025-01-24T19:48:00Z,25.624043
2025-01-24T20:24:00Z,25.275259
2025-01-24T21:00:00Z,0
2025-01-24T21:36:00Z,24.15971
2025-01-24T22:12:00Z,24.075367
2025-01-24T22:48:00Z,25.340855
2025-01-24T23:24:00Z,0
2025-01-25T00:00:00Z,24.066486
2025-01-25T01:12:00Z,24.682417
2025-01-25T01:48:00Z,25.903147
2025-01-25T02:24:00Z,25.063786
2025-01-25T03:36:00Z,25.579374
2025-01-25T04:12:00Z,25.657045
2025-01-25T05:24:00Z,25.188974
2025-01-25T06:00:00Z,24.287964
2025-01-25T06:36:00Z,24.276142
2025-01-25T07:48:00Z,25.268051
2025-01-25T08:24:00Z,24.069088
2025-01-25T09:36:00Z,24.823542
2025-01-25T10:12:00Z,24.269588
2025-01-25T10:48:00Z,25.22869
2025-01-25T11:24:00Z,25.75191
2025-01-25T12:00:00Z,24.167135
2025-01-25T12:36:00Z,25.518866
2025-01-25T13:12:00Z,25.981647
2025-01-25T13:48:00Z,24.543217
2025-01-25T14:24:00Z,0
2025-01-25T15:00:00Z,24.227453
2025-01-25T15:36:00Z,25.822367
2025-01-25T16:12:00Z,0
2025-01-25T16:48:00Z,24.3867
2025-01-25T17:24:00Z,24.995129
2025-01-25T18:00:00Z,24.406546
2025-01-25T18:36:00Z,24.80911
2025-01-25T19:48:00Z,24.956423
2025-01-25T20:24:00Z,25.642054
2025-01-25T21:00:00Z,25.924074
2025-01-25T21:36:00Z,30.863956
2025-01-25T22:12:00Z,0
2025-01-25T22:48:00Z,29.02698
2025-01-25T23:24:00Z,25.361464
2025-01-26T00:00:00Z,24.314617
2025-01-26T00:36:00Z,24.103148
2025-01-26T01:12:00Z,25.02059
2025-01-26T01:48:00Z,24.858011
2025-01-26T02:24:00Z,25.991022
2025-01-26T03:00:00Z,25.385181
2025-01-26T03:36:00Z,25.26718
2025-01-26T04:12:00Z,24.549435
2025-01-26T04:48:00Z,24.819061
2025-01-26T05:24:00Z,24.050823
2025-01-26T06:00:00Z,0
2025-01-26T06:36:00Z,25.592812
2025-01-26T07:12:00Z,24.44423
2025-01-26T07:48:00Z,24.153284
2025-01-26T08:24:00Z,25.712729
2025-01-26T09:00:00Z,24.44368
2025-01-26T10:12:00Z,25.246141
2025-01-26T10:48:00Z,25.038736
2025-01-26T11:24:00Z,24.05864
2025-01-26T12:00:00Z,24.013966
2025-01-26T12:36:00Z,24.454039
2025-01-26T13:12:00Z,24.099821
2025-01-26T13:48:00Z,25.109652
2025-01-26T14:24:00Z,25.227474
2025-01-26T15:00:00Z,25.875078
2025-01-26T16:12:00Z,25.625021
2025-01-26T16:48:00Z,24.032179
2025-01-26T17:24:00Z,25.947107
2025-01-26T18:00:00Z,25.367844
2025-01-26T19:12:00Z,24.726482
2025-01-26T20:24:00Z,24.14796
2025-01-26T21:00:00Z,24.460676
2025-01-26T21:36:00Z,24.164606
2025-01-26T22:12:00Z,25.943972
2025-01-26T22:48:00Z,25.170265
2025-01-26T23:24:00Z,25.303009
2025-01-27T00:00:00Z,24.352064
2025-01-27T00:36:00Z,25.910172
2025-01-27T01:12:00Z,24.64631
2025-01-27T01:48:00Z,25.754839
2025-01-27T02:24:00Z,24.540539
2025-01-27T03:00:00Z,0
2025-01-27T03:36:00Z,25.565897
2025-01-27T04:12:00Z,25.67174
2025-01-27T04:48:00Z,24.091103
2025-01-27T05:24:00Z,25.318985
2025-01-27T06:00:00Z,24.718079
2025-01-27T06:36:00Z,25.873138
2025-01-27T07:12:00Z,24.056232
2025-01-27T07:48:00Z,24.289295
2025-01-27T08:24:00Z,24.051249
2025-01-27T09:00:00Z,24.824324
2025-01-27T09:36:00Z,24.395948
2025-01-27T10:12:00Z,24.956532
2025-01-27T10:48:00Z,30.232994
2025-01-27T11:24:00Z,25.81529
2025-01-27T12:00:00Z,24.583265
2025-01-27T12:36:00Z,0
2025-01-27T13:12:00Z,30.230812
2025-01-27T13:48:00Z,25.999273
2025-01-27T14:24:00Z,24.745188
2025-01-27T15:00:00Z,25.81517
2025-01-27T16:12:00Z,24.09589
2025-01-27T16:48:00Z,24.437803
2025-01-27T17:24:00Z,25.882254
2025-01-27T18:00:00Z,24.662321
2025-01-27T19:12:00Z,25.812088
2025-01-27T19:48:00Z,24.226452
2025-01-27T20:24:00Z,24.83941
2025-01-27T21:00:00Z,0
2025-01-27T21:36:00Z,25.850735
2025-01-27T23:24:00Z,24.254002
2025-01-28T00:00:00Z,29.091171
2025-01-28T00:36:00Z,0
2025-01-28T01:12:00Z,30.13795
2025-01-28T01:48:00Z,25.582659
2025-01-28T02:24:00Z,24.958527
2025-01-28T03:00:00Z,25.822712
2025-01-28T03:36:00Z,29.267128
2025-01-28T04:12:00Z,24.19299
2025-01-28T04:48:00Z,24.19094
2025-01-28T05:24:00Z,25.129398
2025-01-28T06:00:00Z,25.58246
2025-01-28T06:36:00Z,29.43223
2025-01-28T07:12:00Z,24.535288
2025-01-28T08:24:00Z,25.881893
2025-01-28T09:00:00Z,0
2025-01-28T09:36:00Z,24.891577
2025-01-28T10:12:00Z,24.897175
2025-01-28T10:48:00Z,25.467186
2025-01-28T11:24:00Z,29.936512
2025-01-28T12:00:00Z,0
2025-01-28T12:36:00Z,25.967718
2025-01-28T13:12:00Z,29.781736
2025-01-28T13:48:00Z,24.210512
2025-01-28T15:00:00Z,24.166313
2025-01-28T16:12:00Z,25.626179
2025-01-28T16:48:00Z,0
2025-01-28T17:24:00Z,24.483215
2025-01-28T18:00:00Z,24.71256
2025-01-28T18:36:00Z,25.955606
2025-01-28T19:12:00Z,24.393965
2025-01-28T19:48:00Z,0
2025-01-28T20:24:00Z,25.834011
2025-01-28T21:00:00Z,0
2025-01-28T21:36:00Z,24.184456
2025-01-28T22:12:00Z,25.261387
2025-01-28T22:48:00Z,24.487658
2025-01-28T23:24:00Z,25.379135
2025-01-29T00:00:00Z,24.25029
2025-01-29T00:36:00Z,24.747604
2025-01-29T01:12:00Z,24.625431
2025-01-29T01:48:00Z,24.904804
2025-01-29T02:24:00Z,29.663857
2025-01-29T03:00:00Z,24.6637
2025-01-29T03:36:00Z,30.761137
2025-01-29T04:12:00Z,24.259897
2025-01-29T04:48:00Z,24.87828
2025-01-29T05:24:00Z,24.358076
2025-01-29T06:36:00Z,25.172972
2025-01-29T07:12:00Z,24.807524
2025-01-29T08:24:00Z,25.741484
2025-01-29T09:36:00Z,25.043732
2025-01-29T10:12:00Z,25.234037
2025-01-29T10:48:00Z,0
2025-01-29T11:24:00Z,25.921766
2025-01-29T12:36:00Z,25.24156
2025-01-29T13:12:00Z,0
2025-01-29T13:48:00Z,25.608213
2025-01-29T14:24:00Z,0
2025-01-29T15:00:00Z,25.597372
2025-01-29T15:36:00Z,29.634188
2025-01-29T16:12:00Z,24.435593
2025-01-29T17:24:00Z,25.01136
2025-01-29T18:00:00Z,0
2025-01-29T18:36:00Z,24.47452
2025-01-29T19:12:00Z,25.976856
2025-01-29T19:48:00Z,25.94808
2025-01-29T20:24:00Z,24.043604
2025-01-29T21:00:00Z,24.927637
2025-01-29T21:36:00Z,0
2025-01-29T22:12:00Z,25.279367
2025-01-29T22:48:00Z,25.515707
2025-01-29T23:24:00Z,24.848948
2025-01-30T00:00:00Z,24.694605
2025-01-30T00:36:00Z,25.495672
2025-01-30T01:12:00Z,24.125412
2025-01-30T01:48:00Z,25.800085
2025-01-30T02:24:00Z,24.373943
2025-01-30T03:36:00Z,25.772932
2025-01-30T04:12:00Z,24.676373
2025-01-30T04:48:00Z,24.736542
2025-01-30T05:24:00Z,24.055017
2025-01-30T06:00:00Z,24.50353
2025-01-30T06:36:00Z,0
2025-01-30T07:12:00Z,24.295517
2025-01-30T07:48:00Z,24.493946
2025-01-30T08:24:00Z,25.363928
2025-01-30T09:00:00Z,24.233301
2025-01-30T09:36:00Z,24.944395
2025-01-30T10:12:00Z,24.050358
2025-01-30T11:24:00Z,25.034662
2025-01-30T12:36:00Z,24.148384
2025-01-30T13:12:00Z,25.15065
2025-01-30T13:48:00Z,25.144999
2025-01-30T14:24:00Z,0
2025-01-30T15:00:00Z,25.348658
2025-01-30T15:36:00Z,24.382338
2025-01-30T16:12:00Z,25.460394
2025-01-30T16:48:00Z,24.516222
2025-01-30T17:24:00Z,24.89079
2025-01-30T18:00:00Z,24.552492
2025-01-30T18:36:00Z,0
2025-01-30T19:12:00Z,24.016195
2025-01-30T19:48:00Z,24.765375
2025-01-30T21:36:00Z,25.127756
2025-01-30T22:12:00Z,24.19623
2025-01-30T22:48:00Z,25.66055
2025-01-30T23:24:00Z,25.611116
2025-01-31T00:00:00Z,24.416216
2025-01-31T00:36:00Z,25.686743
2025-01-31T01:12:00Z,25.888493
2025-01-31T02:24:00Z,24.03011
2025-01-31T03:00:00Z,25.114475
2025-01-31T04:12:00Z,24.025837
2025-01-31T05:24:00Z,24.981216
2025-01-31T06:00:00Z,25.083496
2025-01-31T06:36:00Z,24.421755
2025-01-31T07:12:00Z,25.905989
2025-01-31T07:48:00Z,25.666262
2025-01-31T08:24:00Z,0
2025-01-31T09:00:00Z,29.63763
2025-01-31T09:36:00Z,24.239376
2025-01-31T10:12:00Z,29.863556
2025-01-31T10:48:00Z,24.014015
2025-01-31T11:24:00Z,0
2025-01-31T12:00:00Z,24.317362
2025-01-31T13:12:00Z,24.991129
2025-01-31T13:48:00Z,24.286396
2025-01-31T14:24:00Z,25.221838
2025-01-31T15:00:00Z,24.28803
2025-01-31T15:36:00Z,25.255472
2025-01-31T16:12:00Z,24.433804
2025-01-31T16:48:00Z,0
2025-01-31T17:24:00Z,24.909489
2025-01-31T18:00:00Z,24.342196
2025-01-31T19:12:00Z,25.108194
2025-01-31T19:48:00Z,24.858103
2025-01-31T20:24:00Z,30.357306
2025-01-31T21:00:00Z,24.0586
2025-01-31T21:36:00Z,25.922726
2025-01-31T22:12:00Z,30.659813
2025-01-31T22:48:00Z,0
2025-01-31T23:24:00Z,24.385637
2025-02-01T00:00:00Z,24.199709
2025-02-01T00:36:00Z,25.325787
2025-02-01T01:12:00Z,0
2025-02-01T01:48:00Z,29.642641
2025-02-01T02:24:00Z,0
2025-02-01T03:00:00Z,30.782585
2025-02-01T03:36:00Z,0
2025-02-01T04:12:00Z,24.886293
2025-02-01T05:24:00Z,24.641663
2025-02-01T06:00:00Z,24.038565
2025-02-01T06:36:00Z,0
2025-02-01T07:12:00Z,24.576094
2025-02-01T07:48:00Z,25.177832
2025-02-01T08:24:00Z,24.97602
2025-02-01T09:36:00Z,25.848349
2025-02-01T10:12:00Z,24.475147
2025-02-01T10:48:00Z,25.91548
2025-02-01T11:24:00Z,24.885025
2025-02-01T12:36:00Z,24.719156
2025-02-01T13:12:00Z,0
2025-02-01T13:48:00Z,24.854069
2025-02-01T14:24:00Z,24.870207
2025-02-01T15:00:00Z,25.40704
2025-02-01T15:36:00Z,24.267126
2025-02-01T16:12:00Z,0
2025-02-01T16:48:00Z,25.49563
2025-02-01T17:24:00Z,24.97304
2025-02-01T18:00:00Z,25.235662
2025-02-01T18:36:00Z,24.762655
2025-02-01T19:48:00Z,24.599321
2025-02-01T20:24:00Z,0
2025-02-01T21:00:00Z,24.477085
2025-02-01T21:36:00Z,24.99564
2025-02-01T22:48:00Z,24.265648
2025-02-01T23:24:00Z,25.332272
2025-02-02T01:12:00Z,25.722227
2025-02-02T01:48:00Z,24.0229
2025-02-02T02:24:00Z,25.107845
2025-02-02T03:00:00Z,24.106289
2025-02-02T03:36:00Z,25.15222
2025-02-02T04:48:00Z,24.948938
2025-02-02T05:24:00Z,0
2025-02-02T06:00:00Z,29.291925
2025-02-02T06:36:00Z,25.90358
2025-02-02T07:12:00Z,24.15482
2025-02-02T07:48:00Z,25.934664
2025-02-02T08:24:00Z,24.68495
2025-02-02T09:00:00Z,25.878403
2025-02-02T09:36:00Z,25.489016
2025-02-02T10:12:00Z,25.87483
2025-02-02T10:48:00Z,29.226263
2025-02-02T11:24:00Z,25.43405
2025-02-02T12:00:00Z,25.61241
2025-02-02T13:12:00Z,24.345173
2025-02-02T13:48:00Z,25.67217
2025-02-02T14:24:00Z,25.346489
2025-02-02T15:36:00Z,25.75959
2025-02-02T16:12:00Z,0
2025-02-02T16:48:00Z,25.336182
2025-02-02T17:24:00Z,0
2025-02-02T18:00:00Z,25.023476
2025-02-02T18:36:00Z,24.346022
2025-02-02T19:12:00Z,0
2025-02-02T19:48:00Z,29.951668
2025-02-02T20:24:00Z,0
2025-02-02T21:00:00Z,25.689278
2025-02-02T22:12:00Z,24.047503
2025-02-02T22:48:00Z,24.125229
2025-02-02T23:24:00Z,25.5099
2025-02-03T00:36:00Z,25.65806
2025-02-03T01:48:00Z,24.463736
2025-02-03T02:24:00Z,29.007496
2025-02-03T03:00:00Z,24.176233
2025-02-03T03:36:00Z,24.04125
2025-02-03T04:12:00Z,25.209747
2025-02-03T04:48:00Z,29.848577
2025-02-03T05:24:00Z,24.894506
2025-02-03T06:36:00Z,25.998392
2025-02-03T07:12:00Z,25.29921
2025-02-03T07:48:00Z,25.10906
2025-02-03T08:24:00Z,24.053112
2025-02-03T09:00:00Z,24.668392
2025-02-03T09:36:00Z,24.676497
2025-02-03T10:12:00Z,24.244625
2025-02-03T10:48:00Z,25.025572
2025-02-03T11:24:00Z,24.057074
2025-02-03T12:00:00Z,24.261051
2025-02-03T12:36:00Z,0
2025-02-03T13:12:00Z,25.967323
2025-02-03T13:48:00Z,24.45808
2025-02-03T14:24:00Z,25.75345
2025-02-03T15:36:00Z,25.839626
2025-02-03T16:12:00Z,24.258295
2025-02-03T16:48:00Z,24.879068
2025-02-03T17:24:00Z,24.639614
2025-02-03T18:00:00Z,25.045282
2025-02-03T18:36:00Z,25.039406
2025-02-03T19:12:00Z,25.961178
2025-02-03T20:24:00Z,24.313683
2025-02-03T21:00:00Z,24.392231
2025-02-03T22:12:00Z,24.0035
2025-02-03T22:48:00Z,0
2025-02-03T23:24:00Z,25.294916
2025-02-04T00:00:00Z,24.574974
2025-02-04T00:36:00Z,25.929396
2025-02-04T01:12:00Z,24.053917
2025-02-04T01:48:00Z,25.788067
2025-02-04T02:24:00Z,29.707521
2025-02-04T03:00:00Z,0
2025-02-04T03:36:00Z,24.033325
2025-02-04T04:12:00Z,30.569593
2025-02-04T04:48:00Z,0
2025-02-04T05:24:00Z,0
2025-02-04T06:00:00Z,24.514036
2025-02-04T06:36:00Z,25.153671
2025-02-04T07:12:00Z,30.10338
2025-02-04T07:48:00Z,24.4215
2025-02-04T08:24:00Z,24.919085
2025-02-04T09:00:00Z,24.107536
2025-02-04T09:36:00Z,25.21616
2025-02-04T10:12:00Z,25.653193
2025-02-04T10:48:00Z,24.070364
2025-02-04T11:24:00Z,29.669003
2025-02-04T12:00:00Z,25.099833
2025-02-04T12:36:00Z,25.711618
2025-02-04T13:12:00Z,25.733341
2025-02-04T13:48:00Z,25.003635
2025-02-04T14:24:00Z,25.932007
2025-02-04T15:00:00Z,24.910316
2025-02-04T15:36:00Z,0
2025-02-04T16:12:00Z,25.5189
2025-02-04T16:48:00Z,25.690525
2025-02-04T17:24:00Z,24.046339
2025-02-04T18:00:00Z,0
2025-02-04T18:36:00Z,24.65631
2025-02-04T19:12:00Z,0
2025-02-04T19:48:00Z,24.37523
2025-02-04T20:24:00Z,25.870926
2025-02-04T21:00:00Z,25.172598
2025-02-04T21:36:00Z,25.9543
2025-02-04T22:12:00Z,24.737675
2025-02-04T22:48:00Z,25.522451
2025-02-04T23:24:00Z,29.597895
2025-02-05T00:00:00Z,24.413445
2025-02-05T00:36:00Z,29.199402
2025-02-05T01:12:00Z,0
2025-02-05T01:48:00Z,24.45693
2025-02-05T02:24:00Z,25.910091
2025-02-05T03:36:00Z,24.05293
2025-02-05T04:12:00Z,25.830437
2025-02-05T04:48:00Z,24.934814
2025-02-05T05:24:00Z,25.556496
2025-02-05T06:00:00Z,0
2025-02-05T06:36:00Z,25.529627
2025-02-05T07:12:00Z,0
2025-02-05T07:48:00Z,24.013468
2025-02-05T08:24:00Z,25.742561
2025-02-05T09:00:00Z,25.027601
2025-02-05T09:36:00Z,29.138325
2025-02-05T10:12:00Z,25.983751
2025-02-05T12:00:00Z,24.86977
2025-02-05T12:36:00Z,25.563166
2025-02-05T13:12:00Z,24.831911
2025-02-05T13:48:00Z,24.533812
2025-02-05T14:24:00Z,25.86684
2025-02-05T15:00:00Z,0
2025-02-05T15:36:00Z,24.463423
2025-02-05T16:12:00Z,24.35411
2025-02-05T16:48:00Z,25.553288
2025-02-05T17:24:00Z,25.892836
2025-02-05T18:00:00Z,24.94138
2025-02-05T19:12:00Z,24.022383
2025-02-05T19:48:00Z,24.457588
2025-02-05T20:24:00Z,25.49903
2025-02-05T21:00:00Z,24.730076
2025-02-05T21:36:00Z,25.419056
2025-02-05T22:12:00Z,24.14341
2025-02-05T22:48:00Z,24.420427
2025-02-05T23:24:00Z,25.348694
2025-02-06T00:00:00Z,24.67159
2025-02-06T00:36:00Z,25.479658
2025-02-06T01:12:00Z,30.815506
2025-02-06T01:48:00Z,0
2025-02-06T02:24:00Z,24.387037
2025-02-06T03:00:00Z,25.286385
2025-02-06T03:36:00Z,30.197123
2025-02-06T04:12:00Z,25.61892
2025-02-06T04:48:00Z,0
2025-02-06T05:24:00Z,24.607418
2025-02-06T06:00:00Z,0
2025-02-06T06:36:00Z,24.44638
2025-02-06T07:12:00Z,24.722221
2025-02-06T07:48:00Z,25.735899
2025-02-06T08:24:00Z,0
2025-02-06T09:00:00Z,25.107819
2025-02-06T09:36:00Z,24.214394
2025-02-06T10:12:00Z,25.585217
2025-02-06T10:48:00Z,24.044909
2025-02-06T11:24:00Z,25.389101
2025-02-06T12:00:00Z,24.467197
2025-02-06T12:36:00Z,24.600904
2025-02-06T13:12:00Z,25.704578
2025-02-06T13:48:00Z,25.440336
2025-02-06T14:24:00Z,24.369999
2025-02-06T15:00:00Z,0
2025-02-06T15:36:00Z,25.633543
2025-02-06T16:48:00Z,25.21346
2025-02-06T17:24:00Z,0
2025-02-06T18:00:00Z,24.234783
2025-02-06T18:36:00Z,25.457943
2025-02-06T19:12:00Z,24.557005
2025-02-06T19:48:00Z,24.110594
2025-02-06T20:24:00Z,30.503956
2025-02-06T21:00:00Z,0
2025-02-06T21:36:00Z,24.431656
2025-02-06T22:12:00Z,24.274136
2025-02-06T22:48:00Z,25.021408
2025-02-06T23:24:00Z,24.496012
2025-02-07T00:00:00Z,25.41102
2025-02-07T00:36:00Z,25.824427
2025-02-07T01:12:00Z,24.65778
2025-02-07T01:48:00Z,24.259151
2025-02-07T02:24:00Z,25.57343
2025-02-07T03:00:00Z,24.322598
2025-02-07T04:12:00Z,24.720741
2025-02-07T05:24:00Z,24.872282
2025-02-07T06:00:00Z,30.422049
2025-02-07T06:36:00Z,24.000479
2025-02-07T07:48:00Z,24.378918
2025-02-07T08:24:00Z,30.967415
2025-02-07T09:00:00Z,24.419447
2025-02-07T09:36:00Z,24.186935
2025-02-07T10:12:00Z,25.936464
2025-02-07T10:48:00Z,24.100374
2025-02-07T11:24:00Z,25.01552
2025-02-07T12:00:00Z,25.259527
2025-02-07T12:36:00Z,24.734995
2025-02-07T13:12:00Z,25.827682
2025-02-07T13:48:00Z,25.900043
2025-02-07T14:24:00Z,25.499218
2025-02-07T15:00:00Z,24.687649
2025-02-07T15:36:00Z,24.3155
2025-02-07T16:12:00Z,24.520933
2025-02-07T17:24:00Z,24.314579
2025-02-07T18:00:00Z,25.690483
2025-02-07T18:36:00Z,25.68
2025-02-07T19:12:00Z,24.936527
2025-02-07T19:48:00Z,24.67287
2025-02-07T20:24:00Z,25.178785
2025-02-07T21:00:00Z,24.449448
2025-02-07T21:36:00Z,24.911703
2025-02-07T22:48:00Z,25.081306
2025-02-07T23:24:00Z,25.967215
2025-02-08T00:00:00Z,30.360432
2025-02-08T00:36:00Z,25.319843
2025-02-08T01:12:00Z,24.726126
2025-02-08T01:48:00Z,25.499178
2025-02-08T02:24:00Z,25.334215
2025-02-08T03:00:00Z,24.01986
2025-02-08T03:36:00Z,25.933868
2025-02-08T04:12:00Z,24.684444
2025-02-08T04:48:00Z,30.161005
2025-02-08T05:24:00Z,0
2025-02-08T06:00:00Z,25.775158
2025-02-08T07:12:00Z,24.235373
2025-02-08T07:48:00Z,25.560371
2025-02-08T08:24:00Z,24.251007
2025-02-08T09:00:00Z,25.785215
2025-02-08T09:36:00Z,24.205494
2025-02-08T10:48:00Z,24.028679
2025-02-08T11:24:00Z,24.571972
2025-02-08T12:00:00Z,24.082294
2025-02-08T12:36:00Z,0
2025-02-08T13:12:00Z,24.203585
2025-02-08T13:48:00Z,30.257076
2025-02-08T14:24:00Z,25.320034
2025-02-08T15:00:00Z,25.109821
2025-02-08T15:36:00Z,24.390463
2025-02-08T16:12:00Z,25.1321
2025-02-08T16:48:00Z,24.52655
2025-02-08T17:24:00Z,25.96487
2025-02-08T18:00:00Z,24.942661
2025-02-08T19:12:00Z,24.774046
2025-02-08T19:48:00Z,30.109446
2025-02-08T20:24:00Z,0
2025-02-08T21:00:00Z,25.833635
2025-02-08T21:36:00Z,24.067068
2025-02-08T22:12:00Z,25.14116
2025-02-08T22:48:00Z,25.273518
2025-02-08T23:24:00Z,0
2025-02-09T00:00:00Z,25.83394
2025-02-09T01:12:00Z,25.970802
2025-02-09T01:48:00Z,25.289516
2025-02-09T02:24:00Z,24.201801
2025-02-09T03:00:00Z,0
2025-02-09T03:36:00Z,25.024021
2025-02-09T04:12:00Z,0
2025-02-09T04:48:00Z,24.47467
2025-02-09T05:24:00Z,25.802134
2025-02-09T06:00:00Z,24.363497
2025-02-09T06:36:00Z,24.401178
2025-02-09T07:12:00Z,25.765825
2025-02-09T08:24:00Z,24.207262
2025-02-09T09:00:00Z,0
2025-02-09T09:36:00Z,24.773048
2025-02-09T10:12:00Z,24.760342
2025-02-09T10:48:00Z,25.727335
2025-02-09T12:00:00Z,24.216236
2025-02-09T12:36:00Z,0
2025-02-09T13:12:00Z,24.984886
2025-02-09T13:48:00Z,25.817362
2025-02-09T14:24:00Z,24.198233
2025-02-09T15:00:00Z,0
2025-02-09T15:36:00Z,25.164862
2025-02-09T16:12:00Z,25.937477
2025-02-09T16:48:00Z,24.2822
2025-02-09T17:24:00Z,24.023487
2025-02-09T18:36:00Z,25.68111
2025-02-09T19:12:00Z,24.129087
2025-02-09T19:48:00Z,24.60808
2025-02-09T20:24:00Z,25.785185
2025-02-09T21:00:00Z,24.511127
2025-02-09T21:36:00Z,0
2025-02-09T22:12:00Z,25.606392
2025-02-09T22:48:00Z,25.14487
2025-02-09T23:24:00Z,25.238506
2025-02-10T00:00:00Z,25.971922
2025-02-10T00:36:00Z,30.348137
2025-02-10T01:12:00Z,25.144293
2025-02-10T01:48:00Z,25.898043
2025-02-10T02:24:00Z,0
2025-02-10T03:00:00Z,24.168709
2025-02-10T03:36:00Z,24.987368
2025-02-10T04:12:00Z,0
2025-02-10T04:48:00Z,25.70839
2025-02-10T05:24:00Z,25.451841
2025-02-10T06:00:00Z,25.611479
2025-02-10T07:48:00Z,24.536823
2025-02-10T08:24:00Z,30.870644
2025-02-10T09:00:00Z,0
2025-02-10T09:36:00Z,25.924652
2025-02-10T10:12:00Z,25.512901
2025-02-10T10:48:00Z,25.92474
2025-02-10T12:00:00Z,24.458336
2025-02-10T12:36:00Z,25.970188
2025-02-10T13:12:00Z,25.254093
2025-02-10T13:48:00Z,25.461077
2025-02-10T14:24:00Z,24.42232
2025-02-10T15:00:00Z,30.198456
2025-02-10T15:36:00Z,0
2025-02-10T16:12:00Z,30.589043
2025-02-10T16:48:00Z,25.52127
2025-02-10T17:24:00Z,25.905706
2025-02-10T18:00:00Z,24.178598
2025-02-10T18:36:00Z,24.224966
2025-02-10T19:48:00Z,24.921255
2025-02-10T20:24:00Z,24.581778
2025-02-10T21:00:00Z,24.685247
2025-02-10T21:36:00Z,25.402056
2025-02-10T22:12:00Z,24.370987
2025-02-11T00:00:00Z,25.70376
2025-02-11T00:36:00Z,24.638014
2025-02-11T02:24:00Z,24.06654
2025-02-11T03:00:00Z,24.419962
2025-02-11T03:36:00Z,0
2025-02-11T04:12:00Z,25.321291
2025-02-11T04:48:00Z,25.301403
2025-02-11T05:24:00Z,25.758228
2025-02-11T06:00:00Z,24.75533
2025-02-11T06:36:00Z,24.254793
2025-02-11T07:48:00Z,25.76533
2025-02-11T08:24:00Z,24.691696
2025-02-11T09:36:00Z,25.477917
2025-02-11T10:12:00Z,25.224136
2025-02-11T10:48:00Z,24.532545
2025-02-11T11:24:00Z,25.829828
2025-02-11T12:00:00Z,24.967564
2025-02-11T12:36:00Z,25.700249
2025-02-11T13:12:00Z,24.332853
2025-02-11T13:48:00Z,0
2025-02-11T14:24:00Z,25.368301
2025-02-11T15:00:00Z,24.257221
2025-02-11T16:12:00Z,25.649094
2025-02-11T17:24:00Z,24.096136
2025-02-11T18:00:00Z,25.755445
2025-02-11T18:36:00Z,24.703526
2025-02-11T19:12:00Z,25.74732
2025-02-11T19:48:00Z,25.802515
2025-02-11T20:24:00Z,0
2025-02-11T21:00:00Z,25.385614
2025-02-11T21:36:00Z,24.764277
2025-02-11T22:12:00Z,25.91052
2025-02-11T22:48:00Z,24.092276
2025-02-11T23:24:00Z,25.29887
2025-02-12T00:00:00Z,24.610788
2025-02-12T00:36:00Z,25.451881
2025-02-12T01:48:00Z,25.875738
2025-02-12T02:24:00Z,24.234268
2025-02-12T03:00:00Z,25.206642
2025-02-12T03:36:00Z,0
2025-02-12T04:12:00Z,25.474892
2025-02-12T04:48:00Z,24.561451
2025-02-12T05:24:00Z,0
2025-02-12T06:00:00Z,24.803644
2025-02-12T07:12:00Z,25.324154
2025-02-12T07:48:00Z,25.302977
2025-02-12T08:24:00Z,25.77138
2025-02-12T09:00:00Z,0
2025-02-12T09:36:00Z,24.59662
2025-02-12T10:12:00Z,24.572477
2025-02-12T10:48:00Z,25.876324
2025-02-12T11:24:00Z,24.63096
2025-02-12T12:00:00Z,25.742435
2025-02-12T12:36:00Z,25.605858
2025-02-12T13:12:00Z,24.554
2025-02-12T13:48:00Z,25.344448
2025-02-12T14:24:00Z,25.706741
2025-02-12T15:00:00Z,0
2025-02-12T15:36:00Z,25.489449
2025-02-12T16:12:00Z,24.389917
2025-02-12T17:24:00Z,24.699547
2025-02-12T18:00:00Z,24.192413
2025-02-12T18:36:00Z,25.916782
2025-02-12T19:12:00Z,29.04452
2025-02-12T19:48:00Z,24.794281
2025-02-12T21:00:00Z,25.398357
2025-02-12T22:12:00Z,25.40303
2025-02-12T22:48:00Z,24.382896
2025-02-12T23:24:00Z,25.648909
2025-02-13T00:36:00Z,24.406565
2025-02-13T01:12:00Z,25.775557
2025-02-13T01:48:00Z,24.197895
2025-02-13T02:24:00Z,25.14908
2025-02-13T03:00:00Z,24.152328
2025-02-13T03:36:00Z,24.047314
2025-02-13T04:48:00Z,25.463572
2025-02-13T05:24:00Z,25.220621
2025-02-13T06:00:00Z,24.361843
2025-02-13T06:36:00Z,25.709442
2025-02-13T07:12:00Z,25.637182
2025-02-13T07:48:00Z,24.663692
2025-02-13T08:24:00Z,24.549963
2025-02-13T09:00:00Z,25.75251
2025-02-13T09:36:00Z,24.791803
2025-02-13T10:12:00Z,25.246037
2025-02-13T11:24:00Z,24.232168
2025-02-13T12:00:00Z,24.184856
2025-02-13T12:36:00Z,25.374846
2025-02-13T13:12:00Z,25.712067
2025-02-13T13:48:00Z,24.810938
2025-02-13T14:24:00Z,24.343092
2025-02-13T15:00:00Z,25.744421
2025-02-13T15:36:00Z,25.178162
2025-02-13T16:12:00Z,25.374475
2025-02-13T16:48:00Z,24.662624
2025-02-13T17:24:00Z,25.13428
2025-02-13T18:00:00Z,24.12174
2025-02-13T18:36:00Z,25.61502
2025-02-13T19:12:00Z,24.69218
2025-02-13T20:24:00Z,24.9547
2025-02-13T21:00:00Z,24.001554
2025-02-13T21:36:00Z,29.006002
2025-02-13T22:12:00Z,0
2025-02-13T22:48:00Z,0
2025-02-13T23:24:00Z,24.068586
2025-02-14T00:00:00Z,24.982412
2025-02-14T00:36:00Z,25.466387
2025-02-14T01:12:00Z,24.262373
2025-02-14T01:48:00Z,25.385506
2025-02-14T03:00:00Z,24.25284
2025-02-14T03:36:00Z,25.391018
2025-02-14T04:12:00Z,25.810926
2025-02-14T04:48:00Z,25.207027
2025-02-14T06:00:00Z,25.003906
2025-02-14T06:36:00Z,25.738289
2025-02-14T07:12:00Z,25.101994
2025-02-14T07:48:00Z,25.715292
2025-02-14T08:24:00Z,29.102665
2025-02-14T09:00:00Z,24.824425
2025-02-14T09:36:00Z,24.117847
2025-02-14T10:48:00Z,24.211166
2025-02-14T11:24:00Z,25.472166
2025-02-14T12:36:00Z,25.533003
2025-02-14T13:12:00Z,25.009315
2025-02-14T13:48:00Z,25.678843
2025-02-14T14:24:00Z,24.581406
2025-02-14T15:00:00Z,0
2025-02-14T15:36:00Z,24.563868
2025-02-14T16:48:00Z,25.284079
2025-02-14T18:00:00Z,25.515715
2025-02-14T18:36:00Z,24.940983
2025-02-14T19:12:00Z,25.032417
2025-02-14T19:48:00Z,24.12075
2025-02-14T20:24:00Z,25.51688
2025-02-14T21:00:00Z,29.257288
2025-02-14T21:36:00Z,0
2025-02-14T22:12:00Z,25.385656
2025-02-14T22:48:00Z,25.230524
2025-02-14T23:24:00Z,24.443121
2025-02-15T00:00:00Z,24.521551
2025-02-15T00:36:00Z,24.19739
2025-02-15T01:12:00Z,24.78521
2025-02-15T01:48:00Z,30.29644
2025-02-15T02:24:00Z,0
2025-02-15T03:00:00Z,25.475983
2025-02-15T03:36:00Z,25.947075
2025-02-15T04:12:00Z,24.841831
2025-02-15T04:48:00Z,25.42656
2025-02-15T05:24:00Z,24.51036
2025-02-15T06:00:00Z,24.487522
2025-02-15T06:36:00Z,25.12459
2025-02-15T07:48:00Z,25.114388
2025-02-15T08:24:00Z,25.560196
2025-02-15T09:00:00Z,24.716543
2025-02-15T10:12:00Z,25.143888
2025-02-15T10:48:00Z,24.912535
2025-02-15T11:24:00Z,30.70627
2025-02-15T12:00:00Z,25.572157
2025-02-15T12:36:00Z,24.88863
2025-02-15T13:12:00Z,25.816418
2025-02-15T15:00:00Z,24.527357
2025-02-15T16:12:00Z,25.45228
2025-02-15T16:48:00Z,24.566273
2025-02-15T17:24:00Z,25.87474
2025-02-15T18:00:00Z,24.235315
2025-02-15T18:36:00Z,25.933498
2025-02-15T19:12:00Z,24.549866
2025-02-15T20:24:00Z,25.843353
2025-02-15T21:00:00Z,24.196102
2025-02-15T21:36:00Z,30.62337
2025-02-15T22:12:00Z,25.490852
2025-02-15T22:48:00Z,25.117643
2025-02-15T23:24:00Z,30.46645
2025-02-16T00:00:00Z,0
2025-02-16T00:36:00Z,24.692722
2025-02-16T01:12:00Z,25.77956
2025-02-16T01:48:00Z,24.846157
2025-02-16T02:24:00Z,29.763685
2025-02-16T03:00:00Z,24.430706
2025-02-16T03:36:00Z,25.864286
2025-02-16T04:12:00Z,24.777334
2025-02-16T04:48:00Z,25.641918
2025-02-16T05:24:00Z,24.604446
2025-02-16T06:00:00Z,24.763893
2025-02-16T06:36:00Z,24.081078
2025-02-16T07:12:00Z,25.07138
2025-02-16T07:48:00Z,24.4597
2025-02-16T08:24:00Z,25.371624
2025-02-16T09:00:00Z,24.831589
2025-02-16T09:36:00Z,25.865158
2025-02-16T10:12:00Z,0
2025-02-16T10:48:00Z,25.664425
2025-02-16T11:24:00Z,25.887566
2025-02-16T12:00:00Z,25.05157
2025-02-16T12:36:00Z,25.760883
2025-02-16T13:12:00Z,24.133821
2025-02-16T14:24:00Z,24.399189
2025-02-16T15:00:00Z,29.606176
2025-02-16T15:36:00Z,25.105375
2025-02-16T16:48:00Z,25.969648
2025-02-16T17:24:00Z,0
2025-02-16T18:00:00Z,25.501987
2025-02-16T18:36:00Z,24.703537
2025-02-16T19:12:00Z,25.946026
2025-02-16T19:48:00Z,25.819965
2025-02-16T20:24:00Z,24.095955
2025-02-16T21:36:00Z,25.945042
2025-02-16T22:12:00Z,25.742445
2025-02-16T22:48:00Z,0
2025-02-16T23:24:00Z,25.04406
2025-02-17T00:00:00Z,24.454025
2025-02-17T00:36:00Z,25.841589
2025-02-17T01:12:00Z,24.808165
2025-02-17T01:48:00Z,24.441984
2025-02-17T02:24:00Z,0
2025-02-17T03:00:00Z,24.257397
2025-02-17T03:36:00Z,25.702715
2025-02-17T04:48:00Z,24.175964
2025-02-17T05:24:00Z,25.339045
2025-02-17T06:00:00Z,25.877007
2025-02-17T06:36:00Z,25.42358
2025-02-17T07:12:00Z,25.50123
2025-02-17T07:48:00Z,24.912798
2025-02-17T08:24:00Z,24.913544
2025-02-17T09:00:00Z,25.921602
2025-02-17T09:36:00Z,25.466839
2025-02-17T10:12:00Z,25.80098
2025-02-17T11:24:00Z,25.512508
2025-02-17T12:00:00Z,25.018461
2025-02-17T12:36:00Z,0
2025-02-17T13:12:00Z,24.494562
2025-02-17T13:48:00Z,24.607363
2025-02-17T14:24:00Z,25.338507
2025-02-17T15:00:00Z,30.213173
2025-02-17T15:36:00Z,24.342764
2025-02-17T16:12:00Z,25.245817
2025-02-17T16:48:00Z,24.825773
2025-02-17T17:24:00Z,25.72295
2025-02-17T18:00:00Z,24.729769
2025-02-17T18:36:00Z,24.629078
2025-02-17T19:48:00Z,25.68875
2025-02-17T20:24:00Z,24.579088
2025-02-17T21:00:00Z,24.13024
2025-02-17T21:36:00Z,0
2025-02-17T22:12:00Z,25.12401
2025-02-17T22:48:00Z,24.753988
2025-02-17T23:24:00Z,25.75824
2025-02-18T00:00:00Z,24.669374
2025-02-18T00:36:00Z,29.755692
2025-02-18T01:12:00Z,24.895737
2025-02-18T01:48:00Z,24.699057
2025-02-18T02:24:00Z,25.93861
2025-02-18T03:00:00Z,24.311352
2025-02-18T03:36:00Z,25.446726
2025-02-18T04:12:00Z,24.578527
2025-02-18T04:48:00Z,25.204336
2025-02-18T05:24:00Z,25.2894
2025-02-18T06:00:00Z,24.44992
2025-02-18T06:36:00Z,24.429148
2025-02-18T07:12:00Z,30.089321
2025-02-18T07:48:00Z,0
2025-02-18T08:24:00Z,29.080801
2025-02-18T09:00:00Z,0
2025-02-18T09:36:00Z,24.508476
2025-02-18T10:12:00Z,24.624437
2025-02-18T10:48:00Z,25.293016
2025-02-18T12:00:00Z,25.003502
2025-02-18T12:36:00Z,0
2025-02-18T13:12:00Z,24.443165
2025-02-18T13:48:00Z,25.776165
2025-02-18T14:24:00Z,24.576315
2025-02-18T15:00:00Z,0
2025-02-18T15:36:00Z,25.913235
2025-02-18T16:12:00Z,25.242676
2025-02-18T16:48:00Z,25.068241
2025-02-18T17:24:00Z,25.958368
2025-02-18T18:00:00Z,25.992886
2025-02-18T18:36:00Z,24.48197
2025-02-18T19:12:00Z,24.209965
2025-02-18T19:48:00Z,29.746595
2025-02-18T20:24:00Z,0
2025-02-18T21:00:00Z,24.558773
2025-02-18T23:24:00Z,25.215733
2025-02-19T00:00:00Z,25.003292
2025-02-19T00:36:00Z,25.64226
2025-02-19T01:12:00Z,24.202404
2025-02-19T01:48:00Z,0
2025-02-19T02:24:00Z,24.193043
2025-02-19T03:00:00Z,25.503614
2025-02-19T03:36:00Z,24.109396
2025-02-19T04:12:00Z,25.48751
2025-02-19T04:48:00Z,24.156828
2025-02-19T06:00:00Z,25.34036
2025-02-19T06:36:00Z,24.884373
2025-02-19T07:12:00Z,24.02429
2025-02-19T07:48:00Z,25.757763
2025-02-19T09:00:00Z,25.239836
2025-02-19T09:36:00Z,30.3289
2025-02-19T10:12:00Z,25.661442
2025-02-19T11:24:00Z,25.900455
2025-02-19T12:36:00Z,24.104904
2025-02-19T13:12:00Z,24.016586
2025-02-19T13:48:00Z,24.367393
2025-02-19T14:24:00Z,25.845043
2025-02-19T15:00:00Z,24.094622
2025-02-19T15:36:00Z,25.559826
2025-02-19T16:12:00Z,24.483465
2025-02-19T17:24:00Z,25.449417
2025-02-19T18:00:00Z,24.611609
2025-02-19T18:36:00Z,24.293789
2025-02-19T19:12:00Z,25.606829
2025-02-19T19:48:00Z,24.772654
2025-02-19T21:00:00Z,24.869442
2025-02-19T21:36:00Z,25.616228
2025-02-19T22:12:00Z,25.201624
2025-02-19T22:48:00Z,24.325705
2025-02-19T23:24:00Z,24.64844
2025-02-20T00:00:00Z,25.492739
2025-02-20T00:36:00Z,24.563364
2025-02-20T01:12:00Z,25.06247
2025-02-20T01:48:00Z,25.05042
2025-02-20T02:24:00Z,0
2025-02-20T03:00:00Z,24.418413
2025-02-20T03:36:00Z,24.20771
2025-02-20T04:12:00Z,25.548166
2025-02-20T04:48:00Z,30.849277
2025-02-20T05:24:00Z,24.055216
2025-02-20T06:00:00Z,25.18536
2025-02-20T06:36:00Z,25.388535
2025-02-20T07:12:00Z,0
2025-02-20T07:48:00Z,25.586945
2025-02-20T09:00:00Z,24.357042
2025-02-20T09:36:00Z,0
2025-02-20T10:12:00Z,25.241316
2025-02-20T10:48:00Z,25.680346
2025-02-20T11:24:00Z,24.007545
2025-02-20T12:00:00Z,25.577673
2025-02-20T12:36:00Z,24.609543
2025-02-20T13:12:00Z,24.51288
2025-02-20T13:48:00Z,25.372343
2025-02-20T14:24:00Z,25.756372
2025-02-20T15:00:00Z,29.878462
2025-02-20T15:36:00Z,24.876484
2025-02-20T16:12:00Z,25.575205
2025-02-20T16:48:00Z,24.313345
2025-02-20T17:24:00Z,25.186705
2025-02-20T18:00:00Z,25.221817
2025-02-20T18:36:00Z,30.779718
2025-02-20T19:12:00Z,25.017176
2025-02-20T19:48:00Z,24.110392
2025-02-20T20:24:00Z,24.181612
2025-02-20T21:00:00Z,25.47136
2025-02-20T21:36:00Z,24.684973
2025-02-20T22:12:00Z,0
2025-02-20T22:48:00Z,30.218908
2025-02-20T23:24:00Z,25.99803
2025-02-21T00:00:00Z,29.210808
2025-02-21T00:36:00Z,24.96464
2025-02-21T01:48:00Z,25.540535
2025-02-21T03:00:00Z,24.856941
2025-02-21T03:36:00Z,25.619892
2025-02-21T04:12:00Z,25.815933
2025-02-21T04:48:00Z,25.34172
2025-02-21T05:24:00Z,25.667698
2025-02-21T06:00:00Z,25.56535
2025-02-21T06:36:00Z,0
2025-02-21T07:12:00Z,0
2025-02-21T07:48:00Z,24.605742
2025-02-21T08:24:00Z,25.27149
2025-02-21T09:00:00Z,24.399841
2025-02-21T10:12:00Z,25.037893
2025-02-21T10:48:00Z,25.665697
2025-02-21T11:24:00Z,25.797205
2025-02-21T12:00:00Z,25.484114
2025-02-21T12:36:00Z,25.953888
2025-02-21T13:12:00Z,24.824902
2025-02-21T13:48:00Z,30.023071
2025-02-21T14:24:00Z,25.045542
2025-02-21T15:00:00Z,24.24727
2025-02-21T15:36:00Z,25.928995
2025-02-21T16:12:00Z,24.023682
2025-02-21T16:48:00Z,24.231358
2025-02-21T17:24:00Z,25.866062
2025-02-21T18:00:00Z,25.462845
2025-02-21T18:36:00Z,0
2025-02-21T19:12:00Z,0
2025-02-21T19:48:00Z,25.341064
2025-02-21T20:24:00Z,25.564249
2025-02-21T21:00:00Z,24.125687
2025-02-21T21:36:00Z,0
2025-02-21T22:12:00Z,29.61689
2025-02-21T22:48:00Z,0
2025-02-21T23:24:00Z,25.771782
2025-02-22T00:00:00Z,25.602839
2025-02-22T00:36:00Z,29.979607
2025-02-22T01:12:00Z,25.901031
2025-02-22T01:48:00Z,24.741247
2025-02-22T02:24:00Z,0
2025-02-22T03:00:00Z,25.668211
2025-02-22T03:36:00Z,25.969152
2025-02-22T04:48:00Z,25.504986
2025-02-22T06:00:00Z,24.410606
2025-02-22T07:12:00Z,24.941051
2025-02-22T07:48:00Z,29.800331
2025-02-22T08:24:00Z,0
2025-02-22T09:00:00Z,24.515356
2025-02-22T09:36:00Z,25.095985
2025-02-22T10:12:00Z,24.48224
2025-02-22T10:48:00Z,25.835855
2025-02-22T11:24:00Z,25.706514
2025-02-22T12:00:00Z,29.468273
2025-02-22T12:36:00Z,0
2025-02-22T13:12:00Z,24.803522
2025-02-22T13:48:00Z,25.769743
2025-02-22T14:24:00Z,25.833494
2025-02-22T15:00:00Z,0
2025-02-22T15:36:00Z,24.239002
2025-02-22T16:12:00Z,0
2025-02-22T16:48:00Z,24.767853
2025-02-22T17:24:00Z,25.74567
2025-02-22T18:00:00Z,0
2025-02-22T18:36:00Z,25.801586
2025-02-22T19:12:00Z,25.60668
2025-02-22T19:48:00Z,24.167782
2025-02-22T20:24:00Z,24.482187
2025-02-22T21:00:00Z,25.907013
2025-02-22T21:36:00Z,0
2025-02-22T22:12:00Z,24.095518
2025-02-22T22:48:00Z,25.001348
2025-02-22T23:24:00Z,0
2025-02-23T00:00:00Z,25.98685
2025-02-23T00:36:00Z,24.041668
2025-02-23T01:12:00Z,25.504278
2025-02-23T02:24:00Z,25.762314
2025-02-23T03:00:00Z,24.435905
2025-02-23T03:36:00Z,25.73237
2025-02-23T04:12:00Z,25.093687
2025-02-23T05:24:00Z,25.53995
2025-02-23T06:00:00Z,25.06444
2025-02-23T06:36:00Z,25.572617
2025-02-23T07:12:00Z,0
2025-02-23T07:48:00Z,24.985643
2025-02-23T09:00:00Z,24.736517
2025-02-23T09:36:00Z,25.31314
2025-02-23T10:12:00Z,24.49914
2025-02-23T10:48:00Z,0
2025-02-23T11:24:00Z,25.574703
2025-02-23T12:36:00Z,24.856867
2025-02-23T13:12:00Z,25.375696
2025-02-23T14:24:00Z,25.050076
2025-02-23T15:00:00Z,24.220531
2025-02-23T15:36:00Z,24.727365
2025-02-23T16:12:00Z,25.94895
2025-02-23T16:48:00Z,25.057373
2025-02-23T17:24:00Z,24.926159
2025-02-23T18:00:00Z,24.388285
2025-02-23T18:36:00Z,25.98647
2025-02-23T19:12:00Z,24.494226
2025-02-23T19:48:00Z,24.617807
2025-02-23T20:24:00Z,25.770706
2025-02-23T22:48:00Z,25.933544
2025-02-23T23:24:00Z,29.324837
2025-02-24T00:00:00Z,25.322899
2025-02-24T00:36:00Z,24.506542
2025-02-24T01:12:00Z,24.837366
2025-02-24T01:48:00Z,24.568987
2025-02-24T02:24:00Z,30.707958
2025-02-24T03:00:00Z,0
2025-02-24T03:36:00Z,25.054565
2025-02-24T04:12:00Z,29.755684
2025-02-24T04:48:00Z,24.123741
2025-02-24T05:24:00Z,25.100979
2025-02-24T06:00:00Z,24.856297
2025-02-24T06:36:00Z,25.819683
2025-02-24T07:48:00Z,24.92628
2025-02-24T08:24:00Z,25.745462
2025-02-24T09:00:00Z,25.76254
2025-02-24T09:36:00Z,25.203428
2025-02-24T10:12:00Z,24.030432
2025-02-24T11:24:00Z,24.72256
2025-02-24T12:00:00Z,25.408794
2025-02-24T12:36:00Z,24.843576
2025-02-24T13:12:00Z,0
2025-02-24T13:48:00Z,24.02155
2025-02-24T14:24:00Z,25.85285
2025-02-24T15:00:00Z,24.295244
2025-02-24T15:36:00Z,24.57733
2025-02-24T16:12:00Z,25.845165
2025-02-24T16:48:00Z,25.900139
2025-02-24T17:24:00Z,25.547049
2025-02-24T18:00:00Z,25.947891
2025-02-24T18:36:00Z,24.86137
2025-02-24T19:48:00Z,24.8983
2025-02-24T20:24:00Z,25.421793
2025-02-24T21:00:00Z,24.630354
2025-02-24T21:36:00Z,25.566626
2025-02-24T22:12:00Z,24.693436
2025-02-24T23:24:00Z,25.333769
2025-02-25T00:00:00Z,24.620035
2025-02-25T00:36:00Z,25.689003
2025-02-25T01:12:00Z,24.983616
2025-02-25T02:24:00Z,24.968956
2025-02-25T03:00:00Z,25.555906
2025-02-25T03:36:00Z,24.011686
2025-02-25T04:12:00Z,29.257887
2025-02-25T04:48:00Z,24.394455
2025-02-25T05:24:00Z,25.226984
2025-02-25T06:00:00Z,24.311428
2025-02-25T06:36:00Z,25.652607
2025-02-25T07:12:00Z,25.122818
2025-02-25T07:48:00Z,25.542822
2025-02-25T08:24:00Z,0
2025-02-25T09:00:00Z,29.273466
2025-02-25T09:36:00Z,0
2025-02-25T10:12:00Z,24.460772
2025-02-25T10:48:00Z,25.362951
2025-02-25T11:24:00Z,24.352047
2025-02-25T12:00:00Z,24.654198
2025-02-25T12:36:00Z,24.364845
2025-02-25T13:12:00Z,24.644474
2025-02-25T13:48:00Z,25.694366
2025-02-25T14:24:00Z,25.130625
2025-02-25T15:00:00Z,0
2025-02-25T15:36:00Z,24.538921
2025-02-25T16:12:00Z,24.618315
2025-02-25T16:48:00Z,25.94128
2025-02-25T17:24:00Z,24.979225
2025-02-25T18:00:00Z,24.494673
2025-02-25T18:36:00Z,24.422628
2025-02-25T19:12:00Z,25.880392
2025-02-25T19:48:00Z,25.088926
2025-02-25T20:24:00Z,24.90551
2025-02-25T21:00:00Z,25.994474
2025-02-25T21:36:00Z,30.06885
2025-02-25T22:12:00Z,25.627687
2025-02-25T22:48:00Z,24.91271
2025-02-25T23:24:00Z,24.681295
2025-02-26T00:00:00Z,25.383045
2025-02-26T00:36:00Z,0
2025-02-26T01:12:00Z,24.877691
2025-02-26T02:24:00Z,24.516027
2025-02-26T03:00:00Z,24.648993
2025-02-26T03:36:00Z,0
2025-02-26T04:12:00Z,24.362179
2025-02-26T04:48:00Z,24.541344
2025-02-26T05:24:00Z,25.768723
2025-02-26T06:36:00Z,24.795866
2025-02-26T07:48:00Z,25.959866
2025-02-26T08:24:00Z,29.915
2025-02-26T09:00:00Z,0
2025-02-26T09:36:00Z,25.499277
2025-02-26T10:48:00Z,24.075619
2025-02-26T11:24:00Z,25.188532
2025-02-26T12:00:00Z,30.925854
2025-02-26T12:36:00Z,0
2025-02-26T13:12:00Z,25.824432
2025-02-26T13:48:00Z,24.328453
2025-02-26T14:24:00Z,24.429068
2025-02-26T15:00:00Z,25.983444
2025-02-26T15:36:00Z,25.943424
2025-02-26T16:12:00Z,0
2025-02-26T16:48:00Z,24.600504
2025-02-26T17:24:00Z,25.473078
2025-02-26T18:00:00Z,0
2025-02-26T18:36:00Z,24.785103
2025-02-26T19:12:00Z,24.657494
2025-02-26T19:48:00Z,25.71074
2025-02-26T20:24:00Z,24.302671
2025-02-26T21:36:00Z,25.943943
2025-02-26T22:12:00Z,24.507105
2025-02-26T23:24:00Z,24.24749
2025-02-27T00:00:00Z,24.638077
2025-02-27T00:36:00Z,24.256857
2025-02-27T01:48:00Z,25.56387
2025-02-27T02:24:00Z,24.772594
2025-02-27T03:00:00Z,24.452503
2025-02-27T03:36:00Z,24.621305
2025-02-27T04:12:00Z,25.479153
2025-02-27T04:48:00Z,29.52147
2025-02-27T05:24:00Z,24.82629
2025-02-27T06:00:00Z,29.087328
2025-02-27T06:36:00Z,0
2025-02-27T07:12:00Z,24.076515
2025-02-27T07:48:00Z,25.524513
2025-02-27T08:24:00Z,25.229628
2025-02-27T09:00:00Z,24.478203
2025-02-27T09:36:00Z,24.553032
2025-02-27T10:48:00Z,25.985874
2025-02-27T11:24:00Z,30.707829
2025-02-27T12:00:00Z,24.673336
2025-02-27T13:12:00Z,24.114288
2025-02-27T15:00:00Z,24.763203
2025-02-27T15:36:00Z,24.390598
2025-02-27T16:12:00Z,24.895424
2025-02-27T16:48:00Z,24.309877
2025-02-27T17:24:00Z,0
2025-02-27T18:00:00Z,25.141514
2025-02-27T18:36:00Z,30.693243
2025-02-27T19:12:00Z,25.48665
2025-02-27T20:24:00Z,24.888794
2025-02-27T21:00:00Z,30.564945
2025-02-27T21:36:00Z,0
2025-02-27T22:12:00Z,24.158072
2025-02-27T23:24:00Z,24.982628
2025-02-28T00:00:00Z,0
2025-02-28T00:36:00Z,24.193249
2025-02-28T01:12:00Z,25.19543
2025-02-28T01:48:00Z,24.19062
2025-02-28T02:24:00Z,24.424608
2025-02-28T03:00:00Z,25.921165
2025-02-28T03:36:00Z,24.685942
2025-02-28T04:12:00Z,25.913445
2025-02-28T04:48:00Z,29.079268
2025-02-28T05:24:00Z,25.586874
2025-02-28T06:00:00Z,24.029175
2025-02-28T06:36:00Z,24.465229
2025-02-28T07:12:00Z,25.552998
2025-02-28T09:00:00Z,24.483566
2025-02-28T10:12:00Z,24.651224
2025-02-28T10:48:00Z,29.933062
2025-02-28T11:24:00Z,24.160603
2025-02-28T12:00:00Z,25.878849
2025-02-28T12:36:00Z,0
2025-02-28T13:12:00Z,24.823534
2025-02-28T13:48:00Z,25.546598
2025-02-28T14:24:00Z,24.677998
2025-02-28T15:00:00Z,24.473253
2025-02-28T15:36:00Z,0
2025-02-28T16:12:00Z,25.949211
2025-02-28T17:24:00Z,25.076506
2025-02-28T18:00:00Z,25.57302
2025-02-28T18:36:00Z,24.678911
2025-02-28T19:12:00Z,25.38046
2025-02-28T19:48:00Z,25.560287
2025-02-28T20:24:00Z,24.863571
2025-02-28T21:00:00Z,0
2025-02-28T21:36:00Z,25.000416
2025-02-28T22:12:00Z,25.985617
2025-02-28T22:48:00Z,25.24018
2025-02-28T23:24:00Z,25.98441
2025-03-01T00:00:00Z,24.249342
2025-03-01T00:36:00Z,25.24958
2025-03-01T01:48:00Z,25.291656
2025-03-01T02:24:00Z,25.600306
2025-03-01T03:00:00Z,29.190691
2025-03-01T03:36:00Z,25.107807
2025-03-01T04:12:00Z,24.395714
2025-03-01T04:48:00Z,24.674608
2025-03-01T05:24:00Z,25.990833
2025-03-01T06:00:00Z,25.904377
2025-03-01T07:12:00Z,24.225277
2025-03-01T07:48:00Z,24.821232
2025-03-01T09:00:00Z,24.20912
2025-03-01T10:12:00Z,24.657026
2025-03-01T10:48:00Z,0
2025-03-01T11:24:00Z,25.204594
2025-03-01T12:00:00Z,24.137722
2025-03-01T13:48:00Z,25.878422
2025-03-01T14:24:00Z,24.470634
2025-03-01T15:00:00Z,25.679148
2025-03-01T15:36:00Z,30.159525
2025-03-01T16:12:00Z,0
2025-03-01T16:48:00Z,25.81487
2025-03-01T17:24:00Z,24.61174
2025-03-01T18:36:00Z,25.626228
2025-03-01T19:12:00Z,30.547256
2025-03-01T19:48:00Z,0
2025-03-01T20:24:00Z,25.57136
2025-03-01T21:00:00Z,24.556517
2025-03-01T21:36:00Z,24.313541
2025-03-01T22:12:00Z,25.61647
2025-03-01T23:24:00Z,25.66028
2025-03-02T00:00:00Z,25.091515
2025-03-02T00:36:00Z,25.790234
2025-03-02T01:12:00Z,25.698328
2025-03-02T01:48:00Z,24.355448
2025-03-02T02:24:00Z,25.449324
2025-03-02T03:00:00Z,25.911116
2025-03-02T03:36:00Z,24.295437
2025-03-02T04:12:00Z,25.269243
2025-03-02T04:48:00Z,25.602524
2025-03-02T05:24:00Z,24.72463
2025-03-02T06:00:00Z,24.988028
2025-03-02T06:36:00Z,0
2025-03-02T07:12:00Z,24.810791
2025-03-02T07:48:00Z,25.777687
2025-03-02T08:24:00Z,24.357166
2025-03-02T09:00:00Z,25.491016
2025-03-02T09:36:00Z,25.3133
2025-03-02T10:12:00Z,24.547077
2025-03-02T10:48:00Z,24.768433
2025-03-02T11:24:00Z,24.064096
2025-03-02T12:00:00Z,0
2025-03-02T12:36:00Z,24.29125
2025-03-02T13:48:00Z,25.178583
2025-03-02T14:24:00Z,0
2025-03-02T15:00:00Z,25.434147
2025-03-02T15:36:00Z,25.379763
2025-03-02T16:12:00Z,24.071632
2025-03-02T16:48:00Z,24.20761
2025-03-02T17:24:00Z,29.574514
2025-03-02T18:00:00Z,24.61982
2025-03-02T18:36:00Z,25.331392
2025-03-02T19:12:00Z,24.081121
2025-03-02T19:48:00Z,0
2025-03-02T20:24:00Z,24.213898
2025-03-02T21:36:00Z,24.799158
2025-03-02T22:12:00Z,0
2025-03-02T22:48:00Z,25.689322
2025-03-03T00:00:00Z,25.60773
2025-03-03T00:36:00Z,24.948595
2025-03-03T01:48:00Z,25.436424
2025-03-03T02:24:00Z,24.40191
2025-03-03T03:00:00Z,25.121574
2025-03-03T03:36:00Z,24.219677
2025-03-03T04:12:00Z,25.004374
2025-03-03T04:48:00Z,24.85085
2025-03-03T05:24:00Z,25.287724
2025-03-03T06:00:00Z,24.19168
2025-03-03T07:48:00Z,25.582373
2025-03-03T08:24:00Z,25.724876
2025-03-03T09:00:00Z,24.124634
2025-03-03T09:36:00Z,25.008858
2025-03-03T10:12:00Z,24.85654
2025-03-03T10:48:00Z,24.260746
2025-03-03T11:24:00Z,30.635948
2025-03-03T12:00:00Z,25.634302
2025-03-03T12:36:00Z,24.161963
2025-03-03T13:12:00Z,25.795273
2025-03-03T13:48:00Z,30.988382
2025-03-03T14:24:00Z,0
2025-03-03T15:00:00Z,24.703415
2025-03-03T15:36:00Z,24.484835
2025-03-03T16:12:00Z,0
2025-03-03T16:48:00Z,25.087988
2025-03-03T17:24:00Z,24.275997
2025-03-03T18:00:00Z,0
2025-03-03T18:36:00Z,25.371826
2025-03-03T19:12:00Z,25.185305
2025-03-03T19:48:00Z,25.967691
2025-03-03T20:24:00Z,25.71455
2025-03-03T21:00:00Z,24.855177
2025-03-03T21:36:00Z,25.35883
2025-03-03T22:48:00Z,24.002531
2025-03-03T23:24:00Z,24.95075
2025-03-04T00:00:00Z,25.061272
2025-03-04T00:36:00Z,29.722368
2025-03-04T01:12:00Z,24.398989
2025-03-04T01:48:00Z,24.063534
2025-03-04T02:24:00Z,25.35072
2025-03-04T03:00:00Z,30.74878
2025-03-04T03:36:00Z,0
2025-03-04T04:12:00Z,24.42036
2025-03-04T04:48:00Z,25.979773
2025-03-04T06:00:00Z,25.873816
2025-03-04T06:36:00Z,25.383266
2025-03-04T07:12:00Z,24.01714
2025-03-04T08:24:00Z,24.083694
2025-03-04T09:00:00Z,25.261776
2025-03-04T10:48:00Z,24.930012
2025-03-04T11:24:00Z,24.401197
2025-03-04T12:00:00Z,25.74962
2025-03-04T12:36:00Z,25.164564
2025-03-04T13:12:00Z,29.543846
2025-03-04T13:48:00Z,0
2025-03-04T14:24:00Z,25.302242
2025-03-04T15:00:00Z,25.920528
2025-03-04T17:24:00Z,24.422125
2025-03-04T18:36:00Z,24.173016
2025-03-04T19:12:00Z,25.664286
2025-03-04T19:48:00Z,29.709583
2025-03-04T20:24:00Z,24.935753
2025-03-04T21:00:00Z,24.371992
2025-03-04T21:36:00Z,24.700432
2025-03-04T22:12:00Z,25.845547
2025-03-04T22:48:00Z,25.769981
2025-03-04T23:24:00Z,24.528584
2025-03-05T00:00:00Z,25.256325
2025-03-05T00:36:00Z,25.17854
2025-03-05T01:12:00Z,24.194885
2025-03-05T01:48:00Z,25.235958
2025-03-05T02:24:00Z,24.579765
2025-03-05T03:00:00Z,25.981405
2025-03-05T03:36:00Z,24.94969
2025-03-05T04:12:00Z,24.4134
2025-03-05T04:48:00Z,25.783245
2025-03-05T06:00:00Z,25.706507
2025-03-05T06:36:00Z,24.356546
2025-03-05T07:12:00Z,24.84972
2025-03-05T07:48:00Z,24.415667
2025-03-05T08:24:00Z,0
2025-03-05T09:00:00Z,24.643694
2025-03-05T09:36:00Z,24.751062
2025-03-05T10:12:00Z,24.35816
2025-03-05T10:48:00Z,25.565544
2025-03-05T11:24:00Z,24.495863
2025-03-05T12:36:00Z,25.72657
2025-03-05T13:12:00Z,0
2025-03-05T13:48:00Z,24.049387
2025-03-05T14:24:00Z,24.888926
2025-03-05T15:00:00Z,24.158249
2025-03-05T15:36:00Z,25.520372
2025-03-05T17:24:00Z,24.95305
2025-03-05T18:00:00Z,25.652786
2025-03-05T18:36:00Z,24.544037
2025-03-05T19:48:00Z,25.43288
2025-03-05T20:24:00Z,24.366064
2025-03-05T21:00:00Z,24.418585
2025-03-05T21:36:00Z,25.632805
2025-03-05T22:48:00Z,25.483479
2025-03-05T23:24:00Z,24.480886
2025-03-06T00:00:00Z,25.498259
2025-03-06T00:36:00Z,0
2025-03-06T01:12:00Z,25.780935
2025-03-06T02:24:00Z,25.896908
2025-03-06T03:00:00Z,24.492702
2025-03-06T03:36:00Z,25.141191
2025-03-06T04:12:00Z,0
2025-03-06T04:48:00Z,25.975624
2025-03-06T05:24:00Z,24.851109
2025-03-06T06:00:00Z,25.37488
2025-03-06T06:36:00Z,24.999311
2025-03-06T07:12:00Z,0
2025-03-06T07:48:00Z,24.499178
2025-03-06T08:24:00Z,25.67412
2025-03-06T09:00:00Z,24.445312
2025-03-06T10:12:00Z,25.085068
2025-03-06T10:48:00Z,24.24235
2025-03-06T11:24:00Z,25.91001
2025-03-06T12:00:00Z,24.688131
2025-03-06T13:48:00Z,25.876528
2025-03-06T14:24:00Z,25.254519
2025-03-06T15:00:00Z,0
2025-03-06T15:36:00Z,24.05226
2025-03-06T16:12:00Z,25.058628
2025-03-06T17:24:00Z,25.96138
2025-03-06T18:00:00Z,24.665232
