Timestamp,Value
2024-10-01T17:24:00Z,0.54641753
2024-10-01T18:00:00Z,0.07630648
2024-10-01T19:12:00Z,0.89206517
2024-10-01T19:48:00Z,0
2024-10-01T21:36:00Z,0.7657528
2024-10-01T22:12:00Z,0
2024-10-02T00:00:00Z,0.16459738
2024-10-02T00:36:00Z,0.8181942
2024-10-02T01:12:00Z,0
2024-10-02T03:36:00Z,0.40338206
2024-10-02T04:12:00Z,0.77845883
2024-10-02T04:48:00Z,0
2024-10-02T05:24:00Z,0.9578195
2024-10-02T06:00:00Z,0
2024-10-02T07:12:00Z,0.6560758
2024-10-02T08:24:00Z,0.20748845
2024-10-02T09:00:00Z,0.764895
2024-10-02T09:36:00Z,0
2024-10-02T10:48:00Z,0.72425467
2024-10-02T13:12:00Z,0.00846417
2024-10-02T14:24:00Z,0.98496866
2024-10-02T15:00:00Z,0
2024-10-02T16:12:00Z,0.72161305
2024-10-02T17:24:00Z,0.5440814
2024-10-02T18:00:00Z,0.8062852
2024-10-02T18:36:00Z,0
2024-10-02T19:12:00Z,0.08333465
2024-10-02T19:48:00Z,0.7980142
2024-10-02T20:24:00Z,0
2024-10-02T22:12:00Z,0.17714581
2024-10-02T22:48:00Z,0.737098
2024-10-03T01:12:00Z,0.17956524
2024-10-03T01:48:00Z,0.9118912
2024-10-03T02:24:00Z,0
2024-10-03T03:00:00Z,0.1669427
2024-10-03T03:36:00Z,0.838807
2024-10-03T04:12:00Z,0
2024-10-03T05:24:00Z,0.2137268
2024-10-03T06:00:00Z,0.8101585
2024-10-03T06:36:00Z,0
2024-10-03T07:12:00Z,0.034850832
2024-10-03T07:48:00Z,0.6644121
2024-10-03T08:24:00Z,0.21424766
2024-10-03T10:48:00Z,0.35990754
2024-10-03T11:24:00Z,0.0898591
2024-10-03T12:00:00Z,0.73414004
2024-10-03T12:36:00Z,0.26994374
2024-10-03T13:12:00Z,0.23624364
2024-10-03T13:48:00Z,0.79668564
2024-10-03T14:24:00Z,0
2024-10-03T15:00:00Z,0.9592072
2024-10-03T15:36:00Z,0
2024-10-03T16:48:00Z,0.963419
2024-10-03T17:24:00Z,0
2024-10-03T18:00:00Z,0.9269395
2024-10-03T18:36:00Z,0
2024-10-03T19:48:00Z,0.29234648
2024-10-03T20:24:00Z,0.85021144
2024-10-03T21:00:00Z,0
2024-10-03T21:36:00Z,0.9653176
2024-10-03T22:12:00Z,0
2024-10-03T23:24:00Z,0.71260077
2024-10-04T00:36:00Z,0.26644322
2024-10-04T01:12:00Z,0.82557714
2024-10-04T01:48:00Z,0
2024-10-04T03:00:00Z,0.7877113
2024-10-04T03:36:00Z,0
2024-10-04T04:12:00Z,0.5409856
2024-10-04T05:24:00Z,0.86568475
2024-10-04T06:00:00Z,0
2024-10-04T07:12:00Z,0.3010641
2024-10-04T07:48:00Z,0.062359374
2024-10-04T09:00:00Z,0.30462617
2024-10-04T09:36:00Z,0.9682407
2024-10-04T10:12:00Z,0
2024-10-04T11:24:00Z,0.48030773
2024-10-04T12:00:00Z,0.25304812
2024-10-04T13:12:00Z,0.836738
2024-10-04T13:48:00Z,0
2024-10-04T15:00:00Z,0.69488794
2024-10-04T16:12:00Z,0.048118703
2024-10-04T16:48:00Z,0.67840064
2024-10-04T18:00:00Z,0.10230531
2024-10-04T18:36:00Z,0.16606508
2024-10-04T19:12:00Z,0.7734872
2024-10-04T19:48:00Z,0
2024-10-04T20:24:00Z,0.7922578
2024-10-04T21:00:00Z,0
2024-10-04T21:36:00Z,0.93087685
2024-10-04T22:12:00Z,0
2024-10-04T22:48:00Z,0.8194706
2024-10-04T23:24:00Z,0
2024-10-05T00:00:00Z,0.8407955
2024-10-05T00:36:00Z,0
2024-10-05T01:12:00Z,0.6568166
2024-10-05T01:48:00Z,0.1891407
2024-10-05T03:00:00Z,0.7202912
2024-10-05T03:36:00Z,0.7558058
2024-10-05T04:12:00Z,0
2024-10-05T06:00:00Z,0.29028362
2024-10-05T06:36:00Z,0.96998274
2024-10-05T07:12:00Z,0
2024-10-05T07:48:00Z,0.5096221
2024-10-05T08:24:00Z,0.08698303
2024-10-05T09:00:00Z,0.35147795
2024-10-05T10:12:00Z,0.0025525219
2024-10-05T10:48:00Z,0.7099809
2024-10-05T12:36:00Z,0.4163054
2024-10-05T13:12:00Z,0.118700355
2024-10-05T13:48:00Z,0.39130214
2024-10-05T14:24:00Z,0.02979491
2024-10-05T15:36:00Z,0.42223185
2024-10-05T16:12:00Z,0.25039443
2024-10-05T16:48:00Z,0.6392691
2024-10-05T17:24:00Z,0.26204896
2024-10-05T18:00:00Z,0.750931
2024-10-05T18:36:00Z,0
2024-10-05T19:12:00Z,0.6237906
2024-10-05T19:48:00Z,0.52963054
2024-10-05T20:24:00Z,0.020774566
2024-10-05T21:36:00Z,0.61597955
2024-10-05T22:12:00Z,0.1540392
2024-10-06T00:36:00Z,0.9700926
2024-10-06T01:12:00Z,0
2024-10-06T03:00:00Z,0.26264727
2024-10-06T04:12:00Z,0.9157841
2024-10-06T04:48:00Z,0
2024-10-06T05:24:00Z,0.80058014
2024-10-06T06:00:00Z,0
2024-10-06T06:36:00Z,0.37822872
2024-10-06T07:12:00Z,0.2592277
2024-10-06T07:48:00Z,0.6767237
2024-10-06T08:24:00Z,0.089428976
2024-10-06T09:00:00Z,0.5764496
2024-10-06T09:36:00Z,0.0017460017
2024-10-06T10:12:00Z,0.8610693
2024-10-06T10:48:00Z,0
2024-10-06T11:24:00Z,0.61655295
2024-10-06T12:00:00Z,0.17339465
2024-10-06T12:36:00Z,0.5027208
2024-10-06T13:12:00Z,0.07618577
2024-10-06T13:48:00Z,0.7461489
2024-10-06T14:24:00Z,0.08713967
2024-10-06T15:00:00Z,0.9522522
2024-10-06T15:36:00Z,0
2024-10-06T16:48:00Z,0.14237855
2024-10-06T17:24:00Z,0.9479236
2024-10-06T18:00:00Z,0
2024-10-06T18:36:00Z,0.7080065
2024-10-06T19:12:00Z,0.7290504
2024-10-06T19:48:00Z,0.04545586
2024-10-06T21:00:00Z,0.08925263
2024-10-06T22:48:00Z,0.49084923
2024-10-07T00:36:00Z,0.70996153
2024-10-07T01:12:00Z,0.4259765
2024-10-07T01:48:00Z,0.72351366
2024-10-07T02:24:00Z,0.049770214
2024-10-07T03:36:00Z,0.9088016
2024-10-07T04:12:00Z,0
2024-10-07T04:48:00Z,0.62852603
2024-10-07T07:12:00Z,0.10613682
2024-10-07T09:00:00Z,0.55193186
2024-10-07T10:12:00Z,0.029589856
2024-10-07T11:24:00Z,0.85867095
2024-10-07T12:00:00Z,0
2024-10-07T12:36:00Z,0.8706844
2024-10-07T13:12:00Z,0
2024-10-07T13:48:00Z,0.015609961
2024-10-07T14:24:00Z,0.61947936
2024-10-07T15:36:00Z,0.18083292
2024-10-07T16:48:00Z,0.62862223
2024-10-07T18:00:00Z,0.36675417
2024-10-07T18:36:00Z,0.8217629
2024-10-07T19:12:00Z,0
2024-10-07T19:48:00Z,0.2739367
2024-10-07T20:24:00Z,0.98110145
2024-10-07T21:00:00Z,0
2024-10-07T21:36:00Z,0.45197144
2024-10-07T22:12:00Z,0.09978804
2024-10-07T22:48:00Z,0.15527673
2024-10-07T23:24:00Z,0.7501023
2024-10-08T00:00:00Z,0
2024-10-08T00:36:00Z,0.7698551
2024-10-08T01:12:00Z,0
2024-10-08T01:48:00Z,0.7334091
2024-10-08T02:24:00Z,0.25981683
2024-10-08T03:00:00Z,0.21055795
2024-10-08T03:36:00Z,0.76239264
2024-10-08T04:12:00Z,0
2024-10-08T04:48:00Z,0.41803738
2024-10-08T05:24:00Z,0.25134572
2024-10-08T06:00:00Z,0.98155123
2024-10-08T06:36:00Z,0
2024-10-08T07:48:00Z,0.17962609
2024-10-08T08:24:00Z,0.65044856
2024-10-08T09:00:00Z,0.13446234
2024-10-08T10:12:00Z,0.08104845
2024-10-08T10:48:00Z,0.74822867
2024-10-08T11:24:00Z,0.18846746
2024-10-08T13:12:00Z,0.5229823
2024-10-08T13:48:00Z,0.34469214
2024-10-08T14:24:00Z,0.9152574
2024-10-08T15:00:00Z,0
2024-10-08T16:48:00Z,0.7110622
2024-10-08T17:24:00Z,0.11823678
2024-10-08T18:00:00Z,0.09275838
2024-10-08T18:36:00Z,0.86718494
2024-10-08T19:12:00Z,0
2024-10-08T19:48:00Z,0.20648268
2024-10-08T20:24:00Z,0.8942999
2024-10-08T21:00:00Z,0
2024-10-08T21:36:00Z,0.7908226
2024-10-08T22:12:00Z,0
2024-10-08T22:48:00Z,0.8878583
2024-10-08T23:24:00Z,0
2024-10-09T00:00:00Z,0.70460165
2024-10-09T01:12:00Z,0.14373757
2024-10-09T01:48:00Z,0.63703483
2024-10-09T02:24:00Z,0.45856893
2024-10-09T03:00:00Z,0.9805806
2024-10-09T03:36:00Z,0
2024-10-09T05:24:00Z,0.65483195
2024-10-09T07:12:00Z,0.17599148
2024-10-09T07:48:00Z,0.67735296
2024-10-09T09:00:00Z,0.15314208
2024-10-09T09:36:00Z,0.5329896
2024-10-09T11:24:00Z,0.14887573
2024-10-09T12:00:00Z,0.64679796
2024-10-09T13:12:00Z,0.33400157
2024-10-09T13:48:00Z,0.7506122
2024-10-09T14:24:00Z,0
2024-10-09T15:00:00Z,0.8500655
2024-10-09T15:36:00Z,0
2024-10-09T16:48:00Z,0.7296844
2024-10-09T17:24:00Z,0.27166465
2024-10-09T18:00:00Z,0.65936756
2024-10-09T18:36:00Z,0.10404521
2024-10-09T19:12:00Z,0.9067642
2024-10-09T19:48:00Z,0
2024-10-09T20:24:00Z,0.47114995
2024-10-09T21:00:00Z,0.09820856
2024-10-09T21:36:00Z,0.6801973
2024-10-09T22:12:00Z,0.008033981
2024-10-09T22:48:00Z,0.81674945
2024-10-09T23:24:00Z,0
2024-10-10T00:36:00Z,0.97032404
2024-10-10T01:12:00Z,0
2024-10-10T01:48:00Z,0.7207769
2024-10-10T02:24:00Z,0.088649236
2024-10-10T03:00:00Z,0.77573246
2024-10-10T03:36:00Z,0
2024-10-10T04:48:00Z,0.62922716
2024-10-10T06:00:00Z,0.16858187
2024-10-10T07:48:00Z,0.646567
2024-10-10T09:36:00Z,0.06913793
2024-10-10T10:12:00Z,0.662702
2024-10-10T10:48:00Z,0.231434
2024-10-10T11:24:00Z,0.7423388
2024-10-10T12:00:00Z,0.3125509
2024-10-10T12:36:00Z,0.8620133
2024-10-10T13:12:00Z,0
2024-10-10T13:48:00Z,0.043920357
2024-10-10T14:24:00Z,0.57290524
2024-10-10T15:00:00Z,0.21111242
2024-10-10T15:36:00Z,0.6266241
2024-10-10T16:12:00Z,0.3200159
2024-10-10T17:24:00Z,0.3636589
2024-10-10T18:00:00Z,0.8394521
2024-10-10T18:36:00Z,0
2024-10-10T19:48:00Z,0.7788122
2024-10-10T20:24:00Z,0
2024-10-10T21:00:00Z,0.44837186
2024-10-10T21:36:00Z,0.48500907
2024-10-10T22:48:00Z,0.06208764
2024-10-10T23:24:00Z,0.8252249
2024-10-11T00:00:00Z,0
2024-10-11T02:24:00Z,0.7062735
2024-10-11T03:00:00Z,0.12854303
2024-10-11T04:48:00Z,0.05889967
2024-10-11T05:24:00Z,0.76377714
2024-10-11T06:00:00Z,0
2024-10-11T07:48:00Z,0.66142976
2024-10-11T09:00:00Z,0.7515893
2024-10-11T09:36:00Z,0
2024-10-11T10:48:00Z,0.13634294
2024-10-11T11:24:00Z,0.8013992
2024-10-11T12:00:00Z,0
2024-10-11T12:36:00Z,0.15230519
2024-10-11T13:12:00Z,0.9091338
2024-10-11T13:48:00Z,0
2024-10-11T14:24:00Z,0.42830947
2024-10-11T15:00:00Z,0.3602821
2024-10-11T15:36:00Z,0.95236605
2024-10-11T16:12:00Z,0
2024-10-11T17:24:00Z,0.3894722
2024-10-11T18:00:00Z,0.09211353
2024-10-11T18:36:00Z,0.7449667
2024-10-11T19:48:00Z,0.76815575
2024-10-11T20:24:00Z,0
2024-10-11T21:36:00Z,0.80993223
2024-10-11T22:12:00Z,0
2024-10-11T23:24:00Z,0.73490024
2024-10-12T00:36:00Z,0.32488036
2024-10-12T01:12:00Z,0.49748206
2024-10-12T01:48:00Z,0.25530842
2024-10-12T02:24:00Z,0.5653271
2024-10-12T03:00:00Z,0.028077517
2024-10-12T04:12:00Z,0.7521385
2024-10-12T04:48:00Z,0
2024-10-12T05:24:00Z,0.36211714
2024-10-12T06:00:00Z,0.095916145
2024-10-12T07:12:00Z,0.64790946
2024-10-12T07:48:00Z,0.3645339
2024-10-12T09:00:00Z,0.8663361
2024-10-12T09:36:00Z,0
2024-10-12T10:12:00Z,0.09920161
2024-10-12T10:48:00Z,0.70085293
2024-10-12T11:24:00Z,0.76626045
2024-10-12T12:00:00Z,0
2024-10-12T13:12:00Z,0.48064157
2024-10-12T13:48:00Z,0.081999905
2024-10-12T15:00:00Z,0.21232268
2024-10-12T15:36:00Z,0.70643336
2024-10-12T16:12:00Z,0.4087878
2024-10-12T16:48:00Z,0.52497613
2024-10-12T17:24:00Z,0.14023532
2024-10-12T18:36:00Z,0.95646316
2024-10-12T19:12:00Z,0
2024-10-12T20:24:00Z,0.4223277
2024-10-12T21:00:00Z,0.9843124
2024-10-12T21:36:00Z,0
2024-10-12T22:12:00Z,0.009277309
2024-10-12T22:48:00Z,0.96034646
2024-10-12T23:24:00Z,0
2024-10-13T00:00:00Z,0.74513584
2024-10-13T00:36:00Z,0.8842857
2024-10-13T01:12:00Z,0
2024-10-13T01:48:00Z,0.58338404
2024-10-13T02:24:00Z,0.18603927
2024-10-13T03:36:00Z,0.051285543
2024-10-13T04:12:00Z,0.7871916
2024-10-13T04:48:00Z,0
2024-10-13T05:24:00Z,0.61527455
2024-10-13T07:48:00Z,0.32427445
2024-10-13T08:24:00Z,0.54477394
2024-10-13T09:00:00Z,0.3325055
2024-10-13T09:36:00Z,0.84272146
2024-10-13T10:12:00Z,0
2024-10-13T11:24:00Z,0.41971058
2024-10-13T12:00:00Z,0.97206163
2024-10-13T12:36:00Z,0
2024-10-13T13:12:00Z,0.77104664
2024-10-13T13:48:00Z,0
2024-10-13T14:24:00Z,0.805914
2024-10-13T15:00:00Z,0
2024-10-13T15:36:00Z,0.3557361
2024-10-13T16:48:00Z,0.19771422
2024-10-13T17:24:00Z,0.9953291
2024-10-13T18:00:00Z,0
2024-10-13T18:36:00Z,0.87341756
2024-10-13T19:12:00Z,0
2024-10-13T20:24:00Z,0.39133754
2024-10-13T22:12:00Z,0.4096682
2024-10-13T22:48:00Z,0.80705315
2024-10-13T23:24:00Z,0
2024-10-14T00:00:00Z,0.52999455
2024-10-14T00:36:00Z,0.6373805
2024-10-14T01:12:00Z,0.0046003466
2024-10-14T04:12:00Z,0.7663287
2024-10-14T04:48:00Z,0
2024-10-14T05:24:00Z,0.38955563
2024-10-14T06:00:00Z,0.2802389
2024-10-14T06:36:00Z,0.98127764
2024-10-14T07:12:00Z,0
2024-10-14T08:24:00Z,0.08444964
2024-10-14T09:00:00Z,0.47087368
2024-10-14T09:36:00Z,0.07550016
2024-10-14T10:12:00Z,0.80664814
2024-10-14T10:48:00Z,0
2024-10-14T11:24:00Z,0.7329976
2024-10-14T12:00:00Z,0.1534364
2024-10-14T12:36:00Z,0.84996045
2024-10-14T13:12:00Z,0
2024-10-14T14:24:00Z,0.92466635
2024-10-14T15:00:00Z,0
2024-10-14T15:36:00Z,0.65633714
2024-10-14T16:12:00Z,0.82934755
2024-10-14T16:48:00Z,0
2024-10-14T18:36:00Z,0.03450538
2024-10-14T20:24:00Z,0.9289817
2024-10-14T21:00:00Z,0
2024-10-14T21:36:00Z,0.45641983
2024-10-14T22:12:00Z,0.0017819316
2024-10-15T00:00:00Z,0.4880109
2024-10-15T00:36:00Z,0.3252186
2024-10-15T01:12:00Z,0.9272843
2024-10-15T01:48:00Z,0
2024-10-15T03:00:00Z,0.68757135
2024-10-15T03:36:00Z,0.13890114
2024-10-15T06:00:00Z,0.109063596
2024-10-15T06:36:00Z,0.57401484
2024-10-15T07:12:00Z,0.15367125
2024-10-15T07:48:00Z,0.560208
2024-10-15T08:24:00Z,0.003411722
2024-10-15T09:00:00Z,0.17996399
2024-10-15T09:36:00Z,0.9706344
2024-10-15T10:12:00Z,0
2024-10-15T10:48:00Z,0.5568934
2024-10-15T12:00:00Z,0.8776664
2024-10-15T12:36:00Z,0
2024-10-15T13:12:00Z,0.97456706
2024-10-15T13:48:00Z,0
2024-10-15T15:00:00Z,0.8469205
2024-10-15T15:36:00Z,0
2024-10-15T18:00:00Z,0.6502531
2024-10-15T18:36:00Z,0.06473105
2024-10-15T19:12:00Z,0.12970129
2024-10-15T19:48:00Z,0.79668784
2024-10-15T20:24:00Z,0
2024-10-15T21:00:00Z,0.31678212
2024-10-15T21:36:00Z,0.15889868
2024-10-15T22:12:00Z,0.4495922
2024-10-15T22:48:00Z,0.3230215
2024-10-15T23:24:00Z,0.9738292
2024-10-16T00:00:00Z,0
2024-10-16T00:36:00Z,0.8976571
2024-10-16T01:12:00Z,0
2024-10-16T01:48:00Z,0.71008056
2024-10-16T03:00:00Z,0.05748496
2024-10-16T04:12:00Z,0.9177327
2024-10-16T04:48:00Z,0
2024-10-16T06:36:00Z,0.709521
2024-10-16T07:12:00Z,0.4830264
2024-10-16T07:48:00Z,0.77935094
2024-10-16T08:24:00Z,0
2024-10-16T09:00:00Z,0.05444427
2024-10-16T10:12:00Z,0.88671595
2024-10-16T10:48:00Z,0
2024-10-16T11:24:00Z,0.95763505
2024-10-16T12:00:00Z,0
2024-10-16T12:36:00Z,0.8451899
2024-10-16T13:12:00Z,0
2024-10-16T13:48:00Z,0.9092033
2024-10-16T14:24:00Z,0
2024-10-16T16:12:00Z,0.8261544
2024-10-16T16:48:00Z,0
2024-10-16T17:24:00Z,0.8344505
2024-10-16T18:00:00Z,0
2024-10-16T18:36:00Z,0.41809946
2024-10-16T19:12:00Z,0.256219
2024-10-16T19:48:00Z,0.78473854
2024-10-16T20:24:00Z,0
2024-10-16T21:36:00Z,0.6577938
2024-10-16T22:48:00Z,0.14557303
2024-10-17T00:00:00Z,0.78518313
2024-10-17T00:36:00Z,0
2024-10-17T01:12:00Z,0.7329281
2024-10-17T01:48:00Z,0.36031273
2024-10-17T02:24:00Z,0.69213665
2024-10-17T03:00:00Z,0.021195753
2024-10-17T06:00:00Z,0.64626646
2024-10-17T06:36:00Z,0.010101006
2024-10-17T07:12:00Z,0.6503936
2024-10-17T07:48:00Z,0.1533159
2024-10-17T08:24:00Z,0.13739951
2024-10-17T09:00:00Z,0.7023285
2024-10-17T10:12:00Z,0.5313108
2024-10-17T10:48:00Z,0.115567155
2024-10-17T12:00:00Z,0.17206621
2024-10-17T12:36:00Z,0.9514979
2024-10-17T13:12:00Z,0
2024-10-17T14:24:00Z,0.97877127
2024-10-17T15:00:00Z,0
2024-10-17T15:36:00Z,0.49686706
2024-10-17T16:12:00Z,0.13937876
2024-10-17T17:24:00Z,0.9157405
2024-10-17T18:00:00Z,0
2024-10-17T19:12:00Z,0.7412791
2024-10-17T19:48:00Z,0.7500982
2024-10-17T20:24:00Z,0
2024-10-17T21:36:00Z,0.76518565
2024-10-17T22:12:00Z,0
2024-10-17T22:48:00Z,0.4497881
2024-10-18T01:12:00Z,0.61043364
2024-10-18T01:48:00Z,0.412595
2024-10-18T02:24:00Z,0.62220514
2024-10-18T04:12:00Z,0.19526958
2024-10-18T05:24:00Z,0.8022345
2024-10-18T06:00:00Z,0
2024-10-18T06:36:00Z,0.7266852
2024-10-18T08:24:00Z,0.21576677
2024-10-18T10:12:00Z,0.5725637
2024-10-18T10:48:00Z,0.43720487
2024-10-18T11:24:00Z,0.914762
2024-10-18T12:00:00Z,0
2024-10-18T12:36:00Z,0.6985453
2024-10-18T13:12:00Z,0.06943257
2024-10-18T13:48:00Z,0.12691996
2024-10-18T14:24:00Z,0.68669504
2024-10-18T15:00:00Z,0.056328446
2024-10-18T16:12:00Z,0.20810038
2024-10-18T16:48:00Z,0.6800981
2024-10-18T17:24:00Z,0.007747335
2024-10-18T18:36:00Z,0.66774553
2024-10-18T19:48:00Z,0.038710225
2024-10-18T21:00:00Z,0.9761351
2024-10-18T21:36:00Z,0
2024-10-18T23:24:00Z,0.72647727
2024-10-19T00:00:00Z,0.43946528
2024-10-19T00:36:00Z,0.96974593
2024-10-19T01:12:00Z,0
2024-10-19T01:48:00Z,0.71014917
2024-10-19T02:24:00Z,0.94603187
2024-10-19T03:00:00Z,0
2024-10-19T04:48:00Z,0.6715117
2024-10-19T06:00:00Z,0.25702482
2024-10-19T08:24:00Z,0.70822597
2024-10-19T09:00:00Z,0.37449145
2024-10-19T09:36:00Z,0.91212577
2024-10-19T10:12:00Z,0
2024-10-19T10:48:00Z,0.85368884
2024-10-19T11:24:00Z,0
2024-10-19T12:00:00Z,0.5681542
2024-10-19T12:36:00Z,0.22353019
2024-10-19T13:12:00Z,0.5394082
2024-10-19T14:24:00Z,0.15136112
2024-10-19T15:00:00Z,0.7090905
2024-10-19T15:36:00Z,0.7623034
2024-10-19T16:12:00Z,0
2024-10-19T16:48:00Z,0.6095183
2024-10-19T18:00:00Z,0.70731115
2024-10-19T19:12:00Z,0.17988962
2024-10-19T19:48:00Z,0.613341
2024-10-19T20:24:00Z,0.17987034
2024-10-19T21:00:00Z,0.21301134
2024-10-19T21:36:00Z,0.7299093
2024-10-19T22:48:00Z,0.85344356
2024-10-19T23:24:00Z,0
2024-10-20T00:36:00Z,0.46745893
2024-10-20T01:12:00Z,0.20461284
2024-10-20T01:48:00Z,0.7525134
2024-10-20T02:24:00Z,0
2024-10-20T03:00:00Z,0.01565519
2024-10-20T03:36:00Z,0.7587837
2024-10-20T04:12:00Z,0
2024-10-20T04:48:00Z,0.015183283
2024-10-20T05:24:00Z,0.75663084
2024-10-20T06:00:00Z,0
2024-10-20T06:36:00Z,0.03584984
2024-10-20T07:12:00Z,0.97367394
2024-10-20T07:48:00Z,0
2024-10-20T09:36:00Z,0.5803269
2024-10-20T10:12:00Z,0.29325408
2024-10-20T10:48:00Z,0.5457193
2024-10-20T11:24:00Z,0.18502139
2024-10-20T12:00:00Z,0.8691139
2024-10-20T12:36:00Z,0
2024-10-20T13:12:00Z,0.75260484
2024-10-20T13:48:00Z,0
2024-10-20T14:24:00Z,0.86190194
2024-10-20T15:00:00Z,0
2024-10-20T15:36:00Z,0.7303748
2024-10-20T16:12:00Z,0.10063086
2024-10-20T18:00:00Z,0.68635666
2024-10-20T18:36:00Z,0.021415073
2024-10-20T19:12:00Z,0.94744444
2024-10-20T19:48:00Z,0
2024-10-20T20:24:00Z,0.9500804
2024-10-20T21:00:00Z,0
2024-10-20T21:36:00Z,0.8156408
2024-10-20T22:12:00Z,0
2024-10-21T00:00:00Z,0.7886295
2024-10-21T00:36:00Z,0
2024-10-21T01:48:00Z,0.6341703
2024-10-21T02:24:00Z,0.31075642
2024-10-21T03:00:00Z,0.86800736
2024-10-21T03:36:00Z,0
2024-10-21T04:12:00Z,0.2783274
2024-10-21T04:48:00Z,0.10398197
2024-10-21T05:24:00Z,0.669189
2024-10-21T06:36:00Z,0.07027422
2024-10-21T07:12:00Z,0.9522589
2024-10-21T07:48:00Z,0
2024-10-21T08:24:00Z,0.8180422
2024-10-21T09:00:00Z,0
2024-10-21T12:36:00Z,0.927249
2024-10-21T13:12:00Z,0
2024-10-21T13:48:00Z,0.51448816
2024-10-21T15:00:00Z,0.61914194
2024-10-21T18:36:00Z,0.06474002
2024-10-21T19:12:00Z,0.5122189
2024-10-21T21:00:00Z,0.38286203
2024-10-21T21:36:00Z,0.8958503
2024-10-21T22:12:00Z,0
2024-10-21T23:24:00Z,0.6603744
2024-10-22T00:36:00Z,0.9015228
2024-10-22T01:12:00Z,0
2024-10-22T01:48:00Z,0.66020024
2024-10-22T02:24:00Z,0.90963274
2024-10-22T03:00:00Z,0
2024-10-22T03:36:00Z,0.7114976
2024-10-22T04:12:00Z,0.7652768
2024-10-22T04:48:00Z,0
2024-10-22T06:36:00Z,0.25876084
2024-10-22T07:12:00Z,0.8404512
2024-10-22T07:48:00Z,0
2024-10-22T08:24:00Z,0.5490232
2024-10-22T09:36:00Z,0.73502994
2024-10-22T10:12:00Z,0.34177527
2024-10-22T12:00:00Z,0.7459183
2024-10-22T12:36:00Z,0.14498839
2024-10-22T13:48:00Z,0.670576
2024-10-22T15:00:00Z,0.57295513
2024-10-22T15:36:00Z,0.69042414
2024-10-22T16:12:00Z,0.25208658
2024-10-22T16:48:00Z,0.91706485
2024-10-22T17:24:00Z,0
2024-10-22T18:00:00Z,0.95023966
2024-10-22T18:36:00Z,0
2024-10-22T19:48:00Z,0.34371096
2024-10-22T20:24:00Z,0.8203408
2024-10-22T21:00:00Z,0
2024-10-22T22:12:00Z,0.021353636
2024-10-22T22:48:00Z,0.6665202
2024-10-23T00:00:00Z,0.48564827
2024-10-23T00:36:00Z,0.7076185
2024-10-23T01:12:00Z,0.4641401
2024-10-23T01:48:00Z,0.84891456
2024-10-23T02:24:00Z,0
2024-10-23T03:00:00Z,0.7492113
2024-10-23T03:36:00Z,0.32482868
2024-10-23T04:12:00Z,0.79597324
2024-10-23T04:48:00Z,0
2024-10-23T06:00:00Z,0.8390656
2024-10-23T06:36:00Z,0
2024-10-23T07:48:00Z,0.19238676
2024-10-23T08:24:00Z,0.04376048
2024-10-23T09:36:00Z,0.76125795
2024-10-23T10:12:00Z,0
2024-10-23T10:48:00Z,0.4739725
2024-10-23T11:24:00Z,0.121438615
2024-10-23T12:00:00Z,0.88250303
2024-10-23T12:36:00Z,0
2024-10-23T14:24:00Z,0.8342679
2024-10-23T15:00:00Z,0
2024-10-23T15:36:00Z,0.52593684
2024-10-23T18:00:00Z,0.560277
2024-10-23T18:36:00Z,0.27806628
2024-10-23T19:48:00Z,0.78348
2024-10-23T20:24:00Z,0
2024-10-23T21:36:00Z,0.663858
2024-10-23T23:24:00Z,0.33820117
2024-10-24T00:00:00Z,0.96324754
2024-10-24T00:36:00Z,0
2024-10-24T01:12:00Z,0.9134702
2024-10-24T01:48:00Z,0
2024-10-24T03:00:00Z,0.004797679
2024-10-24T03:36:00Z,0.30863667
2024-10-24T04:12:00Z,0.14770022
2024-10-24T05:24:00Z,0.9520003
2024-10-24T06:00:00Z,0
2024-10-24T08:24:00Z,0.9341811
2024-10-24T09:00:00Z,0
2024-10-24T10:12:00Z,0.88563204
2024-10-24T10:48:00Z,0
2024-10-24T12:36:00Z,0.86193234
2024-10-24T13:12:00Z,0
2024-10-24T14:24:00Z,0.90466654
2024-10-24T15:00:00Z,0
2024-10-24T16:12:00Z,0.2212309
2024-10-24T16:48:00Z,0.7431983
2024-10-24T17:24:00Z,0.37790614
2024-10-24T18:00:00Z,0.9341439
2024-10-24T18:36:00Z,0
2024-10-24T19:12:00Z,0.24509224
2024-10-24T19:48:00Z,0.98430896
2024-10-24T20:24:00Z,0
2024-10-24T21:36:00Z,0.75912327
2024-10-24T22:12:00Z,0
2024-10-25T00:00:00Z,0.8410379
2024-10-25T00:36:00Z,0
2024-10-25T01:12:00Z,0.3651469
2024-10-25T02:24:00Z,0.64095014
2024-10-25T03:00:00Z,0.0725122
2024-10-25T03:36:00Z,0.7843901
2024-10-25T04:12:00Z,0
2024-10-25T04:48:00Z,0.4871087
2024-10-25T05:24:00Z,0.0778964
2024-10-25T06:00:00Z,0.8813103
2024-10-25T06:36:00Z,0
2024-10-25T07:12:00Z,0.07944328
2024-10-25T07:48:00Z,0.74590594
2024-10-25T09:00:00Z,0.15034531
2024-10-25T09:36:00Z,0.2925881
2024-10-25T10:12:00Z,0.8419391
2024-10-25T10:48:00Z,0
2024-10-25T11:24:00Z,0.34574807
2024-10-25T12:00:00Z,0.044486586
2024-10-25T13:12:00Z,0.06344807
2024-10-25T13:48:00Z,0.47237444
2024-10-25T14:24:00Z,0.25657684
2024-10-25T15:00:00Z,0.896816
2024-10-25T15:36:00Z,0
2024-10-25T16:12:00Z,0.7066641
2024-10-25T16:48:00Z,0.3651216
2024-10-25T17:24:00Z,0.6126623
2024-10-25T18:00:00Z,0.13534242
2024-10-25T19:12:00Z,0.8227811
2024-10-25T19:48:00Z,0
2024-10-25T20:24:00Z,0.78537786
2024-10-25T21:00:00Z,0
2024-10-25T22:12:00Z,0.70528483
2024-10-25T22:48:00Z,0.5460499
2024-10-25T23:24:00Z,0.9271851
2024-10-26T00:00:00Z,0
2024-10-26T00:36:00Z,0.60693914
2024-10-26T01:12:00Z,0.8131198
2024-10-26T01:48:00Z,0
2024-10-26T03:36:00Z,0.82522327
2024-10-26T04:12:00Z,0
2024-10-26T04:48:00Z,0.59285295
2024-10-26T05:24:00Z,0.092204794
2024-10-26T06:00:00Z,0.9398224
2024-10-26T06:36:00Z,0
2024-10-26T07:12:00Z,0.6956752
2024-10-26T07:48:00Z,0.13891901
2024-10-26T08:24:00Z,0.9442219
2024-10-26T09:00:00Z,0
2024-10-26T09:36:00Z,0.96212035
2024-10-26T10:12:00Z,0
2024-10-26T10:48:00Z,0.11046895
2024-10-26T11:24:00Z,0.6643276
2024-10-26T12:36:00Z,0.040621113
2024-10-26T13:48:00Z,0.69086623
2024-10-26T14:24:00Z,0.12466245
2024-10-26T15:00:00Z,0.6020002
2024-10-26T15:36:00Z,0.47254092
2024-10-26T16:12:00Z,0.8814409
2024-10-26T16:48:00Z,0
2024-10-26T18:00:00Z,0.7305763
2024-10-26T18:36:00Z,0.4669493
2024-10-26T19:48:00Z,0.78318924
2024-10-26T20:24:00Z,0
2024-10-26T21:00:00Z,0.6401188
2024-10-26T22:12:00Z,0.87595004
2024-10-26T22:48:00Z,0
2024-10-26T23:24:00Z,0.5606501
2024-10-27T00:00:00Z,0.10115287
2024-10-27T01:48:00Z,0.37707067
2024-10-27T02:24:00Z,0.16053522
2024-10-27T03:00:00Z,0.89667106
2024-10-27T03:36:00Z,0
2024-10-27T04:12:00Z,0.8287174
2024-10-27T04:48:00Z,0
2024-10-27T05:24:00Z,0.68535453
2024-10-27T06:00:00Z,0.40312567
2024-10-27T06:36:00Z,0.5848805
2024-10-27T07:12:00Z,0.12385922
2024-10-27T10:12:00Z,0.68098646
2024-10-27T10:48:00Z,0.35579985
2024-10-27T11:24:00Z,0.695025
2024-10-27T12:00:00Z,0.11507675
2024-10-27T12:36:00Z,0.8752632
2024-10-27T13:12:00Z,0
2024-10-27T13:48:00Z,0.31300604
2024-10-27T14:24:00Z,0.051107135
2024-10-27T15:00:00Z,0.482728
2024-10-27T16:12:00Z,0.50621855
2024-10-27T16:48:00Z,0.020813685
2024-10-27T17:24:00Z,0.4219082
2024-10-27T18:00:00Z,0.05984773
2024-10-27T18:36:00Z,0.8959911
2024-10-27T19:12:00Z,0
2024-10-27T19:48:00Z,0.12640809
2024-10-27T20:24:00Z,0.97003096
2024-10-27T21:00:00Z,0
2024-10-27T21:36:00Z,0.5447721
2024-10-27T22:48:00Z,0.237998
2024-10-27T23:24:00Z,0.90259033
2024-10-28T00:00:00Z,0
2024-10-28T00:36:00Z,0.12617533
2024-10-28T01:12:00Z,0.6589535
2024-10-28T01:48:00Z,0.0697556
2024-10-28T02:24:00Z,0.3775362
2024-10-28T03:00:00Z,0.07328101
2024-10-28T04:48:00Z,0.6138958
2024-10-28T05:24:00Z,0.13066766
2024-10-28T06:00:00Z,0.613093
2024-10-28T07:12:00Z,0.2593861
2024-10-28T07:48:00Z,0.5187796
2024-10-28T08:24:00Z,0.022385214
2024-10-28T09:36:00Z,0.7377637
2024-10-28T10:48:00Z,0.12415841
2024-10-28T11:24:00Z,0.80457383
2024-10-28T12:00:00Z,0
2024-10-28T12:36:00Z,0.6217927
2024-10-28T13:12:00Z,0.25783494
2024-10-28T13:48:00Z,0.7203344
2024-10-28T14:24:00Z,0.709507
2024-10-28T15:00:00Z,0.07581528
2024-10-28T16:48:00Z,0.78936344
2024-10-28T17:24:00Z,0
2024-10-28T19:12:00Z,0.98388565
2024-10-28T19:48:00Z,0
2024-10-28T20:24:00Z,0.47833827
2024-10-28T21:36:00Z,0.041795738
2024-10-28T22:12:00Z,0.87647253
2024-10-28T22:48:00Z,0
2024-10-28T23:24:00Z,0.743945
2024-10-29T00:00:00Z,0.7614276
2024-10-29T00:36:00Z,0
2024-10-29T01:12:00Z,0.037462518
2024-10-29T01:48:00Z,0.49194512
2024-10-29T04:12:00Z,0.9494465
2024-10-29T04:48:00Z,0
2024-10-29T05:24:00Z,0.0037622354
2024-10-29T06:00:00Z,0.65253556
2024-10-29T07:12:00Z,0.5158181
2024-10-29T07:48:00Z,0.034005906
2024-10-29T08:24:00Z,0.27550048
2024-10-29T09:00:00Z,0.11103646
2024-10-29T09:36:00Z,0.54404694
2024-10-29T10:48:00Z,0.082362674
2024-10-29T11:24:00Z,0.7453201
2024-10-29T12:00:00Z,0.36827406
2024-10-29T12:36:00Z,0.965562
2024-10-29T13:12:00Z,0
2024-10-29T13:48:00Z,0.51761687
2024-10-29T15:36:00Z,0.15847342
2024-10-29T16:12:00Z,0.36768028
2024-10-29T17:24:00Z,0.0725865
2024-10-29T18:36:00Z,0.7661172
2024-10-29T19:12:00Z,0
2024-10-29T19:48:00Z,0.8362422
2024-10-29T20:24:00Z,0
2024-10-29T21:00:00Z,0.48592713
2024-10-29T22:12:00Z,0.10993211
2024-10-29T23:24:00Z,0.18810415
2024-10-30T00:00:00Z,0.8241318
2024-10-30T00:36:00Z,0
2024-10-30T01:48:00Z,0.6451486
2024-10-30T03:36:00Z,0.10354134
2024-10-30T04:48:00Z,0.72826153
2024-10-30T05:24:00Z,0.71131474
2024-10-30T06:00:00Z,0.26499662
2024-10-30T07:12:00Z,0.7007394
2024-10-30T07:48:00Z,0.1622656
2024-10-30T08:24:00Z,0.49795666
2024-10-30T09:36:00Z,0.055310085
2024-10-30T10:12:00Z,0.6156653
2024-10-30T12:36:00Z,0.2207245
2024-10-30T13:48:00Z,0.9735793
2024-10-30T14:24:00Z,0
2024-10-30T15:36:00Z,0.774815
2024-10-30T16:12:00Z,0
2024-10-30T16:48:00Z,0.6364669
2024-10-30T17:24:00Z,0.06966226
2024-10-30T18:00:00Z,0.039683763
2024-10-30T19:12:00Z,0.68106115
2024-10-30T21:00:00Z,0.21612562
2024-10-30T22:12:00Z,0.17383893
2024-10-30T22:48:00Z,0.6011962
2024-10-30T23:24:00Z,0.17507385
2024-10-31T00:00:00Z,0.43236914
2024-10-31T00:36:00Z,0.14192739
2024-10-31T01:12:00Z,0.8353147
2024-10-31T01:48:00Z,0
2024-10-31T02:24:00Z,0.5293954
2024-10-31T03:00:00Z,0.3604405
2024-10-31T03:36:00Z,0.759558
2024-10-31T04:12:00Z,0
2024-10-31T04:48:00Z,0.6573141
2024-10-31T05:24:00Z,0.8449476
2024-10-31T06:00:00Z,0
2024-10-31T06:36:00Z,0.15297152
2024-10-31T07:12:00Z,0.7790965
2024-10-31T07:48:00Z,0
2024-10-31T09:00:00Z,0.58524686
2024-10-31T09:36:00Z,0.088566646
2024-10-31T10:48:00Z,0.7184007
2024-10-31T11:24:00Z,0.033879083
2024-10-31T12:00:00Z,0.30704516
2024-10-31T12:36:00Z,0.1279127
2024-10-31T13:12:00Z,0.775285
2024-10-31T13:48:00Z,0
2024-10-31T14:24:00Z,0.8802362
2024-10-31T15:00:00Z,0
2024-10-31T15:36:00Z,0.18329617
2024-10-31T16:12:00Z,0.9072237
2024-10-31T16:48:00Z,0
2024-10-31T17:24:00Z,0.92918473
2024-10-31T18:00:00Z,0
2024-10-31T19:12:00Z,0.9191818
2024-10-31T19:48:00Z,0
2024-10-31T20:24:00Z,0.95261467
2024-10-31T21:00:00Z,0
2024-10-31T21:36:00Z,0.86787117
2024-10-31T22:12:00Z,0
2024-10-31T22:48:00Z,0.6308788
2024-10-31T23:24:00Z,0.08527229
2024-11-01T01:12:00Z,0.8014356
2024-11-01T01:48:00Z,0
2024-11-01T02:24:00Z,0.94062984
2024-11-01T03:00:00Z,0
2024-11-01T03:36:00Z,0.8288538
2024-11-01T04:12:00Z,0
2024-11-01T04:48:00Z,0.6298938
2024-11-01T06:36:00Z,0.16291979
2024-11-01T07:12:00Z,0.11718835
2024-11-01T08:24:00Z,0.88128227
2024-11-01T09:00:00Z,0
2024-11-01T10:48:00Z,0.84557104
2024-11-01T11:24:00Z,0
2024-11-01T12:00:00Z,0.8068887
2024-11-01T12:36:00Z,0
2024-11-01T13:12:00Z,0.8767784
2024-11-01T13:48:00Z,0
2024-11-01T14:24:00Z,0.08783693
2024-11-01T15:00:00Z,0.7432596
2024-11-01T15:36:00Z,0.4832465
2024-11-01T16:12:00Z,0.95285565
2024-11-01T16:48:00Z,0
2024-11-01T17:24:00Z,0.9258904
2024-11-01T18:00:00Z,0
2024-11-01T19:48:00Z,0.68424726
2024-11-01T21:00:00Z,0.56692207
2024-11-01T21:36:00Z,0.8357526
2024-11-01T22:12:00Z,0
2024-11-02T00:00:00Z,0.5554381
2024-11-02T00:36:00Z,0.10365352
2024-11-02T03:00:00Z,0.4184187
2024-11-02T04:12:00Z,0.7704593
2024-11-02T04:48:00Z,0
2024-11-02T06:00:00Z,0.21783686
2024-11-02T06:36:00Z,0.0032672104
2024-11-02T07:48:00Z,0.95336807
2024-11-02T08:24:00Z,0
2024-11-02T09:00:00Z,0.7559494
2024-11-02T09:36:00Z,0
2024-11-02T10:48:00Z,0.43083358
2024-11-02T12:00:00Z,0.1185121
2024-11-02T12:36:00Z,0.17509396
2024-11-02T13:12:00Z,0.9663888
2024-11-02T13:48:00Z,0
2024-11-02T14:24:00Z,0.5178431
2024-11-02T15:00:00Z,0.620316
2024-11-02T15:36:00Z,0.30157664
2024-11-02T16:12:00Z,0.80227077
2024-11-02T16:48:00Z,0
2024-11-02T17:24:00Z,0.65489584
2024-11-02T19:12:00Z,0.6425171
2024-11-02T19:48:00Z,0.7529688
2024-11-02T20:24:00Z,0
2024-11-02T21:00:00Z,0.74012804
2024-11-02T21:36:00Z,0.88741887
2024-11-02T22:12:00Z,0
2024-11-03T00:36:00Z,0.43187216
2024-11-03T01:12:00Z,0.96422535
2024-11-03T01:48:00Z,0
2024-11-03T02:24:00Z,0.83114976
2024-11-03T03:00:00Z,0
2024-11-03T03:36:00Z,0.5409716
2024-11-03T04:12:00Z,0.32654333
2024-11-03T05:24:00Z,0.9389479
2024-11-03T06:00:00Z,0
2024-11-03T06:36:00Z,0.53152287
2024-11-03T07:12:00Z,0.16571635
2024-11-03T07:48:00Z,0.75430644
2024-11-03T08:24:00Z,0
2024-11-03T09:00:00Z,0.7823672
2024-11-03T09:36:00Z,0
2024-11-03T10:48:00Z,0.9351221
2024-11-03T11:24:00Z,0
2024-11-03T12:00:00Z,0.41899243
2024-11-03T12:36:00Z,0.43329936
2024-11-03T13:12:00Z,0.95161444
2024-11-03T13:48:00Z,0
2024-11-03T18:36:00Z,0.92554593
2024-11-03T19:12:00Z,0
2024-11-03T19:48:00Z,0.9835009
2024-11-03T20:24:00Z,0
2024-11-03T21:36:00Z,0.88821065
2024-11-03T22:12:00Z,0
2024-11-03T22:48:00Z,0.7416307
2024-11-03T23:24:00Z,0.38824216
2024-11-04T00:00:00Z,0.48021573
2024-11-04T01:12:00Z,0.16703582
2024-11-04T01:48:00Z,0.5425753
2024-11-04T03:00:00Z,0.39387232
2024-11-04T03:36:00Z,0.6085299
2024-11-04T04:48:00Z,0.27618852
2024-11-04T06:00:00Z,0.8216899
2024-11-04T06:36:00Z,0
2024-11-04T08:24:00Z,0.43944812
2024-11-04T09:00:00Z,0.3099264
2024-11-04T09:36:00Z,0.65052646
2024-11-04T10:12:00Z,0.102230534
2024-11-04T10:48:00Z,0.55926704
2024-11-04T12:36:00Z,0.043724764
2024-11-04T13:48:00Z,0.62324166
2024-11-04T14:24:00Z,0.3037433
2024-11-04T15:00:00Z,0.5316736
2024-11-04T15:36:00Z,0.074466854
2024-11-04T16:12:00Z,0.81262535
2024-11-04T16:48:00Z,0
2024-11-04T17:24:00Z,0.33977744
2024-11-04T19:12:00Z,0.22376628
2024-11-04T19:48:00Z,0.48717397
2024-11-04T20:24:00Z,0.6970684
2024-11-04T21:00:00Z,0.3709353
2024-11-04T22:12:00Z,0.79216594
2024-11-04T22:48:00Z,0
2024-11-05T00:36:00Z,0.835069
2024-11-05T01:12:00Z,0
2024-11-05T01:48:00Z,0.8757418
2024-11-05T02:24:00Z,0
2024-11-05T04:48:00Z,0.8207888
2024-11-05T05:24:00Z,0
2024-11-05T06:00:00Z,0.72711486
2024-11-05T06:36:00Z,0.0092715
2024-11-05T07:12:00Z,0.037351046
2024-11-05T07:48:00Z,0.61564106
2024-11-05T08:24:00Z,0.3598084
2024-11-05T09:00:00Z,0.95414245
2024-11-05T09:36:00Z,0
2024-11-05T10:12:00Z,0.7009711
2024-11-05T11:24:00Z,0.022103496
2024-11-05T13:12:00Z,0.24599499
2024-11-05T13:48:00Z,0.674159
2024-11-05T15:00:00Z,0.1424287
2024-11-05T16:12:00Z,0.7808341
2024-11-05T16:48:00Z,0
2024-11-05T17:24:00Z,0.6740982
2024-11-05T18:00:00Z,0.8320249
2024-11-05T18:36:00Z,0
2024-11-05T19:12:00Z,0.30024853
2024-11-05T19:48:00Z,0.0065014116
2024-11-05T21:36:00Z,0.59521973
2024-11-05T22:48:00Z,0.59845316
2024-11-05T23:24:00Z,0.18180475
2024-11-06T00:00:00Z,0.45702273
2024-11-06T00:36:00Z,0.15192305
2024-11-06T01:12:00Z,0.77097774
2024-11-06T01:48:00Z,0
2024-11-06T03:00:00Z,0.8380254
2024-11-06T03:36:00Z,0
2024-11-06T04:48:00Z,0.72293705
2024-11-06T05:24:00Z,0.6546732
2024-11-06T06:00:00Z,0.12211762
2024-11-06T07:12:00Z,0.721855
2024-11-06T07:48:00Z,0.05152072
2024-11-06T08:24:00Z,0.7082045
2024-11-06T09:00:00Z,0.34327736
2024-11-06T09:36:00Z,0.8280828
2024-11-06T10:12:00Z,0
2024-11-06T12:36:00Z,0.8669068
2024-11-06T13:12:00Z,0
2024-11-06T13:48:00Z,0.9749632
2024-11-06T14:24:00Z,0
2024-11-06T15:00:00Z,0.88269067
2024-11-06T15:36:00Z,0
2024-11-06T16:12:00Z,0.8418099
2024-11-06T16:48:00Z,0
2024-11-06T17:24:00Z,0.4182112
2024-11-06T18:00:00Z,0.10244421
2024-11-06T18:36:00Z,0.65367687
2024-11-06T19:48:00Z,0.05441871
2024-11-06T20:24:00Z,0.91790617
2024-11-06T21:00:00Z,0
2024-11-06T22:12:00Z,0.13002387
2024-11-06T22:48:00Z,0.07517084
2024-11-07T00:00:00Z,0.78221077
2024-11-07T00:36:00Z,0
2024-11-07T01:12:00Z,0.75303036
2024-11-07T01:48:00Z,0
2024-11-07T02:24:00Z,0.62940806
2024-11-07T03:36:00Z,0.44201583
2024-11-07T04:12:00Z,0.98006696
2024-11-07T04:48:00Z,0
2024-11-07T05:24:00Z,0.38120788
2024-11-07T06:00:00Z,0.2212306
2024-11-07T06:36:00Z,0.95015436
2024-11-07T07:12:00Z,0
2024-11-07T07:48:00Z,0.33927432
2024-11-07T09:00:00Z,0.29451868
2024-11-07T10:12:00Z,0.67358494
2024-11-07T12:00:00Z,0.52462476
2024-11-07T12:36:00Z,0.10047991
2024-11-07T13:48:00Z,0.13108626
2024-11-07T15:00:00Z,0.9292094
2024-11-07T15:36:00Z,0
2024-11-07T16:12:00Z,0.9208804
2024-11-07T16:48:00Z,0
2024-11-07T17:24:00Z,0.91627604
2024-11-07T18:00:00Z,0
2024-11-07T18:36:00Z,0.94513464
2024-11-07T19:12:00Z,0
2024-11-07T20:24:00Z,0.767797
2024-11-07T21:00:00Z,0
2024-11-07T21:36:00Z,0.4999742
2024-11-07T22:12:00Z,0.24519652
2024-11-07T23:24:00Z,0.3736383
2024-11-08T00:00:00Z,0.893976
2024-11-08T00:36:00Z,0
2024-11-08T01:12:00Z,0.89385056
2024-11-08T01:48:00Z,0
2024-11-08T02:24:00Z,0.7573089
2024-11-08T03:00:00Z,0
2024-11-08T03:36:00Z,0.14442486
2024-11-08T04:12:00Z,0.6999465
2024-11-08T04:48:00Z,0.11142559
2024-11-08T05:24:00Z,0.55701345
2024-11-08T06:00:00Z,0.18830113
2024-11-08T06:36:00Z,0.36039558
2024-11-08T07:12:00Z,0.11252471
2024-11-08T07:48:00Z,0.7735024
2024-11-08T08:24:00Z,0
2024-11-08T09:00:00Z,0.9322234
2024-11-08T09:36:00Z,0
2024-11-08T10:12:00Z,0.85797226
2024-11-08T10:48:00Z,0
2024-11-08T13:12:00Z,0.41907024
2024-11-08T14:24:00Z,0.3453948
2024-11-08T15:00:00Z,0.8562311
2024-11-08T15:36:00Z,0
2024-11-08T16:12:00Z,0.49387005
2024-11-08T16:48:00Z,0.07240857
2024-11-08T17:24:00Z,0.83416045
2024-11-08T18:00:00Z,0
2024-11-08T19:12:00Z,0.24304569
2024-11-08T19:48:00Z,0.73033327
2024-11-08T20:24:00Z,0.28984278
2024-11-08T21:36:00Z,0.56952155
2024-11-08T22:12:00Z,0.29912603
2024-11-08T22:48:00Z,0.5687485
2024-11-08T23:24:00Z,0.23657659
2024-11-09T00:00:00Z,0.66131514
2024-11-09T01:48:00Z,0.3885928
2024-11-09T02:24:00Z,0.8375614
2024-11-09T03:00:00Z,0
2024-11-09T04:12:00Z,0.5607966
2024-11-09T04:48:00Z,0.3646054
2024-11-09T05:24:00Z,0.71185976
2024-11-09T06:00:00Z,0.17159146
2024-11-09T06:36:00Z,0.13108324
2024-11-09T07:12:00Z,0.5836057
2024-11-09T07:48:00Z,0.25963366
2024-11-09T09:00:00Z,0.61156905
2024-11-09T09:36:00Z,0.1030329
2024-11-09T10:12:00Z,0.68517584
2024-11-09T10:48:00Z,0.41985944
2024-11-09T11:24:00Z,0.93027496
2024-11-09T12:00:00Z,0
2024-11-09T12:36:00Z,0.67577994
2024-11-09T13:12:00Z,0.29670972
2024-11-09T13:48:00Z,0.86473125
2024-11-09T14:24:00Z,0
2024-11-09T15:00:00Z,0.97391593
2024-11-09T15:36:00Z,0
2024-11-09T16:12:00Z,0.72195977
2024-11-09T17:24:00Z,0.5306732
2024-11-09T18:00:00Z,0.95603
2024-11-09T18:36:00Z,0
2024-11-09T19:12:00Z,0.8892771
2024-11-09T19:48:00Z,0
2024-11-09T21:36:00Z,0.500212
2024-11-09T22:12:00Z,0.21401413
2024-11-09T23:24:00Z,0.91016436
2024-11-10T00:00:00Z,0
2024-11-10T01:12:00Z,0.8344241
2024-11-10T01:48:00Z,0
2024-11-10T02:24:00Z,0.051883645
2024-11-10T03:00:00Z,0.7166686
2024-11-10T03:36:00Z,0.20067975
2024-11-10T04:12:00Z,0.08663135
2024-11-10T04:48:00Z,0.7586853
2024-11-10T05:24:00Z,0
2024-11-10T06:00:00Z,0.76947683
2024-11-10T06:36:00Z,0
2024-11-10T07:12:00Z,0.6376531
2024-11-10T08:24:00Z,0.02278205
2024-11-10T09:00:00Z,0.6284403
2024-11-10T10:12:00Z,0.08525559
2024-11-10T10:48:00Z,0.138265
2024-11-10T11:24:00Z,0.8891862
2024-11-10T12:00:00Z,0
2024-11-10T12:36:00Z,0.1114306
2024-11-10T13:12:00Z,0.72556204
2024-11-10T13:48:00Z,0.13829781
2024-11-10T14:24:00Z,0.24803683
2024-11-10T15:00:00Z,0.96981424
2024-11-10T15:36:00Z,0
2024-11-10T16:12:00Z,0.8829173
2024-11-10T16:48:00Z,0
2024-11-10T18:00:00Z,0.48138788
2024-11-10T18:36:00Z,0.14752482
2024-11-10T19:12:00Z,0.8117954
2024-11-10T19:48:00Z,0
2024-11-10T20:24:00Z,0.93720156
2024-11-10T21:00:00Z,0
2024-11-10T21:36:00Z,0.86939865
2024-11-10T22:12:00Z,0
2024-11-10T22:48:00Z,0.93648887
2024-11-10T23:24:00Z,0
2024-11-11T00:00:00Z,0.23879045
2024-11-11T00:36:00Z,0.9105846
2024-11-11T01:12:00Z,0
2024-11-11T01:48:00Z,0.9328715
2024-11-11T02:24:00Z,0
2024-11-11T03:00:00Z,0.25435185
2024-11-11T03:36:00Z,0.07571632
2024-11-11T04:48:00Z,0.4855805
2024-11-11T06:00:00Z,0.3599438
2024-11-11T06:36:00Z,0.7498795
2024-11-11T07:48:00Z,0.15654533
2024-11-11T08:24:00Z,0.72786224
2024-11-11T09:00:00Z,0.010499114
2024-11-11T11:24:00Z,0.5364042
2024-11-11T12:36:00Z,0.11494389
2024-11-11T13:12:00Z,0.70673794
2024-11-11T14:24:00Z,0.76135767
2024-11-11T15:00:00Z,0
2024-11-11T15:36:00Z,0.5772577
2024-11-11T16:12:00Z,0.01043619
2024-11-11T16:48:00Z,0.45628294
2024-11-11T17:24:00Z,0.3394051
2024-11-11T18:00:00Z,0.9223724
2024-11-11T18:36:00Z,0
2024-11-11T19:12:00Z,0.8068171
2024-11-11T19:48:00Z,0
2024-11-11T20:24:00Z,0.9977834
2024-11-11T21:00:00Z,0
2024-11-11T22:12:00Z,0.9257222
2024-11-11T22:48:00Z,0
2024-11-12T00:00:00Z,0.8564169
2024-11-12T00:36:00Z,0
2024-11-12T01:12:00Z,0.59697133
2024-11-12T03:00:00Z,0.7141017
2024-11-12T03:36:00Z,0.32118195
2024-11-12T06:00:00Z,0.76357424
2024-11-12T06:36:00Z,0
2024-11-12T07:12:00Z,0.93555593
2024-11-12T07:48:00Z,0
2024-11-12T08:24:00Z,0.823591
2024-11-12T09:00:00Z,0
2024-11-12T10:12:00Z,0.7411476
2024-11-12T10:48:00Z,0.48315144
2024-11-12T11:24:00Z,0.72941345
2024-11-12T12:36:00Z,0.6265405
2024-11-12T13:48:00Z,0.01424851
2024-11-12T15:00:00Z,0.61544836
2024-11-12T16:12:00Z,0.15196094
2024-11-12T16:48:00Z,0.8919963
2024-11-12T17:24:00Z,0
2024-11-12T19:48:00Z,0.84325325
2024-11-12T20:24:00Z,0
2024-11-12T21:00:00Z,0.56813055
2024-11-12T22:12:00Z,0.2666825
2024-11-12T22:48:00Z,0.88716644
2024-11-12T23:24:00Z,0
2024-11-13T00:00:00Z,0.46336544
2024-11-13T00:36:00Z,0.46034572
2024-11-13T01:12:00Z,0.9978815
2024-11-13T01:48:00Z,0
2024-11-13T03:00:00Z,0.9948765
2024-11-13T03:36:00Z,0
2024-11-13T04:48:00Z,0.28652582
2024-11-13T05:24:00Z,0.8028666
2024-11-13T06:00:00Z,0
2024-11-13T06:36:00Z,0.7905074
2024-11-13T07:12:00Z,0
2024-11-13T08:24:00Z,0.32626617
2024-11-13T09:00:00Z,0.8946589
2024-11-13T09:36:00Z,0
2024-11-13T10:12:00Z,0.7681532
2024-11-13T10:48:00Z,0
2024-11-13T11:24:00Z,0.9035031
2024-11-13T12:00:00Z,0
2024-11-13T12:36:00Z,0.087547325
2024-11-13T13:12:00Z,0.02341488
2024-11-13T13:48:00Z,0.8885763
2024-11-13T14:24:00Z,0
2024-11-13T15:00:00Z,0.28000155
2024-11-13T16:12:00Z,0.12156951
2024-11-13T16:48:00Z,0.4590522
2024-11-13T18:00:00Z,0.008223383
2024-11-13T18:36:00Z,0.59796053
2024-11-13T20:24:00Z,0.0037874724
2024-11-13T21:36:00Z,0.3827136
2024-11-13T22:12:00Z,0.19815966
2024-11-13T22:48:00Z,0.77069664
2024-11-13T23:24:00Z,0
2024-11-14T00:36:00Z,0.934486
2024-11-14T01:12:00Z,0
2024-11-14T01:48:00Z,0.9030849
2024-11-14T02:24:00Z,0
2024-11-14T03:00:00Z,0.5854558
2024-11-14T03:36:00Z,0.50487524
2024-11-14T04:12:00Z,0.8280731
2024-11-14T04:48:00Z,0
2024-11-14T05:24:00Z,0.90879464
2024-11-14T06:00:00Z,0
2024-11-14T06:36:00Z,0.22678657
2024-11-14T07:12:00Z,0.94028777
2024-11-14T07:48:00Z,0
2024-11-14T08:24:00Z,0.80265164
2024-11-14T09:00:00Z,0
2024-11-14T11:24:00Z,0.46812204
2024-11-14T12:36:00Z,0.38096923
2024-11-14T13:12:00Z,0.7514136
2024-11-14T13:48:00Z,0
2024-11-14T15:00:00Z,0.702589
2024-11-14T15:36:00Z,0.15555923
2024-11-14T16:48:00Z,0.1630783
2024-11-14T17:24:00Z,0.55974007
2024-11-14T18:00:00Z,0.23417602
2024-11-14T19:12:00Z,0.99419826
2024-11-14T19:48:00Z,0
2024-11-14T20:24:00Z,0.7761597
2024-11-14T21:00:00Z,0
2024-11-14T22:12:00Z,0.60189533
2024-11-15T00:00:00Z,0.21824321
2024-11-15T00:36:00Z,0.98289305
2024-11-15T01:12:00Z,0
2024-11-15T01:48:00Z,0.5034319
2024-11-15T04:48:00Z,0.042782858
2024-11-15T05:24:00Z,0.73937297
2024-11-15T07:12:00Z,0.07920449
2024-11-15T08:24:00Z,0.88477504
2024-11-15T09:00:00Z,0
2024-11-15T09:36:00Z,0.9330843
2024-11-15T10:12:00Z,0
2024-11-15T10:48:00Z,0.55931854
2024-11-15T11:24:00Z,0.17137602
2024-11-15T12:36:00Z,0.62598354
2024-11-15T13:12:00Z,0.43256506
2024-11-15T13:48:00Z,0.92420155
2024-11-15T14:24:00Z,0
2024-11-15T15:00:00Z,0.66097885
2024-11-15T16:12:00Z,0.2794536
2024-11-15T16:48:00Z,0.8925148
2024-11-15T17:24:00Z,0
2024-11-15T18:36:00Z,0.9655573
2024-11-15T19:12:00Z,0
2024-11-15T21:00:00Z,0.552575
2024-11-15T21:36:00Z,0.20865916
2024-11-15T22:12:00Z,0.8662267
2024-11-15T22:48:00Z,0
2024-11-16T00:00:00Z,0.89741176
2024-11-16T00:36:00Z,0
2024-11-16T01:12:00Z,0.123768345
2024-11-16T01:48:00Z,0.81927603
2024-11-16T02:24:00Z,0
2024-11-16T03:00:00Z,0.8775373
2024-11-16T03:36:00Z,0
2024-11-16T04:48:00Z,0.48584348
2024-11-16T06:00:00Z,0.21412882
2024-11-16T07:12:00Z,0.96321607
2024-11-16T07:48:00Z,0
2024-11-16T08:24:00Z,0.55113274
2024-11-16T09:00:00Z,0.5767544
2024-11-16T09:36:00Z,0.0838738
2024-11-16T10:12:00Z,0.9951648
2024-11-16T10:48:00Z,0
2024-11-16T11:24:00Z,0.6841311
2024-11-16T12:00:00Z,0.058863554
2024-11-16T13:12:00Z,0.028222157
2024-11-16T13:48:00Z,0.87103087
2024-11-16T14:24:00Z,0
2024-11-16T15:36:00Z,0.14128432
2024-11-16T16:12:00Z,0.9213447
2024-11-16T16:48:00Z,0
2024-11-16T17:24:00Z,0.7405053
2024-11-16T19:12:00Z,0.027761932
2024-11-16T21:00:00Z,0.19584915
2024-11-16T22:12:00Z,0.7070024
2024-11-16T22:48:00Z,0.13227995
2024-11-16T23:24:00Z,0.92319816
2024-11-17T00:00:00Z,0
2024-11-17T00:36:00Z,0.23910566
2024-11-17T01:12:00Z,0.9425418
2024-11-17T01:48:00Z,0
2024-11-17T02:24:00Z,0.0076030586
2024-11-17T03:00:00Z,0.56748646
2024-11-17T03:36:00Z,0.12051089
2024-11-17T04:12:00Z,0.7758201
2024-11-17T04:48:00Z,0
2024-11-17T05:24:00Z,0.99093306
2024-11-17T06:00:00Z,0
2024-11-17T07:12:00Z,0.8632999
2024-11-17T07:48:00Z,0
2024-11-17T08:24:00Z,0.93815684
2024-11-17T09:00:00Z,0
2024-11-17T09:36:00Z,0.82088834
2024-11-17T10:12:00Z,0
2024-11-17T10:48:00Z,0.56583524
2024-11-17T12:00:00Z,0.7211932
2024-11-17T12:36:00Z,0.14535756
2024-11-17T13:12:00Z,0.6181646
2024-11-17T13:48:00Z,0.15317933
2024-11-17T14:24:00Z,0.8698936
2024-11-17T15:00:00Z,0
2024-11-17T16:12:00Z,0.66478753
2024-11-17T18:00:00Z,0.1870542
2024-11-17T18:36:00Z,0.8959422
2024-11-17T19:12:00Z,0
2024-11-17T19:48:00Z,0.74736816
2024-11-17T20:24:00Z,0.19249332
2024-11-17T21:00:00Z,0.07154913
2024-11-17T21:36:00Z,0.90217865
2024-11-17T22:12:00Z,0
2024-11-17T22:48:00Z,0.84426206
2024-11-17T23:24:00Z,0
2024-11-18T00:36:00Z,0.7329022
2024-11-18T01:12:00Z,0.38221335
2024-11-18T01:48:00Z,0.61480457
2024-11-18T02:24:00Z,0.2108762
2024-11-18T03:36:00Z,0.9168686
2024-11-18T04:12:00Z,0
2024-11-18T04:48:00Z,0.4363041
2024-11-18T05:24:00Z,0.094894305
2024-11-18T06:36:00Z,0.8034035
2024-11-18T07:12:00Z,0
2024-11-18T07:48:00Z,0.53077614
2024-11-18T08:24:00Z,0.38838086
2024-11-18T09:00:00Z,0.76884556
2024-11-18T09:36:00Z,0
2024-11-18T10:12:00Z,0.7438541
2024-11-18T10:48:00Z,0.3113916
2024-11-18T11:24:00Z,0.5578274
2024-11-18T12:00:00Z,0.30295676
2024-11-18T12:36:00Z,0.50927776
2024-11-18T13:12:00Z,0.09374809
2024-11-18T14:24:00Z,0.38423204
2024-11-18T15:00:00Z,0.13770947
2024-11-18T15:36:00Z,0.82989544
2024-11-18T16:12:00Z,0
2024-11-18T16:48:00Z,0.90269893
2024-11-18T17:24:00Z,0
2024-11-18T18:36:00Z,0.9063913
2024-11-18T19:12:00Z,0
2024-11-18T20:24:00Z,0.8289342
2024-11-18T21:00:00Z,0
2024-11-18T22:12:00Z,0.66195136
2024-11-18T22:48:00Z,0.3208965
2024-11-18T23:24:00Z,0.96112126
2024-11-19T00:00:00Z,0
2024-11-19T01:12:00Z,0.55422354
2024-11-19T01:48:00Z,0.16661125
2024-11-19T03:00:00Z,0.9510307
2024-11-19T03:36:00Z,0
2024-11-19T04:12:00Z,0.4093652
2024-11-19T04:48:00Z,0.08732286
2024-11-19T06:36:00Z,0.058285035
2024-11-19T07:48:00Z,0.6848784
2024-11-19T08:24:00Z,0.054024134
2024-11-19T09:00:00Z,0.75862515
2024-11-19T09:36:00Z,0
2024-11-19T10:12:00Z,0.7780972
2024-11-19T10:48:00Z,0
2024-11-19T12:00:00Z,0.88635707
2024-11-19T12:36:00Z,0
2024-11-19T13:12:00Z,0.9003862
2024-11-19T13:48:00Z,0
2024-11-19T16:12:00Z,0.7118341
2024-11-19T17:24:00Z,0.14031647
2024-11-19T18:00:00Z,0.9431714
2024-11-19T18:36:00Z,0
2024-11-19T19:12:00Z,0.9039528
2024-11-19T19:48:00Z,0
2024-11-19T20:24:00Z,0.9434181
2024-11-19T21:00:00Z,0
2024-11-19T21:36:00Z,0.18253691
2024-11-19T22:12:00Z,0.7973053
2024-11-19T22:48:00Z,0
2024-11-19T23:24:00Z,0.7238819
2024-11-20T00:36:00Z,0.005824391
2024-11-20T01:12:00Z,0.36787176
2024-11-20T01:48:00Z,0.25145707
2024-11-20T02:24:00Z,0.5680261
2024-11-20T03:00:00Z,0.11899139
2024-11-20T03:36:00Z,0.9426456
2024-11-20T04:12:00Z,0
2024-11-20T04:48:00Z,0.9570752
2024-11-20T05:24:00Z,0
2024-11-20T06:36:00Z,0.7764698
2024-11-20T07:12:00Z,0
2024-11-20T08:24:00Z,0.6674657
2024-11-20T09:00:00Z,0.29550695
2024-11-20T09:36:00Z,0.8201015
2024-11-20T10:12:00Z,0
2024-11-20T12:00:00Z,0.88578427
2024-11-20T12:36:00Z,0
2024-11-20T13:12:00Z,0.8601328
2024-11-20T13:48:00Z,0
2024-11-20T15:00:00Z,0.07820545
2024-11-20T15:36:00Z,0.8093421
2024-11-20T16:12:00Z,0
2024-11-20T16:48:00Z,0.8977095
2024-11-20T17:24:00Z,0
2024-11-20T18:00:00Z,0.65499455
2024-11-20T18:36:00Z,0.9029283
2024-11-20T19:12:00Z,0
2024-11-20T19:48:00Z,0.32602513
2024-11-20T21:00:00Z,0.20744497
2024-11-20T21:36:00Z,0.77933186
2024-11-20T22:12:00Z,0
2024-11-20T22:48:00Z,0.50730324
2024-11-21T00:00:00Z,0.24702369
2024-11-21T01:48:00Z,0.07129094
2024-11-21T02:24:00Z,0.83977103
2024-11-21T03:00:00Z,0
2024-11-21T04:12:00Z,0.8070749
2024-11-21T04:48:00Z,0
2024-11-21T05:24:00Z,0.25640795
2024-11-21T06:00:00Z,0.031981878
2024-11-21T06:36:00Z,0.5401032
2024-11-21T07:12:00Z,0.23122081
2024-11-21T07:48:00Z,0.59138685
2024-11-21T08:24:00Z,0.32600504
2024-11-21T09:00:00Z,0.76975626
2024-11-21T09:36:00Z,0
2024-11-21T10:12:00Z,0.014400947
2024-11-21T10:48:00Z,0.55642
2024-11-21T11:24:00Z,0.37507024
2024-11-21T12:00:00Z,0.96406305
2024-11-21T12:36:00Z,0
2024-11-21T13:12:00Z,0.81492096
2024-11-21T13:48:00Z,0
2024-11-21T14:24:00Z,0.38106734
2024-11-21T15:00:00Z,0.083625205
2024-11-21T15:36:00Z,0.48335057
2024-11-21T16:12:00Z,0.37291625
2024-11-21T16:48:00Z,0.93994725
2024-11-21T17:24:00Z,0
2024-11-21T18:00:00Z,0.9742117
2024-11-21T18:36:00Z,0
2024-11-21T19:48:00Z,0.5217741
2024-11-21T21:00:00Z,0.14250743
2024-11-21T22:12:00Z,0.83619595
2024-11-21T22:48:00Z,0
2024-11-21T23:24:00Z,0.7312748
2024-11-22T00:00:00Z,0.4528202
2024-11-22T00:36:00Z,0.84542185
2024-11-22T01:12:00Z,0
2024-11-22T01:48:00Z,0.5874049
2024-11-22T02:24:00Z,0.0004991139
2024-11-22T03:00:00Z,0.68214804
2024-11-22T03:36:00Z,0.5837036
2024-11-22T04:12:00Z,0.016267398
2024-11-22T04:48:00Z,0.48345247
2024-11-22T05:24:00Z,0.023361992
2024-11-22T06:00:00Z,0.014008011
2024-11-22T06:36:00Z,0.96372306
2024-11-22T07:12:00Z,0
2024-11-22T07:48:00Z,0.6112741
2024-11-22T10:12:00Z,0.47736567
2024-11-22T10:48:00Z,0.7604509
2024-11-22T11:24:00Z,0
2024-11-22T12:00:00Z,0.5651564
2024-11-22T12:36:00Z,0.24109733
2024-11-22T13:48:00Z,0.8615628
2024-11-22T14:24:00Z,0
2024-11-22T15:00:00Z,0.97274363
2024-11-22T15:36:00Z,0
2024-11-22T16:12:00Z,0.47900048
2024-11-22T16:48:00Z,0.054955352
2024-11-22T17:24:00Z,0.61170787
2024-11-22T18:00:00Z,0.15326856
2024-11-22T18:36:00Z,0.16389593
2024-11-22T19:12:00Z,0.8636345
2024-11-22T19:48:00Z,0
2024-11-22T20:24:00Z,0.83211255
2024-11-22T21:00:00Z,0
2024-11-22T21:36:00Z,0.661201
2024-11-22T22:12:00Z,0.10464262
2024-11-22T23:24:00Z,0.7457177
2024-11-23T00:00:00Z,0.058291316
2024-11-23T00:36:00Z,0.63102424
2024-11-23T02:24:00Z,0.5669206
2024-11-23T03:00:00Z,0.98488986
2024-11-23T03:36:00Z,0
2024-11-23T04:48:00Z,0.60799813
2024-11-23T05:24:00Z,0.2362412
2024-11-23T06:00:00Z,0.41188782
2024-11-23T06:36:00Z,0.07720139
2024-11-23T07:48:00Z,0.8396075
2024-11-23T08:24:00Z,0
2024-11-23T09:36:00Z,0.9643507
2024-11-23T10:12:00Z,0
2024-11-23T11:24:00Z,0.6234524
2024-11-23T12:00:00Z,0.35491645
2024-11-23T12:36:00Z,0.55341655
2024-11-23T13:12:00Z,0.3379103
2024-11-23T13:48:00Z,0.97064626
2024-11-23T14:24:00Z,0
2024-11-23T15:00:00Z,0.617366
2024-11-23T16:12:00Z,0.002236111
2024-11-23T16:48:00Z,0.8015845
2024-11-23T17:24:00Z,0
2024-11-23T18:00:00Z,0.47917712
2024-11-23T18:36:00Z,0.26117122
2024-11-23T19:12:00Z,0.62949693
2024-11-23T21:00:00Z,0.21194082
2024-11-23T21:36:00Z,0.92666405
2024-11-23T22:12:00Z,0
2024-11-23T23:24:00Z,0.8719107
2024-11-24T00:00:00Z,0
2024-11-24T00:36:00Z,0.6523327
2024-11-24T01:12:00Z,0.8716053
2024-11-24T01:48:00Z,0
2024-11-24T03:00:00Z,0.8436214
2024-11-24T03:36:00Z,0
2024-11-24T06:00:00Z,0.28755522
2024-11-24T06:36:00Z,0.74606425
2024-11-24T07:12:00Z,0.07292484
2024-11-24T07:48:00Z,0.55183595
2024-11-24T08:24:00Z,0.26361132
2024-11-24T09:00:00Z,0.95345783
2024-11-24T09:36:00Z,0
2024-11-24T10:12:00Z,0.96593094
2024-11-24T10:48:00Z,0
2024-11-24T11:24:00Z,0.62931323
2024-11-24T12:00:00Z,0.798346
2024-11-24T12:36:00Z,0
2024-11-24T13:48:00Z,0.71883357
2024-11-24T14:24:00Z,0.058987312
2024-11-24T15:00:00Z,0.7786915
2024-11-24T15:36:00Z,0
2024-11-24T16:12:00Z,0.89518076
2024-11-24T16:48:00Z,0
2024-11-24T18:36:00Z,0.9939555
2024-11-24T19:12:00Z,0
2024-11-24T20:24:00Z,0.34207925
2024-11-24T21:00:00Z,0.9635041
2024-11-24T21:36:00Z,0
2024-11-24T23:24:00Z,0.45388275
2024-11-25T00:00:00Z,0.018657329
2024-11-25T00:36:00Z,0.59870136
2024-11-25T01:12:00Z,0.77503955
2024-11-25T01:48:00Z,0
2024-11-25T02:24:00Z,0.7454554
2024-11-25T03:00:00Z,0.8501152
2024-11-25T03:36:00Z,0
2024-11-25T04:12:00Z,0.936088
2024-11-25T04:48:00Z,0
2024-11-25T07:12:00Z,0.6762995
2024-11-25T08:24:00Z,0.73102456
2024-11-25T09:00:00Z,0.9511611
2024-11-25T09:36:00Z,0
2024-11-25T10:48:00Z,0.9561256
2024-11-25T11:24:00Z,0
2024-11-25T12:00:00Z,0.70222205
2024-11-25T12:36:00Z,0.8134353
2024-11-25T13:12:00Z,0
2024-11-25T14:24:00Z,0.85898215
2024-11-25T15:00:00Z,0
2024-11-25T17:24:00Z,0.87147933
2024-11-25T18:00:00Z,0
2024-11-25T18:36:00Z,0.8240195
2024-11-25T19:12:00Z,0
2024-11-25T20:24:00Z,0.88779044
2024-11-25T21:00:00Z,0
2024-11-25T21:36:00Z,0.93283755
2024-11-25T22:12:00Z,0
2024-11-25T22:48:00Z,0.18366805
2024-11-25T23:24:00Z,0.8799209
2024-11-26T00:00:00Z,0
2024-11-26T01:12:00Z,0.50332373
2024-11-26T02:24:00Z,0.22211
2024-11-26T03:00:00Z,0.5374107
2024-11-26T04:12:00Z,0.33449858
2024-11-26T04:48:00Z,0.5492405
2024-11-26T05:24:00Z,0.268928
2024-11-26T06:00:00Z,0.95346975
2024-11-26T06:36:00Z,0
2024-11-26T07:12:00Z,0.6915602
2024-11-26T07:48:00Z,0.42518368
2024-11-26T08:24:00Z,0.79176813
2024-11-26T09:00:00Z,0
2024-11-26T09:36:00Z,0.7521514
2024-11-26T10:12:00Z,0
2024-11-26T10:48:00Z,0.068185866
2024-11-26T11:24:00Z,0.73010033
2024-11-26T12:36:00Z,0.3240376
2024-11-26T13:48:00Z,0.7002743
2024-11-26T14:24:00Z,0.00782579
2024-11-26T15:36:00Z,0.9335144
2024-11-26T16:12:00Z,0
2024-11-26T17:24:00Z,0.50867486
2024-11-26T18:00:00Z,0.08201063
2024-11-26T18:36:00Z,0.9024164
2024-11-26T19:12:00Z,0
2024-11-26T19:48:00Z,0.81490314
2024-11-26T20:24:00Z,0
2024-11-26T21:00:00Z,0.025461875
2024-11-26T21:36:00Z,0.5369808
2024-11-26T22:12:00Z,0.274779
2024-11-27T00:00:00Z,0.5076539
2024-11-27T00:36:00Z,0.9026281
2024-11-27T01:12:00Z,0
2024-11-27T01:48:00Z,0.12776949
2024-11-27T02:24:00Z,0.9201981
2024-11-27T03:00:00Z,0
2024-11-27T03:36:00Z,0.7732234
2024-11-27T04:12:00Z,0
2024-11-27T04:48:00Z,0.08578101
2024-11-27T06:00:00Z,0.89807236
2024-11-27T06:36:00Z,0
2024-11-27T07:48:00Z,0.9437227
2024-11-27T08:24:00Z,0
2024-11-27T09:00:00Z,0.7824296
2024-11-27T09:36:00Z,0
2024-11-27T10:48:00Z,0.7753854
2024-11-27T11:24:00Z,0
2024-11-27T12:36:00Z,0.33541358
2024-11-27T14:24:00Z,0.1828853
2024-11-27T15:36:00Z,0.30160323
2024-11-27T16:12:00Z,0.97245556
2024-11-27T16:48:00Z,0
2024-11-27T17:24:00Z,0.4489167
2024-11-27T18:36:00Z,0.028329229
2024-11-27T19:48:00Z,0.8280988
2024-11-27T20:24:00Z,0
2024-11-27T21:00:00Z,0.71219504
2024-11-27T21:36:00Z,0.63059664
2024-11-27T22:12:00Z,0.95021474
2024-11-27T22:48:00Z,0
2024-11-28T00:00:00Z,0.7298765
2024-11-28T00:36:00Z,0.8601529
2024-11-28T01:12:00Z,0
2024-11-28T01:48:00Z,0.7089667
2024-11-28T02:24:00Z,0.007453073
2024-11-28T03:00:00Z,0.615858
2024-11-28T04:12:00Z,0.006227554
2024-11-28T04:48:00Z,0.8952112
2024-11-28T05:24:00Z,0
2024-11-28T07:12:00Z,0.84109837
2024-11-28T07:48:00Z,0
2024-11-28T08:24:00Z,0.70143694
2024-11-28T09:36:00Z,0.22837304
2024-11-28T10:48:00Z,0.9379548
2024-11-28T11:24:00Z,0
2024-11-28T12:36:00Z,0.76593417
2024-11-28T13:12:00Z,0
2024-11-28T13:48:00Z,0.7760875
2024-11-28T14:24:00Z,0
2024-11-28T15:00:00Z,0.66663027
2024-11-28T15:36:00Z,0.40702456
2024-11-28T16:12:00Z,0.8900582
2024-11-28T16:48:00Z,0
2024-11-28T18:00:00Z,0.8355789
2024-11-28T18:36:00Z,0
2024-11-28T19:12:00Z,0.61045396
2024-11-28T21:00:00Z,0.39460382
2024-11-28T21:36:00Z,0.842622
2024-11-28T22:12:00Z,0
2024-11-28T22:48:00Z,0.821256
2024-11-28T23:24:00Z,0
2024-11-29T00:00:00Z,0.6085867
2024-11-29T01:12:00Z,0.05762295
2024-11-29T03:00:00Z,0.7577943
2024-11-29T03:36:00Z,0
2024-11-29T04:12:00Z,0.68909353
2024-11-29T04:48:00Z,0.73509467
2024-11-29T05:24:00Z,0.2182626
2024-11-29T06:00:00Z,0.7949835
2024-11-29T06:36:00Z,0
2024-11-29T07:48:00Z,0.28165403
2024-11-29T08:24:00Z,0.0028548324
2024-11-29T09:36:00Z,0.6561735
2024-11-29T10:12:00Z,0.65179
2024-11-29T10:48:00Z,0.06520784
2024-11-29T11:24:00Z,0.9753135
2024-11-29T12:00:00Z,0
2024-11-29T12:36:00Z,0.12943208
2024-11-29T13:12:00Z,0.7552714
2024-11-29T13:48:00Z,0
2024-11-29T14:24:00Z,0.53012973
2024-11-29T15:00:00Z,0.2107539
2024-11-29T16:12:00Z,0.8444638
2024-11-29T16:48:00Z,0
2024-11-29T17:24:00Z,0.80794215
2024-11-29T18:00:00Z,0
2024-11-29T19:48:00Z,0.36240608
2024-11-29T20:24:00Z,0.8504645
2024-11-29T21:00:00Z,0
2024-11-29T21:36:00Z,0.83261955
2024-11-29T22:12:00Z,0
2024-11-29T23:24:00Z,0.838169
2024-11-30T00:00:00Z,0
2024-11-30T00:36:00Z,0.7845939
2024-11-30T01:12:00Z,0
2024-11-30T01:48:00Z,0.64253706
2024-11-30T03:00:00Z,0.26875392
2024-11-30T03:36:00Z,0.5374275
2024-11-30T04:12:00Z,0.40099335
2024-11-30T04:48:00Z,0.86202943
2024-11-30T05:24:00Z,0
2024-11-30T06:00:00Z,0.75845194
2024-11-30T06:36:00Z,0
2024-11-30T07:12:00Z,0.5556404
2024-11-30T08:24:00Z,0.06548938
2024-11-30T09:36:00Z,0.33951363
2024-11-30T10:12:00Z,0.7815403
2024-11-30T10:48:00Z,0
2024-11-30T11:24:00Z,0.8234665
2024-11-30T12:00:00Z,0
2024-11-30T12:36:00Z,0.011919773
2024-11-30T13:12:00Z,0.78677064
2024-11-30T13:48:00Z,0
2024-11-30T14:24:00Z,0.5785449
2024-11-30T15:00:00Z,0.32309666
2024-11-30T16:12:00Z,0.81209093
2024-11-30T16:48:00Z,0
2024-11-30T17:24:00Z,0.62555766
2024-11-30T18:00:00Z,0.28408313
2024-11-30T18:36:00Z,0.80164087
2024-11-30T19:12:00Z,0
2024-11-30T19:48:00Z,0.079587094
2024-11-30T20:24:00Z,0.82126296
2024-11-30T21:00:00Z,0
2024-11-30T21:36:00Z,0.45996132
2024-11-30T22:12:00Z,0.14855255
2024-11-30T22:48:00Z,0.8506811
2024-11-30T23:24:00Z,0
2024-12-01T00:00:00Z,0.92400587
2024-12-01T00:36:00Z,0
2024-12-01T01:12:00Z,0.760968
2024-12-01T01:48:00Z,0
2024-12-01T02:24:00Z,0.72666365
2024-12-01T03:00:00Z,0.36993414
2024-12-01T03:36:00Z,0.63159335
2024-12-01T05:24:00Z,0.055551965
2024-12-01T06:36:00Z,0.7836404
2024-12-01T07:12:00Z,0
2024-12-01T07:48:00Z,0.7516314
2024-12-01T08:24:00Z,0
2024-12-01T09:00:00Z,0.90313065
2024-12-01T09:36:00Z,0
2024-12-01T10:12:00Z,0.99722433
2024-12-01T10:48:00Z,0
2024-12-01T11:24:00Z,0.08541537
2024-12-01T12:00:00Z,0.83575845
2024-12-01T12:36:00Z,0
2024-12-01T13:48:00Z,0.77508944
2024-12-01T14:24:00Z,0
2024-12-01T15:00:00Z,0.65269
2024-12-01T15:36:00Z,0.14132184
2024-12-01T16:12:00Z,0.7946116
2024-12-01T16:48:00Z,0
2024-12-01T18:00:00Z,0.9261915
2024-12-01T18:36:00Z,0
2024-12-01T19:12:00Z,0.9690531
2024-12-01T19:48:00Z,0
2024-12-01T21:00:00Z,0.9038525
2024-12-01T21:36:00Z,0
2024-12-01T22:12:00Z,0.7490309
2024-12-01T22:48:00Z,0.0995173
2024-12-02T00:36:00Z,0.57246035
2024-12-02T01:12:00Z,0.28167725
2024-12-02T01:48:00Z,0.9198849
2024-12-02T02:24:00Z,0
2024-12-02T04:12:00Z,0.3339107
2024-12-02T05:24:00Z,0.98691934
2024-12-02T06:00:00Z,0
2024-12-02T06:36:00Z,0.10836755
2024-12-02T07:12:00Z,0.8112519
2024-12-02T07:48:00Z,0
2024-12-02T08:24:00Z,0.72593105
2024-12-02T09:00:00Z,0.974287
2024-12-02T09:36:00Z,0
2024-12-02T10:12:00Z,0.64466363
2024-12-02T11:24:00Z,0.18575957
2024-12-02T12:00:00Z,0.6697536
2024-12-02T12:36:00Z,0.6489683
2024-12-02T13:12:00Z,0.052846216
2024-12-02T14:24:00Z,0.63839686
2024-12-02T15:36:00Z,0.30145532
2024-12-02T16:12:00Z,0.9421847
2024-12-02T16:48:00Z,0
2024-12-02T17:24:00Z,0.89938146
2024-12-02T18:00:00Z,0
2024-12-02T18:36:00Z,0.33302838
2024-12-02T19:12:00Z,0.0036850153
2024-12-02T20:24:00Z,0.05091727
2024-12-02T21:00:00Z,0.77136165
2024-12-02T21:36:00Z,0
2024-12-02T22:12:00Z,0.76083225
2024-12-02T22:48:00Z,0
2024-12-02T23:24:00Z,0.71209824
2024-12-03T00:00:00Z,0.7912748
2024-12-03T00:36:00Z,0
2024-12-03T03:00:00Z,0.3358634
2024-12-03T03:36:00Z,0.9411635
2024-12-03T04:12:00Z,0
2024-12-03T06:36:00Z,0.4702256
2024-12-03T07:48:00Z,0.4025058
2024-12-03T08:24:00Z,0.94708955
2024-12-03T09:00:00Z,0
2024-12-03T09:36:00Z,0.72144985
2024-12-03T10:12:00Z,0.70409495
2024-12-03T10:48:00Z,0.0965436
2024-12-03T11:24:00Z,0.049643267
2024-12-03T12:00:00Z,0.9973225
2024-12-03T12:36:00Z,0
2024-12-03T14:24:00Z,0.873535
2024-12-03T15:00:00Z,0
2024-12-03T16:12:00Z,0
2024-12-03T16:48:00Z,0.95754176
2024-12-03T17:24:00Z,0
2024-12-03T19:12:00Z,0.53018206
2024-12-03T20:24:00Z,0.4856613
2024-12-03T21:00:00Z,0.5659862
2024-12-03T21:36:00Z,0.12869577
2024-12-03T22:12:00Z,0.8071887
2024-12-03T22:48:00Z,0
2024-12-04T00:36:00Z,0.010508992
2024-12-04T01:12:00Z,0.54304075
2024-12-04T01:48:00Z,0.3737064
2024-12-04T02:24:00Z,0.8861573
2024-12-04T03:00:00Z,0
2024-12-04T03:36:00Z,0.14590932
2024-12-04T04:12:00Z,0.7757698
2024-12-04T04:48:00Z,0
2024-12-04T05:24:00Z,0.39199603
2024-12-04T06:00:00Z,0.07886474
2024-12-04T07:12:00Z,0.70342445
2024-12-04T08:24:00Z,0.868574
2024-12-04T09:00:00Z,0
2024-12-04T11:24:00Z,0.4099519
2024-12-04T12:00:00Z,0.94336206
2024-12-04T12:36:00Z,0
2024-12-04T13:48:00Z,0.43215623
2024-12-04T14:24:00Z,0.028267585
2024-12-04T15:36:00Z,0.048120677
2024-12-04T16:48:00Z,0.9772033
2024-12-04T17:24:00Z,0
2024-12-04T18:00:00Z,0.60240763
2024-12-04T18:36:00Z,0.008864072
2024-12-04T19:12:00Z,0.9804767
2024-12-04T19:48:00Z,0
2024-12-04T21:00:00Z,0.058006417
2024-12-04T21:36:00Z,0.83314806
2024-12-04T22:12:00Z,0
2024-12-04T22:48:00Z,0.08132794
2024-12-04T23:24:00Z,0.73465115
2024-12-05T00:00:00Z,0.1372086
2024-12-05T01:48:00Z,0.62917954
2024-12-05T02:24:00Z,0.38126653
2024-12-05T03:00:00Z,0.86244005
2024-12-05T03:36:00Z,0
2024-12-05T04:12:00Z,0.24558313
2024-12-05T04:48:00Z,0.021531912
2024-12-05T05:24:00Z,0.7438536
2024-12-05T06:00:00Z,0.8400772
2024-12-05T06:36:00Z,0
2024-12-05T07:12:00Z,0.9504386
2024-12-05T07:48:00Z,0
2024-12-05T09:00:00Z,0.6666245
2024-12-05T09:36:00Z,0.12914735
2024-12-05T11:24:00Z,0.8741408
2024-12-05T12:00:00Z,0
2024-12-05T12:36:00Z,0.6639455
2024-12-05T13:12:00Z,0.21474898
2024-12-05T13:48:00Z,0.4879609
2024-12-05T14:24:00Z,0.18354739
2024-12-05T15:00:00Z,0.55709255
2024-12-05T15:36:00Z,0.13163634
2024-12-05T16:48:00Z,0.5670652
2024-12-05T17:24:00Z,0.46308202
2024-12-05T18:00:00Z,0.895384
2024-12-05T18:36:00Z,0
2024-12-05T19:48:00Z,0.97397876
2024-12-05T20:24:00Z,0
2024-12-05T21:36:00Z,0.8436675
2024-12-05T22:12:00Z,0
2024-12-05T22:48:00Z,0.62365645
2024-12-06T00:00:00Z,0.8124519
2024-12-06T00:36:00Z,0
2024-12-06T01:12:00Z,0.930151
2024-12-06T01:48:00Z,0
2024-12-06T02:24:00Z,0.71259326
2024-12-06T03:00:00Z,0.4581993
2024-12-06T03:36:00Z,0.8166039
2024-12-06T04:12:00Z,0
2024-12-06T05:24:00Z,0.4297748
2024-12-06T06:00:00Z,0.8456804
2024-12-06T06:36:00Z,0
2024-12-06T07:12:00Z,0.5734383
2024-12-06T07:48:00Z,0.6607105
2024-12-06T09:00:00Z,0.09715943
2024-12-06T10:12:00Z,0.27990568
2024-12-06T10:48:00Z,0.96169674
2024-12-06T11:24:00Z,0
2024-12-06T12:00:00Z,0.8797779
2024-12-06T12:36:00Z,0
2024-12-06T13:12:00Z,0.48417845
2024-12-06T14:24:00Z,0.20598342
2024-12-06T15:00:00Z,0.7891544
2024-12-06T15:36:00Z,0
2024-12-06T16:12:00Z,0.738431
2024-12-06T16:48:00Z,0.8200559
2024-12-06T17:24:00Z,0
2024-12-06T19:12:00Z,0.9959387
2024-12-06T19:48:00Z,0
2024-12-06T21:00:00Z,0.7448152
2024-12-06T22:12:00Z,0.8682797
2024-12-06T22:48:00Z,0
2024-12-07T00:00:00Z,0.39056307
2024-12-07T00:36:00Z,0.18824466
2024-12-07T01:12:00Z,0.7001297
2024-12-07T01:48:00Z,0.06911631
2024-12-07T02:24:00Z,0.9905573
2024-12-07T03:00:00Z,0
2024-12-07T03:36:00Z,0.88146085
2024-12-07T04:12:00Z,0
2024-12-07T05:24:00Z,0.5903198
2024-12-07T06:00:00Z,0.038266104
2024-12-07T06:36:00Z,0.6848393
2024-12-07T09:00:00Z,0.45190915
2024-12-07T09:36:00Z,0.8950588
2024-12-07T10:12:00Z,0
2024-12-07T12:00:00Z,0.12460375
2024-12-07T12:36:00Z,0.61210185
2024-12-07T13:48:00Z,0.27893505
2024-12-07T16:12:00Z,0.26402187
2024-12-07T16:48:00Z,0.018185966
2024-12-07T18:36:00Z,0.91830486
2024-12-07T19:12:00Z,0
2024-12-07T20:24:00Z,0.72590923
2024-12-07T21:36:00Z,0.442437
2024-12-07T22:12:00Z,0.83795893
2024-12-07T22:48:00Z,0
2024-12-07T23:24:00Z,0.66281915
2024-12-08T00:36:00Z,0.84726787
2024-12-08T01:12:00Z,0
2024-12-08T03:00:00Z,0.444722
2024-12-08T03:36:00Z,0.16085348
2024-12-08T04:12:00Z,0.7448078
2024-12-08T04:48:00Z,0.18108837
2024-12-08T06:00:00Z,0.7400524
2024-12-08T06:36:00Z,0.0020436742
2024-12-08T07:12:00Z,0.6343444
2024-12-08T08:24:00Z,0.828258
2024-12-08T09:00:00Z,0
2024-12-08T09:36:00Z,0.8441289
2024-12-08T10:12:00Z,0
2024-12-08T10:48:00Z,0.7753019
2024-12-08T11:24:00Z,0
2024-12-08T12:00:00Z,0.046056833
2024-12-08T12:36:00Z,0.7774477
2024-12-08T13:12:00Z,0
2024-12-08T13:48:00Z,0.88700897
2024-12-08T14:24:00Z,0
2024-12-08T15:00:00Z,0.66928023
2024-12-08T15:36:00Z,0.3447851
2024-12-08T16:12:00Z,0.79097575
2024-12-08T16:48:00Z,0
2024-12-08T18:00:00Z,0.83435214
2024-12-08T18:36:00Z,0
2024-12-08T19:12:00Z,0.3631718
2024-12-08T19:48:00Z,0.17909393
2024-12-08T20:24:00Z,0.9394225
2024-12-08T21:00:00Z,0
2024-12-08T21:36:00Z,0.93375343
2024-12-08T22:12:00Z,0
2024-12-08T23:24:00Z,0.670145
2024-12-09T00:36:00Z,0.9689767
2024-12-09T01:12:00Z,0
2024-12-09T01:48:00Z,0.5640458
2024-12-09T02:24:00Z,0.2734485
2024-12-09T03:00:00Z,0.9853846
2024-12-09T03:36:00Z,0
2024-12-09T04:12:00Z,0.53541535
2024-12-09T04:48:00Z,0.11070569
2024-12-09T05:24:00Z,0.50231844
2024-12-09T06:00:00Z,0.2542433
2024-12-09T06:36:00Z,0.93303615
2024-12-09T07:12:00Z,0
2024-12-09T07:48:00Z,0.9174652
2024-12-09T08:24:00Z,0
2024-12-09T09:00:00Z,0.62662494
2024-12-09T09:36:00Z,0.08942232
2024-12-09T10:12:00Z,0.99300176
2024-12-09T10:48:00Z,0
2024-12-09T11:24:00Z,0.2025752
2024-12-09T12:00:00Z,0.8551736
2024-12-09T12:36:00Z,0
2024-12-09T13:12:00Z,0.15198573
2024-12-09T13:48:00Z,0.8792613
2024-12-09T14:24:00Z,0
2024-12-09T17:24:00Z,0.8805322
2024-12-09T18:00:00Z,0
2024-12-09T18:36:00Z,0.73154706
2024-12-09T19:12:00Z,0.47406858
2024-12-09T19:48:00Z,0.7650612
2024-12-09T20:24:00Z,0
2024-12-09T22:12:00Z,0.9874614
2024-12-09T22:48:00Z,0
2024-12-09T23:24:00Z,0.46019456
2024-12-10T00:00:00Z,0.084597215
2024-12-10T00:36:00Z,0.57996994
2024-12-10T01:12:00Z,0.07613631
2024-12-10T02:24:00Z,0.49358055
2024-12-10T03:00:00Z,0.15624928
2024-12-10T03:36:00Z,0.79654014
2024-12-10T04:12:00Z,0
2024-12-10T04:48:00Z,0.7564824
2024-12-10T05:24:00Z,0
2024-12-10T07:12:00Z,0.9428598
2024-12-10T07:48:00Z,0
2024-12-10T08:24:00Z,0.68745303
2024-12-10T09:36:00Z,0.19289464
2024-12-10T10:12:00Z,0.8831333
2024-12-10T10:48:00Z,0
2024-12-10T11:24:00Z,0.03621681
2024-12-10T12:00:00Z,0.9799897
2024-12-10T12:36:00Z,0
2024-12-10T13:12:00Z,0.69586796
2024-12-10T13:48:00Z,0.82141715
2024-12-10T14:24:00Z,0
2024-12-10T15:00:00Z,0.14805134
2024-12-10T15:36:00Z,0.8754761
2024-12-10T16:12:00Z,0
2024-12-10T16:48:00Z,0.16152103
2024-12-10T17:24:00Z,0.82506734
2024-12-10T18:00:00Z,0
2024-12-10T18:36:00Z,0.5917779
2024-12-10T19:12:00Z,0.23019017
2024-12-10T19:48:00Z,0.68012786
2024-12-10T21:00:00Z,0.32989177
2024-12-10T21:36:00Z,0.8874286
2024-12-10T22:12:00Z,0
2024-12-10T22:48:00Z,0.84739786
2024-12-10T23:24:00Z,0
2024-12-11T00:00:00Z,0.85301554
2024-12-11T00:36:00Z,0
2024-12-11T01:48:00Z,0.8851909
2024-12-11T02:24:00Z,0
2024-12-11T03:00:00Z,0.41204938
2024-12-11T04:12:00Z,0.049263634
2024-12-11T06:00:00Z,0.4799688
2024-12-11T06:36:00Z,0.88042694
2024-12-11T07:12:00Z,0
2024-12-11T08:24:00Z,0.3216624
2024-12-11T09:00:00Z,0.011076418
2024-12-11T10:48:00Z,0.49007824
2024-12-11T11:24:00Z,0.9105452
2024-12-11T12:00:00Z,0
2024-12-11T13:12:00Z,0.07841125
2024-12-11T13:48:00Z,0.44092888
2024-12-11T14:24:00Z,0.15497866
2024-12-11T15:00:00Z,0.6480777
2024-12-11T16:12:00Z,0.75629944
2024-12-11T16:48:00Z,0
2024-12-11T17:24:00Z,0.8540017
2024-12-11T18:00:00Z,0
2024-12-11T18:36:00Z,0.35453838
2024-12-11T19:12:00Z,0.15758595
2024-12-11T19:48:00Z,0.98743063
2024-12-11T20:24:00Z,0
2024-12-11T21:00:00Z,0.67717236
2024-12-11T21:36:00Z,0.8901648
2024-12-11T22:12:00Z,0
2024-12-11T22:48:00Z,0.22492349
2024-12-12T00:00:00Z,0.1945594
2024-12-12T00:36:00Z,0.84743285
2024-12-12T01:12:00Z,0
2024-12-12T02:24:00Z,0.99702454
2024-12-12T03:00:00Z,0
2024-12-12T03:36:00Z,0.6595693
2024-12-12T04:12:00Z,0.16957393
2024-12-12T04:48:00Z,0.7258221
2024-12-12T05:24:00Z,0.058888454
2024-12-12T06:36:00Z,0.901508
2024-12-12T07:12:00Z,0
2024-12-12T07:48:00Z,0.938471
2024-12-12T08:24:00Z,0
2024-12-12T09:00:00Z,0.59940106
2024-12-12T12:00:00Z,0.27882302
2024-12-12T12:36:00Z,0.709264
2024-12-12T13:12:00Z,0.23961489
2024-12-12T15:00:00Z,0.87689084
2024-12-12T15:36:00Z,0
2024-12-12T16:12:00Z,0.90008277
2024-12-12T16:48:00Z,0
2024-12-12T17:24:00Z,0.62556165
2024-12-12T18:00:00Z,0.043195497
2024-12-12T18:36:00Z,0.9760818
2024-12-12T19:12:00Z,0
2024-12-12T19:48:00Z,0.08008414
2024-12-12T20:24:00Z,0.7393865
2024-12-12T21:00:00Z,0.14173533
2024-12-12T21:36:00Z,0.04240539
2024-12-12T22:48:00Z,0.8877261
2024-12-12T23:24:00Z,0
2024-12-13T01:48:00Z,0.4110818
2024-12-13T02:24:00Z,0.10661948
2024-12-13T03:36:00Z,0.6294099
2024-12-13T04:12:00Z,0.2858523
2024-12-13T04:48:00Z,0.6339498
2024-12-13T05:24:00Z,0.23550764
2024-12-13T06:00:00Z,0.7827188
2024-12-13T06:36:00Z,0
2024-12-13T07:48:00Z,0.7218404
2024-12-13T08:24:00Z,0.12503017
2024-12-13T09:36:00Z,0.9893557
2024-12-13T10:12:00Z,0
2024-12-13T10:48:00Z,0.7258802
2024-12-13T11:24:00Z,0.8135594
2024-12-13T12:00:00Z,0
2024-12-13T12:36:00Z,0.44406128
2024-12-13T13:48:00Z,0.16418189
2024-12-13T14:24:00Z,0.5661615
2024-12-13T15:00:00Z,0.03481007
2024-12-13T15:36:00Z,0.5401179
2024-12-13T16:12:00Z,0.052094538
2024-12-13T17:24:00Z,0.9929432
2024-12-13T18:00:00Z,0
2024-12-13T19:48:00Z,0.9449489
2024-12-13T20:24:00Z,0
2024-12-13T22:12:00Z,0.92866284
2024-12-13T22:48:00Z,0
2024-12-13T23:24:00Z,0.010137903
2024-12-14T00:00:00Z,0.988422
2024-12-14T00:36:00Z,0
2024-12-14T01:12:00Z,0.48633304
2024-12-14T02:24:00Z,0.5646687
2024-12-14T03:00:00Z,0.001157064
2024-12-14T03:36:00Z,0.006095424
2024-12-14T04:12:00Z,0.8498897
2024-12-14T04:48:00Z,0
2024-12-14T05:24:00Z,0.2184539
2024-12-14T06:00:00Z,0.9020555
2024-12-14T06:36:00Z,0
2024-12-14T07:48:00Z,0.4452469
2024-12-14T09:00:00Z,0.02121072
2024-12-14T09:36:00Z,0.49516246
2024-12-14T10:48:00Z,0.5164767
2024-12-14T11:24:00Z,0.061536867
2024-12-14T12:00:00Z,0.6371887
2024-12-14T12:36:00Z,0.73368025
2024-12-14T13:12:00Z,0.082608886
2024-12-14T14:24:00Z,0.9371496
2024-12-14T15:00:00Z,0
2024-12-14T15:36:00Z,0.44626257
2024-12-14T16:12:00Z,0.3838956
2024-12-14T16:48:00Z,0.9340794
2024-12-14T17:24:00Z,0
2024-12-14T18:00:00Z,0.7032424
2024-12-14T18:36:00Z,0.8436992
2024-12-14T19:12:00Z,0
2024-12-14T20:24:00Z,0.951257
2024-12-14T21:00:00Z,0
2024-12-14T22:12:00Z,0.8372778
2024-12-14T22:48:00Z,0
2024-12-14T23:24:00Z,0.716968
2024-12-15T00:00:00Z,0.15907027
2024-12-15T00:36:00Z,0.62585
2024-12-15T01:48:00Z,0.25791085
2024-12-15T02:24:00Z,0.62048113
2024-12-15T03:00:00Z,0.14917243
2024-12-15T05:24:00Z,0.325993
2024-12-15T06:00:00Z,0.8385954
2024-12-15T06:36:00Z,0
2024-12-15T07:12:00Z,0.19008686
2024-12-15T07:48:00Z,0.9059215
2024-12-15T08:24:00Z,0
2024-12-15T09:36:00Z,0.59719795
2024-12-15T10:12:00Z,0.2431519
2024-12-15T10:48:00Z,0.7509885
2024-12-15T11:24:00Z,0
2024-12-15T12:00:00Z,0.8814412
2024-12-15T12:36:00Z,0
2024-12-15T13:12:00Z,0.9239902
2024-12-15T13:48:00Z,0
2024-12-15T16:48:00Z,0.5307247
2024-12-15T17:24:00Z,0.21308418
2024-12-15T18:36:00Z,0.5726305
2024-12-15T19:12:00Z,0.28429055
2024-12-15T19:48:00Z,0.5805717
2024-12-15T20:24:00Z,0.09165763
2024-12-15T22:48:00Z,0.9355077
2024-12-15T23:24:00Z,0
2024-12-16T00:00:00Z,0.79590076
2024-12-16T00:36:00Z,0
2024-12-16T01:48:00Z,0.85546243
2024-12-16T02:24:00Z,0
2024-12-16T03:00:00Z,0.107463576
2024-12-16T03:36:00Z,0.73219836
2024-12-16T04:12:00Z,0.9416492
2024-12-16T04:48:00Z,0
2024-12-16T06:00:00Z,0.39199904
2024-12-16T06:36:00Z,0.029371774
2024-12-16T07:12:00Z,0.8678212
2024-12-16T07:48:00Z,0
2024-12-16T08:24:00Z,0.85784703
2024-12-16T09:00:00Z,0
2024-12-16T09:36:00Z,0.745654
2024-12-16T10:12:00Z,0.99298006
2024-12-16T10:48:00Z,0
2024-12-16T11:24:00Z,0.58183753
2024-12-16T12:36:00Z,0.07221029
2024-12-16T14:24:00Z,0.90883434
2024-12-16T15:00:00Z,0
2024-12-16T15:36:00Z,0.47410446
2024-12-16T17:24:00Z,0.64188075
2024-12-16T18:36:00Z,0.016467445
2024-12-16T19:48:00Z,0.78783786
2024-12-16T20:24:00Z,0
2024-12-16T22:48:00Z,0.8101187
2024-12-16T23:24:00Z,0
2024-12-17T00:00:00Z,0.7412466
2024-12-17T01:12:00Z,0.75375044
2024-12-17T01:48:00Z,0
2024-12-17T02:24:00Z,0.9200774
2024-12-17T03:00:00Z,0
2024-12-17T06:00:00Z,0.3998521
2024-12-17T06:36:00Z,0.9365138
2024-12-17T07:12:00Z,0
2024-12-17T07:48:00Z,0.43168828
2024-12-17T09:00:00Z,0.05934523
2024-12-17T09:36:00Z,0.7831732
2024-12-17T10:12:00Z,0
2024-12-17T10:48:00Z,0.36040193
2024-12-17T12:00:00Z,0.10275543
2024-12-17T13:12:00Z,0.21694793
2024-12-17T13:48:00Z,0.8700871
2024-12-17T14:24:00Z,0
2024-12-17T15:36:00Z,0.75368744
2024-12-17T16:12:00Z,0
2024-12-17T16:48:00Z,0.028494563
2024-12-17T18:00:00Z,0.7888633
2024-12-17T18:36:00Z,0
2024-12-17T19:48:00Z,0.30045193
2024-12-17T21:36:00Z,0.2700179
2024-12-17T22:12:00Z,0.84017867
2024-12-17T22:48:00Z,0
2024-12-17T23:24:00Z,0.9122517
2024-12-18T00:00:00Z,0
2024-12-18T00:36:00Z,0.6235252
2024-12-18T01:48:00Z,0.15542436
2024-12-18T03:00:00Z,0.7944863
2024-12-18T03:36:00Z,0
2024-12-18T04:12:00Z,0.21872175
2024-12-18T04:48:00Z,0.89929616
2024-12-18T05:24:00Z,0
2024-12-18T06:00:00Z,0.641565
2024-12-18T06:36:00Z,0.83436126
2024-12-18T07:12:00Z,0
2024-12-18T07:48:00Z,0.81513083
2024-12-18T08:24:00Z,0
2024-12-18T09:00:00Z,0.9751473
2024-12-18T09:36:00Z,0
2024-12-18T11:24:00Z,0.8313682
2024-12-18T12:00:00Z,0
2024-12-18T12:36:00Z,0.77869946
2024-12-18T13:12:00Z,0
2024-12-18T13:48:00Z,0.9696081
2024-12-18T14:24:00Z,0
2024-12-18T15:36:00Z,0.6359712
2024-12-18T17:24:00Z,0.88462335
2024-12-18T18:00:00Z,0
2024-12-18T19:12:00Z,0.87061983
2024-12-18T19:48:00Z,0
2024-12-18T21:36:00Z,0.79617006
2024-12-18T22:12:00Z,0
2024-12-18T22:48:00Z,0.967678
2024-12-18T23:24:00Z,0
2024-12-19T00:36:00Z,0.68375283
2024-12-19T01:48:00Z,0.01615824
2024-12-19T03:00:00Z,0.26571867
2024-12-19T03:36:00Z,0.7399759
2024-12-19T04:12:00Z,0.688783
2024-12-19T05:24:00Z,0.09591313
2024-12-19T06:00:00Z,0.8085079
2024-12-19T06:36:00Z,0
2024-12-19T07:12:00Z,0.96737456
2024-12-19T07:48:00Z,0
2024-12-19T08:24:00Z,0.49398383
2024-12-19T09:00:00Z,0.1369215
2024-12-19T09:36:00Z,0.87361497
2024-12-19T10:12:00Z,0
2024-12-19T11:24:00Z,0.088133775
2024-12-19T12:36:00Z,0.061209757
2024-12-19T13:48:00Z,0.945297
2024-12-19T14:24:00Z,0
2024-12-19T15:00:00Z,0.6340626
2024-12-19T15:36:00Z,0.47224656
2024-12-19T16:12:00Z,0.9259782
2024-12-19T16:48:00Z,0
2024-12-19T18:00:00Z,0.82840145
2024-12-19T18:36:00Z,0
2024-12-19T19:12:00Z,0.86912924
2024-12-19T19:48:00Z,0
2024-12-19T20:24:00Z,0.43156195
2024-12-19T21:36:00Z,0.64789027
2024-12-19T22:12:00Z,0.22119199
2024-12-19T23:24:00Z,0.596878
2024-12-20T00:00:00Z,0.35550892
2024-12-20T00:36:00Z,0.60296106
2024-12-20T01:12:00Z,0.23199525
2024-12-20T03:00:00Z,0.7564705
2024-12-20T03:36:00Z,0
2024-12-20T04:12:00Z,0.5839771
2024-12-20T05:24:00Z,0.696718
2024-12-20T06:00:00Z,0.256081
2024-12-20T07:12:00Z,0.98724157
2024-12-20T07:48:00Z,0
2024-12-20T09:00:00Z,0.63048095
2024-12-20T09:36:00Z,0.38481802
2024-12-20T10:48:00Z,0.83247286
2024-12-20T11:24:00Z,0
2024-12-20T12:00:00Z,0.771784
2024-12-20T12:36:00Z,0
2024-12-20T13:12:00Z,0.88215095
2024-12-20T13:48:00Z,0
2024-12-20T15:00:00Z,0.85552794
2024-12-20T15:36:00Z,0
2024-12-20T16:12:00Z,0.5862142
2024-12-20T17:24:00Z,0.9204922
2024-12-20T18:00:00Z,0
2024-12-20T18:36:00Z,0.5690199
2024-12-20T19:48:00Z,0.9350509
2024-12-20T20:24:00Z,0
2024-12-20T21:00:00Z,0.6995104
2024-12-20T21:36:00Z,0.1336823
2024-12-20T22:48:00Z,0.6649108
2024-12-21T00:00:00Z,0.23696277
2024-12-21T00:36:00Z,0.81137997
2024-12-21T01:12:00Z,0
2024-12-21T01:48:00Z,0.24065775
2024-12-21T02:24:00Z,0.93569404
2024-12-21T03:00:00Z,0
2024-12-21T03:36:00Z,0.8161934
2024-12-21T04:12:00Z,0
2024-12-21T05:24:00Z,0.94950455
2024-12-21T06:00:00Z,0
2024-12-21T07:12:00Z,0.96423775
2024-12-21T07:48:00Z,0
2024-12-21T08:24:00Z,0.15703052
2024-12-21T09:36:00Z,0.9137783
2024-12-21T10:12:00Z,0
2024-12-21T11:24:00Z,0.22701906
2024-12-21T12:00:00Z,0.94201654
2024-12-21T12:36:00Z,0
2024-12-21T13:12:00Z,0.8213926
2024-12-21T13:48:00Z,0
2024-12-21T14:24:00Z,0.062414404
2024-12-21T15:00:00Z,0.93862283
2024-12-21T15:36:00Z,0
2024-12-21T16:12:00Z,0.7632329
2024-12-21T16:48:00Z,0
2024-12-21T17:24:00Z,0.37500235
2024-12-21T18:00:00Z,0.17634983
2024-12-21T18:36:00Z,0.67954314
2024-12-21T19:12:00Z,0.18656872
2024-12-21T20:24:00Z,0.13399406
2024-12-21T21:00:00Z,0.84374595
2024-12-21T21:36:00Z,0
2024-12-21T22:12:00Z,0.63685375
2024-12-21T22:48:00Z,0.25962386
2024-12-22T00:00:00Z,0.7308781
2024-12-22T00:36:00Z,0.2785201
2024-12-22T02:24:00Z,0.6400412
2024-12-22T03:00:00Z,0.31140772
2024-12-22T03:36:00Z,0.98768765
2024-12-22T04:12:00Z,0
2024-12-22T06:00:00Z,0.094637424
2024-12-22T06:36:00Z,0.68790495
2024-12-22T07:12:00Z,0.87699354
2024-12-22T07:48:00Z,0
2024-12-22T08:24:00Z,0.6866529
2024-12-22T09:00:00Z,0.4688068
2024-12-22T09:36:00Z,0.96943563
2024-12-22T10:12:00Z,0
2024-12-22T10:48:00Z,0.29283196
2024-12-22T11:24:00Z,0.13522159
2024-12-22T12:00:00Z,0.783381
2024-12-22T12:36:00Z,0
2024-12-22T13:48:00Z,0.96417063
2024-12-22T14:24:00Z,0
2024-12-22T15:00:00Z,0.683383
2024-12-22T15:36:00Z,0.9293084
2024-12-22T16:12:00Z,0
2024-12-22T16:48:00Z,0.65206873
2024-12-22T17:24:00Z,0.1483095
2024-12-22T18:00:00Z,0.8788211
2024-12-22T18:36:00Z,0
2024-12-22T19:12:00Z,0.8079694
2024-12-22T19:48:00Z,0
2024-12-22T20:24:00Z,0.647837
2024-12-22T21:00:00Z,0.25854355
2024-12-22T22:12:00Z,0.7498927
2024-12-22T22:48:00Z,0.7657118
2024-12-22T23:24:00Z,0
2024-12-23T00:00:00Z,0.937677
2024-12-23T00:36:00Z,0
2024-12-23T02:24:00Z,0.46909145
2024-12-23T03:36:00Z,0.11533268
2024-12-23T04:48:00Z,0.76138955
2024-12-23T05:24:00Z,0
2024-12-23T06:36:00Z,0.8351181
2024-12-23T07:12:00Z,0
2024-12-23T07:48:00Z,0.37403718
2024-12-23T09:00:00Z,0.5351017
2024-12-23T09:36:00Z,0.06051237
2024-12-23T10:12:00Z,0.74292237
2024-12-23T10:48:00Z,0.29004925
2024-12-23T14:24:00Z,0.009258199
2024-12-23T15:00:00Z,0.93651295
2024-12-23T15:36:00Z,0
2024-12-23T16:12:00Z,0.7917154
2024-12-23T16:48:00Z,0
2024-12-23T17:24:00Z,0.5444943
2024-12-23T19:12:00Z,0.32545575
2024-12-23T19:48:00Z,0.8727018
2024-12-23T20:24:00Z,0
2024-12-23T21:36:00Z,0.79946977
2024-12-23T22:12:00Z,0
2024-12-23T22:48:00Z,0.70728743
2024-12-24T00:00:00Z,0.5719549
2024-12-24T00:36:00Z,0.14421588
2024-12-24T01:48:00Z,0.09579151
2024-12-24T02:24:00Z,0.96378136
2024-12-24T03:00:00Z,0
2024-12-24T04:12:00Z,0.4674241
2024-12-24T05:24:00Z,0.32791984
2024-12-24T06:00:00Z,0.8294375
2024-12-24T06:36:00Z,0
2024-12-24T07:12:00Z,0.7783594
2024-12-24T07:48:00Z,0
2024-12-24T09:36:00Z,0.43379244
2024-12-24T10:48:00Z,0.14011775
2024-12-24T12:00:00Z,0.99594116
2024-12-24T12:36:00Z,0
2024-12-24T13:48:00Z,0.9202883
2024-12-24T14:24:00Z,0
2024-12-24T15:00:00Z,0.9602539
2024-12-24T15:36:00Z,0
2024-12-24T17:24:00Z,0.7417349
2024-12-24T18:00:00Z,0.11126547
2024-12-24T18:36:00Z,0.93984735
2024-12-24T19:12:00Z,0
2024-12-24T19:48:00Z,0.75105596
2024-12-24T20:24:00Z,0
2024-12-24T21:00:00Z,0.9672493
2024-12-24T21:36:00Z,0
2024-12-24T23:24:00Z,0.9294387
2024-12-25T00:00:00Z,0
2024-12-25T00:36:00Z,0.62027025
2024-12-25T01:12:00Z,0.039179623
2024-12-25T02:24:00Z,0.7007685
2024-12-25T03:00:00Z,0.48449364
2024-12-25T03:36:00Z,0.8213141
2024-12-25T04:12:00Z,0
2024-12-25T05:24:00Z,0.18844779
2024-12-25T06:00:00Z,0.6661237
2024-12-25T06:36:00Z,0.32093555
2024-12-25T07:12:00Z,0.46245578
2024-12-25T07:48:00Z,0.080595866
2024-12-25T08:24:00Z,0.94560266
2024-12-25T09:00:00Z,0
2024-12-25T09:36:00Z,0.7451181
2024-12-25T10:12:00Z,0.008137843
2024-12-25T10:48:00Z,0.6207656
2024-12-25T11:24:00Z,0.48852938
2024-12-25T12:00:00Z,0.9938535
2024-12-25T12:36:00Z,0
2024-12-25T13:12:00Z,0.8864083
2024-12-25T13:48:00Z,0
2024-12-25T14:24:00Z,0.75499
2024-12-25T15:00:00Z,0
2024-12-25T16:12:00Z,0.97071934
2024-12-25T16:48:00Z,0
2024-12-25T17:24:00Z,0.75085515
2024-12-25T18:00:00Z,0
2024-12-25T18:36:00Z,0.50761956
2024-12-25T20:24:00Z,0.5026194
2024-12-25T21:00:00Z,0.8759692
2024-12-25T21:36:00Z,0
2024-12-25T22:12:00Z,0.9984698
2024-12-25T22:48:00Z,0
2024-12-25T23:24:00Z,0.26141313
2024-12-26T00:36:00Z,0.03608038
2024-12-26T01:12:00Z,0.9900519
2024-12-26T01:48:00Z,0
2024-12-26T03:00:00Z,0.76588744
2024-12-26T03:36:00Z,0
2024-12-26T04:48:00Z,0.5342384
2024-12-26T05:24:00Z,0.2712183
2024-12-26T06:36:00Z,0.9426439
2024-12-26T07:12:00Z,0
2024-12-26T07:48:00Z,0.6974237
2024-12-26T08:24:00Z,0.32672578
2024-12-26T09:00:00Z,0.87556297
2024-12-26T09:36:00Z,0
2024-12-26T10:12:00Z,0.25464815
2024-12-26T11:24:00Z,0.07392028
2024-12-26T12:00:00Z,0.58569217
2024-12-26T12:36:00Z,0.074025996
2024-12-26T13:12:00Z,0.87791216
2024-12-26T13:48:00Z,0
2024-12-26T14:24:00Z,0.05237564
2024-12-26T15:36:00Z,0.86433846
2024-12-26T16:12:00Z,0
2024-12-26T16:48:00Z,0.659167
2024-12-26T17:24:00Z,0.10193888
2024-12-26T19:48:00Z,0.6509873
2024-12-26T20:24:00Z,0.97781235
2024-12-26T21:00:00Z,0
2024-12-26T21:36:00Z,0.9784911
2024-12-26T22:12:00Z,0
2024-12-26T22:48:00Z,0.7859457
2024-12-26T23:24:00Z,0
2024-12-27T00:36:00Z,0.87211114
2024-12-27T01:12:00Z,0
2024-12-27T02:24:00Z,0.8209583
2024-12-27T03:00:00Z,0
2024-12-27T03:36:00Z,0.50219977
2024-12-27T04:12:00Z,0.14630106
2024-12-27T04:48:00Z,0.86248165
2024-12-27T05:24:00Z,0
2024-12-27T06:00:00Z,0.4137917
2024-12-27T07:12:00Z,0.25482324
2024-12-27T07:48:00Z,0.60671914
2024-12-27T09:36:00Z,0.52508104
2024-12-27T10:12:00Z,0.24742524
2024-12-27T10:48:00Z,0.7680723
2024-12-27T11:24:00Z,0
2024-12-27T12:36:00Z,0.117486894
2024-12-27T13:12:00Z,0.75450355
2024-12-27T13:48:00Z,0
2024-12-27T14:24:00Z,0.7721566
2024-12-27T15:00:00Z,0
2024-12-27T16:12:00Z,0.24105431
2024-12-27T17:24:00Z,0.51046145
2024-12-27T18:36:00Z,0.11742113
2024-12-27T19:48:00Z,0.45936546
2024-12-27T20:24:00Z,0.19979988
2024-12-27T21:00:00Z,0.7874694
2024-12-27T21:36:00Z,0
2024-12-27T22:12:00Z,0.9869417
2024-12-27T22:48:00Z,0
2024-12-27T23:24:00Z,0.073581815
2024-12-28T00:00:00Z,0.7445646
2024-12-28T00:36:00Z,0.13549925
2024-12-28T02:24:00Z,0.66454214
2024-12-28T04:12:00Z,0.4552053
2024-12-28T04:48:00Z,0.04148429
2024-12-28T05:24:00Z,0.9742519
2024-12-28T06:00:00Z,0
2024-12-28T06:36:00Z,0.75077087
2024-12-28T07:12:00Z,0
2024-12-28T07:48:00Z,0.58931583
2024-12-28T08:24:00Z,0.13379595
2024-12-28T09:36:00Z,0.82140124
2024-12-28T10:12:00Z,0
2024-12-28T10:48:00Z,0.6526935
2024-12-28T11:24:00Z,0.74557036
2024-12-28T12:00:00Z,0.074846484
2024-12-28T12:36:00Z,0.9388283
2024-12-28T13:12:00Z,0
2024-12-28T14:24:00Z,0.7175691
2024-12-28T15:00:00Z,0.7286341
2024-12-28T15:36:00Z,0.16813551
2024-12-28T16:12:00Z,0.17600113
2024-12-28T16:48:00Z,0.598642
2024-12-28T17:24:00Z,0.32278493
2024-12-28T18:00:00Z,0.72179097
2024-12-28T19:12:00Z,0.02498065
2024-12-28T19:48:00Z,0.76061934
2024-12-28T20:24:00Z,0
2024-12-28T21:00:00Z,0.44825703
2024-12-28T21:36:00Z,0.15108861
2024-12-28T22:48:00Z,0.9327316
2024-12-28T23:24:00Z,0
2024-12-29T00:00:00Z,0.9940239
2024-12-29T00:36:00Z,0
2024-12-29T01:48:00Z,0.69176304
2024-12-29T02:24:00Z,0.08166742
2024-12-29T03:00:00Z,0.45970282
2024-12-29T03:36:00Z,0.3508451
2024-12-29T04:12:00Z,0.8828056
2024-12-29T04:48:00Z,0
2024-12-29T06:00:00Z,0.95714635
2024-12-29T06:36:00Z,0
2024-12-29T07:12:00Z,0.438093
2024-12-29T07:48:00Z,0.21702702
2024-12-29T08:24:00Z,0.7809839
2024-12-29T09:00:00Z,0
2024-12-29T10:12:00Z,0.46028626
2024-12-29T12:00:00Z,0.39709505
2024-12-29T12:36:00Z,0.9208783
2024-12-29T13:12:00Z,0
2024-12-29T13:48:00Z,0.12569489
2024-12-29T14:24:00Z,0.8994947
2024-12-29T15:00:00Z,0
2024-12-29T15:36:00Z,0.9695224
2024-12-29T16:12:00Z,0
2024-12-29T16:48:00Z,0.8755027
2024-12-29T17:24:00Z,0
2024-12-29T18:00:00Z,0.5147125
2024-12-29T18:36:00Z,0.15444489
2024-12-29T19:12:00Z,0.5525104
2024-12-29T19:48:00Z,0.10420571
2024-12-29T20:24:00Z,0.18317309
2024-12-29T21:00:00Z,0.7050865
2024-12-29T21:36:00Z,0.14420536
2024-12-29T22:12:00Z,0.19463757
2024-12-29T22:48:00Z,0.750784
2024-12-29T23:24:00Z,0
2024-12-30T00:36:00Z,0.0016595935
2024-12-30T01:48:00Z,0.35021445
2024-12-30T02:24:00Z,0.94546497
2024-12-30T03:00:00Z,0
2024-12-30T04:48:00Z,0.94621795
2024-12-30T05:24:00Z,0
2024-12-30T06:00:00Z,0.86319727
2024-12-30T06:36:00Z,0
2024-12-30T07:12:00Z,0.7344821
2024-12-30T07:48:00Z,0.27068222
2024-12-30T08:24:00Z,0.37584135
2024-12-30T09:00:00Z,0.9898178
2024-12-30T09:36:00Z,0
2024-12-30T10:12:00Z,0.93136305
2024-12-30T10:48:00Z,0
2024-12-30T11:24:00Z,0.7473997
2024-12-30T12:00:00Z,0.088404186
2024-12-30T12:36:00Z,0.68146604
2024-12-30T13:12:00Z,0.04853432
2024-12-30T14:24:00Z,0.9183167
2024-12-30T15:00:00Z,0
2024-12-30T15:36:00Z,0.011161683
2024-12-30T16:12:00Z,0.8626529
2024-12-30T16:48:00Z,0
2024-12-30T17:24:00Z,0.84507215
2024-12-30T18:00:00Z,0
2024-12-30T18:36:00Z,0.57906467
2024-12-30T20:24:00Z,0.4079504
2024-12-30T21:00:00Z,0.71959573
2024-12-30T21:36:00Z,0.21744147
2024-12-30T22:48:00Z,0.78735965
2024-12-30T23:24:00Z,0
2024-12-31T00:00:00Z,0.7326612
2024-12-31T00:36:00Z,0.07676733
2024-12-31T01:12:00Z,0.8415152
2024-12-31T01:48:00Z,0
2024-12-31T02:24:00Z,0.8201801
2024-12-31T03:00:00Z,0
2024-12-31T03:36:00Z,0.008389336
2024-12-31T04:12:00Z,0.8944759
2024-12-31T04:48:00Z,0
2024-12-31T05:24:00Z,0.844502
2024-12-31T06:00:00Z,0
2024-12-31T07:12:00Z,0.9381153
2024-12-31T07:48:00Z,0
2024-12-31T09:00:00Z,0.32002562
2024-12-31T09:36:00Z,0.9292562
2024-12-31T10:12:00Z,0
2024-12-31T10:48:00Z,0.8036186
2024-12-31T11:24:00Z,0
2024-12-31T12:00:00Z,0.5046238
2024-12-31T13:12:00Z,0.8108903
2024-12-31T13:48:00Z,0
2024-12-31T14:24:00Z,0.9628037
2024-12-31T15:00:00Z,0
2024-12-31T15:36:00Z,0.22406816
2024-12-31T16:12:00Z,0.90201235
2024-12-31T16:48:00Z,0
2024-12-31T17:24:00Z,0.106161796
2024-12-31T18:00:00Z,0.88846165
2024-12-31T18:36:00Z,0
2024-12-31T20:24:00Z,0.498108
2024-12-31T22:48:00Z,0.5504418
2024-12-31T23:24:00Z,0.30974466
2025-01-01T00:36:00Z,0.72011995
2025-01-01T01:12:00Z,0.45162833
2025-01-01T02:24:00Z,0.9268286
2025-01-01T03:00:00Z,0
2025-01-01T04:12:00Z,0.15549141
2025-01-01T04:48:00Z,0.71190184
2025-01-01T05:24:00Z,0.32302058
2025-01-01T06:36:00Z,0.27464986
2025-01-01T07:12:00Z,0.7566241
2025-01-01T07:48:00Z,0
2025-01-01T10:12:00Z,0.80522186
2025-01-01T10:48:00Z,0
2025-01-01T11:24:00Z,0.5653842
2025-01-01T12:36:00Z,0.20979762
2025-01-01T13:48:00Z,0.71966213
2025-01-01T15:00:00Z,0.10008949
2025-01-01T16:48:00Z,0.86001056
2025-01-01T17:24:00Z,0
2025-01-01T18:36:00Z,0.44137478
2025-01-01T19:12:00Z,0.039061397
2025-01-01T19:48:00Z,0.6662884
2025-01-01T21:00:00Z,0.34108126
2025-01-01T21:36:00Z,0.7472864
2025-01-01T22:12:00Z,0.33854133
2025-01-01T22:48:00Z,0.969478
2025-01-01T23:24:00Z,0
2025-01-02T00:36:00Z,0.49026322
2025-01-02T01:48:00Z,0.17613898
2025-01-02T03:00:00Z,0.9628832
2025-01-02T03:36:00Z,0
2025-01-02T04:12:00Z,0.6770934
2025-01-02T05:24:00Z,0.76423043
2025-01-02T06:00:00Z,0
2025-01-02T06:36:00Z,0.5522982
2025-01-02T07:48:00Z,0.3893517
2025-01-02T08:24:00Z,0.6702341
2025-01-02T09:00:00Z,0.25397277
2025-01-02T09:36:00Z,0.8610334
2025-01-02T10:12:00Z,0
2025-01-02T10:48:00Z,0.46333048
2025-01-02T12:00:00Z,0.04121763
2025-01-02T12:36:00Z,0.64822614
2025-01-02T13:48:00Z,0.023766859
2025-01-02T16:12:00Z,0.88737315
2025-01-02T16:48:00Z,0
2025-01-02T17:24:00Z,0.78013724
2025-01-02T18:00:00Z,0
2025-01-02T18:36:00Z,0.32397547
2025-01-02T19:48:00Z,0.18591212
2025-01-02T20:24:00Z,0.9338215
2025-01-02T21:00:00Z,0
2025-01-02T21:36:00Z,0.7585329
2025-01-02T22:12:00Z,0
2025-01-02T22:48:00Z,0.27499974
2025-01-02T23:24:00Z,0.02500283
2025-01-03T00:00:00Z,0.96751386
2025-01-03T00:36:00Z,0
2025-01-03T01:12:00Z,0.92360204
2025-01-03T01:48:00Z,0
2025-01-03T03:00:00Z,0.06615842
2025-01-03T03:36:00Z,0.88317454
2025-01-03T04:12:00Z,0
2025-01-03T04:48:00Z,0.39580536
2025-01-03T06:00:00Z,0.05747341
2025-01-03T07:12:00Z,0.55307335
2025-01-03T07:48:00Z,0.16473745
2025-01-03T09:00:00Z,0.9630909
2025-01-03T09:36:00Z,0
2025-01-03T10:12:00Z,0.71379685
2025-01-03T10:48:00Z,0.09645534
2025-01-03T11:24:00Z,0.14781842
2025-01-03T12:00:00Z,0.6123282
2025-01-03T12:36:00Z,0.31360066
2025-01-03T13:12:00Z,0.8074645
2025-01-03T13:48:00Z,0
2025-01-03T14:24:00Z,0.58762735
2025-01-03T15:00:00Z,0.24786736
2025-01-03T15:36:00Z,0.7742682
2025-01-03T16:12:00Z,0
2025-01-03T18:00:00Z,0.18409736
2025-01-03T18:36:00Z,0.9942847
2025-01-03T19:12:00Z,0
2025-01-03T19:48:00Z,0.7030451
2025-01-03T21:00:00Z,0.6841555
2025-01-03T22:12:00Z,0.22329274
2025-01-03T22:48:00Z,0.66308373
2025-01-03T23:24:00Z,0.25074404
2025-01-04T00:00:00Z,0.89824295
2025-01-04T00:36:00Z,0
2025-01-04T01:12:00Z,0.07327285
2025-01-04T02:24:00Z,0.67045516
2025-01-04T03:36:00Z,0.87462807
2025-01-04T04:12:00Z,0
2025-01-04T04:48:00Z,0.9527317
2025-01-04T05:24:00Z,0
2025-01-04T06:00:00Z,0.8829074
2025-01-04T06:36:00Z,0
2025-01-04T08:24:00Z,0.8594128
2025-01-04T09:00:00Z,0
2025-01-04T09:36:00Z,0.55106694
2025-01-04T10:12:00Z,0.22495468
2025-01-04T11:24:00Z,0.73294574
2025-01-04T13:12:00Z,0.3221673
2025-01-04T14:24:00Z,0.32810104
2025-01-04T16:12:00Z,0.045461915
2025-01-04T17:24:00Z,0.8223443
2025-01-04T18:00:00Z,0
2025-01-04T18:36:00Z,0.5972332
2025-01-04T19:12:00Z,0.43650046
2025-01-04T20:24:00Z,0.592968
2025-01-04T21:00:00Z,0.09313115
2025-01-04T22:12:00Z,0.34623203
2025-01-04T22:48:00Z,0.8256926
2025-01-04T23:24:00Z,0
2025-01-05T00:00:00Z,0.1629572
2025-01-05T00:36:00Z,0.8333396
2025-01-05T01:12:00Z,0
2025-01-05T01:48:00Z,0.8782181
2025-01-05T02:24:00Z,0
2025-01-05T03:00:00Z,0.042394973
2025-01-05T03:36:00Z,0.927401
2025-01-05T04:12:00Z,0
2025-01-05T05:24:00Z,0.65664625
2025-01-05T06:00:00Z,0.067776255
2025-01-05T07:12:00Z,0.9223022
2025-01-05T07:48:00Z,0
2025-01-05T08:24:00Z,0.5255818
2025-01-05T09:00:00Z,0.58448666
2025-01-05T09:36:00Z,0.12884063
2025-01-05T10:12:00Z,0.7302226
2025-01-05T11:24:00Z,0.38363734
2025-01-05T12:00:00Z,0.9086871
2025-01-05T12:36:00Z,0
2025-01-05T13:48:00Z,0.85533315
2025-01-05T14:24:00Z,0
2025-01-05T15:36:00Z,0.8369128
2025-01-05T16:12:00Z,0
2025-01-05T16:48:00Z,0.53743017
2025-01-05T18:36:00Z,0.39054188
2025-01-05T19:48:00Z,0.02578844
2025-01-05T21:00:00Z,0.294611
2025-01-05T21:36:00Z,0.03449473
2025-01-05T22:12:00Z,0.9660841
2025-01-05T22:48:00Z,0
2025-01-06T01:12:00Z,0.122182675
2025-01-06T01:48:00Z,0.7055018
2025-01-06T02:24:00Z,0.583681
2025-01-06T03:00:00Z,0.9557577
2025-01-06T03:36:00Z,0
2025-01-06T04:12:00Z,0.47338125
2025-01-06T06:00:00Z,0.11332701
2025-01-06T07:12:00Z,0.78322023
2025-01-06T07:48:00Z,0
2025-01-06T09:00:00Z,0.042608697
2025-01-06T09:36:00Z,0.4811644
2025-01-06T10:12:00Z,0.02107772
2025-01-06T10:48:00Z,0.69360113
2025-01-06T12:00:00Z,0.01243854
2025-01-06T13:12:00Z,0.75416297
2025-01-06T13:48:00Z,0
2025-01-06T14:24:00Z,0.5454386
2025-01-06T15:00:00Z,0.33063424
2025-01-06T15:36:00Z,0.8006486
2025-01-06T16:12:00Z,0
2025-01-06T17:24:00Z,0.16749115
2025-01-06T18:00:00Z,0.9483315
2025-01-06T18:36:00Z,0
2025-01-06T21:00:00Z,0.8994848
2025-01-06T21:36:00Z,0
2025-01-06T22:48:00Z,0.54613775
2025-01-06T23:24:00Z,0.40218928
2025-01-07T00:00:00Z,0.87420064
2025-01-07T00:36:00Z,0
2025-01-07T01:12:00Z,0.45859346
2025-01-07T01:48:00Z,0.11495241
2025-01-07T03:00:00Z,0.040307216
2025-01-07T03:36:00Z,0.72047526
2025-01-07T04:12:00Z,0.8902989
2025-01-07T04:48:00Z,0
2025-01-07T05:24:00Z,0.65351486
2025-01-07T06:00:00Z,0.8689587
2025-01-07T06:36:00Z,0
2025-01-07T07:12:00Z,0.76309335
2025-01-07T07:48:00Z,0
2025-01-07T09:36:00Z,0.41154754
2025-01-07T10:12:00Z,0.17416804
2025-01-07T10:48:00Z,0.8414565
2025-01-07T11:24:00Z,0
2025-01-07T12:00:00Z,0.7912489
2025-01-07T12:36:00Z,0
2025-01-07T13:12:00Z,0.80922943
2025-01-07T13:48:00Z,0
2025-01-07T14:24:00Z,0.8629497
2025-01-07T15:00:00Z,0
2025-01-07T15:36:00Z,0.45886266
2025-01-07T16:48:00Z,0.57624155
2025-01-07T17:24:00Z,0.9815991
2025-01-07T18:00:00Z,0
2025-01-07T18:36:00Z,0.9544336
2025-01-07T19:12:00Z,0
2025-01-07T20:24:00Z,0.80868745
2025-01-07T21:00:00Z,0
2025-01-07T22:12:00Z,0.2623772
2025-01-07T22:48:00Z,0.8915643
2025-01-07T23:24:00Z,0
2025-01-08T00:00:00Z,0.7917067
2025-01-08T00:36:00Z,0
2025-01-08T01:48:00Z,0.83344585
2025-01-08T02:24:00Z,0
2025-01-08T03:36:00Z,0.9502949
2025-01-08T04:12:00Z,0
2025-01-08T04:48:00Z,0.6627949
2025-01-08T06:36:00Z,0.37347525
2025-01-08T07:12:00Z,0.68889
2025-01-08T07:48:00Z,0.24022335
2025-01-08T09:00:00Z,0.943578
2025-01-08T09:36:00Z,0
2025-01-08T10:12:00Z,0.87595224
2025-01-08T10:48:00Z,0
2025-01-08T11:24:00Z,0.7097852
2025-01-08T12:00:00Z,0.045149513
2025-01-08T13:12:00Z,0.26233238
2025-01-08T13:48:00Z,0.8114513
2025-01-08T14:24:00Z,0
2025-01-08T15:00:00Z,0.88177043
2025-01-08T15:36:00Z,0
2025-01-08T16:48:00Z,0.55596745
2025-01-08T18:00:00Z,0.38542438
2025-01-08T18:36:00Z,0.87937415
2025-01-08T19:12:00Z,0
2025-01-08T20:24:00Z,0.7270816
2025-01-08T21:00:00Z,0.11581765
2025-01-08T21:36:00Z,0.5235634
2025-01-08T23:24:00Z,0.07212833
2025-01-09T01:12:00Z,0.53611547
2025-01-09T02:24:00Z,0.01985747
2025-01-09T03:36:00Z,0.75593764
2025-01-09T04:12:00Z,0
2025-01-09T04:48:00Z,0.7954014
2025-01-09T05:24:00Z,0
2025-01-09T06:36:00Z,0.83456224
2025-01-09T07:12:00Z,0
2025-01-09T07:48:00Z,0.83566636
2025-01-09T08:24:00Z,0
2025-01-09T09:00:00Z,0.9854449
2025-01-09T09:36:00Z,0
2025-01-09T11:24:00Z,0.7126959
2025-01-09T12:00:00Z,0.09712848
2025-01-09T12:36:00Z,0.14848495
2025-01-09T13:12:00Z,0.76567554
2025-01-09T13:48:00Z,0
2025-01-09T15:00:00Z,0.76799524
2025-01-09T15:36:00Z,0
2025-01-09T16:12:00Z,0.752925
2025-01-09T16:48:00Z,0
2025-01-09T18:00:00Z,0.8094414
2025-01-09T18:36:00Z,0
2025-01-09T19:12:00Z,0.718813
2025-01-09T19:48:00Z,0.77807003
2025-01-09T20:24:00Z,0
2025-01-09T21:36:00Z,0.5773566
2025-01-10T01:48:00Z,0.43751472
2025-01-10T03:00:00Z,0.99050105
2025-01-10T03:36:00Z,0
2025-01-10T04:12:00Z,0.5989509
2025-01-10T05:24:00Z,0.55584157
2025-01-10T06:00:00Z,0.16176967
2025-01-10T07:12:00Z,0.96935874
2025-01-10T07:48:00Z,0
2025-01-10T08:24:00Z,0.6835385
2025-01-10T09:36:00Z,0.8198914
2025-01-10T10:12:00Z,0
2025-01-10T12:00:00Z,0.8176634
2025-01-10T12:36:00Z,0
2025-01-10T14:24:00Z,0.115973555
2025-01-10T16:12:00Z,0.8969965
2025-01-10T16:48:00Z,0
2025-01-10T17:24:00Z,0.95821047
2025-01-10T18:00:00Z,0
2025-01-10T19:12:00Z,0.8018058
2025-01-10T19:48:00Z,0
2025-01-10T21:00:00Z,0.4016245
2025-01-10T21:36:00Z,0.5036408
2025-01-10T22:12:00Z,0.11712506
2025-01-11T00:36:00Z,0.28207806
2025-01-11T01:48:00Z,0.39373177
2025-01-11T03:36:00Z,0.45410907
2025-01-11T04:12:00Z,0.97646874
2025-01-11T04:48:00Z,0
2025-01-11T05:24:00Z,0.60209084
2025-01-11T06:00:00Z,0.17303139
2025-01-11T06:36:00Z,0.83454067
2025-01-11T07:12:00Z,0
2025-01-11T08:24:00Z,0.7986499
2025-01-11T09:00:00Z,0
2025-01-11T09:36:00Z,0.67723215
2025-01-11T10:12:00Z,0.44946858
2025-01-11T10:48:00Z,0.84771806
2025-01-11T11:24:00Z,0
2025-01-11T12:00:00Z,0.27886945
2025-01-11T12:36:00Z,0.022367733
2025-01-11T13:48:00Z,0.69225883
2025-01-11T15:00:00Z,0.6766266
2025-01-11T16:12:00Z,0.2675379
2025-01-11T16:48:00Z,0.5142716
2025-01-11T18:36:00Z,0.020054448
2025-01-11T19:12:00Z,0.49185118
2025-01-11T19:48:00Z,0.16630645
2025-01-11T20:24:00Z,0.6863784
2025-01-11T21:00:00Z,0.38280416
2025-01-11T21:36:00Z,0.79910505
2025-01-11T22:12:00Z,0
2025-01-11T22:48:00Z,0.7476845
2025-01-11T23:24:00Z,0.7817874
2025-01-12T00:00:00Z,0
2025-01-12T00:36:00Z,0.4583488
2025-01-12T01:12:00Z,0.27121115
2025-01-12T01:48:00Z,0.8664676
2025-01-12T02:24:00Z,0
2025-01-12T03:00:00Z,0.017181182
2025-01-12T03:36:00Z,0.5755861
2025-01-12T04:12:00Z,0.2979694
2025-01-12T04:48:00Z,0.77220047
2025-01-12T05:24:00Z,0
2025-01-12T06:00:00Z,0.6583768
2025-01-12T07:12:00Z,0.072106354
2025-01-12T07:48:00Z,0.82199264
2025-01-12T08:24:00Z,0
2025-01-12T09:36:00Z,0.5974246
2025-01-12T11:24:00Z,0.30731064
2025-01-12T12:00:00Z,0.52782184
2025-01-12T12:36:00Z,0.040511515
2025-01-12T13:12:00Z,0.81708795
2025-01-12T13:48:00Z,0
2025-01-12T14:24:00Z,0.35697567
2025-01-12T15:00:00Z,0.23511492
2025-01-12T15:36:00Z,0.90459114
2025-01-12T16:12:00Z,0
2025-01-12T16:48:00Z,0.22100879
2025-01-12T17:24:00Z,0.92210454
2025-01-12T18:00:00Z,0
2025-01-12T22:12:00Z,0.552701
2025-01-12T23:24:00Z,0.3751296
2025-01-13T00:36:00Z,0.23843236
2025-01-13T01:48:00Z,0.42419606
2025-01-13T02:24:00Z,0.93072665
2025-01-13T03:00:00Z,0
2025-01-13T04:12:00Z,0.8090607
2025-01-13T04:48:00Z,0
2025-01-13T05:24:00Z,0.55091155
2025-01-13T06:00:00Z,0.17580123
2025-01-13T06:36:00Z,0.91273874
2025-01-13T07:12:00Z,0
2025-01-13T08:24:00Z,0.8894278
2025-01-13T09:00:00Z,0
2025-01-13T10:12:00Z,0.8608367
2025-01-13T10:48:00Z,0
2025-01-13T11:24:00Z,0.8233977
2025-01-13T12:00:00Z,0
2025-01-13T13:12:00Z,0.38192916
2025-01-13T13:48:00Z,0.16765545
2025-01-13T14:24:00Z,0.82594126
2025-01-13T15:00:00Z,0
2025-01-13T15:36:00Z,0.87213296
2025-01-13T16:12:00Z,0
2025-01-13T16:48:00Z,0.25317034
2025-01-13T17:24:00Z,0.026836103
2025-01-13T18:00:00Z,0.93527967
2025-01-13T18:36:00Z,0
2025-01-13T19:12:00Z,0.9817024
2025-01-13T19:48:00Z,0
2025-01-13T21:00:00Z,0.7897926
2025-01-13T21:36:00Z,0
2025-01-13T22:48:00Z,0.5705035
2025-01-13T23:24:00Z,0.18121089
2025-01-14T00:00:00Z,0.9595777
2025-01-14T00:36:00Z,0
2025-01-14T01:12:00Z,0.31256986
2025-01-14T01:48:00Z,0.027628986
2025-01-14T02:24:00Z,0.8443871
2025-01-14T03:00:00Z,0
2025-01-14T04:12:00Z,0.5786598
2025-01-14T05:24:00Z,0.096427135
2025-01-14T07:12:00Z,0.76484776
2025-01-14T07:48:00Z,0
2025-01-14T08:24:00Z,0.3547324
2025-01-14T09:00:00Z,0.18690747
2025-01-14T09:36:00Z,0.6541969
2025-01-14T10:12:00Z,0.1310387
2025-01-14T10:48:00Z,0.058623463
2025-01-14T11:24:00Z,0.92750704
2025-01-14T12:00:00Z,0
2025-01-14T15:36:00Z,0.37686184
2025-01-14T16:12:00Z,0.2507095
2025-01-14T16:48:00Z,0.5876331
2025-01-14T17:24:00Z,0.23805635
2025-01-14T19:12:00Z,0.88589126
2025-01-14T19:48:00Z,0
2025-01-14T20:24:00Z,0.7966752
2025-01-14T21:00:00Z,0
2025-01-14T21:36:00Z,0.116631605
2025-01-14T22:12:00Z,0.96056086
2025-01-14T22:48:00Z,0
2025-01-14T23:24:00Z,0.42868245
2025-01-15T00:36:00Z,0.5232961
2025-01-15T01:12:00Z,0.23279539
2025-01-15T01:48:00Z,0.9246224
2025-01-15T02:24:00Z,0
2025-01-15T04:12:00Z,0.6238911
2025-01-15T04:48:00Z,0.028940888
2025-01-15T06:00:00Z,0.71627516
2025-01-15T06:36:00Z,0.5349782
2025-01-15T07:12:00Z,0.9097072
2025-01-15T07:48:00Z,0
2025-01-15T08:24:00Z,0.61226714
2025-01-15T09:36:00Z,0.040223464
2025-01-15T10:12:00Z,0.45710075
2025-01-15T11:24:00Z,0.4175731
2025-01-15T12:00:00Z,0.075129814
2025-01-15T12:36:00Z,0.8713163
2025-01-15T13:12:00Z,0
2025-01-15T13:48:00Z,0.86883616
2025-01-15T14:24:00Z,0
2025-01-15T16:12:00Z,0.49145868
2025-01-15T16:48:00Z,0.042213783
2025-01-15T17:24:00Z,0.8203899
2025-01-15T18:00:00Z,0
2025-01-15T18:36:00Z,0.8802615
2025-01-15T19:12:00Z,0
2025-01-15T20:24:00Z,0.8231609
2025-01-15T21:00:00Z,0
2025-01-15T22:12:00Z,0.14611652
2025-01-15T23:24:00Z,0.68027157
2025-01-16T00:00:00Z,0.207108
2025-01-16T00:36:00Z,0.21429475
2025-01-16T01:12:00Z,0.7411252
2025-01-16T01:48:00Z,0.058437284
2025-01-16T02:24:00Z,0.035120804
2025-01-16T03:00:00Z,0.8688559
2025-01-16T03:36:00Z,0
2025-01-16T04:12:00Z,0.88643575
2025-01-16T04:48:00Z,0
2025-01-16T06:00:00Z,0.3809368
2025-01-16T07:48:00Z,0.2441055
2025-01-16T08:24:00Z,0.7006768
2025-01-16T09:36:00Z,0.13962282
2025-01-16T10:12:00Z,0.64451313
2025-01-16T12:00:00Z,0.23687032
2025-01-16T12:36:00Z,0.94384736
2025-01-16T13:12:00Z,0
2025-01-16T14:24:00Z,0.30624527
2025-01-16T15:00:00Z,0.11576143
2025-01-16T15:36:00Z,0.9305221
2025-01-16T16:12:00Z,0
2025-01-16T17:24:00Z,0.8084851
2025-01-16T18:00:00Z,0
2025-01-16T18:36:00Z,0.763613
2025-01-16T19:12:00Z,0
2025-01-16T20:24:00Z,0.0378211
2025-01-16T21:00:00Z,0.7860254
2025-01-16T21:36:00Z,0
2025-01-16T22:12:00Z,0.69913274
2025-01-16T22:48:00Z,0.20257623
2025-01-16T23:24:00Z,0.97088283
2025-01-17T00:00:00Z,0
2025-01-17T00:36:00Z,0.7399808
2025-01-17T01:48:00Z,0.20635723
2025-01-17T02:24:00Z,0.71416456
2025-01-17T03:36:00Z,0.2066372
2025-01-17T04:48:00Z,0.94644004
2025-01-17T05:24:00Z,0
2025-01-17T06:00:00Z,0.11436746
2025-01-17T06:36:00Z,0.9364939
2025-01-17T07:12:00Z,0
2025-01-17T07:48:00Z,0.6208468
2025-01-17T08:24:00Z,0.21005172
2025-01-17T09:00:00Z,0.6556857
2025-01-17T09:36:00Z,0.11544019
2025-01-17T11:24:00Z,0.6055677
2025-01-17T12:00:00Z,0.12202233
2025-01-17T12:36:00Z,0.44964194
2025-01-17T13:12:00Z,0.35670435
2025-01-17T13:48:00Z,0.9012001
2025-01-17T14:24:00Z,0
2025-01-17T15:36:00Z,0.5342623
2025-01-17T16:12:00Z,0.4403215
2025-01-17T16:48:00Z,0.74858445
2025-01-17T18:00:00Z,0.050134085
2025-01-17T18:36:00Z,0.8129899
2025-01-17T19:12:00Z,0
2025-01-17T19:48:00Z,0.42702058
2025-01-17T21:00:00Z,0.09739015
2025-01-17T21:36:00Z,0.74728537
2025-01-18T00:00:00Z,0.1469473
2025-01-18T01:12:00Z,0.5822409
2025-01-18T02:24:00Z,0.7532704
2025-01-18T03:00:00Z,0
2025-01-18T03:36:00Z,0.9433924
2025-01-18T04:12:00Z,0
2025-01-18T04:48:00Z,0.6754937
2025-01-18T05:24:00Z,0.80247617
2025-01-18T06:00:00Z,0
2025-01-18T06:36:00Z,0.8526539
2025-01-18T07:12:00Z,0
2025-01-18T07:48:00Z,0.048399337
2025-01-18T09:00:00Z,0.9810175
2025-01-18T09:36:00Z,0
2025-01-18T10:48:00Z,0.7555149
2025-01-18T11:24:00Z,0
2025-01-18T12:00:00Z,0.7170569
2025-01-18T12:36:00Z,0.81818694
2025-01-18T13:12:00Z,0
2025-01-18T13:48:00Z,0.5859971
2025-01-18T14:24:00Z,0.5718092
2025-01-18T15:00:00Z,0.9961026
2025-01-18T15:36:00Z,0
2025-01-18T16:48:00Z,0.98550385
2025-01-18T17:24:00Z,0
2025-01-18T18:00:00Z,0.5199213
2025-01-18T18:36:00Z,0.29733127
2025-01-18T19:12:00Z,0.8815722
2025-01-18T19:48:00Z,0
2025-01-18T20:24:00Z,0.54688275
2025-01-18T21:00:00Z,0.23955189
2025-01-18T21:36:00Z,0.8208187
2025-01-18T22:12:00Z,0
2025-01-18T23:24:00Z,0.917062
2025-01-19T00:00:00Z,0
2025-01-19T00:36:00Z,0.82205445
2025-01-19T01:12:00Z,0
2025-01-19T01:48:00Z,0.6239866
2025-01-19T02:24:00Z,0.76583403
2025-01-19T03:00:00Z,0
2025-01-19T04:12:00Z,0.34909913
2025-01-19T04:48:00Z,0.017915519
2025-01-19T06:00:00Z,0.9331129
2025-01-19T06:36:00Z,0
2025-01-19T07:12:00Z,0.6600943
2025-01-19T07:48:00Z,0.26765576
2025-01-19T08:24:00Z,0.79516023
2025-01-19T09:00:00Z,0
2025-01-19T10:12:00Z,0.9389641
2025-01-19T10:48:00Z,0
2025-01-19T11:24:00Z,0.65915126
2025-01-19T12:36:00Z,0.65424603
2025-01-19T13:12:00Z,0.18744034
2025-01-19T13:48:00Z,0.9519371
2025-01-19T14:24:00Z,0
2025-01-19T15:36:00Z,0.961319
2025-01-19T16:12:00Z,0
2025-01-19T18:00:00Z,0.3517375
2025-01-19T18:36:00Z,0.2109209
2025-01-19T19:48:00Z,0.9643973
2025-01-19T20:24:00Z,0
2025-01-19T22:12:00Z,0.93213284
2025-01-19T22:48:00Z,0
2025-01-20T00:00:00Z,0.15034162
2025-01-20T01:12:00Z,0.88280076
2025-01-20T01:48:00Z,0
2025-01-20T02:24:00Z,0.39089233
2025-01-20T03:36:00Z,0.2634991
2025-01-20T04:12:00Z,0.7407169
2025-01-20T04:48:00Z,0.4488542
2025-01-20T06:36:00Z,0.55757385
2025-01-20T07:12:00Z,0.19758648
2025-01-20T09:36:00Z,0.8953897
2025-01-20T10:12:00Z,0
2025-01-20T10:48:00Z,0.9485002
2025-01-20T11:24:00Z,0
2025-01-20T12:00:00Z,0.20541582
2025-01-20T12:36:00Z,0.9051714
2025-01-20T13:12:00Z,0
2025-01-20T13:48:00Z,0.7786893
2025-01-20T14:24:00Z,0
2025-01-20T15:36:00Z,0.70369285
2025-01-20T16:48:00Z,0.77149355
2025-01-20T17:24:00Z,0
2025-01-20T18:36:00Z,0.8060899
2025-01-20T19:12:00Z,0
2025-01-20T19:48:00Z,0.50726086
2025-01-20T20:24:00Z,0.21206678
2025-01-20T21:00:00Z,0.61959714
2025-01-20T22:12:00Z,0.005573062
2025-01-20T23:24:00Z,0.5958889
2025-01-21T00:36:00Z,0.88585037
2025-01-21T01:12:00Z,0
2025-01-21T01:48:00Z,0.8521812
2025-01-21T02:24:00Z,0
2025-01-21T03:36:00Z,0.62407523
2025-01-21T04:12:00Z,0.12984791
2025-01-21T04:48:00Z,0.76365757
2025-01-21T05:24:00Z,0
2025-01-21T06:00:00Z,0.6504726
2025-01-21T06:36:00Z,0.5041013
2025-01-21T07:12:00Z,0.82152486
2025-01-21T07:48:00Z,0
2025-01-21T08:24:00Z,0.44256717
2025-01-21T09:36:00Z,0.05572635
2025-01-21T10:12:00Z,0.81735784
2025-01-21T10:48:00Z,0
2025-01-21T11:24:00Z,0.77470064
2025-01-21T12:00:00Z,0
2025-01-21T12:36:00Z,0.91300434
2025-01-21T13:12:00Z,0
2025-01-21T13:48:00Z,0.5224049
2025-01-21T15:36:00Z,0.3794098
2025-01-21T16:12:00Z,0.63852537
2025-01-21T16:48:00Z,0.1420424
2025-01-21T17:24:00Z,0.65527
2025-01-21T18:36:00Z,0.87449473
2025-01-21T19:12:00Z,0
2025-01-21T21:36:00Z,0.8627754
2025-01-21T22:12:00Z,0
2025-01-21T23:24:00Z,0.08479196
2025-01-22T00:00:00Z,0.9648674
2025-01-22T00:36:00Z,0
2025-01-22T01:12:00Z,0.0013031275
2025-01-22T01:48:00Z,0.6036578
2025-01-22T02:24:00Z,0.53314114
2025-01-22T03:00:00Z,0.9999457
2025-01-22T03:36:00Z,0
2025-01-22T04:12:00Z,0.6587291
2025-01-22T04:48:00Z,0.79697967
2025-01-22T05:24:00Z,0
2025-01-22T06:00:00Z,0.9093259
2025-01-22T06:36:00Z,0
2025-01-22T07:48:00Z,0.55355406
2025-01-22T08:24:00Z,0.012120842
2025-01-22T09:00:00Z,0.078891754
2025-01-22T09:36:00Z,0.6524261
2025-01-22T12:00:00Z,0.19740188
2025-01-22T14:24:00Z,0.91759914
2025-01-22T15:00:00Z,0
2025-01-22T16:12:00Z,0.033060197
2025-01-22T16:48:00Z,0.8728334
2025-01-22T17:24:00Z,0
2025-01-22T18:36:00Z,0.586538
2025-01-22T19:48:00Z,0.25383425
2025-01-22T20:24:00Z,0.50733364
2025-01-22T21:00:00Z,0.06747602
2025-01-22T22:12:00Z,0.59426105
2025-01-22T22:48:00Z,0.051571786
2025-01-22T23:24:00Z,0.2785921
2025-01-23T00:00:00Z,0.07988089
2025-01-23T01:12:00Z,0.7190997
2025-01-23T01:48:00Z,0.04141176
2025-01-23T04:12:00Z,0.76388425
2025-01-23T04:48:00Z,0
2025-01-23T05:24:00Z,0.32331708
2025-01-23T06:00:00Z,0.0055747046
2025-01-23T06:36:00Z,0.4229043
2025-01-23T07:12:00Z,0.092486635
2025-01-23T07:48:00Z,0.9399674
2025-01-23T08:24:00Z,0
2025-01-23T09:00:00Z,0.040847417
2025-01-23T09:36:00Z,0.9356885
2025-01-23T10:12:00Z,0
2025-01-23T11:24:00Z,0.5389545
2025-01-23T12:00:00Z,0.402787
2025-01-23T12:36:00Z,0.9445957
2025-01-23T13:12:00Z,0
2025-01-23T13:48:00Z,0.34214458
2025-01-23T14:24:00Z,0.21648571
2025-01-23T15:00:00Z,0.7861928
2025-01-23T15:36:00Z,0
2025-01-23T16:12:00Z,0.8992555
2025-01-23T16:48:00Z,0
2025-01-23T17:24:00Z,0.890214
2025-01-23T18:00:00Z,0
2025-01-23T18:36:00Z,0.53309363
2025-01-23T19:12:00Z,0.1528602
2025-01-23T19:48:00Z,0.96472496
2025-01-23T20:24:00Z,0
2025-01-23T21:36:00Z,0.95843863
2025-01-23T22:12:00Z,0
2025-01-23T22:48:00Z,0.79903716
2025-01-23T23:24:00Z,0
2025-01-24T00:00:00Z,0.74550724
2025-01-24T00:36:00Z,0.26485306
2025-01-24T01:12:00Z,0.9519843
2025-01-24T01:48:00Z,0
2025-01-24T03:00:00Z,0.64275205
2025-01-24T03:36:00Z,0.078199446
2025-01-24T04:48:00Z,0.85573757
2025-01-24T05:24:00Z,0
2025-01-24T06:00:00Z,0.90068334
2025-01-24T06:36:00Z,0
2025-01-24T07:12:00Z,0.49986547
2025-01-24T07:48:00Z,0.5665664
2025-01-24T09:00:00Z,0.06553368
2025-01-24T09:36:00Z,0.8121535
2025-01-24T10:12:00Z,0
2025-01-24T10:48:00Z,0.6865774
2025-01-24T12:00:00Z,0.46690497
2025-01-24T12:36:00Z,0.900737
2025-01-24T13:12:00Z,0
2025-01-24T15:00:00Z,0.86509955
2025-01-24T15:36:00Z,0
2025-01-24T16:12:00Z,0.4684811
2025-01-24T16:48:00Z,0.26380974
2025-01-24T17:24:00Z,0.94000024
2025-01-24T18:00:00Z,0
2025-01-24T19:12:00Z,0.014668928
2025-01-24T19:48:00Z,0.84421533
2025-01-24T20:24:00Z,0
2025-01-24T21:36:00Z,0.37096468
2025-01-24T22:12:00Z,0.28116482
2025-01-24T22:48:00Z,0.594719
2025-01-25T00:00:00Z,0.18906496
2025-01-25T00:36:00Z,0.92863774
2025-01-25T01:12:00Z,0
2025-01-25T01:48:00Z,0.5788404
2025-01-25T03:36:00Z,0.37448582
2025-01-25T04:12:00Z,0.16278067
2025-01-25T05:24:00Z,0.7726556
2025-01-25T06:00:00Z,0
2025-01-25T06:36:00Z,0.5971533
2025-01-25T07:12:00Z,0.6830113
2025-01-25T09:00:00Z,0.06115817
2025-01-25T09:36:00Z,0.5233677
2025-01-25T10:12:00Z,0.21729137
2025-01-25T10:48:00Z,0.616974
2025-01-25T11:24:00Z,0.3496487
2025-01-25T12:36:00Z,0.6085129
2025-01-25T13:12:00Z,0.18955305
2025-01-25T13:48:00Z,0.9159432
2025-01-25T14:24:00Z,0
2025-01-25T15:36:00Z,0.7651825
2025-01-25T16:12:00Z,0
2025-01-25T16:48:00Z,0.6810489
2025-01-25T17:24:00Z,0.5499914
2025-01-25T18:00:00Z,0.89235187
2025-01-25T18:36:00Z,0
2025-01-25T20:24:00Z,0.8940516
2025-01-25T21:00:00Z,0
2025-01-25T21:36:00Z,0.712198
2025-01-25T22:12:00Z,0.52429664
2025-01-25T22:48:00Z,0.87865144
2025-01-25T23:24:00Z,0
2025-01-26T00:36:00Z,0.7858822
2025-01-26T01:12:00Z,0
2025-01-26T01:48:00Z,0.6804138
2025-01-26T02:24:00Z,0.9205216
2025-01-26T03:00:00Z,0
2025-01-26T03:36:00Z,0.91170627
2025-01-26T04:12:00Z,0
2025-01-26T05:24:00Z,0.74075115
2025-01-26T06:00:00Z,0.43090874
2025-01-26T07:48:00Z,0.6495558
2025-01-26T08:24:00Z,0.24186821
2025-01-26T09:36:00Z,0.6375455
2025-01-26T10:12:00Z,0.24743664
2025-01-26T10:48:00Z,0.74735487
2025-01-26T12:00:00Z,0.062479597
2025-01-26T13:12:00Z,0.45732605
2025-01-26T13:48:00Z,0.07585339
2025-01-26T15:00:00Z,0.7320023
2025-01-26T15:36:00Z,0.050246757
2025-01-26T16:48:00Z,0.7158807
2025-01-26T19:48:00Z,0.34714964
2025-01-26T21:00:00Z,0.02253159
2025-01-26T21:36:00Z,0.50934285
2025-01-27T00:00:00Z,0.71467054
2025-01-27T00:36:00Z,0.13667049
2025-01-27T02:24:00Z,0.44584176
2025-01-27T03:00:00Z,0.8861449
2025-01-27T03:36:00Z,0
2025-01-27T04:12:00Z,0.91725135
2025-01-27T04:48:00Z,0
2025-01-27T05:24:00Z,0.7727525
2025-01-27T06:00:00Z,0
2025-01-27T06:36:00Z,0.71815723
2025-01-27T07:12:00Z,0.15443079
2025-01-27T09:00:00Z,0.62672347
2025-01-27T09:36:00Z,0.24779102
2025-01-27T10:48:00Z,0.55529
2025-01-27T11:24:00Z,0.0010582255
2025-01-27T12:36:00Z,0.9236344
2025-01-27T13:12:00Z,0
2025-01-27T15:00:00Z,0.64329004
2025-01-27T16:12:00Z,0.1392195
2025-01-27T17:24:00Z,0.9744499
2025-01-27T18:00:00Z,0
2025-01-27T18:36:00Z,0.49299362
2025-01-27T19:12:00Z,0.27813944
2025-01-27T21:00:00Z,0.9239889
2025-01-27T21:36:00Z,0
2025-01-27T22:48:00Z,0.97103375
2025-01-27T23:24:00Z,0
2025-01-28T00:36:00Z,0.7809785
2025-01-28T01:12:00Z,0
2025-01-28T01:48:00Z,0.9366763
2025-01-28T02:24:00Z,0
2025-01-28T03:00:00Z,0.1929143
2025-01-28T03:36:00Z,0.786666
2025-01-28T04:12:00Z,0
2025-01-28T05:24:00Z,0.11787509
2025-01-28T06:00:00Z,0.6386606
2025-01-28T06:36:00Z,0.19257045
2025-01-28T09:36:00Z,0.17215562
2025-01-28T10:12:00Z,0.009528406
2025-01-28T10:48:00Z,0.9162598
2025-01-28T11:24:00Z,0
2025-01-28T12:36:00Z,0.97336125
2025-01-28T13:12:00Z,0
2025-01-28T14:24:00Z,0.27660695
2025-01-28T15:00:00Z,0.99007076
2025-01-28T15:36:00Z,0
2025-01-28T16:48:00Z,0.8486032
2025-01-28T17:24:00Z,0
2025-01-28T18:00:00Z,0.6243713
2025-01-28T19:12:00Z,0.14290282
2025-01-28T20:24:00Z,0.7716962
2025-01-28T21:00:00Z,0
2025-01-28T21:36:00Z,0.8200422
2025-01-28T22:12:00Z,0
2025-01-28T22:48:00Z,0.8226446
2025-01-28T23:24:00Z,0
2025-01-29T00:00:00Z,0.9600387
2025-01-29T00:36:00Z,0
2025-01-29T01:48:00Z,0.8669638
2025-01-29T02:24:00Z,0
2025-01-29T03:36:00Z,0.120257944
2025-01-29T04:12:00Z,0.98142767
2025-01-29T04:48:00Z,0
2025-01-29T05:24:00Z,0.97573465
2025-01-29T06:00:00Z,0
2025-01-29T06:36:00Z,0.94115865
2025-01-29T07:12:00Z,0
2025-01-29T07:48:00Z,0.83006334
2025-01-29T08:24:00Z,0
2025-01-29T09:36:00Z,0.53436005
2025-01-29T11:24:00Z,0.042659357
2025-01-29T12:36:00Z,0.8059912
2025-01-29T13:12:00Z,0
2025-01-29T14:24:00Z,0.67487913
2025-01-29T15:36:00Z,0.015996857
2025-01-29T16:12:00Z,0.93424016
2025-01-29T16:48:00Z,0
2025-01-29T17:24:00Z,0.55346113
2025-01-29T18:00:00Z,0.027500868
2025-01-29T18:36:00Z,0.00022367993
2025-01-29T19:12:00Z,0.769327
2025-01-29T19:48:00Z,0
2025-01-29T20:24:00Z,0.8759729
2025-01-29T21:00:00Z,0
2025-01-29T21:36:00Z,0.789918
2025-01-29T22:12:00Z,0
2025-01-30T00:00:00Z,0.89855427
2025-01-30T00:36:00Z,0
2025-01-30T01:48:00Z,0.15784551
2025-01-30T02:24:00Z,0.9747814
2025-01-30T03:00:00Z,0
2025-01-30T03:36:00Z,0.02191659
2025-01-30T04:12:00Z,0.9534131
2025-01-30T04:48:00Z,0
2025-01-30T05:24:00Z,0.78869283
2025-01-30T06:00:00Z,0
2025-01-30T07:12:00Z,0.17691268
2025-01-30T08:24:00Z,0.7278548
2025-01-30T09:36:00Z,0.88245136
2025-01-30T10:12:00Z,0
2025-01-30T12:00:00Z,0.47805554
2025-01-30T13:12:00Z,0.23300071
2025-01-30T13:48:00Z,0.22543292
2025-01-30T14:24:00Z,0.76593906
2025-01-30T15:00:00Z,0
2025-01-30T16:12:00Z,0.27052507
2025-01-30T16:48:00Z,0.86250573
2025-01-30T17:24:00Z,0
2025-01-30T18:00:00Z,0.8418708
2025-01-30T18:36:00Z,0
2025-01-30T19:48:00Z,0.7303499
2025-01-30T21:00:00Z,0.45571056
2025-01-30T21:36:00Z,0.8415476
2025-01-30T22:12:00Z,0
2025-01-30T23:24:00Z,0.51852566
2025-01-31T00:00:00Z,0.47658092
2025-01-31T00:36:00Z,0.9212473
2025-01-31T01:12:00Z,0
2025-01-31T01:48:00Z,0.13880065
2025-01-31T02:24:00Z,0.9997955
2025-01-31T03:00:00Z,0
2025-01-31T03:36:00Z,0.7973255
2025-01-31T04:12:00Z,0
2025-01-31T05:24:00Z,0.76735896
2025-01-31T06:00:00Z,0
2025-01-31T07:12:00Z,0.95090425
2025-01-31T07:48:00Z,0
2025-01-31T08:24:00Z,0.8944894
2025-01-31T09:00:00Z,0
2025-01-31T10:12:00Z,0.865827
2025-01-31T10:48:00Z,0
2025-01-31T12:00:00Z,0.55459464
2025-01-31T14:24:00Z,0.12357419
2025-01-31T15:00:00Z,0.60985225
2025-01-31T16:12:00Z,0.4133516
2025-01-31T16:48:00Z,0.84834015
2025-01-31T17:24:00Z,0
2025-01-31T18:36:00Z,0.9082726
2025-01-31T19:12:00Z,0
2025-01-31T19:48:00Z,0.50614345
2025-01-31T20:24:00Z,0.19713601
2025-01-31T21:00:00Z,0.880291
2025-01-31T21:36:00Z,0
2025-01-31T22:12:00Z,0.67705667
2025-01-31T22:48:00Z,0.8148258
2025-01-31T23:24:00Z,0
2025-02-01T00:00:00Z,0.95846057
2025-02-01T00:36:00Z,0
2025-02-01T01:48:00Z,0.8998415
2025-02-01T02:24:00Z,0
2025-02-01T03:00:00Z,0.074708804
2025-02-01T03:36:00Z,0.6360983
2025-02-01T04:12:00Z,0.5608935
2025-02-01T04:48:00Z,0.00086081587
2025-02-01T06:00:00Z,0.36583358
2025-02-01T07:12:00Z,0.011974874
2025-02-01T09:00:00Z,0.48222497
2025-02-01T09:36:00Z,0.9524066
2025-02-01T10:12:00Z,0
2025-02-01T12:36:00Z,0.6923804
2025-02-01T13:12:00Z,0.23958492
2025-02-01T14:24:00Z,0.91998255
2025-02-01T15:00:00Z,0
2025-02-01T16:12:00Z,0.6847865
2025-02-01T16:48:00Z,0.18787259
2025-02-01T17:24:00Z,0.8658596
2025-02-01T18:00:00Z,0
2025-02-01T18:36:00Z,0.9953268
2025-02-01T19:12:00Z,0
2025-02-01T19:48:00Z,0.39094684
2025-02-01T21:00:00Z,0.3020881
2025-02-01T21:36:00Z,0.6483934
2025-02-01T22:48:00Z,0.15987273
2025-02-01T23:24:00Z,0.6733764
2025-02-02T01:12:00Z,0.5416893
2025-02-02T01:48:00Z,0.08101291
2025-02-02T03:00:00Z,0.37896273
2025-02-02T03:36:00Z,0.73325706
2025-02-02T04:12:00Z,0.114175126
2025-02-02T04:48:00Z,0.2932119
2025-02-02T05:24:00Z,0.91109604
2025-02-02T06:00:00Z,0
2025-02-02T06:36:00Z,0.9051473
2025-02-02T07:12:00Z,0
2025-02-02T07:48:00Z,0.4928466
2025-02-02T08:24:00Z,0.5027955
2025-02-02T09:00:00Z,0.016929692
2025-02-02T09:36:00Z,0.95382845
2025-02-02T10:12:00Z,0
2025-02-02T11:24:00Z,0.5500652
2025-02-02T12:00:00Z,0.03085802
2025-02-02T12:36:00Z,0.78792495
2025-02-02T13:12:00Z,0
2025-02-02T13:48:00Z,0.6562182
2025-02-02T14:24:00Z,0.8636631
2025-02-02T15:00:00Z,0
2025-02-02T15:36:00Z,0.925652
2025-02-02T16:12:00Z,0
2025-02-02T16:48:00Z,0.99870986
2025-02-02T17:24:00Z,0
2025-02-02T18:36:00Z,0.78129
2025-02-02T19:12:00Z,0
2025-02-02T20:24:00Z,0.09913451
2025-02-02T21:00:00Z,0.6086469
2025-02-02T22:48:00Z,0.13310854
2025-02-03T00:00:00Z,0.70123166
2025-02-03T00:36:00Z,0.07376994
2025-02-03T01:12:00Z,0.9306307
2025-02-03T01:48:00Z,0
2025-02-03T02:24:00Z,0.9660027
2025-02-03T03:00:00Z,0
2025-02-03T04:12:00Z,0.119539335
2025-02-03T04:48:00Z,0.5204947
2025-02-03T05:24:00Z,0.22707497
2025-02-03T06:00:00Z,0.90217084
2025-02-03T06:36:00Z,0
2025-02-03T07:12:00Z,0.72017246
2025-02-03T07:48:00Z,0.019674825
2025-02-03T08:24:00Z,0.61581874
2025-02-03T09:36:00Z,0.038774915
2025-02-03T10:48:00Z,0.43499988
2025-02-03T11:24:00Z,0.11352542
2025-02-03T12:36:00Z,0.058841936
2025-02-03T13:12:00Z,0.5728026
2025-02-03T14:24:00Z,0.8721941
2025-02-03T15:00:00Z,0
2025-02-03T16:12:00Z,0.02257801
2025-02-03T16:48:00Z,0.7852913
2025-02-03T17:24:00Z,0
2025-02-03T18:00:00Z,0.7566454
2025-02-03T18:36:00Z,0
2025-02-03T19:12:00Z,0.9715294
2025-02-03T19:48:00Z,0
2025-02-03T20:24:00Z,0.9193437
2025-02-03T21:00:00Z,0
2025-02-03T21:36:00Z,0.5538751
2025-02-03T22:12:00Z,0.004274844
2025-02-04T00:00:00Z,0.8811584
2025-02-04T00:36:00Z,0
2025-02-04T01:12:00Z,0.36959398
2025-02-04T01:48:00Z,0.075959116
2025-02-04T03:36:00Z,0.6682904
2025-02-04T05:24:00Z,0.3427195
2025-02-04T06:00:00Z,0.6066051
2025-02-04T07:12:00Z,0.16068543
2025-02-04T07:48:00Z,0.57948667
2025-02-04T08:24:00Z,0.12837616
2025-02-04T10:12:00Z,0.88002884
2025-02-04T10:48:00Z,0
2025-02-04T11:24:00Z,0.62679505
2025-02-04T13:12:00Z,0.14734669
2025-02-04T13:48:00Z,0.8163924
2025-02-04T14:24:00Z,0
2025-02-04T15:00:00Z,0.18276721
2025-02-04T15:36:00Z,0.8883303
2025-02-04T16:12:00Z,0
2025-02-04T16:48:00Z,0.5526571
2025-02-04T17:24:00Z,0.48677725
2025-02-04T18:00:00Z,0.90933555
2025-02-04T18:36:00Z,0
2025-02-04T19:48:00Z,0.9176928
2025-02-04T20:24:00Z,0
2025-02-04T21:36:00Z,0.6133517
2025-02-04T22:48:00Z,0.14474195
2025-02-05T00:00:00Z,0.62745005
2025-02-05T00:36:00Z,0.46571213
2025-02-05T01:12:00Z,0.8752553
2025-02-05T01:48:00Z,0
2025-02-05T02:24:00Z,0.72161263
2025-02-05T03:00:00Z,0.1923582
2025-02-05T03:36:00Z,0.62635523
2025-02-05T05:24:00Z,0.27557558
2025-02-05T06:00:00Z,0.9824047
2025-02-05T06:36:00Z,0
2025-02-05T09:00:00Z,0.62035716
2025-02-05T11:24:00Z,0.33964476
2025-02-05T12:00:00Z,0.99989897
2025-02-05T12:36:00Z,0
2025-02-05T13:48:00Z,0.9998092
2025-02-05T14:24:00Z,0
2025-02-05T15:00:00Z,0.30886176
2025-02-05T16:12:00Z,0.31754202
2025-02-05T16:48:00Z,0.8361997
2025-02-05T17:24:00Z,0
2025-02-05T18:00:00Z,0.17809814
2025-02-05T18:36:00Z,0.86967677
2025-02-05T19:12:00Z,0
2025-02-05T19:48:00Z,0.5636498
2025-02-05T21:00:00Z,0.06875548
2025-02-06T01:12:00Z,0.7005136
2025-02-06T01:48:00Z,0.013164053
2025-02-06T03:00:00Z,0.7434383
2025-02-06T03:36:00Z,0.7572422
2025-02-06T04:12:00Z,0
2025-02-06T04:48:00Z,0.9273479
2025-02-06T05:24:00Z,0
2025-02-06T07:12:00Z,0.6928475
2025-02-06T07:48:00Z,0.08117646
2025-02-06T08:24:00Z,0.8755369
2025-02-06T09:00:00Z,0
2025-02-06T10:12:00Z,0.7540224
2025-02-06T10:48:00Z,0
2025-02-06T12:36:00Z,0.44873694
2025-02-06T13:12:00Z,0.19247888
2025-02-06T14:24:00Z,0.9454035
2025-02-06T15:00:00Z,0
2025-02-06T15:36:00Z,0.935746
2025-02-06T16:12:00Z,0
2025-02-06T16:48:00Z,0.82201415
2025-02-06T17:24:00Z,0
2025-02-06T18:36:00Z,0.320165
2025-02-06T19:12:00Z,0.035191894
2025-02-06T20:24:00Z,0.1954447
2025-02-06T21:00:00Z,0.63710386
2025-02-06T21:36:00Z,0.10598044
2025-02-06T22:48:00Z,0.6467221
2025-02-06T23:24:00Z,0.30282912
2025-02-07T00:00:00Z,0.7983285
2025-02-07T00:36:00Z,0
2025-02-07T01:48:00Z,0.019224618
2025-02-07T02:24:00Z,0.6341836
2025-02-07T03:00:00Z,0.41824162
2025-02-07T03:36:00Z,0.7022581
2025-02-07T04:12:00Z,0.104790576
2025-02-07T04:48:00Z,0.9272445
2025-02-07T05:24:00Z,0
2025-02-07T06:36:00Z,0.10656736
2025-02-07T08:24:00Z,0.88654107
2025-02-07T09:00:00Z,0
2025-02-07T10:12:00Z,0.69575775
2025-02-07T12:00:00Z,0.037367
2025-02-07T13:12:00Z,0.84925455
2025-02-07T13:48:00Z,0
2025-02-07T14:24:00Z,0.111088336
2025-02-07T15:00:00Z,0.76819324
2025-02-07T15:36:00Z,0
2025-02-07T16:48:00Z,0.8275559
2025-02-07T17:24:00Z,0
2025-02-07T18:00:00Z,0.44694877
2025-02-07T18:36:00Z,0.06925724
2025-02-07T19:48:00Z,0.5175138
2025-02-07T20:24:00Z,0.0791481
2025-02-07T21:00:00Z,0.91228724
2025-02-07T21:36:00Z,0
2025-02-07T22:12:00Z,0.9826396
2025-02-07T22:48:00Z,0
2025-02-07T23:24:00Z,0.6749115
2025-02-08T00:00:00Z,0.9420363
2025-02-08T00:36:00Z,0
2025-02-08T01:12:00Z,0.01827391
2025-02-08T02:24:00Z,0.77938205
2025-02-08T03:00:00Z,0
2025-02-08T03:36:00Z,0.47693327
2025-02-08T05:24:00Z,0.60057503
2025-02-08T06:00:00Z,0.043644365
2025-02-08T06:36:00Z,0.49989495
2025-02-08T07:12:00Z,0.22624393
2025-02-08T08:24:00Z,0.9091064
2025-02-08T09:00:00Z,0
2025-02-08T09:36:00Z,0.72555494
2025-02-08T10:12:00Z,0.7679338
2025-02-08T10:48:00Z,0
2025-02-08T12:00:00Z,0.9323951
2025-02-08T12:36:00Z,0
2025-02-08T15:00:00Z,0.73964673
2025-02-08T16:12:00Z,0.109779075
2025-02-08T17:24:00Z,0.5427673
2025-02-08T18:00:00Z,0.31480965
2025-02-08T18:36:00Z,0.8833548
2025-02-08T19:12:00Z,0
2025-02-08T19:48:00Z,0.30861145
2025-02-08T20:24:00Z,0.018944873
2025-02-08T21:00:00Z,0.9999786
2025-02-08T21:36:00Z,0
2025-02-08T22:12:00Z,0.5070658
2025-02-08T23:24:00Z,0.1857511
2025-02-09T00:00:00Z,0.9450267
2025-02-09T00:36:00Z,0
2025-02-09T01:12:00Z,0.31659648
2025-02-09T01:48:00Z,0.080009975
2025-02-09T02:24:00Z,0.80442554
2025-02-09T03:00:00Z,0
2025-02-09T03:36:00Z,0.34779
2025-02-09T04:12:00Z,0.05238874
2025-02-09T04:48:00Z,0.60101813
2025-02-09T05:24:00Z,0.4991476
2025-02-09T06:00:00Z,0.8191536
2025-02-09T06:36:00Z,0
2025-02-09T08:24:00Z,0.61083853
2025-02-09T09:00:00Z,0.5775258
2025-02-09T09:36:00Z,0.03415899
2025-02-09T11:24:00Z,0.749834
2025-02-09T12:00:00Z,0.08559825
2025-02-09T13:12:00Z,0.3468743
2025-02-09T13:48:00Z,0.13823175
2025-02-09T15:00:00Z,0.4990102
2025-02-09T15:36:00Z,0.34271824
2025-02-09T16:12:00Z,0.77570856
2025-02-09T16:48:00Z,0
2025-02-09T18:36:00Z,0.7358661
2025-02-09T19:48:00Z,0.21217489
2025-02-09T21:36:00Z,0.61534506
2025-02-09T22:12:00Z,0.908647
2025-02-09T22:48:00Z,0
2025-02-09T23:24:00Z,0.47656757
2025-02-10T00:36:00Z,0.6222447
2025-02-10T01:12:00Z,0.9771416
2025-02-10T01:48:00Z,0
2025-02-10T02:24:00Z,0.9002771
2025-02-10T03:00:00Z,0
2025-02-10T03:36:00Z,0.026142908
2025-02-10T04:48:00Z,0.75266653
2025-02-10T05:24:00Z,0
2025-02-10T06:00:00Z,0.351877
2025-02-10T07:12:00Z,0.36540586
2025-02-10T07:48:00Z,0.8850224
2025-02-10T08:24:00Z,0
2025-02-10T09:00:00Z,0.91777813
2025-02-10T09:36:00Z,0
2025-02-10T10:12:00Z,0.9507456
2025-02-10T10:48:00Z,0
2025-02-10T12:00:00Z,0.9991859
2025-02-10T12:36:00Z,0
2025-02-10T14:24:00Z,0.79202366
2025-02-10T15:00:00Z,0
2025-02-10T15:36:00Z,0.7105837
2025-02-10T16:12:00Z,0.4133036
2025-02-10T17:24:00Z,0.9215263
2025-02-10T18:00:00Z,0
2025-02-10T18:36:00Z,0.320078
2025-02-10T19:48:00Z,0.24235842
2025-02-10T20:24:00Z,0.95596194
2025-02-10T21:00:00Z,0
2025-02-10T22:12:00Z,0.70859146
2025-02-10T22:48:00Z,0.20489879
2025-02-10T23:24:00Z,0.9764372
2025-02-11T00:00:00Z,0
2025-02-11T00:36:00Z,0.5291623
2025-02-11T01:12:00Z,0.21602562
2025-02-11T01:48:00Z,0.93327564
2025-02-11T02:24:00Z,0
2025-02-11T03:00:00Z,0.975154
2025-02-11T03:36:00Z,0
2025-02-11T04:12:00Z,0.9808685
2025-02-11T04:48:00Z,0
2025-02-11T05:24:00Z,0.84982586
2025-02-11T06:00:00Z,0
2025-02-11T07:12:00Z,0.8669682
2025-02-11T07:48:00Z,0
2025-02-11T08:24:00Z,0.14806059
2025-02-11T09:00:00Z,0.8346925
2025-02-11T09:36:00Z,0
2025-02-11T10:48:00Z,0.21266674
2025-02-11T11:24:00Z,0.9794526
2025-02-11T12:00:00Z,0
2025-02-11T12:36:00Z,0.7776782
2025-02-11T13:12:00Z,0
2025-02-11T13:48:00Z,0.9866786
2025-02-11T14:24:00Z,0
2025-02-11T15:00:00Z,0.14286417
2025-02-11T15:36:00Z,0.7489992
2025-02-11T16:12:00Z,0.9089162
2025-02-11T16:48:00Z,0
2025-02-11T17:24:00Z,0.34079078
2025-02-11T18:00:00Z,0.081286654
2025-02-11T18:36:00Z,0.22941688
2025-02-11T19:12:00Z,0.8996723
2025-02-11T19:48:00Z,0
2025-02-11T20:24:00Z,0.287342
2025-02-11T21:00:00Z,0.99576384
2025-02-11T21:36:00Z,0
2025-02-11T23:24:00Z,0.9449284
2025-02-12T00:00:00Z,0
2025-02-12T00:36:00Z,0.4683417
2025-02-12T01:12:00Z,0.44440895
2025-02-12T01:48:00Z,0.92051154
2025-02-12T02:24:00Z,0
2025-02-12T03:00:00Z,0.85539705
2025-02-12T03:36:00Z,0
2025-02-12T04:12:00Z,0.653121
2025-02-12T04:48:00Z,0.8545133
2025-02-12T05:24:00Z,0
2025-02-12T06:36:00Z,0.6003087
2025-02-12T07:12:00Z,0.27538323
2025-02-12T08:24:00Z,0.15411215
2025-02-12T09:00:00Z,0.4964756
2025-02-12T10:12:00Z,0.053558055
2025-02-12T11:24:00Z,0.8861359
2025-02-12T12:00:00Z,0
2025-02-12T12:36:00Z,0.73670655
2025-02-12T13:12:00Z,0.118075065
2025-02-12T13:48:00Z,0.7545522
2025-02-12T14:24:00Z,0
2025-02-12T15:36:00Z,0.9602237
2025-02-12T16:12:00Z,0
2025-02-12T18:00:00Z,0.5677336
2025-02-12T18:36:00Z,0.05520911
2025-02-12T19:12:00Z,0.8039466
2025-02-12T19:48:00Z,0
2025-02-12T20:24:00Z,0.7748163
2025-02-12T21:00:00Z,0
2025-02-12T21:36:00Z,0.42464513
2025-02-12T22:12:00Z,0.14951992
2025-02-12T22:48:00Z,0.56914365
2025-02-12T23:24:00Z,0.4117221
2025-02-13T00:00:00Z,0.7056996
2025-02-13T00:36:00Z,0.48329204
2025-02-13T01:12:00Z,0.848083
2025-02-13T01:48:00Z,0
2025-02-13T02:24:00Z,0.32795575
2025-02-13T03:00:00Z,0.098776355
2025-02-13T03:36:00Z,0.48526546
2025-02-13T04:48:00Z,0.24622186
2025-02-13T05:24:00Z,0.35462806
2025-02-13T06:00:00Z,0.94315
2025-02-13T06:36:00Z,0
2025-02-13T07:48:00Z,0.1498767
2025-02-13T08:24:00Z,0.9593016
2025-02-13T09:00:00Z,0
2025-02-13T10:12:00Z,0.86741745
2025-02-13T10:48:00Z,0
2025-02-13T11:24:00Z,0.4511293
2025-02-13T12:36:00Z,0.014515764
2025-02-13T13:12:00Z,0.46951768
2025-02-13T14:24:00Z,0.122683994
2025-02-13T15:00:00Z,0.5898748
2025-02-13T16:12:00Z,0.22313358
2025-02-13T17:24:00Z,0.61708295
2025-02-13T18:00:00Z,0.1408715
2025-02-13T18:36:00Z,0.10489264
2025-02-13T19:48:00Z,0.5625049
2025-02-13T20:24:00Z,0.45590916
2025-02-13T21:00:00Z,0.80216897
2025-02-13T21:36:00Z,0
2025-02-13T22:12:00Z,0.6083238
2025-02-13T22:48:00Z,0.29247287
2025-02-13T23:24:00Z,0.64877325
2025-02-14T00:36:00Z,0.15458657
2025-02-14T01:12:00Z,0.72008777
2025-02-14T01:48:00Z,0.039313763
2025-02-14T03:00:00Z,0.8461554
2025-02-14T03:36:00Z,0
2025-02-14T04:12:00Z,0.5153671
2025-02-14T04:48:00Z,0.26773414
2025-02-14T05:24:00Z,0.84000045
2025-02-14T06:00:00Z,0
2025-02-14T07:12:00Z,0.28617144
2025-02-14T07:48:00Z,0.888067
2025-02-14T08:24:00Z,0
2025-02-14T09:36:00Z,0.9093961
2025-02-14T10:12:00Z,0
2025-02-14T12:00:00Z,0.36743006
2025-02-14T13:12:00Z,0.44007033
2025-02-14T13:48:00Z,0.9374087
2025-02-14T14:24:00Z,0
2025-02-14T15:00:00Z,0.781188
2025-02-14T15:36:00Z,0
2025-02-14T16:12:00Z,0.92451024
2025-02-14T16:48:00Z,0
2025-02-14T17:24:00Z,0.83385706
2025-02-14T18:00:00Z,0
2025-02-14T18:36:00Z,0.27864277
2025-02-14T19:12:00Z,0.07695538
2025-02-14T19:48:00Z,0.7840029
2025-02-14T20:24:00Z,0
2025-02-14T21:36:00Z,0.6609212
2025-02-14T22:12:00Z,0.14117618
2025-02-14T23:24:00Z,0.7821445
2025-02-15T00:00:00Z,0
2025-02-15T00:36:00Z,0.93854517
2025-02-15T01:12:00Z,0
2025-02-15T02:24:00Z,0.44061422
2025-02-15T03:00:00Z,0.12149059
2025-02-15T03:36:00Z,0.9623803
2025-02-15T04:12:00Z,0
2025-02-15T05:24:00Z,0.83358055
2025-02-15T06:00:00Z,0
2025-02-15T06:36:00Z,0.85461885
2025-02-15T07:12:00Z,0
2025-02-15T07:48:00Z,0.44983095
2025-02-15T08:24:00Z,0.10354033
2025-02-15T10:12:00Z,0.46771574
2025-02-15T10:48:00Z,0.29550973
2025-02-15T11:24:00Z,0.7957585
2025-02-15T12:00:00Z,0
2025-02-15T12:36:00Z,0.9204288
2025-02-15T13:12:00Z,0
2025-02-15T13:48:00Z,0.712557
2025-02-15T15:36:00Z,0.52014333
2025-02-15T16:12:00Z,0.13321564
2025-02-15T16:48:00Z,0.9422361
2025-02-15T17:24:00Z,0
2025-02-15T18:00:00Z,0.82101506
2025-02-15T18:36:00Z,0
2025-02-15T19:12:00Z,0.8386582
2025-02-15T19:48:00Z,0
2025-02-15T20:24:00Z,0.8693185
2025-02-15T21:00:00Z,0
2025-02-15T22:12:00Z,0.4723918
2025-02-15T22:48:00Z,0.08078677
2025-02-16T01:12:00Z,0.85380656
2025-02-16T01:48:00Z,0
2025-02-16T02:24:00Z,0.9589979
2025-02-16T03:00:00Z,0
2025-02-16T03:36:00Z,0.27881926
2025-02-16T04:12:00Z,0.9793082
2025-02-16T04:48:00Z,0
2025-02-16T07:12:00Z,0.54976976
2025-02-16T07:48:00Z,0.88620234
2025-02-16T08:24:00Z,0
2025-02-16T09:00:00Z,0.7380474
2025-02-16T09:36:00Z,0.43498313
2025-02-16T11:24:00Z,0.8679814
2025-02-16T12:00:00Z,0
2025-02-16T12:36:00Z,0.939507
2025-02-16T13:12:00Z,0
2025-02-16T15:00:00Z,0.955409
2025-02-16T15:36:00Z,0
2025-02-16T16:48:00Z,0.4180496
2025-02-16T18:00:00Z,0.63149565
2025-02-16T18:36:00Z,0.024152085
2025-02-16T19:12:00Z,0.011855543
2025-02-16T19:48:00Z,0.41535166
2025-02-16T20:24:00Z,0.041961595
2025-02-16T21:36:00Z,0.7492433
2025-02-16T22:12:00Z,0.33405313
2025-02-16T22:48:00Z,0.9886316
2025-02-16T23:24:00Z,0
2025-02-17T00:00:00Z,0.7316744
2025-02-17T00:36:00Z,0.7974433
2025-02-17T01:12:00Z,0
2025-02-17T02:24:00Z,0.8279714
2025-02-17T03:00:00Z,0
2025-02-17T03:36:00Z,0.6634911
2025-02-17T04:12:00Z,0.23531663
2025-02-17T06:00:00Z,0.57237756
2025-02-17T06:36:00Z,0.06726246
2025-02-17T07:12:00Z,0.6825229
2025-02-17T07:48:00Z,0.3420143
2025-02-17T08:24:00Z,0.90995663
2025-02-17T09:00:00Z,0
2025-02-17T10:12:00Z,0.8181007
2025-02-17T10:48:00Z,0
2025-02-17T11:24:00Z,0.79055107
2025-02-17T12:00:00Z,0
2025-02-17T12:36:00Z,0.8831218
2025-02-17T13:12:00Z,0
2025-02-17T13:48:00Z,0.8421381
2025-02-17T14:24:00Z,0
2025-02-17T16:12:00Z,0.9791579
2025-02-17T16:48:00Z,0
2025-02-17T18:00:00Z,0.65746427
2025-02-17T18:36:00Z,0.033232935
2025-02-17T19:12:00Z,0.5262524
2025-02-17T21:00:00Z,0.81560457
2025-02-17T21:36:00Z,0
2025-02-17T22:12:00Z,0.44914457
2025-02-17T23:24:00Z,0.17846301
2025-02-18T00:00:00Z,0.75455225
2025-02-18T00:36:00Z,0
2025-02-18T01:12:00Z,0.16759618
2025-02-18T01:48:00Z,0.7744727
2025-02-18T02:24:00Z,0
2025-02-18T03:00:00Z,0.6995124
2025-02-18T03:36:00Z,0.101486206
2025-02-18T04:48:00Z,0.93588454
2025-02-18T05:24:00Z,0
2025-02-18T06:00:00Z,0.40472984
2025-02-18T07:12:00Z,0.18116711
2025-02-18T07:48:00Z,0.5899037
2025-02-18T08:24:00Z,0.38845295
2025-02-18T09:00:00Z,0.7944522
2025-02-18T09:36:00Z,0
2025-02-18T10:48:00Z,0.6388983
2025-02-18T12:00:00Z,0.1361457
2025-02-18T13:12:00Z,0.82768875
2025-02-18T13:48:00Z,0
2025-02-18T14:24:00Z,0.42287335
2025-02-18T15:00:00Z,0.059975255
2025-02-18T16:12:00Z,0.7826213
2025-02-18T16:48:00Z,0
2025-02-18T17:24:00Z,0.91011614
2025-02-18T18:00:00Z,0
2025-02-18T18:36:00Z,0.6449999
2025-02-18T19:12:00Z,0.2824641
2025-02-18T19:48:00Z,0.6597654
2025-02-18T20:24:00Z,0.17514926
2025-02-18T21:00:00Z,0.6613644
2025-02-18T22:12:00Z,0.2922047
2025-02-18T23:24:00Z,0.7274972
2025-02-19T00:00:00Z,0.17577052
2025-02-19T01:12:00Z,0.44991615
2025-02-19T01:48:00Z,0.88742155
2025-02-19T02:24:00Z,0
2025-02-19T03:00:00Z,0.64894396
2025-02-19T03:36:00Z,0.20082165
2025-02-19T04:12:00Z,0.8650691
2025-02-19T04:48:00Z,0
2025-02-19T05:24:00Z,0.78072137
2025-02-19T06:00:00Z,0
2025-02-19T06:36:00Z,0.6894833
2025-02-19T07:12:00Z,0.39165685
2025-02-19T07:48:00Z,0.770589
2025-02-19T08:24:00Z,0
2025-02-19T09:00:00Z,0.62061816
2025-02-19T09:36:00Z,0.2017119
2025-02-19T10:12:00Z,0.41061792
2025-02-19T10:48:00Z,0.0959432
2025-02-19T12:00:00Z,0.5473759
2025-02-19T13:12:00Z,0.6251161
2025-02-19T13:48:00Z,0.17796817
2025-02-19T14:24:00Z,0.1773298
2025-02-19T15:00:00Z,0.90168256
2025-02-19T15:36:00Z,0
2025-02-19T16:12:00Z,0.32388958
2025-02-19T16:48:00Z,0.17149667
2025-02-19T17:24:00Z,0.976936
2025-02-19T18:00:00Z,0
2025-02-19T19:48:00Z,0.36089817
2025-02-19T20:24:00Z,0.852801
2025-02-19T21:00:00Z,0
2025-02-19T21:36:00Z,0.8884655
2025-02-19T22:12:00Z,0
2025-02-19T22:48:00Z,0.61140907
2025-02-19T23:24:00Z,0.22953133
2025-02-20T00:00:00Z,0.7483933
2025-02-20T01:12:00Z,0.12637098
2025-02-20T01:48:00Z,0.819426
2025-02-20T02:24:00Z,0
2025-02-20T03:00:00Z,0.6622228
2025-02-20T04:12:00Z,0.44238603
2025-02-20T04:48:00Z,0.88891196
2025-02-20T05:24:00Z,0
2025-02-20T06:00:00Z,0.6149126
2025-02-20T06:36:00Z,0.14541472
2025-02-20T07:48:00Z,0.70440227
2025-02-20T08:24:00Z,0.3893556
2025-02-20T09:00:00Z,0.4777585
2025-02-20T09:36:00Z,0.9905257
2025-02-20T10:12:00Z,0
2025-02-20T10:48:00Z,0.95243305
2025-02-20T11:24:00Z,0
2025-02-20T12:00:00Z,0.5592966
2025-02-20T12:36:00Z,0.039041877
2025-02-20T13:12:00Z,0.4735005
2025-02-20T14:24:00Z,0.037870128
2025-02-20T15:00:00Z,0.1464205
2025-02-20T15:36:00Z,0.97053427
2025-02-20T16:12:00Z,0
2025-02-20T16:48:00Z,0.61994475
2025-02-20T17:24:00Z,0.07937273
2025-02-20T18:36:00Z,0.80479306
2025-02-20T19:12:00Z,0
2025-02-20T20:24:00Z,0.23987535
2025-02-20T21:00:00Z,0.023429666
2025-02-20T21:36:00Z,0.90667796
2025-02-20T22:12:00Z,0
2025-02-20T22:48:00Z,0.4482183
2025-02-21T00:00:00Z,0.4697401
2025-02-21T00:36:00Z,0.09961763
2025-02-21T01:48:00Z,0.84069234
2025-02-21T02:24:00Z,0
2025-02-21T04:12:00Z,0.8469445
2025-02-21T04:48:00Z,0
2025-02-21T05:24:00Z,0.7065934
2025-02-21T06:36:00Z,0.7219443
2025-02-21T07:12:00Z,0.1839862
2025-02-21T07:48:00Z,0.64392745
2025-02-21T09:00:00Z,0.55460036
2025-02-21T09:36:00Z,0.91208667
2025-02-21T10:12:00Z,0
2025-02-21T13:12:00Z,0.5318402
2025-02-21T13:48:00Z,0.2207938
2025-02-21T14:24:00Z,0.9555465
2025-02-21T15:00:00Z,0
2025-02-21T16:12:00Z,0.6697149
2025-02-21T19:12:00Z,0.016476741
2025-02-21T19:48:00Z,0.75294936
2025-02-21T20:24:00Z,0
2025-02-21T21:00:00Z,0.686939
2025-02-21T21:36:00Z,0.4311337
2025-02-21T22:12:00Z,0.9640852
2025-02-21T22:48:00Z,0
2025-02-21T23:24:00Z,0.6792848
2025-02-22T00:00:00Z,0.25242138
2025-02-22T00:36:00Z,0.8098133
2025-02-22T01:12:00Z,0
2025-02-22T01:48:00Z,0.9852103
2025-02-22T02:24:00Z,0
2025-02-22T03:36:00Z,0.67131567
2025-02-22T04:48:00Z,0.29150817
2025-02-22T05:24:00Z,0.68883413
2025-02-22T06:36:00Z,0.03284322
2025-02-22T07:48:00Z,0.81319153
2025-02-22T08:24:00Z,0
2025-02-22T09:36:00Z,0.676729
2025-02-22T10:12:00Z,0.72583085
2025-02-22T10:48:00Z,0.30875722
2025-02-22T11:24:00Z,0.3122055
2025-02-22T12:00:00Z,0.72818685
2025-02-22T13:12:00Z,0.30093944
2025-02-22T13:48:00Z,0.90691334
2025-02-22T14:24:00Z,0
2025-02-22T15:36:00Z,0.7099276
2025-02-22T16:12:00Z,0.51310027
2025-02-22T16:48:00Z,0.7700898
2025-02-22T17:24:00Z,0
2025-02-22T18:36:00Z,0.7778687
2025-02-22T19:12:00Z,0
2025-02-22T20:24:00Z,0.64280677
2025-02-22T21:00:00Z,0.3384163
2025-02-22T22:12:00Z,0.98873925
2025-02-22T22:48:00Z,0
2025-02-23T00:00:00Z,0.8603234
2025-02-23T00:36:00Z,0
2025-02-23T01:12:00Z,0.808499
2025-02-23T01:48:00Z,0
2025-02-23T02:24:00Z,0.9703992
2025-02-23T03:00:00Z,0
2025-02-23T03:36:00Z,0.76085323
2025-02-23T04:12:00Z,0
2025-02-23T05:24:00Z,0.10910207
2025-02-23T07:12:00Z,0.9725584
2025-02-23T07:48:00Z,0
2025-02-23T09:00:00Z,0.43936345
2025-02-23T10:48:00Z,0.06769221
2025-02-23T11:24:00Z,0.85826826
2025-02-23T12:00:00Z,0
2025-02-23T12:36:00Z,0.73461187
2025-02-23T14:24:00Z,0.2903219
2025-02-23T15:00:00Z,0.654283
2025-02-23T15:36:00Z,0.56740737
2025-02-23T16:12:00Z,0.038800716
2025-02-23T16:48:00Z,0.52022326
2025-02-23T17:24:00Z,0.34483138
2025-02-23T18:00:00Z,0.7444107
2025-02-23T18:36:00Z,0.32058308
2025-02-23T19:48:00Z,0.95644146
2025-02-23T20:24:00Z,0
2025-02-23T22:48:00Z,0.9416764
2025-02-23T23:24:00Z,0
2025-02-24T00:00:00Z,0.53794837
2025-02-24T01:12:00Z,0.51938653
2025-02-24T01:48:00Z,0.94876784
2025-02-24T02:24:00Z,0
2025-02-24T03:36:00Z,0.5903918
2025-02-24T04:12:00Z,0.18875149
2025-02-24T05:24:00Z,0.8311373
2025-02-24T06:00:00Z,0
2025-02-24T07:12:00Z,0.3556755
2025-02-24T07:48:00Z,0.14112388
2025-02-24T08:24:00Z,0.47349277
2025-02-24T09:00:00Z,0.27036035
2025-02-24T09:36:00Z,0.53598225
2025-02-24T10:48:00Z,0.58038086
2025-02-24T11:24:00Z,0.8750211
2025-02-24T12:00:00Z,0
2025-02-24T13:48:00Z,0.99837685
2025-02-24T14:24:00Z,0
2025-02-24T15:00:00Z,0.7156705
2025-02-24T15:36:00Z,0.33046123
2025-02-24T16:48:00Z,0.98201245
2025-02-24T17:24:00Z,0
2025-02-24T18:00:00Z,0.9099528
2025-02-24T18:36:00Z,0
2025-02-24T20:24:00Z,0.72046304
2025-02-24T21:00:00Z,0.36353096
2025-02-24T21:36:00Z,0.97618693
2025-02-24T22:12:00Z,0
2025-02-24T23:24:00Z,0.9972811
2025-02-25T00:00:00Z,0
2025-02-25T00:36:00Z,0.4636892
2025-02-25T01:12:00Z,0.09847505
2025-02-25T01:48:00Z,0.6223906
2025-02-25T03:00:00Z,0.15354444
2025-02-25T03:36:00Z,0.2655214
2025-02-25T04:12:00Z,0.818817
2025-02-25T04:48:00Z,0
2025-02-25T05:24:00Z,0.23719105
2025-02-25T06:00:00Z,0.007229623
2025-02-25T06:36:00Z,0.992517
2025-02-25T07:12:00Z,0
2025-02-25T07:48:00Z,0.90780896
2025-02-25T08:24:00Z,0
2025-02-25T09:00:00Z,0.22546068
2025-02-25T09:36:00Z,0.9975121
2025-02-25T10:12:00Z,0
2025-02-25T10:48:00Z,0.37844568
2025-02-25T13:12:00Z,0.46974528
2025-02-25T14:24:00Z,0.048827328
2025-02-25T15:00:00Z,0.21856284
2025-02-25T15:36:00Z,0.80537355
2025-02-25T16:12:00Z,0
2025-02-25T16:48:00Z,0.6798985
2025-02-25T18:36:00Z,0.5798848
2025-02-25T19:12:00Z,0.6564964
2025-02-25T20:24:00Z,0.056071844
2025-02-25T22:12:00Z,0.81593996
2025-02-25T22:48:00Z,0
2025-02-25T23:24:00Z,0.60974383
2025-02-26T00:00:00Z,0.7076347
2025-02-26T00:36:00Z,0.33894715
2025-02-26T01:12:00Z,0.7062833
2025-02-26T01:48:00Z,0.14040104
2025-02-26T03:36:00Z,0.66000175
2025-02-26T04:12:00Z,0.93816817
2025-02-26T04:48:00Z,0
2025-02-26T05:24:00Z,0.9076
2025-02-26T06:00:00Z,0
2025-02-26T08:24:00Z,0.6775581
2025-02-26T09:36:00Z,0.12086655
2025-02-26T10:12:00Z,0.743987
2025-02-26T11:24:00Z,0.08902233
2025-02-26T12:00:00Z,0.8578977
2025-02-26T12:36:00Z,0
2025-02-26T13:12:00Z,0.7744269
2025-02-26T13:48:00Z,0
2025-02-26T14:24:00Z,0.59706455
2025-02-26T15:00:00Z,0.023862602
2025-02-26T15:36:00Z,0.10261952
2025-02-26T16:12:00Z,0.9477968
2025-02-26T16:48:00Z,0
2025-02-26T17:24:00Z,0.47989872
2025-02-26T18:00:00Z,0.33072367
2025-02-26T18:36:00Z,0.68838674
2025-02-26T19:12:00Z,0.35595992
2025-02-26T21:00:00Z,0.8295373
2025-02-26T21:36:00Z,0
2025-02-27T00:00:00Z,0.47102275
2025-02-27T01:12:00Z,0.030529423
2025-02-27T01:48:00Z,0.9818346
2025-02-27T02:24:00Z,0
2025-02-27T03:00:00Z,0.53547454
2025-02-27T04:48:00Z,0.010584982
2025-02-27T05:24:00Z,0.31131643
2025-02-27T07:12:00Z,0.09791022
2025-02-27T07:48:00Z,0.8876619
2025-02-27T08:24:00Z,0
2025-02-27T09:00:00Z,0.044950977
2025-02-27T09:36:00Z,0.76638395
2025-02-27T10:12:00Z,0
2025-02-27T10:48:00Z,0.47622243
2025-02-27T11:24:00Z,0.29739523
2025-02-27T12:00:00Z,0.90989244
2025-02-27T12:36:00Z,0
2025-02-27T13:12:00Z,0.7931635
2025-02-27T13:48:00Z,0
2025-02-27T14:24:00Z,0.05555748
2025-02-27T15:36:00Z,0.8071289
2025-02-27T16:12:00Z,0
2025-02-27T18:00:00Z,0.052111708
2025-02-27T18:36:00Z,0.4375616
2025-02-27T19:12:00Z,0.07004973
2025-02-27T20:24:00Z,0.531902
2025-02-27T21:00:00Z,0.058612183
2025-02-27T22:48:00Z,0.030886592
2025-02-27T23:24:00Z,0.5887459
2025-02-28T00:36:00Z,0.6551584
2025-02-28T01:12:00Z,0.25690794
2025-02-28T01:48:00Z,0.43599358
2025-02-28T02:24:00Z,0.1941402
2025-02-28T03:00:00Z,0.54424644
2025-02-28T03:36:00Z,0.2000871
2025-02-28T04:12:00Z,0.8363328
2025-02-28T04:48:00Z,0
2025-02-28T05:24:00Z,0.9222122
2025-02-28T06:00:00Z,0
2025-02-28T06:36:00Z,0.8564516
2025-02-28T07:12:00Z,0
2025-02-28T08:24:00Z,0.7214797
2025-02-28T09:00:00Z,0.2651294
2025-02-28T09:36:00Z,0.55642855
2025-02-28T10:12:00Z,0.24659763
2025-02-28T10:48:00Z,0.9806318
2025-02-28T11:24:00Z,0
2025-02-28T12:00:00Z,0.6165701
2025-02-28T13:12:00Z,0.049088076
2025-02-28T14:24:00Z,0.7029107
2025-02-28T15:00:00Z,0.37006667
2025-02-28T15:36:00Z,0.588568
2025-02-28T16:12:00Z,0.13573317
2025-02-28T16:48:00Z,0.63623595
2025-02-28T17:24:00Z,0.47338852
2025-02-28T18:00:00Z,0.98733157
2025-02-28T18:36:00Z,0
2025-02-28T19:12:00Z,0.85256195
2025-02-28T19:48:00Z,0
2025-02-28T21:00:00Z,0.41276243
2025-02-28T21:36:00Z,0.12603188
2025-02-28T22:12:00Z,0.93120795
2025-02-28T22:48:00Z,0
2025-03-01T00:00:00Z,0.575069
2025-03-01T00:36:00Z,0.2928565
2025-03-01T01:12:00Z,0.7880135
2025-03-01T01:48:00Z,0
2025-03-01T02:24:00Z,0.046328656
2025-03-01T03:00:00Z,0.90346014
2025-03-01T03:36:00Z,0
2025-03-01T04:48:00Z,0.6954834
2025-03-01T05:24:00Z,0.28912446
2025-03-01T06:00:00Z,0.2840706
2025-03-01T06:36:00Z,0.7778688
2025-03-01T07:12:00Z,0
2025-03-01T07:48:00Z,0.6878436
2025-03-01T08:24:00Z,0.65058416
2025-03-01T09:00:00Z,0.07303947
2025-03-01T10:12:00Z,0.9954195
2025-03-01T10:48:00Z,0
2025-03-01T11:24:00Z,0.52049255
2025-03-01T12:00:00Z,0.025700841
2025-03-01T12:36:00Z,0.76078296
2025-03-01T13:12:00Z,0
2025-03-01T13:48:00Z,0.6582617
2025-03-01T14:24:00Z,0.3050088
2025-03-01T15:00:00Z,0.7791618
2025-03-01T15:36:00Z,0
2025-03-01T16:48:00Z,0.4682605
2025-03-01T17:24:00Z,0.05178168
2025-03-01T18:00:00Z,0.26681674
2025-03-01T18:36:00Z,0.91550744
2025-03-01T19:12:00Z,0
2025-03-01T21:00:00Z,0.8176047
2025-03-01T21:36:00Z,0
2025-03-01T22:12:00Z,0.8638415
2025-03-01T22:48:00Z,0
2025-03-02T00:00:00Z,0.86775595
2025-03-02T00:36:00Z,0
2025-03-02T01:12:00Z,0.45486748
2025-03-02T02:24:00Z,0.0002373145
2025-03-02T03:36:00Z,0.6410961
2025-03-02T04:48:00Z,0.097882524
2025-03-02T05:24:00Z,0.7444167
2025-03-02T06:00:00Z,0.9330317
2025-03-02T06:36:00Z,0
2025-03-02T07:12:00Z,0.9891196
2025-03-02T07:48:00Z,0
2025-03-02T08:24:00Z,0.6330447
2025-03-02T09:36:00Z,0.4664834
2025-03-02T10:12:00Z,0.9237564
2025-03-02T10:48:00Z,0
2025-03-02T12:00:00Z,0.73421997
2025-03-02T12:36:00Z,0.32477015
2025-03-02T13:48:00Z,0.4164959
2025-03-02T14:24:00Z,0.12992081
2025-03-02T15:36:00Z,0.9432633
2025-03-02T16:12:00Z,0
2025-03-02T16:48:00Z,0.5084718
2025-03-02T18:00:00Z,0.17761603
2025-03-02T18:36:00Z,0.3051745
2025-03-02T19:12:00Z,0.86857635
2025-03-02T19:48:00Z,0
2025-03-02T21:00:00Z,0.5552937
2025-03-02T22:12:00Z,0.019630317
2025-03-02T22:48:00Z,0.10262159
2025-03-02T23:24:00Z,0.8124461
2025-03-03T00:00:00Z,0
2025-03-03T00:36:00Z,0.91613233
2025-03-03T01:12:00Z,0
2025-03-03T02:24:00Z,0.52423674
2025-03-03T03:00:00Z,0.03932016
2025-03-03T03:36:00Z,0.6792971
2025-03-03T04:48:00Z,0.41750646
2025-03-03T05:24:00Z,0.7643545
2025-03-03T06:00:00Z,0
2025-03-03T06:36:00Z,0.58497936
2025-03-03T08:24:00Z,0.4700192
2025-03-03T10:12:00Z,0.76361966
2025-03-03T10:48:00Z,0
2025-03-03T11:24:00Z,0.7261781
2025-03-03T12:00:00Z,0.3136995
2025-03-03T12:36:00Z,0.76174736
2025-03-03T13:12:00Z,0
2025-03-03T13:48:00Z,0.7862593
2025-03-03T14:24:00Z,0
2025-03-03T15:36:00Z,0.40920928
2025-03-03T16:48:00Z,0.13768537
2025-03-03T17:24:00Z,0.49993578
2025-03-03T18:00:00Z,0.11082744
2025-03-03T18:36:00Z,0.8810823
2025-03-03T19:12:00Z,0
2025-03-03T21:00:00Z,0.9649942
2025-03-03T21:36:00Z,0
2025-03-03T22:12:00Z,0.866383
2025-03-03T22:48:00Z,0
2025-03-03T23:24:00Z,0.9052963
2025-03-04T00:00:00Z,0
2025-03-04T00:36:00Z,0.9550691
2025-03-04T01:12:00Z,0
2025-03-04T02:24:00Z,0.72926575
2025-03-04T03:00:00Z,0.11703318
2025-03-04T03:36:00Z,0.9356074
2025-03-04T04:12:00Z,0
2025-03-04T04:48:00Z,0.09771386
2025-03-04T05:24:00Z,0.91988045
2025-03-04T06:00:00Z,0
2025-03-04T06:36:00Z,0.79282063
2025-03-04T07:12:00Z,0
2025-03-04T07:48:00Z,0.9836785
2025-03-04T08:24:00Z,0
2025-03-04T09:36:00Z,0.73816204
2025-03-04T12:00:00Z,0.3934639
2025-03-04T12:36:00Z,0.4363319
2025-03-04T13:12:00Z,0.045943834
2025-03-04T13:48:00Z,0.095129006
2025-03-04T14:24:00Z,0.85038793
2025-03-04T15:00:00Z,0
2025-03-04T16:48:00Z,0.81771386
2025-03-04T17:24:00Z,0
2025-03-04T18:36:00Z,0.41893044
2025-03-04T19:12:00Z,0.08834828
2025-03-04T19:48:00Z,0.78305113
2025-03-04T20:24:00Z,0
2025-03-04T23:24:00Z,0.40369168
2025-03-05T00:00:00Z,0.866725
2025-03-05T00:36:00Z,0
2025-03-05T01:48:00Z,0.7241984
2025-03-05T02:24:00Z,0.10480146
2025-03-05T04:12:00Z,0.7582268
2025-03-05T04:48:00Z,0
2025-03-05T06:00:00Z,0.9740014
2025-03-05T06:36:00Z,0
2025-03-05T07:12:00Z,0.07504207
2025-03-05T07:48:00Z,0.74234855
2025-03-05T08:24:00Z,0.47126567
2025-03-05T09:00:00Z,0.61127377
2025-03-05T09:36:00Z,0.1983262
2025-03-05T10:12:00Z,0.59112227
2025-03-05T10:48:00Z,0.5747889
2025-03-05T11:24:00Z,0.018459145
2025-03-05T12:00:00Z,0.7698396
2025-03-05T12:36:00Z,0
2025-03-05T13:48:00Z,0.6526263
2025-03-05T15:00:00Z,0.7581101
2025-03-05T15:36:00Z,0
2025-03-05T16:12:00Z,0.87505686
2025-03-05T16:48:00Z,0
2025-03-05T17:24:00Z,0.7598221
2025-03-05T18:00:00Z,0
2025-03-05T19:48:00Z,0.86348397
2025-03-05T20:24:00Z,0
2025-03-05T21:00:00Z,0.67084104
2025-03-05T21:36:00Z,0.85734123
2025-03-05T22:12:00Z,0
2025-03-06T00:00:00Z,0.69736964
2025-03-06T01:12:00Z,0.2902593
2025-03-06T02:24:00Z,0.99599797
2025-03-06T03:00:00Z,0
2025-03-06T04:12:00Z,0.31901455
2025-03-06T04:48:00Z,0.8467991
2025-03-06T05:24:00Z,0
2025-03-06T06:00:00Z,0.13128263
2025-03-06T06:36:00Z,0.6907395
2025-03-06T07:12:00Z,0.3312476
2025-03-06T08:24:00Z,0.79352117
2025-03-06T09:00:00Z,0
2025-03-06T09:36:00Z,0.8079214
2025-03-06T10:12:00Z,0
2025-03-06T11:24:00Z,0.75946754
2025-03-06T12:00:00Z,0
2025-03-06T12:36:00Z,0.16109022
2025-03-06T13:12:00Z,0.9308831
2025-03-06T13:48:00Z,0
2025-03-06T14:24:00Z,0.6566421
2025-03-06T16:12:00Z,0.10371089
2025-03-06T16:48:00Z,0.7160942
2025-03-06T17:24:00Z,0.49613872
2025-03-06T18:00:00Z,0.75068516
