Timestamp,Value
2024-10-01T17:24:00Z,24.05105
2024-10-01T18:00:00Z,0
2024-10-01T19:12:00Z,30.038734
2024-10-01T19:48:00Z,24.094818
2024-10-01T21:36:00Z,29.977264
2024-10-01T22:12:00Z,0
2024-10-02T00:00:00Z,25.585665
2024-10-02T00:36:00Z,25.224432
2024-10-02T01:12:00Z,0
2024-10-02T03:36:00Z,24.15451
2024-10-02T04:12:00Z,25.236921
2024-10-02T04:48:00Z,0
2024-10-02T05:24:00Z,24.564623
2024-10-02T06:00:00Z,24.628365
2024-10-02T07:12:00Z,25.483421
2024-10-02T09:00:00Z,25.031126
2024-10-02T09:36:00Z,24.233135
2024-10-02T10:48:00Z,25.350847
2024-10-02T13:12:00Z,25.33453
2024-10-02T14:24:00Z,29.191347
2024-10-02T15:00:00Z,24.309
2024-10-02T17:24:00Z,24.25304
2024-10-02T18:00:00Z,24.697802
2024-10-02T18:36:00Z,25.791628
2024-10-02T19:12:00Z,25.554726
2024-10-02T19:48:00Z,24.557037
2024-10-02T20:24:00Z,25.311089
2024-10-02T22:12:00Z,24.60206
2024-10-02T22:48:00Z,24.096443
2024-10-03T01:12:00Z,24.484278
2024-10-03T01:48:00Z,30.85012
2024-10-03T02:24:00Z,25.79055
2024-10-03T03:00:00Z,24.098282
2024-10-03T03:36:00Z,25.138474
2024-10-03T04:12:00Z,24.930038
2024-10-03T05:24:00Z,25.723963
2024-10-03T06:00:00Z,24.903158
2024-10-03T06:36:00Z,0
2024-10-03T07:12:00Z,0
2024-10-03T07:48:00Z,25.533772
2024-10-03T08:24:00Z,24.628313
2024-10-03T10:48:00Z,25.329603
2024-10-03T11:24:00Z,0
2024-10-03T12:00:00Z,24.442736
2024-10-03T12:36:00Z,24.792952
2024-10-03T13:48:00Z,24.973627
2024-10-03T14:24:00Z,0
2024-10-03T15:00:00Z,30.039787
2024-10-03T15:36:00Z,0
2024-10-03T16:48:00Z,29.176926
2024-10-03T17:24:00Z,0
2024-10-03T18:00:00Z,24.49893
2024-10-03T18:36:00Z,25.655546
2024-10-03T19:48:00Z,24.263155
2024-10-03T20:24:00Z,29.168045
2024-10-03T21:00:00Z,25.276701
2024-10-03T21:36:00Z,24.50087
2024-10-03T22:12:00Z,24.969822
2024-10-03T23:24:00Z,24.26304
2024-10-04T00:36:00Z,25.842604
2024-10-04T01:12:00Z,24.6348
2024-10-04T01:48:00Z,25.306158
2024-10-04T03:36:00Z,25.776667
2024-10-04T04:12:00Z,25.65286
2024-10-04T05:24:00Z,29.657677
2024-10-04T06:00:00Z,25.380257
2024-10-04T07:12:00Z,24.294298
2024-10-04T10:12:00Z,25.522583
2024-10-04T11:24:00Z,25.267626
2024-10-04T12:00:00Z,25.675663
2024-10-04T13:12:00Z,25.766596
2024-10-04T15:00:00Z,24.910433
2024-10-04T16:12:00Z,25.354937
2024-10-04T16:48:00Z,25.02288
2024-10-04T18:00:00Z,24.981777
2024-10-04T18:36:00Z,25.492947
2024-10-04T19:12:00Z,24.64051
2024-10-04T19:48:00Z,25.393383
2024-10-04T21:00:00Z,25.09871
2024-10-04T21:36:00Z,25.401358
2024-10-04T22:12:00Z,24.282131
2024-10-04T22:48:00Z,25.540447
2024-10-04T23:24:00Z,25.725615
2024-10-05T00:00:00Z,30.42663
2024-10-05T00:36:00Z,25.16469
2024-10-05T01:48:00Z,24.019434
2024-10-05T03:00:00Z,25.593954
2024-10-05T03:36:00Z,24.794474
2024-10-05T06:36:00Z,24.480265
2024-10-05T07:12:00Z,25.949581
2024-10-05T07:48:00Z,25.507399
2024-10-05T08:24:00Z,25.842
2024-10-05T10:12:00Z,25.088629
2024-10-05T10:48:00Z,25.919083
2024-10-05T12:36:00Z,24.662651
2024-10-05T13:12:00Z,25.639833
2024-10-05T13:48:00Z,25.667635
2024-10-05T14:24:00Z,24.270681
2024-10-05T15:36:00Z,24.931978
2024-10-05T16:12:00Z,24.01007
2024-10-05T16:48:00Z,24.17613
2024-10-05T17:24:00Z,24.940828
2024-10-05T18:36:00Z,25.809233
2024-10-05T19:12:00Z,25.867567
2024-10-05T19:48:00Z,25.349981
2024-10-05T20:24:00Z,0
2024-10-05T21:36:00Z,24.223341
2024-10-05T22:12:00Z,24.733202
2024-10-06T00:36:00Z,29.366901
2024-10-06T01:12:00Z,25.731846
2024-10-06T04:12:00Z,24.932
2024-10-06T04:48:00Z,0
2024-10-06T05:24:00Z,25.261137
2024-10-06T06:36:00Z,25.774334
2024-10-06T07:12:00Z,24.470505
2024-10-06T07:48:00Z,25.824602
2024-10-06T08:24:00Z,24.192898
2024-10-06T10:48:00Z,25.47019
2024-10-06T11:24:00Z,24.640005
2024-10-06T12:00:00Z,24.60242
2024-10-06T12:36:00Z,25.136452
2024-10-06T13:12:00Z,0
2024-10-06T13:48:00Z,24.342697
2024-10-06T14:24:00Z,24.036913
2024-10-06T15:00:00Z,25.310072
2024-10-06T15:36:00Z,0
2024-10-06T16:48:00Z,24.100702
2024-10-06T17:24:00Z,29.631084
2024-10-06T18:00:00Z,24.876888
2024-10-06T19:12:00Z,24.608871
2024-10-06T19:48:00Z,25.771109
2024-10-06T21:00:00Z,25.217064
2024-10-06T22:48:00Z,25.529474
2024-10-07T00:36:00Z,24.628408
2024-10-07T01:12:00Z,25.757648
2024-10-07T01:48:00Z,24.766191
2024-10-07T02:24:00Z,24.735325
2024-10-07T03:36:00Z,29.775486
2024-10-07T04:12:00Z,24.2051
2024-10-07T04:48:00Z,25.003963
2024-10-07T07:12:00Z,25.890865
2024-10-07T09:00:00Z,24.235968
2024-10-07T10:12:00Z,25.785517
2024-10-07T11:24:00Z,24.212475
2024-10-07T12:00:00Z,25.681328
2024-10-07T12:36:00Z,24.081287
2024-10-07T13:12:00Z,0
2024-10-07T13:48:00Z,25.597418
2024-10-07T14:24:00Z,24.930693
2024-10-07T16:48:00Z,25.82019
2024-10-07T18:00:00Z,25.262321
2024-10-07T18:36:00Z,24.415781
2024-10-07T19:12:00Z,25.842136
2024-10-07T19:48:00Z,24.179543
2024-10-07T20:24:00Z,24.127836
2024-10-07T21:00:00Z,25.072199
2024-10-07T21:36:00Z,24.27972
2024-10-07T22:48:00Z,25.441446
2024-10-07T23:24:00Z,24.057117
2024-10-08T00:00:00Z,24.854094
2024-10-08T00:36:00Z,24.866968
2024-10-08T01:12:00Z,25.716068
2024-10-08T01:48:00Z,24.020748
2024-10-08T02:24:00Z,25.29016
2024-10-08T03:00:00Z,24.747993
2024-10-08T03:36:00Z,25.100405
2024-10-08T04:12:00Z,0
2024-10-08T04:48:00Z,25.549906
2024-10-08T05:24:00Z,24.333391
2024-10-08T06:00:00Z,30.854969
2024-10-08T06:36:00Z,0
2024-10-08T07:48:00Z,25.434381
2024-10-08T08:24:00Z,24.467577
2024-10-08T09:00:00Z,25.194029
2024-10-08T10:48:00Z,25.763346
2024-10-08T11:24:00Z,24.123184
2024-10-08T13:12:00Z,25.210455
2024-10-08T13:48:00Z,25.28481
2024-10-08T14:24:00Z,29.088654
2024-10-08T15:00:00Z,0
2024-10-08T16:48:00Z,24.869284
2024-10-08T17:24:00Z,24.535944
2024-10-08T18:00:00Z,25.291866
2024-10-08T18:36:00Z,24.41833
2024-10-08T19:12:00Z,0
2024-10-08T19:48:00Z,24.935188
2024-10-08T20:24:00Z,30.49097
2024-10-08T21:00:00Z,25.203356
2024-10-08T21:36:00Z,25.16557
2024-10-08T22:12:00Z,0
2024-10-08T22:48:00Z,24.251205
2024-10-08T23:24:00Z,0
2024-10-09T00:00:00Z,24.691381
2024-10-09T01:12:00Z,24.671883
2024-10-09T01:48:00Z,24.155428
2024-10-09T02:24:00Z,24.06082
2024-10-09T03:00:00Z,25.187128
2024-10-09T03:36:00Z,25.66593
2024-10-09T05:24:00Z,25.946579
2024-10-09T07:12:00Z,24.036636
2024-10-09T07:48:00Z,25.775606
2024-10-09T09:00:00Z,24.711834
2024-10-09T11:24:00Z,25.026386
2024-10-09T13:48:00Z,24.310265
2024-10-09T14:24:00Z,0
2024-10-09T15:00:00Z,30.492058
2024-10-09T15:36:00Z,24.731623
2024-10-09T16:48:00Z,24.982748
2024-10-09T17:24:00Z,24.491693
2024-10-09T18:00:00Z,25.543468
2024-10-09T19:12:00Z,24.815723
2024-10-09T19:48:00Z,25.310368
2024-10-09T20:24:00Z,24.25451
2024-10-09T21:36:00Z,24.804405
2024-10-09T22:12:00Z,25.584671
2024-10-09T22:48:00Z,25.839193
2024-10-09T23:24:00Z,0
2024-10-10T00:36:00Z,30.154531
2024-10-10T01:12:00Z,0
2024-10-10T01:48:00Z,25.336681
2024-10-10T02:24:00Z,0
2024-10-10T03:00:00Z,29.265131
2024-10-10T03:36:00Z,24.406097
2024-10-10T06:00:00Z,25.669876
2024-10-10T07:48:00Z,25.371592
2024-10-10T09:36:00Z,0
2024-10-10T10:12:00Z,24.334356
2024-10-10T10:48:00Z,24.014778
2024-10-10T11:24:00Z,25.904308
2024-10-10T12:00:00Z,24.02463
2024-10-10T12:36:00Z,30.770918
2024-10-10T13:12:00Z,25.94543
2024-10-10T13:48:00Z,0
2024-10-10T14:24:00Z,24.709105
2024-10-10T15:00:00Z,24.721807
2024-10-10T15:36:00Z,25.468853
2024-10-10T17:24:00Z,24.914934
2024-10-10T18:00:00Z,29.893135
2024-10-10T18:36:00Z,0
2024-10-10T19:48:00Z,25.173841
2024-10-10T20:24:00Z,25.046938
2024-10-10T21:00:00Z,25.740759
2024-10-10T21:36:00Z,24.408848
2024-10-10T22:48:00Z,25.225517
2024-10-10T23:24:00Z,24.64313
2024-10-11T00:00:00Z,25.310766
2024-10-11T02:24:00Z,25.030495
2024-10-11T03:00:00Z,24.550638
2024-10-11T04:48:00Z,25.55289
2024-10-11T06:00:00Z,24.602844
2024-10-11T07:48:00Z,25.276537
2024-10-11T10:48:00Z,24.846987
2024-10-11T11:24:00Z,25.4401
2024-10-11T12:00:00Z,0
2024-10-11T12:36:00Z,25.298384
2024-10-11T13:12:00Z,30.19012
2024-10-11T13:48:00Z,0
2024-10-11T14:24:00Z,24.791864
2024-10-11T15:36:00Z,24.4142
2024-10-11T16:12:00Z,25.749615
2024-10-11T18:00:00Z,24.94782
2024-10-11T18:36:00Z,24.112791
2024-10-11T19:48:00Z,24.332207
2024-10-11T20:24:00Z,25.249674
2024-10-11T21:36:00Z,25.060062
2024-10-11T22:12:00Z,24.055124
2024-10-11T23:24:00Z,24.61032
2024-10-12T00:36:00Z,25.921114
2024-10-12T01:12:00Z,24.197111
2024-10-12T01:48:00Z,24.743164
2024-10-12T02:24:00Z,24.261892
2024-10-12T03:00:00Z,0
2024-10-12T04:12:00Z,25.340523
2024-10-12T05:24:00Z,25.833881
2024-10-12T06:00:00Z,24.109516
2024-10-12T07:48:00Z,25.185236
2024-10-12T09:00:00Z,30.926249
2024-10-12T09:36:00Z,0
2024-10-12T10:12:00Z,24.286964
2024-10-12T10:48:00Z,25.595467
2024-10-12T11:24:00Z,24.544134
2024-10-12T13:12:00Z,24.935501
2024-10-12T13:48:00Z,0
2024-10-12T15:00:00Z,25.14463
2024-10-12T15:36:00Z,24.374601
2024-10-12T16:12:00Z,24.615845
2024-10-12T16:48:00Z,25.947939
2024-10-12T17:24:00Z,24.430752
2024-10-12T18:36:00Z,30.897799
2024-10-12T19:12:00Z,24.839754
2024-10-12T21:00:00Z,24.888655
2024-10-12T21:36:00Z,0
2024-10-12T22:12:00Z,25.214577
2024-10-12T22:48:00Z,24.566586
2024-10-12T23:24:00Z,25.83302
2024-10-13T00:00:00Z,24.71204
2024-10-13T00:36:00Z,25.430862
2024-10-13T01:12:00Z,0
2024-10-13T01:48:00Z,24.53755
2024-10-13T02:24:00Z,25.265244
2024-10-13T03:36:00Z,25.959545
2024-10-13T04:12:00Z,24.506641
2024-10-13T04:48:00Z,25.70984
2024-10-13T07:48:00Z,25.228546
2024-10-13T08:24:00Z,25.439188
2024-10-13T09:00:00Z,24.860977
2024-10-13T09:36:00Z,30.959358
2024-10-13T10:12:00Z,25.680964
2024-10-13T11:24:00Z,24.517076
2024-10-13T12:00:00Z,24.465965
2024-10-13T12:36:00Z,0
2024-10-13T13:12:00Z,30.091316
2024-10-13T13:48:00Z,0
2024-10-13T14:24:00Z,30.690638
2024-10-13T15:00:00Z,24.942575
2024-10-13T15:36:00Z,25.728306
2024-10-13T16:48:00Z,25.216038
2024-10-13T17:24:00Z,30.806036
2024-10-13T18:00:00Z,24.920988
2024-10-13T18:36:00Z,24.164156
2024-10-13T19:12:00Z,25.343834
2024-10-13T20:24:00Z,24.184214
2024-10-13T22:12:00Z,24.017496
2024-10-13T22:48:00Z,24.958742
2024-10-14T00:00:00Z,24.237843
2024-10-14T00:36:00Z,25.009527
2024-10-14T01:12:00Z,24.237204
2024-10-14T04:12:00Z,30.394184
2024-10-14T04:48:00Z,0
2024-10-14T05:24:00Z,25.059671
2024-10-14T06:00:00Z,25.025265
2024-10-14T06:36:00Z,24.457296
2024-10-14T09:00:00Z,25.444706
2024-10-14T09:36:00Z,24.892183
2024-10-14T10:12:00Z,29.39137
2024-10-14T10:48:00Z,24.686136
2024-10-14T11:24:00Z,25.859207
2024-10-14T12:00:00Z,24.971254
2024-10-14T12:36:00Z,25.252619
2024-10-14T14:24:00Z,25.123201
2024-10-14T15:00:00Z,0
2024-10-14T15:36:00Z,25.42824
2024-10-14T16:48:00Z,25.157667
2024-10-14T18:36:00Z,0
2024-10-14T20:24:00Z,24.768702
2024-10-14T21:00:00Z,24.276443
2024-10-14T22:12:00Z,25.19092
2024-10-15T00:00:00Z,24.798923
2024-10-15T00:36:00Z,25.928545
2024-10-15T01:12:00Z,25.226637
2024-10-15T01:48:00Z,0
2024-10-15T03:00:00Z,25.715528
2024-10-15T03:36:00Z,24.6811
2024-10-15T06:00:00Z,25.986425
2024-10-15T06:36:00Z,24.262901
2024-10-15T07:12:00Z,24.956366
2024-10-15T07:48:00Z,24.759745
2024-10-15T08:24:00Z,24.976547
2024-10-15T09:00:00Z,24.387571
2024-10-15T09:36:00Z,25.371557
2024-10-15T10:12:00Z,24.388552
2024-10-15T10:48:00Z,25.984741
2024-10-15T12:00:00Z,30.958363
2024-10-15T12:36:00Z,0
2024-10-15T13:12:00Z,29.68507
2024-10-15T13:48:00Z,24.175877
2024-10-15T15:00:00Z,30.498173
2024-10-15T15:36:00Z,24.041027
2024-10-15T18:00:00Z,24.483984
2024-10-15T18:36:00Z,0
2024-10-15T19:12:00Z,25.481825
2024-10-15T19:48:00Z,25.030293
2024-10-15T20:24:00Z,25.165487
2024-10-15T21:00:00Z,24.587622
2024-10-15T21:36:00Z,25.61417
2024-10-15T22:12:00Z,25.976582
2024-10-15T22:48:00Z,24.364592
2024-10-15T23:24:00Z,24.40948
2024-10-16T00:00:00Z,0
2024-10-16T00:36:00Z,24.06024
2024-10-16T01:12:00Z,25.190794
2024-10-16T03:00:00Z,24.277472
2024-10-16T04:12:00Z,30.52978
2024-10-16T04:48:00Z,25.264425
2024-10-16T06:36:00Z,25.117233
2024-10-16T07:12:00Z,24.048306
2024-10-16T07:48:00Z,25.620062
2024-10-16T08:24:00Z,0
2024-10-16T09:00:00Z,24.410925
2024-10-16T10:12:00Z,30.613087
2024-10-16T10:48:00Z,24.618553
2024-10-16T11:24:00Z,24.280474
2024-10-16T12:00:00Z,25.034212
2024-10-16T12:36:00Z,30.908327
2024-10-16T13:12:00Z,0
2024-10-16T13:48:00Z,25.261005
2024-10-16T14:24:00Z,0
2024-10-16T16:12:00Z,24.926676
2024-10-16T16:48:00Z,0
2024-10-16T17:24:00Z,25.55391
2024-10-16T18:00:00Z,0
2024-10-16T18:36:00Z,24.787245
2024-10-16T19:12:00Z,24.498678
2024-10-16T19:48:00Z,29.021137
2024-10-16T20:24:00Z,24.789867
2024-10-16T22:48:00Z,24.69921
2024-10-17T00:00:00Z,29.324915
2024-10-17T00:36:00Z,0
2024-10-17T01:12:00Z,25.164797
2024-10-17T01:48:00Z,24.48735
2024-10-17T02:24:00Z,25.760845
2024-10-17T03:00:00Z,0
2024-10-17T06:00:00Z,24.576107
2024-10-17T06:36:00Z,25.474611
2024-10-17T07:12:00Z,25.635874
2024-10-17T07:48:00Z,24.013231
2024-10-17T09:00:00Z,25.596418
2024-10-17T10:12:00Z,25.188059
2024-10-17T10:48:00Z,25.433107
2024-10-17T12:00:00Z,25.110533
2024-10-17T12:36:00Z,29.115463
2024-10-17T13:12:00Z,0
2024-10-17T14:24:00Z,30.005054
2024-10-17T15:00:00Z,0
2024-10-17T15:36:00Z,25.119017
2024-10-17T16:12:00Z,25.852932
2024-10-17T17:24:00Z,24.966906
2024-10-17T18:00:00Z,25.61989
2024-10-17T19:12:00Z,24.144485
2024-10-17T19:48:00Z,25.58123
2024-10-17T20:24:00Z,24.749065
2024-10-17T21:36:00Z,29.205898
2024-10-17T22:12:00Z,24.730303
2024-10-17T22:48:00Z,24.411537
2024-10-18T01:12:00Z,25.01933
2024-10-18T01:48:00Z,24.579605
2024-10-18T02:24:00Z,25.410307
2024-10-18T04:12:00Z,24.491375
2024-10-18T05:24:00Z,30.916216
2024-10-18T06:00:00Z,24.298677
2024-10-18T06:36:00Z,25.41487
2024-10-18T10:12:00Z,25.743818
2024-10-18T10:48:00Z,25.123783
2024-10-18T11:24:00Z,25.36032
2024-10-18T12:00:00Z,24.45096
2024-10-18T12:36:00Z,25.422333
2024-10-18T13:12:00Z,0
2024-10-18T13:48:00Z,25.582714
2024-10-18T14:24:00Z,25.239136
2024-10-18T15:00:00Z,0
2024-10-18T16:12:00Z,24.960875
2024-10-18T16:48:00Z,24.513391
2024-10-18T17:24:00Z,0
2024-10-18T18:36:00Z,25.81077
2024-10-18T19:48:00Z,25.435402
2024-10-18T21:00:00Z,24.293081
2024-10-18T21:36:00Z,0
2024-10-18T23:24:00Z,25.379065
2024-10-19T00:00:00Z,24.437798
2024-10-19T00:36:00Z,29.43565
2024-10-19T01:12:00Z,24.229738
2024-10-19T03:00:00Z,24.023127
2024-10-19T04:48:00Z,24.283535
2024-10-19T06:00:00Z,25.217812
2024-10-19T08:24:00Z,25.156414
2024-10-19T09:00:00Z,24.106739
2024-10-19T09:36:00Z,29.61011
2024-10-19T10:12:00Z,24.7216
2024-10-19T10:48:00Z,24.065283
2024-10-19T11:24:00Z,24.006561
2024-10-19T12:00:00Z,25.909231
2024-10-19T12:36:00Z,24.512642
2024-10-19T13:12:00Z,25.968401
2024-10-19T15:00:00Z,25.147064
2024-10-19T15:36:00Z,30.009398
2024-10-19T16:12:00Z,24.181568
2024-10-19T16:48:00Z,24.84341
2024-10-19T18:00:00Z,24.237858
2024-10-19T19:12:00Z,25.527235
2024-10-19T19:48:00Z,24.21759
2024-10-19T20:24:00Z,25.136667
2024-10-19T21:00:00Z,25.578314
2024-10-19T21:36:00Z,25.182081
2024-10-19T23:24:00Z,25.815168
2024-10-20T00:36:00Z,24.782742
2024-10-20T01:12:00Z,25.661049
2024-10-20T01:48:00Z,24.424072
2024-10-20T02:24:00Z,24.393211
2024-10-20T03:00:00Z,0
2024-10-20T03:36:00Z,29.121449
2024-10-20T04:12:00Z,24.56512
2024-10-20T04:48:00Z,0
2024-10-20T05:24:00Z,29.240892
2024-10-20T06:00:00Z,24.530178
2024-10-20T06:36:00Z,25.425463
2024-10-20T07:12:00Z,29.112469
2024-10-20T07:48:00Z,0
2024-10-20T09:36:00Z,25.011799
2024-10-20T10:12:00Z,25.365263
2024-10-20T10:48:00Z,24.419363
2024-10-20T11:24:00Z,25.729544
2024-10-20T12:36:00Z,24.096142
2024-10-20T13:12:00Z,30.22303
2024-10-20T13:48:00Z,24.586176
2024-10-20T14:24:00Z,25.301462
2024-10-20T15:36:00Z,24.20533
2024-10-20T16:12:00Z,24.64826
2024-10-20T18:36:00Z,24.444822
2024-10-20T19:12:00Z,25.374647
2024-10-20T19:48:00Z,25.74231
2024-10-20T20:24:00Z,30.974506
2024-10-20T21:00:00Z,25.027866
2024-10-20T21:36:00Z,24.769588
2024-10-20T22:12:00Z,0
2024-10-21T00:00:00Z,24.668512
2024-10-21T00:36:00Z,25.688915
2024-10-21T03:00:00Z,25.81829
2024-10-21T03:36:00Z,25.595947
2024-10-21T04:12:00Z,24.828476
2024-10-21T04:48:00Z,25.719831
2024-10-21T05:24:00Z,25.977097
2024-10-21T06:36:00Z,0
2024-10-21T07:12:00Z,24.4467
2024-10-21T07:48:00Z,25.886332
2024-10-21T08:24:00Z,24.722952
2024-10-21T09:00:00Z,25.97151
2024-10-21T12:36:00Z,24.862997
2024-10-21T13:12:00Z,0
2024-10-21T13:48:00Z,24.902405
2024-10-21T15:00:00Z,25.83696
2024-10-21T18:36:00Z,24.860067
2024-10-21T21:00:00Z,24.60628
2024-10-21T21:36:00Z,29.741528
2024-10-21T22:12:00Z,24.66771
2024-10-21T23:24:00Z,25.7886
2024-10-22T00:36:00Z,30.118671
2024-10-22T01:12:00Z,24.329386
2024-10-22T01:48:00Z,25.3267
2024-10-22T02:24:00Z,25.314318
2024-10-22T03:00:00Z,0
2024-10-22T03:36:00Z,24.463673
2024-10-22T04:12:00Z,24.222145
2024-10-22T04:48:00Z,0
2024-10-22T06:36:00Z,25.389254
2024-10-22T07:12:00Z,25.174702
2024-10-22T07:48:00Z,0
2024-10-22T08:24:00Z,24.319826
2024-10-22T09:36:00Z,25.175337
2024-10-22T10:12:00Z,24.832996
2024-10-22T12:00:00Z,25.33693
2024-10-22T12:36:00Z,24.921417
2024-10-22T13:48:00Z,24.889624
2024-10-22T15:00:00Z,25.87789
2024-10-22T15:36:00Z,25.375458
2024-10-22T16:12:00Z,24.135384
2024-10-22T16:48:00Z,29.501495
2024-10-22T17:24:00Z,0
2024-10-22T18:00:00Z,25.466688
2024-10-22T18:36:00Z,24.498455
2024-10-22T19:48:00Z,25.934198
2024-10-22T20:24:00Z,24.233574
2024-10-22T21:00:00Z,25.165005
2024-10-22T22:12:00Z,24.467726
2024-10-22T22:48:00Z,25.078436
2024-10-23T00:00:00Z,25.49639
2024-10-23T01:12:00Z,25.021545
2024-10-23T01:48:00Z,30.811285
2024-10-23T02:24:00Z,24.676882
2024-10-23T03:00:00Z,25.930332
2024-10-23T03:36:00Z,24.421898
2024-10-23T04:12:00Z,30.37682
2024-10-23T04:48:00Z,25.454752
2024-10-23T06:00:00Z,30.97306
2024-10-23T06:36:00Z,0
2024-10-23T07:48:00Z,25.794521
2024-10-23T08:24:00Z,25.266453
2024-10-23T09:36:00Z,30.116411
2024-10-23T10:12:00Z,24.636488
2024-10-23T11:24:00Z,25.644724
2024-10-23T12:36:00Z,24.853308
2024-10-23T14:24:00Z,29.458967
2024-10-23T15:00:00Z,25.288687
2024-10-23T15:36:00Z,24.46658
2024-10-23T18:00:00Z,25.643051
2024-10-23T18:36:00Z,24.39895
2024-10-23T20:24:00Z,24.14049
2024-10-23T21:36:00Z,24.836287
2024-10-23T23:24:00Z,24.641459
2024-10-24T00:00:00Z,25.25503
2024-10-24T00:36:00Z,24.402308
2024-10-24T01:12:00Z,25.440174
2024-10-24T01:48:00Z,24.880112
2024-10-24T03:00:00Z,25.956806
2024-10-24T03:36:00Z,24.809818
2024-10-24T04:12:00Z,25.70479
2024-10-24T05:24:00Z,29.130974
2024-10-24T06:00:00Z,0
2024-10-24T08:24:00Z,24.65729
2024-10-24T09:00:00Z,0
2024-10-24T10:12:00Z,25.365944
2024-10-24T10:48:00Z,0
2024-10-24T12:36:00Z,25.136286
2024-10-24T13:12:00Z,0
2024-10-24T14:24:00Z,24.368177
2024-10-24T16:12:00Z,24.022135
2024-10-24T16:48:00Z,24.52939
2024-10-24T17:24:00Z,25.483858
2024-10-24T18:00:00Z,24.721138
2024-10-24T18:36:00Z,25.646029
2024-10-24T19:12:00Z,24.003008
2024-10-24T19:48:00Z,30.604332
2024-10-24T20:24:00Z,25.578379
2024-10-24T21:36:00Z,29.705336
2024-10-24T22:12:00Z,0
2024-10-25T00:00:00Z,30.279036
2024-10-25T00:36:00Z,25.855314
2024-10-25T01:12:00Z,24.620823
2024-10-25T02:24:00Z,24.515118
2024-10-25T03:00:00Z,0
2024-10-25T03:36:00Z,24.450806
2024-10-25T04:12:00Z,25.612497
2024-10-25T04:48:00Z,25.299974
2024-10-25T05:24:00Z,24.44763
2024-10-25T06:00:00Z,25.834784
2024-10-25T06:36:00Z,0
2024-10-25T07:12:00Z,25.71272
2024-10-25T07:48:00Z,24.21429
2024-10-25T09:00:00Z,25.449965
2024-10-25T09:36:00Z,25.247349
2024-10-25T10:12:00Z,25.969875
2024-10-25T10:48:00Z,25.702965
2024-10-25T11:24:00Z,25.948421
2024-10-25T12:00:00Z,25.135668
2024-10-25T13:12:00Z,0
2024-10-25T13:48:00Z,24.183704
2024-10-25T15:00:00Z,25.416433
2024-10-25T15:36:00Z,0
2024-10-25T16:12:00Z,24.606031
2024-10-25T16:48:00Z,25.082296
2024-10-25T18:00:00Z,24.519848
2024-10-25T19:12:00Z,24.455725
2024-10-25T19:48:00Z,0
2024-10-25T20:24:00Z,30.560963
2024-10-25T21:00:00Z,24.844055
2024-10-25T22:12:00Z,25.758865
2024-10-25T22:48:00Z,25.51199
2024-10-25T23:24:00Z,30.104086
2024-10-26T00:00:00Z,25.885464
2024-10-26T00:36:00Z,25.594933
2024-10-26T01:12:00Z,29.264421
2024-10-26T01:48:00Z,0
2024-10-26T03:36:00Z,25.926216
2024-10-26T04:12:00Z,24.928295
2024-10-26T04:48:00Z,25.658928
2024-10-26T05:24:00Z,24.40523
2024-10-26T06:00:00Z,30.779661
2024-10-26T06:36:00Z,0
2024-10-26T07:12:00Z,24.98985
2024-10-26T07:48:00Z,24.925741
2024-10-26T08:24:00Z,25.322765
2024-10-26T09:00:00Z,0
2024-10-26T09:36:00Z,24.120668
2024-10-26T10:12:00Z,24.654316
2024-10-26T10:48:00Z,24.7869
2024-10-26T11:24:00Z,24.438824
2024-10-26T12:36:00Z,25.454721
2024-10-26T13:48:00Z,24.79546
2024-10-26T14:24:00Z,25.186655
2024-10-26T15:00:00Z,24.669191
2024-10-26T16:12:00Z,25.225113
2024-10-26T16:48:00Z,0
2024-10-26T18:00:00Z,25.393036
2024-10-26T18:36:00Z,24.821993
2024-10-26T19:48:00Z,25.674643
2024-10-26T20:24:00Z,0
2024-10-26T21:00:00Z,24.064714
2024-10-26T22:12:00Z,25.100136
2024-10-26T22:48:00Z,24.256496
2024-10-26T23:24:00Z,25.198166
2024-10-27T00:00:00Z,25.686907
2024-10-27T02:24:00Z,24.221779
2024-10-27T03:00:00Z,25.60602
2024-10-27T03:36:00Z,24.436504
2024-10-27T04:12:00Z,30.508286
2024-10-27T04:48:00Z,25.149418
2024-10-27T05:24:00Z,24.792152
2024-10-27T06:36:00Z,25.622503
2024-10-27T07:12:00Z,24.330036
2024-10-27T10:12:00Z,24.918016
2024-10-27T10:48:00Z,25.870884
2024-10-27T11:24:00Z,24.537521
2024-10-27T12:00:00Z,25.3541
2024-10-27T12:36:00Z,29.663754
2024-10-27T13:12:00Z,25.430313
2024-10-27T13:48:00Z,24.621424
2024-10-27T14:24:00Z,24.457
2024-10-27T15:00:00Z,24.72494
2024-10-27T16:12:00Z,24.354683
2024-10-27T16:48:00Z,25.28869
2024-10-27T17:24:00Z,25.067488
2024-10-27T18:00:00Z,24.22429
2024-10-27T18:36:00Z,24.692154
2024-10-27T19:12:00Z,0
2024-10-27T19:48:00Z,25.456379
2024-10-27T20:24:00Z,24.290436
2024-10-27T21:00:00Z,24.403032
2024-10-27T21:36:00Z,25.632027
2024-10-27T22:48:00Z,25.01481
2024-10-27T23:24:00Z,25.691032
2024-10-28T00:00:00Z,0
2024-10-28T00:36:00Z,25.701073
2024-10-28T01:12:00Z,24.075953
2024-10-28T01:48:00Z,25.987104
2024-10-28T02:24:00Z,24.849648
2024-10-28T03:00:00Z,24.236635
2024-10-28T04:48:00Z,24.206503
2024-10-28T05:24:00Z,25.94199
2024-10-28T06:00:00Z,24.628014
2024-10-28T07:12:00Z,24.600756
2024-10-28T07:48:00Z,24.971754
2024-10-28T08:24:00Z,25.757595
2024-10-28T09:36:00Z,24.113003
2024-10-28T10:48:00Z,24.040852
2024-10-28T11:24:00Z,29.628294
2024-10-28T12:00:00Z,25.988138
2024-10-28T12:36:00Z,24.868189
2024-10-28T13:48:00Z,25.237764
2024-10-28T14:24:00Z,24.992058
2024-10-28T15:00:00Z,0
2024-10-28T16:48:00Z,25.528288
2024-10-28T17:24:00Z,24.683163
2024-10-28T19:12:00Z,25.200891
2024-10-28T19:48:00Z,0
2024-10-28T20:24:00Z,24.461042
2024-10-28T21:36:00Z,25.004013
2024-10-28T22:12:00Z,24.414055
2024-10-28T23:24:00Z,24.66476
2024-10-29T00:00:00Z,29.219679
2024-10-29T00:36:00Z,25.558027
2024-10-29T01:12:00Z,24.53557
2024-10-29T04:12:00Z,29.99352
2024-10-29T04:48:00Z,25.728249
2024-10-29T05:24:00Z,25.893208
2024-10-29T06:00:00Z,24.071585
2024-10-29T07:12:00Z,25.987633
2024-10-29T07:48:00Z,25.607483
2024-10-29T08:24:00Z,25.944372
2024-10-29T09:00:00Z,25.067385
2024-10-29T09:36:00Z,25.09791
2024-10-29T10:48:00Z,0
2024-10-29T11:24:00Z,25.590328
2024-10-29T12:00:00Z,25.88013
2024-10-29T12:36:00Z,29.92809
2024-10-29T13:12:00Z,0
2024-10-29T13:48:00Z,25.997349
2024-10-29T15:36:00Z,24.450748
2024-10-29T17:24:00Z,25.321611
2024-10-29T18:36:00Z,24.504652
2024-10-29T19:12:00Z,24.741848
2024-10-29T19:48:00Z,25.559574
2024-10-29T21:00:00Z,25.415226
2024-10-29T22:12:00Z,25.885387
2024-10-29T23:24:00Z,25.404554
2024-10-30T00:00:00Z,29.795235
2024-10-30T00:36:00Z,24.206196
2024-10-30T01:48:00Z,25.283073
2024-10-30T03:36:00Z,25.96309
2024-10-30T04:48:00Z,25.961727
2024-10-30T05:24:00Z,25.08675
2024-10-30T06:00:00Z,25.750828
2024-10-30T07:12:00Z,25.280437
2024-10-30T07:48:00Z,25.547756
2024-10-30T08:24:00Z,24.698568
2024-10-30T09:36:00Z,0
2024-10-30T10:12:00Z,25.545528
2024-10-30T12:36:00Z,24.733646
2024-10-30T13:48:00Z,25.7429
2024-10-30T14:24:00Z,24.653866
2024-10-30T15:36:00Z,24.835665
2024-10-30T16:12:00Z,0
2024-10-30T16:48:00Z,25.441895
2024-10-30T17:24:00Z,24.470263
2024-10-30T18:00:00Z,25.880053
2024-10-30T19:12:00Z,24.627245
2024-10-30T21:00:00Z,25.544048
2024-10-30T22:12:00Z,25.627665
2024-10-30T22:48:00Z,24.702944
2024-10-30T23:24:00Z,25.272009
2024-10-31T00:00:00Z,25.16554
2024-10-31T00:36:00Z,24.104113
2024-10-31T01:12:00Z,25.939665
2024-10-31T01:48:00Z,0
2024-10-31T02:24:00Z,24.089388
2024-10-31T03:00:00Z,25.29697
2024-10-31T03:36:00Z,25.540173
2024-10-31T04:12:00Z,25.309225
2024-10-31T04:48:00Z,24.424652
2024-10-31T05:24:00Z,24.96669
2024-10-31T06:00:00Z,24.13077
2024-10-31T06:36:00Z,25.816357
2024-10-31T07:12:00Z,24.116129
2024-10-31T07:48:00Z,24.47089
2024-10-31T09:00:00Z,24.380472
2024-10-31T09:36:00Z,24.80468
2024-10-31T11:24:00Z,24.234823
2024-10-31T12:00:00Z,24.624218
2024-10-31T12:36:00Z,24.37586
2024-10-31T13:12:00Z,29.123308
2024-10-31T13:48:00Z,0
2024-10-31T14:24:00Z,24.900072
2024-10-31T15:00:00Z,24.414291
2024-10-31T16:12:00Z,25.782679
2024-10-31T16:48:00Z,25.54769
2024-10-31T17:24:00Z,25.827835
2024-10-31T18:00:00Z,0
2024-10-31T19:12:00Z,29.062902
2024-10-31T19:48:00Z,0
2024-10-31T20:24:00Z,29.319199
2024-10-31T21:00:00Z,0
2024-10-31T21:36:00Z,25.316813
2024-10-31T22:12:00Z,0
2024-10-31T22:48:00Z,24.107094
2024-10-31T23:24:00Z,25.606081
2024-11-01T01:12:00Z,29.220106
2024-11-01T01:48:00Z,24.464832
2024-11-01T03:00:00Z,24.83717
2024-11-01T03:36:00Z,24.40968
2024-11-01T04:12:00Z,0
2024-11-01T04:48:00Z,24.153133
2024-11-01T06:36:00Z,25.810045
2024-11-01T07:12:00Z,24.903936
2024-11-01T08:24:00Z,24.456821
2024-11-01T09:00:00Z,25.842894
2024-11-01T11:24:00Z,25.04455
2024-11-01T12:00:00Z,25.45703
2024-11-01T12:36:00Z,0
2024-11-01T13:12:00Z,24.031784
2024-11-01T13:48:00Z,25.243563
2024-11-01T14:24:00Z,0
2024-11-01T15:00:00Z,25.668964
2024-11-01T15:36:00Z,24.368
2024-11-01T16:12:00Z,25.867273
2024-11-01T16:48:00Z,0
2024-11-01T17:24:00Z,25.055195
2024-11-01T18:00:00Z,25.233236
2024-11-01T21:00:00Z,24.631025
2024-11-01T21:36:00Z,25.807322
2024-11-01T22:12:00Z,25.278275
2024-11-02T00:00:00Z,24.963629
2024-11-02T00:36:00Z,25.880518
2024-11-02T04:12:00Z,24.439478
2024-11-02T04:48:00Z,25.116165
2024-11-02T06:00:00Z,25.813524
2024-11-02T06:36:00Z,0
2024-11-02T07:48:00Z,29.233929
2024-11-02T08:24:00Z,0
2024-11-02T09:00:00Z,24.00416
2024-11-02T09:36:00Z,25.96127
2024-11-02T10:48:00Z,25.945482
2024-11-02T12:00:00Z,24.800201
2024-11-02T12:36:00Z,25.53303
2024-11-02T13:48:00Z,24.861757
2024-11-02T15:00:00Z,25.147509
2024-11-02T15:36:00Z,24.603525
2024-11-02T16:12:00Z,25.407145
2024-11-02T16:48:00Z,0
2024-11-02T17:24:00Z,25.662718
2024-11-02T19:12:00Z,24.838772
2024-11-02T19:48:00Z,30.27743
2024-11-02T20:24:00Z,0
2024-11-02T21:00:00Z,24.723583
2024-11-02T21:36:00Z,29.230444
2024-11-02T22:12:00Z,0
2024-11-03T00:36:00Z,25.582157
2024-11-03T01:48:00Z,25.851946
2024-11-03T02:24:00Z,24.8323
2024-11-03T03:00:00Z,0
2024-11-03T03:36:00Z,25.087172
2024-11-03T05:24:00Z,24.45279
2024-11-03T06:00:00Z,0
2024-11-03T06:36:00Z,25.31844
2024-11-03T07:12:00Z,24.05157
2024-11-03T07:48:00Z,29.994791
2024-11-03T08:24:00Z,25.74882
2024-11-03T09:00:00Z,25.921906
2024-11-03T09:36:00Z,0
2024-11-03T10:48:00Z,24.44394
2024-11-03T11:24:00Z,0
2024-11-03T12:00:00Z,25.494774
2024-11-03T13:12:00Z,25.54593
2024-11-03T13:48:00Z,24.37979
2024-11-03T18:36:00Z,30.139399
2024-11-03T19:12:00Z,25.549122
2024-11-03T19:48:00Z,29.55965
2024-11-03T20:24:00Z,0
2024-11-03T21:36:00Z,29.067516
2024-11-03T22:12:00Z,24.290506
2024-11-03T22:48:00Z,25.954126
2024-11-03T23:24:00Z,24.807276
2024-11-04T01:12:00Z,24.206625
2024-11-04T01:48:00Z,24.699068
2024-11-04T03:00:00Z,24.875044
2024-11-04T03:36:00Z,25.518465
2024-11-04T04:48:00Z,24.268555
2024-11-04T06:00:00Z,24.690554
2024-11-04T06:36:00Z,25.445671
2024-11-04T08:24:00Z,24.075874
2024-11-04T09:00:00Z,24.419903
2024-11-04T09:36:00Z,24.332123
2024-11-04T10:12:00Z,25.165745
2024-11-04T10:48:00Z,24.534996
2024-11-04T13:48:00Z,24.772041
2024-11-04T14:24:00Z,25.409702
2024-11-04T15:00:00Z,24.013054
2024-11-04T15:36:00Z,24.537771
2024-11-04T16:12:00Z,29.45044
2024-11-04T16:48:00Z,0
2024-11-04T17:24:00Z,24.542921
2024-11-04T19:12:00Z,25.250837
2024-11-04T19:48:00Z,24.88922
2024-11-04T20:24:00Z,25.355259
2024-11-04T21:00:00Z,24.222023
2024-11-05T01:12:00Z,24.372934
2024-11-05T01:48:00Z,25.081638
2024-11-05T02:24:00Z,25.045551
2024-11-05T04:48:00Z,29.61376
2024-11-05T05:24:00Z,25.091335
2024-11-05T06:36:00Z,24.039925
2024-11-05T07:12:00Z,25.81518
2024-11-05T07:48:00Z,24.488552
2024-11-05T08:24:00Z,24.053396
2024-11-05T09:00:00Z,25.027431
2024-11-05T09:36:00Z,0
2024-11-05T10:12:00Z,24.900629
2024-11-05T11:24:00Z,25.171707
2024-11-05T13:12:00Z,24.924301
2024-11-05T13:48:00Z,25.260542
2024-11-05T15:00:00Z,25.265642
2024-11-05T16:12:00Z,29.558016
2024-11-05T16:48:00Z,24.818993
2024-11-05T17:24:00Z,24.702991
2024-11-05T18:00:00Z,25.049189
2024-11-05T18:36:00Z,0
2024-11-05T19:12:00Z,24.672163
2024-11-05T19:48:00Z,25.829668
2024-11-05T21:36:00Z,25.014044
2024-11-05T22:48:00Z,25.224752
2024-11-05T23:24:00Z,24.289057
2024-11-06T00:00:00Z,25.676178
2024-11-06T00:36:00Z,25.836813
2024-11-06T01:12:00Z,24.454239
2024-11-06T01:48:00Z,0
2024-11-06T03:00:00Z,25.873844
2024-11-06T04:48:00Z,25.830793
2024-11-06T07:12:00Z,24.996187
2024-11-06T07:48:00Z,25.78556
2024-11-06T08:24:00Z,25.004208
2024-11-06T09:00:00Z,25.243
2024-11-06T09:36:00Z,24.963516
2024-11-06T10:12:00Z,25.344675
2024-11-06T12:36:00Z,29.065823
2024-11-06T13:12:00Z,24.100172
2024-11-06T14:24:00Z,24.721203
2024-11-06T15:00:00Z,30.452215
2024-11-06T15:36:00Z,0
2024-11-06T16:12:00Z,30.314838
2024-11-06T16:48:00Z,0
2024-11-06T17:24:00Z,25.110048
2024-11-06T18:36:00Z,24.760706
2024-11-06T19:48:00Z,0
2024-11-06T20:24:00Z,25.148212
2024-11-06T21:00:00Z,24.729595
2024-11-06T22:12:00Z,25.470982
2024-11-06T22:48:00Z,24.917494
2024-11-07T00:00:00Z,29.59013
2024-11-07T00:36:00Z,24.771431
2024-11-07T01:12:00Z,24.314087
2024-11-07T01:48:00Z,0
2024-11-07T02:24:00Z,25.21964
2024-11-07T03:36:00Z,24.89714
2024-11-07T04:12:00Z,25.408165
2024-11-07T05:24:00Z,24.19177
2024-11-07T06:00:00Z,24.733961
2024-11-07T06:36:00Z,30.526407
2024-11-07T07:12:00Z,0
2024-11-07T07:48:00Z,24.020136
2024-11-07T09:00:00Z,24.138117
2024-11-07T10:12:00Z,25.021152
2024-11-07T12:36:00Z,25.99393
2024-11-07T13:48:00Z,25.191877
2024-11-07T15:36:00Z,25.52678
2024-11-07T16:12:00Z,24.608358
2024-11-07T16:48:00Z,0
2024-11-07T17:24:00Z,25.375055
2024-11-07T18:00:00Z,24.764097
2024-11-07T18:36:00Z,29.31871
2024-11-07T19:12:00Z,24.22082
2024-11-07T20:24:00Z,30.817308
2024-11-07T21:00:00Z,25.446798
2024-11-07T22:12:00Z,25.669983
2024-11-08T00:00:00Z,25.019558
2024-11-08T00:36:00Z,24.301308
2024-11-08T01:12:00Z,25.745466
2024-11-08T01:48:00Z,0
2024-11-08T02:24:00Z,25.536407
2024-11-08T03:00:00Z,25.987858
2024-11-08T03:36:00Z,25.140535
2024-11-08T04:12:00Z,24.839418
2024-11-08T04:48:00Z,25.436525
2024-11-08T05:24:00Z,25.19883
2024-11-08T06:36:00Z,25.712412
2024-11-08T07:12:00Z,24.031187
2024-11-08T07:48:00Z,25.426567
2024-11-08T08:24:00Z,24.201391
2024-11-08T09:00:00Z,29.182587
2024-11-08T09:36:00Z,0
2024-11-08T10:12:00Z,30.72617
2024-11-08T10:48:00Z,24.791485
2024-11-08T13:12:00Z,24.737448
2024-11-08T14:24:00Z,25.824608
2024-11-08T15:00:00Z,25.804844
2024-11-08T15:36:00Z,0
2024-11-08T16:12:00Z,25.682024
2024-11-08T16:48:00Z,25.443895
2024-11-08T17:24:00Z,24.635082
2024-11-08T18:00:00Z,25.927773
2024-11-08T20:24:00Z,24.966671
2024-11-08T21:36:00Z,25.57988
2024-11-08T22:12:00Z,25.058401
2024-11-08T22:48:00Z,25.374874
2024-11-08T23:24:00Z,24.571247
2024-11-09T00:00:00Z,24.326426
2024-11-09T01:48:00Z,25.679773
2024-11-09T02:24:00Z,24.762049
2024-11-09T03:00:00Z,0
2024-11-09T04:12:00Z,25.663553
2024-11-09T04:48:00Z,24.891624
2024-11-09T05:24:00Z,24.551645
2024-11-09T06:00:00Z,25.48928
2024-11-09T06:36:00Z,24.10707
2024-11-09T09:00:00Z,25.773838
2024-11-09T09:36:00Z,24.001879
2024-11-09T10:12:00Z,25.302397
2024-11-09T10:48:00Z,25.429514
2024-11-09T11:24:00Z,25.99073
2024-11-09T12:00:00Z,25.766249
2024-11-09T12:36:00Z,24.61319
2024-11-09T13:12:00Z,24.694174
2024-11-09T13:48:00Z,29.0725
2024-11-09T14:24:00Z,24.94626
2024-11-09T15:00:00Z,25.122963
2024-11-09T15:36:00Z,0
2024-11-09T16:12:00Z,24.612482
2024-11-09T17:24:00Z,24.535555
2024-11-09T18:00:00Z,25.821705
2024-11-09T18:36:00Z,25.738867
2024-11-09T19:12:00Z,24.441305
2024-11-09T19:48:00Z,0
2024-11-09T21:36:00Z,24.643286
2024-11-09T22:12:00Z,24.209234
2024-11-09T23:24:00Z,30.633184
2024-11-10T00:00:00Z,0
2024-11-10T01:12:00Z,29.081694
2024-11-10T01:48:00Z,24.90227
2024-11-10T02:24:00Z,25.536945
2024-11-10T03:00:00Z,25.003798
2024-11-10T03:36:00Z,25.631834
2024-11-10T04:12:00Z,24.444128
2024-11-10T04:48:00Z,24.214325
2024-11-10T05:24:00Z,25.469099
2024-11-10T06:00:00Z,25.938099
2024-11-10T06:36:00Z,25.40057
2024-11-10T07:12:00Z,24.44988
2024-11-10T08:24:00Z,0
2024-11-10T09:00:00Z,24.125275
2024-11-10T10:12:00Z,0
2024-11-10T10:48:00Z,25.556425
2024-11-10T11:24:00Z,24.540823
2024-11-10T12:00:00Z,24.02884
2024-11-10T12:36:00Z,25.184755
2024-11-10T13:48:00Z,24.18561
2024-11-10T14:24:00Z,24.201921
2024-11-10T15:00:00Z,25.386581
2024-11-10T15:36:00Z,24.026163
2024-11-10T16:48:00Z,25.768696
2024-11-10T18:00:00Z,25.916447
2024-11-10T18:36:00Z,24.47723
2024-11-10T19:12:00Z,24.23915
2024-11-10T19:48:00Z,0
2024-11-10T20:24:00Z,24.252708
2024-11-10T21:00:00Z,25.80144
2024-11-10T21:36:00Z,25.333773
2024-11-10T22:12:00Z,0
2024-11-10T22:48:00Z,25.381516
2024-11-10T23:24:00Z,25.63992
2024-11-11T00:00:00Z,24.163586
2024-11-11T00:36:00Z,25.597105
2024-11-11T01:12:00Z,0
2024-11-11T01:48:00Z,25.598137
2024-11-11T02:24:00Z,24.4782
2024-11-11T03:00:00Z,24.078667
2024-11-11T03:36:00Z,25.932825
2024-11-11T04:48:00Z,25.967257
2024-11-11T06:00:00Z,25.263063
2024-11-11T06:36:00Z,24.316462
2024-11-11T08:24:00Z,24.329762
2024-11-11T09:00:00Z,0
2024-11-11T11:24:00Z,25.890532
2024-11-11T12:36:00Z,24.057915
2024-11-11T13:12:00Z,25.246574
2024-11-11T14:24:00Z,29.48073
2024-11-11T15:00:00Z,24.082102
2024-11-11T15:36:00Z,25.44869
2024-11-11T16:12:00Z,0
2024-11-11T16:48:00Z,25.306192
2024-11-11T17:24:00Z,25.014433
2024-11-11T18:00:00Z,24.096817
2024-11-11T18:36:00Z,0
2024-11-11T19:12:00Z,30.870438
2024-11-11T19:48:00Z,0
2024-11-11T20:24:00Z,24.420824
2024-11-11T21:00:00Z,0
2024-11-11T22:12:00Z,29.782333
2024-11-11T22:48:00Z,0
2024-11-12T00:00:00Z,30.738676
2024-11-12T00:36:00Z,24.918995
2024-11-12T01:12:00Z,25.682686
2024-11-12T03:00:00Z,25.64117
2024-11-12T03:36:00Z,25.938658
2024-11-12T06:00:00Z,24.33425
2024-11-12T06:36:00Z,0
2024-11-12T07:12:00Z,24.697258
2024-11-12T07:48:00Z,25.862455
2024-11-12T08:24:00Z,30.52906
2024-11-12T09:00:00Z,0
2024-11-12T10:12:00Z,25.659458
2024-11-12T10:48:00Z,25.168364
2024-11-12T11:24:00Z,25.825296
2024-11-12T12:36:00Z,25.579292
2024-11-12T13:48:00Z,24.19033
2024-11-12T16:12:00Z,24.147003
2024-11-12T16:48:00Z,30.105066
2024-11-12T17:24:00Z,24.098642
2024-11-12T19:48:00Z,24.449776
2024-11-12T20:24:00Z,25.937817
2024-11-12T21:00:00Z,24.55211
2024-11-12T22:12:00Z,24.132038
2024-11-12T22:48:00Z,29.083412
2024-11-12T23:24:00Z,0
2024-11-13T00:00:00Z,25.672125
2024-11-13T00:36:00Z,24.234472
2024-11-13T01:12:00Z,30.266523
2024-11-13T01:48:00Z,24.628082
2024-11-13T03:00:00Z,25.959963
2024-11-13T03:36:00Z,24.180323
2024-11-13T04:48:00Z,25.584637
2024-11-13T06:00:00Z,25.420181
2024-11-13T06:36:00Z,24.35441
2024-11-13T08:24:00Z,24.606054
2024-11-13T09:00:00Z,30.688387
2024-11-13T09:36:00Z,0
2024-11-13T10:12:00Z,24.577175
2024-11-13T10:48:00Z,25.91169
2024-11-13T11:24:00Z,24.17829
2024-11-13T12:00:00Z,24.079058
2024-11-13T12:36:00Z,25.50259
2024-11-13T13:12:00Z,24.258238
2024-11-13T13:48:00Z,24.177303
2024-11-13T14:24:00Z,0
2024-11-13T15:00:00Z,25.055027
2024-11-13T16:48:00Z,24.166471
2024-11-13T18:00:00Z,24.470837
2024-11-13T18:36:00Z,24.9785
2024-11-13T21:36:00Z,25.798824
2024-11-13T22:12:00Z,24.59705
2024-11-13T22:48:00Z,25.24745
2024-11-13T23:24:00Z,24.721233
2024-11-14T00:36:00Z,29.51484
2024-11-14T01:12:00Z,24.963915
2024-11-14T01:48:00Z,25.39872
2024-11-14T02:24:00Z,0
2024-11-14T03:00:00Z,25.645693
2024-11-14T04:12:00Z,24.422647
2024-11-14T04:48:00Z,25.525057
2024-11-14T05:24:00Z,25.370754
2024-11-14T06:00:00Z,0
2024-11-14T06:36:00Z,24.264675
2024-11-14T07:12:00Z,25.07554
2024-11-14T07:48:00Z,24.847664
2024-11-14T08:24:00Z,25.852303
2024-11-14T09:00:00Z,24.57215
2024-11-14T11:24:00Z,24.026308
2024-11-14T12:36:00Z,25.404684
2024-11-14T13:12:00Z,30.706537
2024-11-14T13:48:00Z,24.734852
2024-11-14T15:00:00Z,25.17411
2024-11-14T15:36:00Z,25.773853
2024-11-14T16:48:00Z,25.91472
2024-11-14T17:24:00Z,24.238367
2024-11-14T18:00:00Z,25.29684
2024-11-14T19:12:00Z,25.45393
2024-11-14T19:48:00Z,24.897745
2024-11-14T20:24:00Z,24.995047
2024-11-14T21:00:00Z,24.085377
2024-11-14T22:12:00Z,24.531311
2024-11-15T00:00:00Z,24.145267
2024-11-15T00:36:00Z,25.960793
2024-11-15T01:12:00Z,0
2024-11-15T01:48:00Z,25.129202
2024-11-15T04:48:00Z,25.988195
2024-11-15T05:24:00Z,25.53343
2024-11-15T07:12:00Z,25.001436
2024-11-15T08:24:00Z,24.145048
2024-11-15T09:00:00Z,24.8721
2024-11-15T09:36:00Z,25.100876
2024-11-15T10:12:00Z,0
2024-11-15T10:48:00Z,25.897718
2024-11-15T11:24:00Z,24.672876
2024-11-15T12:36:00Z,24.124584
2024-11-15T13:48:00Z,25.77454
2024-11-15T15:00:00Z,24.735329
2024-11-15T16:12:00Z,24.049782
2024-11-15T16:48:00Z,24.037449
2024-11-15T17:24:00Z,0
2024-11-15T18:36:00Z,24.611837
2024-11-15T19:12:00Z,0
2024-11-15T21:00:00Z,25.860678
2024-11-15T21:36:00Z,25.867819
2024-11-15T22:12:00Z,30.893526
2024-11-15T22:48:00Z,0
2024-11-16T00:00:00Z,25.44453
2024-11-16T00:36:00Z,24.35788
2024-11-16T01:48:00Z,25.652796
2024-11-16T02:24:00Z,0
2024-11-16T03:00:00Z,30.12633
2024-11-16T03:36:00Z,0
2024-11-16T04:48:00Z,24.815502
2024-11-16T07:12:00Z,25.476948
2024-11-16T07:48:00Z,25.95484
2024-11-16T08:24:00Z,25.00678
2024-11-16T09:00:00Z,25.761019
2024-11-16T09:36:00Z,25.793549
2024-11-16T10:12:00Z,29.606783
2024-11-16T10:48:00Z,24.433397
2024-11-16T11:24:00Z,24.652634
2024-11-16T12:00:00Z,25.937307
2024-11-16T13:12:00Z,25.237871
2024-11-16T13:48:00Z,25.98136
2024-11-16T14:24:00Z,24.619125
2024-11-16T15:36:00Z,25.981718
2024-11-16T16:12:00Z,24.053846
2024-11-16T16:48:00Z,25.361143
2024-11-16T17:24:00Z,25.199368
2024-11-16T19:12:00Z,0
2024-11-16T21:00:00Z,24.124788
2024-11-16T22:12:00Z,24.05176
2024-11-16T23:24:00Z,25.199799
2024-11-17T00:00:00Z,0
2024-11-17T00:36:00Z,25.321877
2024-11-17T01:12:00Z,29.990286
2024-11-17T01:48:00Z,0
2024-11-17T02:24:00Z,25.50274
2024-11-17T03:00:00Z,25.50075
2024-11-17T03:36:00Z,24.379763
2024-11-17T04:12:00Z,30.007511
2024-11-17T04:48:00Z,25.471546
2024-11-17T05:24:00Z,24.390446
2024-11-17T06:00:00Z,25.752768
2024-11-17T07:12:00Z,25.588333
2024-11-17T07:48:00Z,0
2024-11-17T08:24:00Z,30.698917
2024-11-17T09:00:00Z,24.64383
2024-11-17T09:36:00Z,25.919495
2024-11-17T10:12:00Z,24.028118
2024-11-17T10:48:00Z,25.278181
2024-11-17T12:00:00Z,24.126892
2024-11-17T12:36:00Z,25.316462
2024-11-17T13:12:00Z,25.996176
2024-11-17T13:48:00Z,24.323343
2024-11-17T14:24:00Z,30.66597
2024-11-17T15:00:00Z,0
2024-11-17T16:12:00Z,24.827717
2024-11-17T18:36:00Z,25.75616
2024-11-17T19:12:00Z,25.666174
2024-11-17T20:24:00Z,24.147144
2024-11-17T21:00:00Z,0
2024-11-17T21:36:00Z,24.362148
2024-11-17T22:48:00Z,25.988226
2024-11-18T00:36:00Z,25.592726
2024-11-18T01:12:00Z,24.316404
2024-11-18T02:24:00Z,24.761992
2024-11-18T03:36:00Z,24.01319
2024-11-18T04:12:00Z,25.75723
2024-11-18T04:48:00Z,25.471249
2024-11-18T05:24:00Z,0
2024-11-18T06:36:00Z,25.071583
2024-11-18T07:12:00Z,24.392231
2024-11-18T07:48:00Z,24.239521
2024-11-18T09:00:00Z,25.290888
2024-11-18T09:36:00Z,0
2024-11-18T10:12:00Z,25.518917
2024-11-18T10:48:00Z,24.626596
2024-11-18T12:00:00Z,25.79391
2024-11-18T12:36:00Z,24.336336
2024-11-18T13:12:00Z,25.61327
2024-11-18T14:24:00Z,25.017006
2024-11-18T15:00:00Z,25.826206
2024-11-18T16:12:00Z,24.712059
2024-11-18T16:48:00Z,29.8909
2024-11-18T17:24:00Z,25.75339
2024-11-18T18:36:00Z,29.13571
2024-11-18T19:12:00Z,24.048193
2024-11-18T20:24:00Z,24.000565
2024-11-18T21:00:00Z,0
2024-11-18T22:12:00Z,25.025515
2024-11-18T22:48:00Z,25.405413
2024-11-18T23:24:00Z,29.60104
2024-11-19T00:00:00Z,25.542667
2024-11-19T01:12:00Z,24.367458
2024-11-19T01:48:00Z,24.440998
2024-11-19T03:00:00Z,25.672667
2024-11-19T03:36:00Z,24.87938
2024-11-19T04:12:00Z,24.532993
2024-11-19T04:48:00Z,0
2024-11-19T06:36:00Z,0
2024-11-19T07:48:00Z,24.76175
2024-11-19T08:24:00Z,25.645279
2024-11-19T09:00:00Z,24.06864
2024-11-19T09:36:00Z,25.038588
2024-11-19T10:48:00Z,24.031282
2024-11-19T12:00:00Z,24.212458
2024-11-19T12:36:00Z,25.914526
2024-11-19T13:12:00Z,30.526878
2024-11-19T13:48:00Z,24.235914
2024-11-19T17:24:00Z,25.818813
2024-11-19T18:36:00Z,24.239841
2024-11-19T19:48:00Z,25.208565
2024-11-19T20:24:00Z,25.345612
2024-11-19T21:00:00Z,24.417185
2024-11-19T21:36:00Z,24.776608
2024-11-19T22:48:00Z,24.119217
2024-11-19T23:24:00Z,25.42415
2024-11-20T00:36:00Z,25.123095
2024-11-20T01:12:00Z,25.337936
2024-11-20T01:48:00Z,24.04682
2024-11-20T03:00:00Z,25.02735
2024-11-20T03:36:00Z,24.679012
2024-11-20T04:12:00Z,0
2024-11-20T04:48:00Z,24.796291
2024-11-20T06:36:00Z,25.877403
2024-11-20T07:12:00Z,24.748505
2024-11-20T08:24:00Z,25.6456
2024-11-20T09:00:00Z,25.081518
2024-11-20T09:36:00Z,25.775324
2024-11-20T10:12:00Z,24.711874
2024-11-20T12:00:00Z,24.787125
2024-11-20T12:36:00Z,0
2024-11-20T13:12:00Z,25.771639
2024-11-20T13:48:00Z,24.383747
2024-11-20T15:00:00Z,25.995445
2024-11-20T15:36:00Z,25.930508
2024-11-20T16:12:00Z,0
2024-11-20T16:48:00Z,25.18231
2024-11-20T17:24:00Z,0
2024-11-20T18:00:00Z,25.947405
2024-11-20T18:36:00Z,25.237997
2024-11-20T19:12:00Z,25.06726
2024-11-20T19:48:00Z,24.388521
2024-11-20T21:00:00Z,25.87396
2024-11-20T21:36:00Z,29.432539
2024-11-20T22:12:00Z,24.029509
2024-11-20T22:48:00Z,25.604815
2024-11-21T00:00:00Z,25.230906
2024-11-21T01:48:00Z,0
2024-11-21T02:24:00Z,25.843227
2024-11-21T03:00:00Z,24.038221
2024-11-21T04:12:00Z,24.031113
2024-11-21T05:24:00Z,25.266441
2024-11-21T06:00:00Z,0
2024-11-21T06:36:00Z,24.704977
2024-11-21T07:48:00Z,24.246675
2024-11-21T08:24:00Z,24.850824
2024-11-21T09:00:00Z,30.262728
2024-11-21T09:36:00Z,24.084354
2024-11-21T10:12:00Z,0
2024-11-21T10:48:00Z,25.448414
2024-11-21T11:24:00Z,24.296465
2024-11-21T12:36:00Z,25.49334
2024-11-21T13:12:00Z,24.209158
2024-11-21T13:48:00Z,0
2024-11-21T14:24:00Z,24.500998
2024-11-21T15:00:00Z,25.85598
2024-11-21T15:36:00Z,24.796356
2024-11-21T16:12:00Z,24.270159
2024-11-21T16:48:00Z,25.707216
2024-11-21T17:24:00Z,24.623817
2024-11-21T18:00:00Z,25.690716
2024-11-21T21:00:00Z,25.578724
2024-11-21T22:12:00Z,24.661013
2024-11-21T23:24:00Z,25.737137
2024-11-22T00:00:00Z,24.286856
2024-11-22T00:36:00Z,25.052546
2024-11-22T01:48:00Z,24.785759
2024-11-22T02:24:00Z,0
2024-11-22T03:00:00Z,24.737467
2024-11-22T03:36:00Z,25.491673
2024-11-22T04:48:00Z,24.10374
2024-11-22T05:24:00Z,0
2024-11-22T06:00:00Z,24.379225
2024-11-22T06:36:00Z,30.259903
2024-11-22T07:12:00Z,24.675934
2024-11-22T10:12:00Z,25.88132
2024-11-22T10:48:00Z,24.444801
2024-11-22T11:24:00Z,25.048471
2024-11-22T12:36:00Z,24.11939
2024-11-22T13:48:00Z,30.258814
2024-11-22T14:24:00Z,24.17647
2024-11-22T15:00:00Z,25.501232
2024-11-22T15:36:00Z,0
2024-11-22T16:12:00Z,24.499651
2024-11-22T16:48:00Z,25.801323
2024-11-22T17:24:00Z,24.776382
2024-11-22T18:00:00Z,25.797096
2024-11-22T18:36:00Z,25.545498
2024-11-22T19:12:00Z,30.331125
2024-11-22T19:48:00Z,24.035286
2024-11-22T20:24:00Z,29.472252
2024-11-22T21:00:00Z,25.766817
2024-11-22T21:36:00Z,24.392126
2024-11-22T22:12:00Z,25.112125
2024-11-22T23:24:00Z,25.539614
2024-11-23T00:00:00Z,24.583263
2024-11-23T00:36:00Z,25.97024
2024-11-23T02:24:00Z,25.048775
2024-11-23T03:00:00Z,24.055607
2024-11-23T03:36:00Z,0
2024-11-23T04:48:00Z,24.533417
2024-11-23T05:24:00Z,24.099138
2024-11-23T06:36:00Z,25.879456
2024-11-23T07:48:00Z,25.452171
2024-11-23T08:24:00Z,0
2024-11-23T09:36:00Z,24.127655
2024-11-23T10:12:00Z,0
2024-11-23T11:24:00Z,25.681326
2024-11-23T12:00:00Z,25.412792
2024-11-23T12:36:00Z,25.882107
2024-11-23T13:12:00Z,25.596016
2024-11-23T13:48:00Z,30.487434
2024-11-23T14:24:00Z,24.685858
2024-11-23T15:00:00Z,25.780937
2024-11-23T16:12:00Z,25.630354
2024-11-23T16:48:00Z,25.98571
2024-11-23T17:24:00Z,24.320614
2024-11-23T18:36:00Z,25.834051
2024-11-23T19:12:00Z,24.23927
2024-11-23T21:00:00Z,24.703808
2024-11-23T21:36:00Z,25.759613
2024-11-23T22:12:00Z,0
2024-11-23T23:24:00Z,25.578615
2024-11-24T00:00:00Z,25.793234
2024-11-24T00:36:00Z,25.292608
2024-11-24T01:12:00Z,30.779482
2024-11-24T01:48:00Z,0
2024-11-24T03:00:00Z,24.616938
2024-11-24T03:36:00Z,0
2024-11-24T06:00:00Z,24.60047
2024-11-24T06:36:00Z,24.997374
2024-11-24T07:12:00Z,24.496325
2024-11-24T08:24:00Z,24.343695
2024-11-24T09:00:00Z,25.011908
2024-11-24T10:48:00Z,24.149448
2024-11-24T11:24:00Z,24.824358
2024-11-24T12:00:00Z,29.85785
2024-11-24T12:36:00Z,25.107243
2024-11-24T13:48:00Z,25.987701
2024-11-24T14:24:00Z,0
2024-11-24T15:00:00Z,29.388369
2024-11-24T15:36:00Z,0
2024-11-24T16:12:00Z,29.557873
2024-11-24T16:48:00Z,24.524673
2024-11-24T18:36:00Z,30.233582
2024-11-24T19:12:00Z,25.241896
2024-11-24T20:24:00Z,24.207483
2024-11-24T21:00:00Z,25.351294
2024-11-24T21:36:00Z,0
2024-11-24T23:24:00Z,25.771576
2024-11-25T00:00:00Z,25.934114
2024-11-25T00:36:00Z,25.42331
2024-11-25T01:12:00Z,29.473648
2024-11-25T01:48:00Z,0
2024-11-25T02:24:00Z,25.79258
2024-11-25T03:00:00Z,30.842276
2024-11-25T03:36:00Z,0
2024-11-25T04:12:00Z,29.048098
2024-11-25T04:48:00Z,25.544497
2024-11-25T07:12:00Z,25.96841
2024-11-25T08:24:00Z,24.694927
2024-11-25T09:00:00Z,29.203337
2024-11-25T09:36:00Z,25.510508
2024-11-25T10:48:00Z,25.024488
2024-11-25T11:24:00Z,0
2024-11-25T12:00:00Z,25.252136
2024-11-25T12:36:00Z,25.949831
2024-11-25T15:00:00Z,25.807465
2024-11-25T17:24:00Z,30.700653
2024-11-25T18:00:00Z,0
2024-11-25T18:36:00Z,24.191717
2024-11-25T19:12:00Z,25.448553
2024-11-25T20:24:00Z,25.549381
2024-11-25T21:36:00Z,25.147602
2024-11-25T22:12:00Z,25.691404
2024-11-25T22:48:00Z,25.022358
2024-11-25T23:24:00Z,25.024847
2024-11-26T00:00:00Z,24.172274
2024-11-26T01:12:00Z,24.977976
2024-11-26T03:00:00Z,24.526978
2024-11-26T05:24:00Z,25.976595
2024-11-26T06:00:00Z,25.7532
2024-11-26T06:36:00Z,0
2024-11-26T07:12:00Z,25.952032
2024-11-26T07:48:00Z,24.90016
2024-11-26T08:24:00Z,29.82924
2024-11-26T09:00:00Z,0
2024-11-26T09:36:00Z,24.947939
2024-11-26T10:12:00Z,24.104534
2024-11-26T10:48:00Z,0
2024-11-26T11:24:00Z,24.932709
2024-11-26T12:36:00Z,25.034286
2024-11-26T13:48:00Z,24.164469
2024-11-26T15:36:00Z,25.864492
2024-11-26T16:12:00Z,0
2024-11-26T17:24:00Z,24.7762
2024-11-26T18:36:00Z,25.844315
2024-11-26T19:12:00Z,25.979975
2024-11-26T19:48:00Z,24.912254
2024-11-26T21:00:00Z,25.908869
2024-11-26T21:36:00Z,25.225502
2024-11-26T22:12:00Z,25.842878
2024-11-27T00:00:00Z,25.66518
2024-11-27T00:36:00Z,24.912197
2024-11-27T01:48:00Z,25.626465
2024-11-27T02:24:00Z,30.291126
2024-11-27T03:00:00Z,24.101841
2024-11-27T03:36:00Z,30.108862
2024-11-27T04:12:00Z,25.424746
2024-11-27T04:48:00Z,24.167849
2024-11-27T06:00:00Z,25.90372
2024-11-27T06:36:00Z,25.168661
2024-11-27T07:48:00Z,25.16068
2024-11-27T08:24:00Z,0
2024-11-27T09:00:00Z,30.942503
2024-11-27T09:36:00Z,25.369652
2024-11-27T10:48:00Z,24.848047
2024-11-27T11:24:00Z,0
2024-11-27T12:36:00Z,24.595575
2024-11-27T14:24:00Z,25.94644
2024-11-27T15:36:00Z,24.549751
2024-11-27T16:12:00Z,25.87696
2024-11-27T17:24:00Z,25.053837
2024-11-27T18:00:00Z,24.115635
2024-11-27T18:36:00Z,0
2024-11-27T19:12:00Z,24.542648
2024-11-27T19:48:00Z,24.065598
2024-11-27T20:24:00Z,0
2024-11-27T21:00:00Z,24.883648
2024-11-27T21:36:00Z,25.604385
2024-11-27T22:12:00Z,25.783041
2024-11-27T22:48:00Z,24.466919
2024-11-27T23:24:00Z,25.523422
2024-11-28T00:00:00Z,24.464016
2024-11-28T00:36:00Z,25.625784
2024-11-28T01:12:00Z,25.942213
2024-11-28T01:48:00Z,24.38668
2024-11-28T02:24:00Z,25.995962
2024-11-28T03:00:00Z,25.629683
2024-11-28T03:36:00Z,24.03228
2024-11-28T04:12:00Z,0
2024-11-28T04:48:00Z,25.718712
2024-11-28T05:24:00Z,0
2024-11-28T06:00:00Z,25.272161
2024-11-28T07:12:00Z,25.77328
2024-11-28T07:48:00Z,25.453295
2024-11-28T08:24:00Z,25.870178
2024-11-28T09:00:00Z,25.141043
2024-11-28T09:36:00Z,25.012074
2024-11-28T10:12:00Z,25.434128
2024-11-28T10:48:00Z,24.248848
2024-11-28T11:24:00Z,25.854065
2024-11-28T12:00:00Z,24.177923
2024-11-28T12:36:00Z,25.732603
2024-11-28T13:12:00Z,0
2024-11-28T13:48:00Z,25.93335
2024-11-28T14:24:00Z,25.687881
2024-11-28T15:00:00Z,24.420553
2024-11-28T15:36:00Z,25.175737
2024-11-28T16:12:00Z,30.303427
2024-11-28T16:48:00Z,24.94067
2024-11-28T17:24:00Z,25.428526
2024-11-28T18:00:00Z,24.427114
2024-11-28T18:36:00Z,25.351124
2024-11-28T19:12:00Z,24.474228
2024-11-28T19:48:00Z,25.557577
2024-11-28T20:24:00Z,24.088352
2024-11-28T21:36:00Z,25.265938
2024-11-28T22:12:00Z,0
2024-11-28T22:48:00Z,29.45982
2024-11-28T23:24:00Z,0
2024-11-29T00:00:00Z,25.066566
2024-11-29T00:36:00Z,25.679827
2024-11-29T01:12:00Z,0
2024-11-29T01:48:00Z,24.11523
2024-11-29T02:24:00Z,25.342915
2024-11-29T03:00:00Z,24.431038
2024-11-29T03:36:00Z,25.04554
2024-11-29T04:12:00Z,24.783195
2024-11-29T04:48:00Z,25.308863
2024-11-29T05:24:00Z,24.997467
2024-11-29T06:36:00Z,25.565079
2024-11-29T07:48:00Z,24.004248
2024-11-29T08:24:00Z,25.619019
2024-11-29T09:00:00Z,24.861567
2024-11-29T10:12:00Z,25.042356
2024-11-29T10:48:00Z,0
2024-11-29T11:24:00Z,25.986128
2024-11-29T12:00:00Z,25.737944
2024-11-29T12:36:00Z,24.051697
2024-11-29T13:12:00Z,30.510519
2024-11-29T13:48:00Z,0
2024-11-29T14:24:00Z,24.70846
2024-11-29T15:00:00Z,25.466562
2024-11-29T15:36:00Z,25.127926
2024-11-29T16:12:00Z,25.953445
2024-11-29T16:48:00Z,0
2024-11-29T17:24:00Z,24.21945
2024-11-29T18:00:00Z,0
2024-11-29T19:12:00Z,0
2024-11-29T19:48:00Z,25.332033
2024-11-29T20:24:00Z,24.277678
2024-11-29T21:00:00Z,24.797867
2024-11-29T21:36:00Z,24.707277
2024-11-29T22:12:00Z,0
2024-11-29T22:48:00Z,25.800182
2024-11-29T23:24:00Z,29.028086
2024-11-30T00:00:00Z,24.686096
2024-11-30T00:36:00Z,24.838873
2024-11-30T01:12:00Z,24.290894
2024-11-30T01:48:00Z,25.42987
2024-11-30T02:24:00Z,24.876375
2024-11-30T03:36:00Z,24.960411
2024-11-30T04:12:00Z,24.471128
2024-11-30T04:48:00Z,25.149948
2024-11-30T05:24:00Z,24.33598
2024-11-30T06:00:00Z,29.303719
2024-11-30T06:36:00Z,0
2024-11-30T07:12:00Z,25.874914
2024-11-30T07:48:00Z,24.616262
2024-11-30T08:24:00Z,0
2024-11-30T09:00:00Z,24.683619
2024-11-30T09:36:00Z,24.068415
2024-11-30T10:12:00Z,30.541903
2024-11-30T10:48:00Z,25.687862
2024-11-30T11:24:00Z,24.603003
2024-11-30T12:00:00Z,25.628845
2024-11-30T12:36:00Z,0
2024-11-30T13:12:00Z,30.169947
2024-11-30T13:48:00Z,0
2024-11-30T14:24:00Z,24.788418
2024-11-30T15:00:00Z,24.945639
2024-11-30T15:36:00Z,25.546967
2024-11-30T16:12:00Z,24.968212
2024-11-30T18:00:00Z,24.629004
2024-11-30T18:36:00Z,30.270578
2024-11-30T19:12:00Z,0
2024-11-30T19:48:00Z,24.258186
2024-11-30T20:24:00Z,30.419464
2024-11-30T21:00:00Z,24.687483
2024-11-30T21:36:00Z,24.754921
2024-11-30T22:12:00Z,24.212938
2024-11-30T22:48:00Z,24.145533
2024-11-30T23:24:00Z,0
2024-12-01T00:00:00Z,25.937744
2024-12-01T00:36:00Z,0
2024-12-01T01:12:00Z,29.010345
2024-12-01T01:48:00Z,24.688993
2024-12-01T02:24:00Z,24.404924
2024-12-01T03:36:00Z,24.852238
2024-12-01T04:12:00Z,24.538338
2024-12-01T04:48:00Z,25.314684
2024-12-01T06:00:00Z,25.867706
2024-12-01T06:36:00Z,30.665201
2024-12-01T07:12:00Z,24.083187
2024-12-01T07:48:00Z,25.82849
2024-12-01T08:24:00Z,24.270058
2024-12-01T09:00:00Z,24.735037
2024-12-01T09:36:00Z,0
2024-12-01T10:12:00Z,25.227444
2024-12-01T10:48:00Z,25.764341
2024-12-01T11:24:00Z,0
2024-12-01T12:00:00Z,30.434343
2024-12-01T12:36:00Z,25.318588
2024-12-01T13:12:00Z,25.719942
2024-12-01T13:48:00Z,29.974813
2024-12-01T14:24:00Z,0
2024-12-01T15:00:00Z,25.010416
2024-12-01T15:36:00Z,24.867344
2024-12-01T16:12:00Z,24.25391
2024-12-01T16:48:00Z,25.889484
2024-12-01T17:24:00Z,25.859695
2024-12-01T18:00:00Z,29.193087
2024-12-01T18:36:00Z,0
2024-12-01T19:12:00Z,29.791517
2024-12-01T19:48:00Z,24.10584
2024-12-01T20:24:00Z,25.007732
2024-12-01T21:00:00Z,30.251932
2024-12-01T21:36:00Z,24.910402
2024-12-01T22:12:00Z,24.803396
2024-12-01T22:48:00Z,0
2024-12-01T23:24:00Z,25.342245
2024-12-02T00:00:00Z,25.014704
2024-12-02T00:36:00Z,25.94642
2024-12-02T01:12:00Z,25.23684
2024-12-02T01:48:00Z,25.96224
2024-12-02T02:24:00Z,24.642414
2024-12-02T03:00:00Z,24.18529
2024-12-02T03:36:00Z,25.825344
2024-12-02T04:48:00Z,24.55615
2024-12-02T05:24:00Z,24.529484
2024-12-02T06:00:00Z,0
2024-12-02T06:36:00Z,24.61255
2024-12-02T07:12:00Z,30.856293
2024-12-02T07:48:00Z,24.247284
2024-12-02T08:24:00Z,25.169922
2024-12-02T09:00:00Z,29.23779
2024-12-02T09:36:00Z,25.647976
2024-12-02T10:12:00Z,25.469759
2024-12-02T10:48:00Z,24.075016
2024-12-02T11:24:00Z,24.397785
2024-12-02T12:00:00Z,24.235844
2024-12-02T12:36:00Z,24.883413
2024-12-02T13:12:00Z,24.015766
2024-12-02T13:48:00Z,25.243586
2024-12-02T15:36:00Z,24.51528
2024-12-02T16:12:00Z,25.800108
2024-12-02T16:48:00Z,0
2024-12-02T17:24:00Z,25.50798
2024-12-02T18:00:00Z,0
2024-12-02T18:36:00Z,24.334393
2024-12-02T19:48:00Z,25.281046
2024-12-02T20:24:00Z,24.315563
2024-12-02T21:00:00Z,25.109386
2024-12-02T21:36:00Z,25.409252
2024-12-02T22:12:00Z,30.43973
2024-12-02T22:48:00Z,24.723087
2024-12-02T23:24:00Z,25.343458
2024-12-03T00:00:00Z,29.528334
2024-12-03T00:36:00Z,24.513002
2024-12-03T01:48:00Z,24.358217
2024-12-03T02:24:00Z,25.326965
2024-12-03T03:00:00Z,24.944407
2024-12-03T03:36:00Z,24.117414
2024-12-03T04:12:00Z,24.26278
2024-12-03T04:48:00Z,25.32808
2024-12-03T05:24:00Z,25.386501
2024-12-03T06:36:00Z,24.521917
2024-12-03T07:12:00Z,25.415901
2024-12-03T07:48:00Z,24.62303
2024-12-03T08:24:00Z,25.74924
2024-12-03T09:36:00Z,24.284437
2024-12-03T10:48:00Z,25.552916
2024-12-03T11:24:00Z,25.942148
2024-12-03T13:12:00Z,25.128235
2024-12-03T13:48:00Z,25.773075
2024-12-03T15:36:00Z,25.778595
2024-12-03T16:12:00Z,0
2024-12-03T16:48:00Z,24.895176
2024-12-03T17:24:00Z,0
2024-12-03T18:00:00Z,25.809345
2024-12-03T18:36:00Z,24.70216
2024-12-03T19:12:00Z,24.198215
2024-12-03T20:24:00Z,24.07622
2024-12-03T21:00:00Z,24.941654
2024-12-03T22:12:00Z,25.557428
2024-12-03T22:48:00Z,0
2024-12-03T23:24:00Z,24.674969
2024-12-04T00:36:00Z,24.018038
2024-12-04T01:12:00Z,25.347656
2024-12-04T01:48:00Z,24.475346
2024-12-04T02:24:00Z,25.642748
2024-12-04T03:00:00Z,24.37578
2024-12-04T03:36:00Z,25.327394
2024-12-04T04:12:00Z,25.772585
2024-12-04T04:48:00Z,0
2024-12-04T05:24:00Z,25.345778
2024-12-04T06:36:00Z,25.925055
2024-12-04T07:12:00Z,25.276226
2024-12-04T07:48:00Z,25.053656
2024-12-04T08:24:00Z,25.476015
2024-12-04T09:00:00Z,0
2024-12-04T09:36:00Z,25.596104
2024-12-04T10:12:00Z,24.434532
2024-12-04T10:48:00Z,25.361921
2024-12-04T11:24:00Z,24.012178
2024-12-04T12:00:00Z,25.11888
2024-12-04T12:36:00Z,25.745577
2024-12-04T13:48:00Z,25.224882
2024-12-04T14:24:00Z,24.326782
2024-12-04T15:00:00Z,25.913355
2024-12-04T15:36:00Z,24.852463
2024-12-04T16:12:00Z,25.640575
2024-12-04T16:48:00Z,24.85238
2024-12-04T17:24:00Z,0
2024-12-04T18:00:00Z,24.23175
2024-12-04T18:36:00Z,0
2024-12-04T19:12:00Z,29.428953
2024-12-04T19:48:00Z,24.821882
2024-12-04T20:24:00Z,25.027473
2024-12-04T21:00:00Z,0
2024-12-04T21:36:00Z,25.770966
2024-12-04T22:12:00Z,0
2024-12-04T22:48:00Z,25.12176
2024-12-04T23:24:00Z,24.359743
2024-12-05T00:36:00Z,25.694662
2024-12-05T01:12:00Z,24.417221
2024-12-05T01:48:00Z,25.53212
2024-12-05T03:00:00Z,24.303143
2024-12-05T03:36:00Z,0
2024-12-05T04:12:00Z,24.41553
2024-12-05T04:48:00Z,0
2024-12-05T05:24:00Z,24.880314
2024-12-05T06:00:00Z,25.555695
2024-12-05T06:36:00Z,0
2024-12-05T07:12:00Z,30.278616
2024-12-05T07:48:00Z,0
2024-12-05T08:24:00Z,25.204422
2024-12-05T09:00:00Z,24.07855
2024-12-05T09:36:00Z,25.709826
2024-12-05T10:48:00Z,25.473785
2024-12-05T11:24:00Z,30.253727
2024-12-05T12:00:00Z,25.256874
2024-12-05T12:36:00Z,25.273823
2024-12-05T13:12:00Z,24.295769
2024-12-05T14:24:00Z,25.15599
2024-12-05T15:00:00Z,25.944294
2024-12-05T15:36:00Z,24.076717
2024-12-05T16:12:00Z,24.531378
2024-12-05T18:00:00Z,24.458347
2024-12-05T18:36:00Z,25.70655
2024-12-05T19:12:00Z,24.39443
2024-12-05T19:48:00Z,25.213043
2024-12-05T20:24:00Z,25.039303
2024-12-05T21:00:00Z,25.922543
2024-12-05T21:36:00Z,24.040339
2024-12-05T22:12:00Z,24.110767
2024-12-05T22:48:00Z,25.737236
2024-12-05T23:24:00Z,24.795637
2024-12-06T00:00:00Z,30.193857
2024-12-06T00:36:00Z,24.296492
2024-12-06T01:12:00Z,25.146421
2024-12-06T01:48:00Z,24.705114
2024-12-06T02:24:00Z,24.925499
2024-12-06T03:00:00Z,24.066034
2024-12-06T03:36:00Z,24.212038
2024-12-06T04:12:00Z,25.732044
2024-12-06T04:48:00Z,24.043165
2024-12-06T05:24:00Z,24.090132
2024-12-06T06:00:00Z,25.936813
2024-12-06T06:36:00Z,25.436386
2024-12-06T07:12:00Z,25.731834
2024-12-06T07:48:00Z,24.51001
2024-12-06T08:24:00Z,25.120815
2024-12-06T09:00:00Z,24.430397
2024-12-06T10:12:00Z,24.743906
2024-12-06T10:48:00Z,24.175884
2024-12-06T11:24:00Z,0
2024-12-06T12:00:00Z,24.326246
2024-12-06T12:36:00Z,0
2024-12-06T13:12:00Z,25.741213
2024-12-06T13:48:00Z,25.203754
2024-12-06T15:00:00Z,25.476456
2024-12-06T15:36:00Z,0
2024-12-06T16:12:00Z,24.383896
2024-12-06T16:48:00Z,29.660257
2024-12-06T17:24:00Z,25.261623
2024-12-06T18:00:00Z,25.6549
2024-12-06T18:36:00Z,24.84735
2024-12-06T19:12:00Z,24.985855
2024-12-06T19:48:00Z,0
2024-12-06T20:24:00Z,25.456821
2024-12-06T21:00:00Z,24.269497
2024-12-06T21:36:00Z,25.265072
2024-12-06T22:12:00Z,25.40121
2024-12-06T22:48:00Z,24.125374
2024-12-06T23:24:00Z,25.587914
2024-12-07T00:00:00Z,25.218597
2024-12-07T00:36:00Z,24.276234
2024-12-07T01:12:00Z,24.03822
2024-12-07T02:24:00Z,24.5882
2024-12-07T03:00:00Z,24.065762
2024-12-07T03:36:00Z,24.689451
2024-12-07T04:12:00Z,0
2024-12-07T04:48:00Z,25.919909
2024-12-07T05:24:00Z,24.772003
2024-12-07T06:00:00Z,25.859348
2024-12-07T06:36:00Z,25.235634
2024-12-07T07:12:00Z,25.042377
2024-12-07T08:24:00Z,25.64525
2024-12-07T09:00:00Z,24.98715
2024-12-07T09:36:00Z,29.165798
2024-12-07T10:12:00Z,24.120218
2024-12-07T10:48:00Z,25.810804
2024-12-07T11:24:00Z,0
2024-12-07T12:00:00Z,25.26847
2024-12-07T13:12:00Z,24.919811
2024-12-07T13:48:00Z,24.179983
2024-12-07T14:24:00Z,25.266312
2024-12-07T15:36:00Z,24.490152
2024-12-07T16:48:00Z,25.619053
2024-12-07T18:00:00Z,24.079447
2024-12-07T18:36:00Z,30.093643
2024-12-07T19:12:00Z,25.516249
2024-12-07T20:24:00Z,24.127682
2024-12-07T21:00:00Z,25.856354
2024-12-07T21:36:00Z,24.492235
2024-12-07T22:12:00Z,29.872276
2024-12-07T22:48:00Z,0
2024-12-07T23:24:00Z,24.463606
2024-12-08T00:00:00Z,24.170132
2024-12-08T00:36:00Z,25.433208
2024-12-08T01:12:00Z,24.748278
2024-12-08T02:24:00Z,25.106886
2024-12-08T03:00:00Z,24.455639
2024-12-08T03:36:00Z,25.718231
2024-12-08T04:12:00Z,25.980185
2024-12-08T05:24:00Z,25.817516
2024-12-08T06:00:00Z,24.252197
2024-12-08T06:36:00Z,0
2024-12-08T07:12:00Z,25.91102
2024-12-08T07:48:00Z,25.470215
2024-12-08T08:24:00Z,24.07748
2024-12-08T09:00:00Z,0
2024-12-08T09:36:00Z,25.475216
2024-12-08T10:12:00Z,24.329851
2024-12-08T10:48:00Z,25.982397
2024-12-08T11:24:00Z,24.889662
2024-12-08T12:00:00Z,0
2024-12-08T12:36:00Z,25.59395
2024-12-08T13:12:00Z,0
2024-12-08T13:48:00Z,25.106274
2024-12-08T14:24:00Z,25.807602
2024-12-08T15:36:00Z,25.656837
2024-12-08T16:12:00Z,24.372248
2024-12-08T16:48:00Z,0
2024-12-08T17:24:00Z,24.046589
2024-12-08T18:00:00Z,25.69154
2024-12-08T19:12:00Z,25.053974
2024-12-08T19:48:00Z,24.425276
2024-12-08T20:24:00Z,25.51229
2024-12-08T21:00:00Z,0
2024-12-08T21:36:00Z,25.333601
2024-12-08T22:12:00Z,24.735603
2024-12-08T22:48:00Z,25.941992
2024-12-09T01:12:00Z,24.561676
2024-12-09T03:00:00Z,25.400848
2024-12-09T03:36:00Z,24.264658
2024-12-09T04:12:00Z,24.086124
2024-12-09T04:48:00Z,25.647
2024-12-09T05:24:00Z,24.266815
2024-12-09T06:00:00Z,24.918043
2024-12-09T06:36:00Z,24.03461
2024-12-09T07:12:00Z,24.908167
2024-12-09T07:48:00Z,30.99802
2024-12-09T08:24:00Z,25.866404
2024-12-09T09:00:00Z,25.909603
2024-12-09T09:36:00Z,24.9407
2024-12-09T10:48:00Z,24.290146
2024-12-09T11:24:00Z,25.755949
2024-12-09T12:00:00Z,24.484995
2024-12-09T12:36:00Z,0
2024-12-09T13:12:00Z,24.27923
2024-12-09T13:48:00Z,29.800222
2024-12-09T14:24:00Z,25.668364
2024-12-09T15:00:00Z,24.787527
2024-12-09T15:36:00Z,24.941011
2024-12-09T16:12:00Z,24.022707
2024-12-09T16:48:00Z,25.96554
2024-12-09T17:24:00Z,29.67944
2024-12-09T18:00:00Z,0
2024-12-09T18:36:00Z,24.17288
2024-12-09T19:12:00Z,25.988594
2024-12-09T19:48:00Z,24.77325
2024-12-09T20:24:00Z,25.740667
2024-12-09T21:00:00Z,25.876146
2024-12-09T21:36:00Z,24.06014
2024-12-09T22:12:00Z,29.16674
2024-12-09T22:48:00Z,24.559046
2024-12-09T23:24:00Z,24.076973
2024-12-10T00:00:00Z,25.21432
2024-12-10T01:12:00Z,24.415855
2024-12-10T01:48:00Z,25.076271
2024-12-10T03:00:00Z,24.888767
2024-12-10T03:36:00Z,30.674862
2024-12-10T04:12:00Z,0
2024-12-10T04:48:00Z,29.038063
2024-12-10T05:24:00Z,24.984272
2024-12-10T06:36:00Z,25.985312
2024-12-10T08:24:00Z,25.100153
2024-12-10T09:00:00Z,24.33902
2024-12-10T09:36:00Z,25.95474
2024-12-10T10:12:00Z,30.965784
2024-12-10T10:48:00Z,25.002108
2024-12-10T12:36:00Z,25.72216
2024-12-10T13:48:00Z,24.58925
2024-12-10T14:24:00Z,0
2024-12-10T15:00:00Z,24.3979
2024-12-10T15:36:00Z,30.21423
2024-12-10T16:12:00Z,0
2024-12-10T16:48:00Z,25.10439
2024-12-10T17:24:00Z,24.15027
2024-12-10T18:00:00Z,0
2024-12-10T18:36:00Z,25.543673
2024-12-10T19:48:00Z,24.275993
2024-12-10T21:00:00Z,25.645449
2024-12-10T22:12:00Z,25.499939
2024-12-10T22:48:00Z,24.31244
2024-12-10T23:24:00Z,24.653116
2024-12-11T00:00:00Z,24.39333
2024-12-11T01:12:00Z,24.783453
2024-12-11T01:48:00Z,24.180819
2024-12-11T02:24:00Z,25.003508
2024-12-11T03:36:00Z,25.298727
2024-12-11T04:12:00Z,24.279089
2024-12-11T04:48:00Z,24.496336
2024-12-11T05:24:00Z,24.03993
2024-12-11T07:12:00Z,25.950205
2024-12-11T07:48:00Z,24.773294
2024-12-11T09:00:00Z,24.786728
2024-12-11T09:36:00Z,25.771711
2024-12-11T10:12:00Z,24.422796
2024-12-11T10:48:00Z,24.089111
2024-12-11T11:24:00Z,24.170252
2024-12-11T12:00:00Z,0
2024-12-11T12:36:00Z,25.37392
2024-12-11T13:12:00Z,25.759466
2024-12-11T13:48:00Z,24.909727
2024-12-11T15:00:00Z,25.69851
2024-12-11T15:36:00Z,25.415459
2024-12-11T16:12:00Z,24.26307
2024-12-11T16:48:00Z,0
2024-12-11T17:24:00Z,24.351892
2024-12-11T19:12:00Z,24.779863
2024-12-11T19:48:00Z,29.724842
2024-12-11T20:24:00Z,0
2024-12-11T21:00:00Z,25.811323
2024-12-11T22:12:00Z,25.914198
2024-12-11T22:48:00Z,24.840208
2024-12-11T23:24:00Z,25.857758
2024-12-12T00:00:00Z,24.48519
2024-12-12T00:36:00Z,30.522896
2024-12-12T01:12:00Z,25.46313
2024-12-12T01:48:00Z,25.576563
2024-12-12T02:24:00Z,29.66698
2024-12-12T03:00:00Z,25.454964
2024-12-12T03:36:00Z,25.85737
2024-12-12T04:12:00Z,24.355965
2024-12-12T04:48:00Z,25.312078
2024-12-12T05:24:00Z,25.774723
2024-12-12T06:00:00Z,24.18987
2024-12-12T06:36:00Z,24.405912
2024-12-12T07:12:00Z,25.114563
2024-12-12T08:24:00Z,24.62263
2024-12-12T09:00:00Z,24.112146
2024-12-12T09:36:00Z,25.768253
2024-12-12T10:48:00Z,25.107428
2024-12-12T11:24:00Z,25.75332
2024-12-12T12:00:00Z,24.489258
2024-12-12T12:36:00Z,25.37596
2024-12-12T13:12:00Z,24.671259
2024-12-12T13:48:00Z,25.398914
2024-12-12T14:24:00Z,24.069607
2024-12-12T15:00:00Z,24.868155
2024-12-12T15:36:00Z,0
2024-12-12T16:12:00Z,29.970379
2024-12-12T16:48:00Z,24.809559
2024-12-12T17:24:00Z,25.31885
2024-12-12T18:00:00Z,0
2024-12-12T18:36:00Z,29.411863
2024-12-12T19:12:00Z,0
2024-12-12T19:48:00Z,24.274471
2024-12-12T20:24:00Z,24.737698
2024-12-12T21:00:00Z,24.166252
2024-12-12T21:36:00Z,25.700466
2024-12-12T22:12:00Z,25.03437
2024-12-12T22:48:00Z,30.96024
2024-12-12T23:24:00Z,0
2024-12-13T00:00:00Z,25.53685
2024-12-13T00:36:00Z,25.788122
2024-12-13T01:12:00Z,25.127176
2024-12-13T01:48:00Z,25.094313
2024-12-13T02:24:00Z,24.507433
2024-12-13T03:00:00Z,25.58555
2024-12-13T03:36:00Z,24.18348
2024-12-13T04:12:00Z,25.963974
2024-12-13T04:48:00Z,25.16971
2024-12-13T05:24:00Z,25.883638
2024-12-13T06:00:00Z,30.412807
2024-12-13T06:36:00Z,25.306261
2024-12-13T07:12:00Z,24.17238
2024-12-13T07:48:00Z,25.42647
2024-12-13T08:24:00Z,24.590328
2024-12-13T09:00:00Z,25.244003
2024-12-13T09:36:00Z,29.604925
2024-12-13T10:12:00Z,0
2024-12-13T10:48:00Z,25.451937
2024-12-13T11:24:00Z,24.530462
2024-12-13T12:00:00Z,0
2024-12-13T12:36:00Z,25.041428
2024-12-13T13:12:00Z,24.393003
2024-12-13T15:00:00Z,24.38151
2024-12-13T15:36:00Z,25.810553
2024-12-13T16:12:00Z,24.520147
2024-12-13T16:48:00Z,25.517542
2024-12-13T17:24:00Z,24.80332
2024-12-13T18:00:00Z,25.108639
2024-12-13T18:36:00Z,24.95194
2024-12-13T19:12:00Z,24.00506
2024-12-13T19:48:00Z,24.035326
2024-12-13T20:24:00Z,0
2024-12-13T21:00:00Z,24.678661
2024-12-13T21:36:00Z,24.592648
2024-12-13T22:12:00Z,30.19002
2024-12-13T22:48:00Z,24.835846
2024-12-13T23:24:00Z,24.21225
2024-12-14T00:00:00Z,25.87352
2024-12-14T00:36:00Z,0
2024-12-14T01:12:00Z,24.213171
2024-12-14T01:48:00Z,25.154663
2024-12-14T02:24:00Z,24.081905
2024-12-14T03:00:00Z,24.04109
2024-12-14T04:12:00Z,25.678295
2024-12-14T04:48:00Z,24.503899
2024-12-14T05:24:00Z,25.278965
2024-12-14T06:00:00Z,29.58499
2024-12-14T06:36:00Z,0
2024-12-14T07:12:00Z,25.011927
2024-12-14T08:24:00Z,24.706964
2024-12-14T09:00:00Z,0
2024-12-14T09:36:00Z,25.22255
2024-12-14T10:12:00Z,25.991781
2024-12-14T10:48:00Z,25.878994
2024-12-14T11:24:00Z,0
2024-12-14T12:00:00Z,24.001795
2024-12-14T12:36:00Z,25.038456
2024-12-14T13:12:00Z,0
2024-12-14T13:48:00Z,25.375317
2024-12-14T14:24:00Z,30.922644
2024-12-14T15:00:00Z,25.753595
2024-12-14T15:36:00Z,25.55827
2024-12-14T16:12:00Z,24.009232
2024-12-14T16:48:00Z,25.062258
2024-12-14T17:24:00Z,24.66967
2024-12-14T18:00:00Z,24.714552
2024-12-14T18:36:00Z,29.94799
2024-12-14T19:12:00Z,0
2024-12-14T19:48:00Z,24.29522
2024-12-14T20:24:00Z,24.93558
2024-12-14T21:00:00Z,0
2024-12-14T21:36:00Z,24.255322
2024-12-14T22:12:00Z,29.82004
2024-12-14T22:48:00Z,24.600279
2024-12-14T23:24:00Z,24.467604
2024-12-15T00:00:00Z,25.453741
2024-12-15T00:36:00Z,24.268824
2024-12-15T01:12:00Z,25.468733
2024-12-15T01:48:00Z,24.635004
2024-12-15T02:24:00Z,25.553627
2024-12-15T03:00:00Z,24.306238
2024-12-15T04:12:00Z,25.527395
2024-12-15T05:24:00Z,24.40234
2024-12-15T06:00:00Z,30.559824
2024-12-15T06:36:00Z,24.4928
2024-12-15T07:12:00Z,24.462782
2024-12-15T07:48:00Z,29.558775
2024-12-15T08:24:00Z,24.371634
2024-12-15T09:00:00Z,25.728079
2024-12-15T09:36:00Z,24.195293
2024-12-15T10:12:00Z,25.40573
2024-12-15T10:48:00Z,29.657627
2024-12-15T11:24:00Z,25.877848
2024-12-15T12:00:00Z,29.708172
2024-12-15T12:36:00Z,24.476158
2024-12-15T13:12:00Z,29.090317
2024-12-15T13:48:00Z,25.932209
2024-12-15T15:00:00Z,24.350187
2024-12-15T15:36:00Z,24.200386
2024-12-15T16:48:00Z,25.942171
2024-12-15T17:24:00Z,24.770102
2024-12-15T18:00:00Z,25.912691
2024-12-15T18:36:00Z,24.861378
2024-12-15T19:48:00Z,24.507261
2024-12-15T21:00:00Z,24.695303
2024-12-15T21:36:00Z,25.32824
2024-12-15T22:12:00Z,24.560452
2024-12-15T22:48:00Z,25.191423
2024-12-15T23:24:00Z,24.1841
2024-12-16T00:00:00Z,25.435251
2024-12-16T00:36:00Z,0
2024-12-16T01:12:00Z,24.131407
2024-12-16T01:48:00Z,25.116657
2024-12-16T02:24:00Z,25.448105
2024-12-16T04:12:00Z,24.619898
2024-12-16T04:48:00Z,0
2024-12-16T05:24:00Z,24.780487
2024-12-16T06:00:00Z,24.020391
2024-12-16T06:36:00Z,0
2024-12-16T07:12:00Z,24.958858
2024-12-16T07:48:00Z,25.528898
2024-12-16T08:24:00Z,25.291113
2024-12-16T09:00:00Z,25.468359
2024-12-16T09:36:00Z,24.79282
2024-12-16T10:12:00Z,25.377466
2024-12-16T10:48:00Z,25.1321
2024-12-16T11:24:00Z,24.030245
2024-12-16T12:00:00Z,24.475304
2024-12-16T12:36:00Z,25.95215
2024-12-16T13:12:00Z,24.83769
2024-12-16T14:24:00Z,24.148375
2024-12-16T15:36:00Z,24.62965
2024-12-16T16:12:00Z,24.134384
2024-12-16T16:48:00Z,24.785982
2024-12-16T17:24:00Z,24.987495
2024-12-16T18:36:00Z,24.28057
2024-12-16T19:12:00Z,24.524965
2024-12-16T19:48:00Z,24.285484
2024-12-16T20:24:00Z,25.757257
2024-12-16T21:36:00Z,25.558596
2024-12-16T22:12:00Z,24.086296
2024-12-16T22:48:00Z,29.249819
2024-12-16T23:24:00Z,24.514626
2024-12-17T00:00:00Z,24.549374
2024-12-17T00:36:00Z,25.430082
2024-12-17T01:12:00Z,25.143272
2024-12-17T01:48:00Z,25.386875
2024-12-17T02:24:00Z,24.16092
2024-12-17T03:00:00Z,0
2024-12-17T03:36:00Z,25.981718
2024-12-17T04:12:00Z,25.11202
2024-12-17T04:48:00Z,25.723545
2024-12-17T05:24:00Z,25.13392
2024-12-17T06:00:00Z,25.32298
2024-12-17T06:36:00Z,24.490808
2024-12-17T07:12:00Z,24.512108
2024-12-17T07:48:00Z,25.673561
2024-12-17T08:24:00Z,25.965254
2024-12-17T09:00:00Z,25.48845
2024-12-17T09:36:00Z,25.885489
2024-12-17T10:12:00Z,24.150015
2024-12-17T10:48:00Z,25.066172
2024-12-17T11:24:00Z,24.111986
2024-12-17T12:00:00Z,24.922194
2024-12-17T12:36:00Z,24.485733
2024-12-17T13:12:00Z,24.644905
2024-12-17T13:48:00Z,25.359207
2024-12-17T14:24:00Z,24.09847
2024-12-17T15:00:00Z,24.857298
2024-12-17T15:36:00Z,29.651854
2024-12-17T16:12:00Z,24.53097
2024-12-17T16:48:00Z,0
2024-12-17T17:24:00Z,24.977304
2024-12-17T18:00:00Z,24.112392
2024-12-17T18:36:00Z,24.914938
2024-12-17T19:12:00Z,0
2024-12-17T19:48:00Z,24.042603
2024-12-17T21:00:00Z,24.132238
2024-12-17T21:36:00Z,25.235912
2024-12-17T22:12:00Z,29.545525
2024-12-17T22:48:00Z,25.959633
2024-12-17T23:24:00Z,30.826244
2024-12-18T00:00:00Z,0
2024-12-18T00:36:00Z,24.441883
2024-12-18T01:12:00Z,24.191236
2024-12-18T01:48:00Z,24.505438
2024-12-18T02:24:00Z,24.312056
2024-12-18T03:00:00Z,25.852835
2024-12-18T03:36:00Z,24.65155
2024-12-18T04:12:00Z,25.831528
2024-12-18T06:00:00Z,24.256344
2024-12-18T06:36:00Z,25.696089
2024-12-18T07:12:00Z,24.606585
2024-12-18T07:48:00Z,29.855928
2024-12-18T08:24:00Z,24.959135
2024-12-18T09:00:00Z,30.397861
2024-12-18T09:36:00Z,0
2024-12-18T10:12:00Z,24.41052
2024-12-18T10:48:00Z,25.129221
2024-12-18T11:24:00Z,29.79609
2024-12-18T12:00:00Z,25.017529
2024-12-18T12:36:00Z,24.4683
2024-12-18T13:12:00Z,25.35162
2024-12-18T13:48:00Z,24.026062
2024-12-18T14:24:00Z,24.094547
2024-12-18T15:00:00Z,25.983088
2024-12-18T15:36:00Z,24.957378
2024-12-18T16:12:00Z,24.790365
2024-12-18T16:48:00Z,25.600473
2024-12-18T17:24:00Z,24.272636
2024-12-18T18:00:00Z,24.13623
2024-12-18T18:36:00Z,25.640362
2024-12-18T19:12:00Z,24.140537
2024-12-18T19:48:00Z,0
2024-12-18T20:24:00Z,24.181168
2024-12-18T21:00:00Z,24.03433
2024-12-18T21:36:00Z,30.013435
2024-12-18T22:12:00Z,25.945133
2024-12-18T23:24:00Z,25.380295
2024-12-19T00:00:00Z,24.37965
2024-12-19T00:36:00Z,25.892656
2024-12-19T01:12:00Z,24.351046
2024-12-19T01:48:00Z,25.837982
2024-12-19T02:24:00Z,24.25936
2024-12-19T03:00:00Z,25.38251
2024-12-19T03:36:00Z,24.916975
2024-12-19T06:36:00Z,24.969194
2024-12-19T07:12:00Z,24.082548
2024-12-19T07:48:00Z,25.957634
2024-12-19T08:24:00Z,25.966818
2024-12-19T09:00:00Z,24.011576
2024-12-19T09:36:00Z,25.337002
2024-12-19T10:12:00Z,0
2024-12-19T10:48:00Z,24.056194
2024-12-19T11:24:00Z,0
2024-12-19T12:00:00Z,0
2024-12-19T12:36:00Z,25.449032
2024-12-19T13:48:00Z,24.941143
2024-12-19T14:24:00Z,0
2024-12-19T15:00:00Z,25.361126
2024-12-19T15:36:00Z,24.090464
2024-12-19T16:12:00Z,30.979692
2024-12-19T16:48:00Z,25.860176
2024-12-19T17:24:00Z,24.384665
2024-12-19T18:00:00Z,30.33865
2024-12-19T18:36:00Z,0
2024-12-19T19:12:00Z,29.248537
2024-12-19T19:48:00Z,0
2024-12-19T20:24:00Z,24.04959
2024-12-19T21:00:00Z,24.918959
2024-12-19T22:12:00Z,24.157915
2024-12-19T22:48:00Z,25.32697
2024-12-19T23:24:00Z,24.732132
2024-12-20T00:36:00Z,24.06409
2024-12-20T01:48:00Z,24.589336
2024-12-20T02:24:00Z,24.225042
2024-12-20T03:36:00Z,25.229942
2024-12-20T04:12:00Z,24.43902
2024-12-20T04:48:00Z,25.11123
2024-12-20T05:24:00Z,24.958323
2024-12-20T06:00:00Z,25.655752
2024-12-20T06:36:00Z,25.781622
2024-12-20T07:12:00Z,29.638401
2024-12-20T07:48:00Z,25.46674
2024-12-20T08:24:00Z,24.334137
2024-12-20T09:00:00Z,25.482857
2024-12-20T09:36:00Z,24.251923
2024-12-20T10:12:00Z,24.546288
2024-12-20T10:48:00Z,29.520252
2024-12-20T11:24:00Z,0
2024-12-20T12:00:00Z,24.74107
2024-12-20T13:12:00Z,24.14138
2024-12-20T13:48:00Z,0
2024-12-20T14:24:00Z,24.683167
2024-12-20T15:00:00Z,30.030153
2024-12-20T15:36:00Z,25.057697
2024-12-20T16:12:00Z,25.378366
2024-12-20T16:48:00Z,24.223288
2024-12-20T17:24:00Z,25.070068
2024-12-20T18:00:00Z,0
2024-12-20T18:36:00Z,24.366423
2024-12-20T19:12:00Z,25.01239
2024-12-20T19:48:00Z,24.99664
2024-12-20T20:24:00Z,24.426607
2024-12-20T21:00:00Z,24.841192
2024-12-20T21:36:00Z,24.617203
2024-12-20T23:24:00Z,25.470741
2024-12-21T00:00:00Z,24.615187
2024-12-21T00:36:00Z,30.87825
2024-12-21T01:12:00Z,25.65001
2024-12-21T01:48:00Z,24.436455
2024-12-21T02:24:00Z,24.658276
2024-12-21T03:00:00Z,0
2024-12-21T03:36:00Z,25.294168
2024-12-21T04:12:00Z,25.613312
2024-12-21T04:48:00Z,24.99708
2024-12-21T05:24:00Z,29.220036
2024-12-21T06:00:00Z,0
2024-12-21T06:36:00Z,24.774187
2024-12-21T07:12:00Z,29.162268
2024-12-21T07:48:00Z,24.679049
2024-12-21T08:24:00Z,25.884562
2024-12-21T09:00:00Z,25.407618
2024-12-21T09:36:00Z,24.056662
2024-12-21T10:12:00Z,0
2024-12-21T10:48:00Z,25.987762
2024-12-21T13:12:00Z,25.531012
2024-12-21T13:48:00Z,0
2024-12-21T14:24:00Z,24.388811
2024-12-21T15:00:00Z,30.478851
2024-12-21T15:36:00Z,0
2024-12-21T16:12:00Z,24.88251
2024-12-21T16:48:00Z,0
2024-12-21T17:24:00Z,25.747986
2024-12-21T18:00:00Z,24.559208
2024-12-21T18:36:00Z,24.687326
2024-12-21T19:12:00Z,25.830809
2024-12-21T19:48:00Z,25.942575
2024-12-21T20:24:00Z,24.377777
2024-12-21T21:00:00Z,24.781105
2024-12-21T21:36:00Z,0
2024-12-21T22:12:00Z,24.554892
2024-12-21T22:48:00Z,25.277363
2024-12-21T23:24:00Z,24.916477
2024-12-22T00:00:00Z,25.558146
2024-12-22T00:36:00Z,24.518097
2024-12-22T01:12:00Z,25.48581
2024-12-22T01:48:00Z,24.633366
2024-12-22T03:00:00Z,25.401455
2024-12-22T03:36:00Z,29.911798
2024-12-22T04:12:00Z,24.61123
2024-12-22T04:48:00Z,24.805851
2024-12-22T05:24:00Z,24.049433
2024-12-22T06:00:00Z,25.523003
2024-12-22T06:36:00Z,25.968916
2024-12-22T07:12:00Z,24.683512
2024-12-22T07:48:00Z,24.928896
2024-12-22T09:00:00Z,24.524042
2024-12-22T09:36:00Z,24.747614
2024-12-22T10:12:00Z,0
2024-12-22T10:48:00Z,24.43805
2024-12-22T11:24:00Z,25.786808
2024-12-22T12:00:00Z,29.797575
2024-12-22T12:36:00Z,0
2024-12-22T13:12:00Z,24.823833
2024-12-22T13:48:00Z,30.349554
2024-12-22T14:24:00Z,24.03203
2024-12-22T15:36:00Z,24.124996
2024-12-22T16:12:00Z,25.842972
2024-12-22T16:48:00Z,24.830975
2024-12-22T17:24:00Z,25.454685
2024-12-22T18:00:00Z,24.039116
2024-12-22T18:36:00Z,0
2024-12-22T19:12:00Z,29.61775
2024-12-22T19:48:00Z,24.672792
2024-12-22T20:24:00Z,25.986828
2024-12-22T21:00:00Z,24.273409
2024-12-22T22:12:00Z,24.3927
2024-12-22T23:24:00Z,25.771252
2024-12-23T00:00:00Z,25.676588
2024-12-23T00:36:00Z,0
2024-12-23T01:12:00Z,25.282492
2024-12-23T01:48:00Z,25.824749
2024-12-23T02:24:00Z,24.814049
2024-12-23T03:00:00Z,25.325483
2024-12-23T03:36:00Z,24.373571
2024-12-23T04:12:00Z,24.475945
2024-12-23T04:48:00Z,25.208708
2024-12-23T05:24:00Z,24.491022
2024-12-23T06:00:00Z,25.915442
2024-12-23T06:36:00Z,25.873234
2024-12-23T07:48:00Z,24.4039
2024-12-23T08:24:00Z,25.43565
2024-12-23T09:00:00Z,25.427925
2024-12-23T09:36:00Z,24.415112
2024-12-23T10:12:00Z,25.939228
2024-12-23T10:48:00Z,25.550741
2024-12-23T11:24:00Z,24.27357
2024-12-23T12:00:00Z,25.859509
2024-12-23T12:36:00Z,24.589308
2024-12-23T13:12:00Z,25.196415
2024-12-23T13:48:00Z,0
2024-12-23T14:24:00Z,0
2024-12-23T15:00:00Z,24.444853
2024-12-23T15:36:00Z,0
2024-12-23T16:12:00Z,24.813864
2024-12-23T16:48:00Z,0
2024-12-23T17:24:00Z,25.908817
2024-12-23T18:00:00Z,25.12947
2024-12-23T18:36:00Z,24.765316
2024-12-23T19:12:00Z,25.401226
2024-12-23T19:48:00Z,25.428236
2024-12-23T20:24:00Z,0
2024-12-23T21:00:00Z,25.61065
2024-12-23T21:36:00Z,24.71905
2024-12-23T22:48:00Z,25.7322
2024-12-24T00:00:00Z,25.814596
2024-12-24T00:36:00Z,24.706615
2024-12-24T01:12:00Z,24.95128
2024-12-24T01:48:00Z,24.429276
2024-12-24T02:24:00Z,25.463278
2024-12-24T03:00:00Z,24.717463
2024-12-24T03:36:00Z,24.937046
2024-12-24T04:48:00Z,24.14914
2024-12-24T05:24:00Z,25.014837
2024-12-24T06:00:00Z,29.855267
2024-12-24T06:36:00Z,24.215292
2024-12-24T07:12:00Z,29.111738
2024-12-24T07:48:00Z,25.047943
2024-12-24T08:24:00Z,25.81514
2024-12-24T09:00:00Z,24.342062
2024-12-24T10:12:00Z,25.039484
2024-12-24T10:48:00Z,24.357836
2024-12-24T11:24:00Z,24.12411
2024-12-24T12:00:00Z,30.1453
2024-12-24T12:36:00Z,0
2024-12-24T13:12:00Z,24.094837
2024-12-24T13:48:00Z,24.286865
2024-12-24T14:24:00Z,0
2024-12-24T15:00:00Z,25.56872
2024-12-24T15:36:00Z,25.667048
2024-12-24T16:12:00Z,24.337887
2024-12-24T16:48:00Z,25.467173
2024-12-24T17:24:00Z,24.590462
2024-12-24T18:00:00Z,25.873604
2024-12-24T18:36:00Z,24.265541
2024-12-24T19:12:00Z,24.878626
2024-12-24T19:48:00Z,30.90717
2024-12-24T20:24:00Z,25.411613
2024-12-24T21:36:00Z,24.917957
2024-12-24T22:12:00Z,24.147833
2024-12-24T22:48:00Z,25.444992
2024-12-24T23:24:00Z,24.300505
2024-12-25T00:00:00Z,0
2024-12-25T00:36:00Z,25.688465
2024-12-25T01:12:00Z,0
2024-12-25T01:48:00Z,24.370102
2024-12-25T02:24:00Z,25.770306
2024-12-25T03:36:00Z,25.423378
2024-12-25T04:12:00Z,0
2024-12-25T04:48:00Z,25.369469
2024-12-25T05:24:00Z,24.607191
2024-12-25T06:00:00Z,24.68134
2024-12-25T07:12:00Z,25.610304
2024-12-25T07:48:00Z,24.049973
2024-12-25T08:24:00Z,24.172764
2024-12-25T09:00:00Z,24.720583
2024-12-25T09:36:00Z,24.561693
2024-12-25T10:12:00Z,25.118572
2024-12-25T10:48:00Z,24.76786
2024-12-25T11:24:00Z,25.78212
2024-12-25T12:00:00Z,29.639448
2024-12-25T12:36:00Z,24.364355
2024-12-25T13:12:00Z,24.485117
2024-12-25T13:48:00Z,25.276289
2024-12-25T14:24:00Z,29.959782
2024-12-25T15:00:00Z,24.016819
2024-12-25T15:36:00Z,25.552149
2024-12-25T16:12:00Z,24.84948
2024-12-25T16:48:00Z,25.831148
2024-12-25T17:24:00Z,29.602097
2024-12-25T18:00:00Z,25.978487
2024-12-25T18:36:00Z,24.835775
2024-12-25T19:48:00Z,24.635708
2024-12-25T20:24:00Z,24.849443
2024-12-25T21:00:00Z,25.923397
2024-12-25T21:36:00Z,25.45606
2024-12-25T22:12:00Z,24.512651
2024-12-25T22:48:00Z,0
2024-12-25T23:24:00Z,24.1097
2024-12-26T00:00:00Z,25.094564
2024-12-26T00:36:00Z,0
2024-12-26T01:12:00Z,30.301895
2024-12-26T01:48:00Z,24.281979
2024-12-26T02:24:00Z,25.039196
2024-12-26T03:36:00Z,24.361654
2024-12-26T04:48:00Z,24.839315
2024-12-26T05:24:00Z,25.963549
2024-12-26T07:12:00Z,24.071644
2024-12-26T07:48:00Z,25.595037
2024-12-26T09:00:00Z,25.796835
2024-12-26T09:36:00Z,0
2024-12-26T10:12:00Z,25.5985
2024-12-26T10:48:00Z,25.163818
2024-12-26T11:24:00Z,0
2024-12-26T12:00:00Z,24.557077
2024-12-26T12:36:00Z,0
2024-12-26T13:12:00Z,24.197649
2024-12-26T13:48:00Z,25.607899
2024-12-26T14:24:00Z,25.305859
2024-12-26T15:00:00Z,25.612747
2024-12-26T15:36:00Z,29.197071
2024-12-26T16:12:00Z,24.626362
2024-12-26T16:48:00Z,24.227097
2024-12-26T17:24:00Z,24.562223
2024-12-26T18:36:00Z,25.946524
2024-12-26T19:12:00Z,25.142456
2024-12-26T19:48:00Z,25.441635
2024-12-26T20:24:00Z,29.139256
2024-12-26T21:00:00Z,24.046217
2024-12-26T21:36:00Z,24.272608
2024-12-26T22:12:00Z,25.367474
2024-12-26T22:48:00Z,30.26037
2024-12-26T23:24:00Z,0
2024-12-27T00:00:00Z,24.805264
2024-12-27T00:36:00Z,24.372065
2024-12-27T01:12:00Z,0
2024-12-27T01:48:00Z,24.75483
2024-12-27T02:24:00Z,24.051418
2024-12-27T03:00:00Z,0
2024-12-27T03:36:00Z,24.94356
2024-12-27T04:48:00Z,24.438698
2024-12-27T05:24:00Z,24.780228
2024-12-27T06:00:00Z,25.545443
2024-12-27T06:36:00Z,24.159489
2024-12-27T07:12:00Z,24.66382
2024-12-27T07:48:00Z,24.744823
2024-12-27T08:24:00Z,25.559013
2024-12-27T09:00:00Z,24.498938
2024-12-27T09:36:00Z,25.302067
2024-12-27T10:12:00Z,24.057367
2024-12-27T10:48:00Z,25.618282
2024-12-27T12:00:00Z,24.841381
2024-12-27T12:36:00Z,25.11893
2024-12-27T13:12:00Z,30.923689
2024-12-27T13:48:00Z,0
2024-12-27T14:24:00Z,25.305847
2024-12-27T15:00:00Z,0
2024-12-27T15:36:00Z,25.4708
2024-12-27T16:12:00Z,24.042118
2024-12-27T16:48:00Z,24.031618
2024-12-27T18:00:00Z,25.954594
2024-12-27T18:36:00Z,24.315191
2024-12-27T19:12:00Z,25.795134
2024-12-27T20:24:00Z,24.566391
2024-12-27T21:00:00Z,30.72068
2024-12-27T21:36:00Z,25.330442
2024-12-27T22:12:00Z,30.05354
2024-12-27T22:48:00Z,0
2024-12-27T23:24:00Z,25.044855
2024-12-28T00:36:00Z,24.735321
2024-12-28T01:12:00Z,24.970137
2024-12-28T01:48:00Z,24.281462
2024-12-28T02:24:00Z,24.949228
2024-12-28T03:00:00Z,24.618534
2024-12-28T03:36:00Z,25.553968
2024-12-28T04:12:00Z,24.962774
2024-12-28T04:48:00Z,0
2024-12-28T05:24:00Z,24.446404
2024-12-28T06:00:00Z,24.041983
2024-12-28T06:36:00Z,30.360802
2024-12-28T07:12:00Z,25.674673
2024-12-28T07:48:00Z,24.199404
2024-12-28T08:24:00Z,24.906742
2024-12-28T09:36:00Z,24.25195
2024-12-28T10:12:00Z,25.987011
2024-12-28T10:48:00Z,24.165085
2024-12-28T11:24:00Z,24.44301
2024-12-28T12:00:00Z,25.80603
2024-12-28T12:36:00Z,25.227957
2024-12-28T13:12:00Z,25.368195
2024-12-28T15:00:00Z,24.051634
2024-12-28T15:36:00Z,25.539774
2024-12-28T16:12:00Z,25.549076
2024-12-28T16:48:00Z,24.772947
2024-12-28T17:24:00Z,25.970825
2024-12-28T18:00:00Z,24.83612
2024-12-28T18:36:00Z,25.855167
2024-12-28T19:12:00Z,0
2024-12-28T19:48:00Z,30.607433
2024-12-28T20:24:00Z,0
2024-12-28T21:00:00Z,24.209652
2024-12-28T21:36:00Z,24.945963
2024-12-28T22:12:00Z,24.367125
2024-12-28T22:48:00Z,30.695953
2024-12-28T23:24:00Z,0
2024-12-29T00:00:00Z,24.930803
2024-12-29T00:36:00Z,24.09964
2024-12-29T01:12:00Z,25.106709
2024-12-29T02:24:00Z,24.385519
2024-12-29T03:00:00Z,25.57308
2024-12-29T03:36:00Z,25.899717
2024-12-29T04:48:00Z,25.504404
2024-12-29T05:24:00Z,24.833477
2024-12-29T06:00:00Z,25.254677
2024-12-29T06:36:00Z,0
2024-12-29T07:12:00Z,24.973003
2024-12-29T08:24:00Z,24.18023
2024-12-29T09:00:00Z,24.829311
2024-12-29T09:36:00Z,25.984293
2024-12-29T10:12:00Z,24.054657
2024-12-29T10:48:00Z,25.40459
2024-12-29T12:00:00Z,25.938957
2024-12-29T12:36:00Z,29.654037
2024-12-29T13:12:00Z,24.086145
2024-12-29T13:48:00Z,25.745287
2024-12-29T14:24:00Z,25.31421
2024-12-29T15:00:00Z,0
2024-12-29T15:36:00Z,30.415522
2024-12-29T16:12:00Z,24.534124
2024-12-29T17:24:00Z,24.759064
2024-12-29T18:00:00Z,25.880949
2024-12-29T18:36:00Z,24.590286
2024-12-29T19:12:00Z,24.066738
2024-12-29T19:48:00Z,24.881327
2024-12-29T20:24:00Z,24.310423
2024-12-29T21:00:00Z,24.464048
2024-12-29T21:36:00Z,25.128872
2024-12-29T22:12:00Z,24.298037
2024-12-29T22:48:00Z,25.075335
2024-12-29T23:24:00Z,24.09711
2024-12-30T00:00:00Z,0
2024-12-30T00:36:00Z,0
2024-12-30T01:12:00Z,24.747425
2024-12-30T01:48:00Z,24.49164
2024-12-30T02:24:00Z,29.765062
2024-12-30T03:00:00Z,25.68036
2024-12-30T04:12:00Z,24.523756
2024-12-30T04:48:00Z,25.495367
2024-12-30T05:24:00Z,25.504265
2024-12-30T06:36:00Z,24.073288
2024-12-30T07:12:00Z,25.331196
2024-12-30T08:24:00Z,25.12875
2024-12-30T09:36:00Z,24.041779
2024-12-30T10:12:00Z,25.415646
2024-12-30T11:24:00Z,24.967266
2024-12-30T12:00:00Z,24.21344
2024-12-30T12:36:00Z,24.772957
2024-12-30T13:48:00Z,24.24907
2024-12-30T14:24:00Z,24.530792
2024-12-30T15:00:00Z,0
2024-12-30T15:36:00Z,25.96464
2024-12-30T16:12:00Z,25.032642
2024-12-30T16:48:00Z,0
2024-12-30T17:24:00Z,30.471024
2024-12-30T18:00:00Z,24.84545
2024-12-30T18:36:00Z,25.249445
2024-12-30T19:12:00Z,25.159
2024-12-30T19:48:00Z,25.988564
2024-12-30T20:24:00Z,24.468296
2024-12-30T21:36:00Z,25.739643
2024-12-30T22:48:00Z,24.020884
2024-12-31T00:00:00Z,24.56808
2024-12-31T00:36:00Z,0
2024-12-31T01:12:00Z,24.885296
2024-12-31T01:48:00Z,24.292635
2024-12-31T02:24:00Z,24.18759
2024-12-31T03:00:00Z,25.4523
2024-12-31T03:36:00Z,25.856686
2024-12-31T04:12:00Z,25.677797
2024-12-31T04:48:00Z,0
2024-12-31T05:24:00Z,25.990103
2024-12-31T06:36:00Z,24.17047
2024-12-31T07:12:00Z,24.15135
2024-12-31T07:48:00Z,25.912897
2024-12-31T08:24:00Z,0
2024-12-31T09:00:00Z,24.527784
2024-12-31T09:36:00Z,24.701548
2024-12-31T10:12:00Z,0
2024-12-31T10:48:00Z,29.638298
2024-12-31T11:24:00Z,25.914965
2024-12-31T12:36:00Z,24.590065
2024-12-31T13:12:00Z,24.836535
2024-12-31T13:48:00Z,0
2024-12-31T14:24:00Z,24.852177
2024-12-31T15:00:00Z,0
2024-12-31T15:36:00Z,24.418943
2024-12-31T16:12:00Z,25.72368
2024-12-31T16:48:00Z,24.927431
2024-12-31T17:24:00Z,24.97853
2024-12-31T18:00:00Z,25.945805
2024-12-31T19:12:00Z,24.3226
2024-12-31T19:48:00Z,25.898579
2024-12-31T20:24:00Z,24.37496
2024-12-31T21:36:00Z,25.940939
2024-12-31T22:12:00Z,25.384308
2024-12-31T23:24:00Z,25.155886
2025-01-01T00:00:00Z,24.588392
2025-01-01T00:36:00Z,25.618183
2025-01-01T01:12:00Z,25.934341
2025-01-01T02:24:00Z,24.298506
2025-01-01T04:12:00Z,25.385044
2025-01-01T04:48:00Z,24.984985
2025-01-01T06:00:00Z,25.75066
2025-01-01T06:36:00Z,25.732134
2025-01-01T07:12:00Z,29.421413
2025-01-01T07:48:00Z,0
2025-01-01T08:24:00Z,24.295486
2025-01-01T09:00:00Z,24.325293
2025-01-01T09:36:00Z,25.629618
2025-01-01T10:12:00Z,24.08126
2025-01-01T11:24:00Z,25.773542
2025-01-01T12:00:00Z,24.58308
2025-01-01T12:36:00Z,24.106165
2025-01-01T13:12:00Z,24.455063
2025-01-01T13:48:00Z,25.900114
2025-01-01T14:24:00Z,25.682993
2025-01-01T15:36:00Z,24.103344
2025-01-01T16:12:00Z,24.352306
2025-01-01T16:48:00Z,25.99808
2025-01-01T17:24:00Z,0
2025-01-01T18:00:00Z,25.35359
2025-01-01T18:36:00Z,24.297571
2025-01-01T19:48:00Z,24.955475
2025-01-01T20:24:00Z,24.786976
2025-01-01T21:00:00Z,25.826666
2025-01-01T22:12:00Z,25.950857
2025-01-01T23:24:00Z,25.075348
2025-01-02T00:00:00Z,25.069328
2025-01-02T00:36:00Z,25.526508
2025-01-02T01:12:00Z,24.98598
2025-01-02T01:48:00Z,25.929941
2025-01-02T02:24:00Z,25.102211
2025-01-02T03:00:00Z,25.73666
2025-01-02T03:36:00Z,24.481306
2025-01-02T04:12:00Z,25.45454
2025-01-02T04:48:00Z,25.89713
2025-01-02T05:24:00Z,25.055117
2025-01-02T06:00:00Z,0
2025-01-02T06:36:00Z,24.04667
2025-01-02T07:12:00Z,24.834734
2025-01-02T08:24:00Z,25.284426
2025-01-02T09:00:00Z,24.058195
2025-01-02T09:36:00Z,24.938982
2025-01-02T10:12:00Z,24.144918
2025-01-02T11:24:00Z,25.260849
2025-01-02T12:00:00Z,24.103739
2025-01-02T13:12:00Z,25.50073
2025-01-02T13:48:00Z,0
2025-01-02T14:24:00Z,24.897331
2025-01-02T15:36:00Z,24.244333
2025-01-02T16:48:00Z,25.190836
2025-01-02T17:24:00Z,24.67304
2025-01-02T18:00:00Z,25.268326
2025-01-02T18:36:00Z,24.296686
2025-01-02T19:12:00Z,25.689985
2025-01-02T19:48:00Z,25.782278
2025-01-02T20:24:00Z,24.764172
2025-01-02T22:12:00Z,25.515074
2025-01-02T22:48:00Z,24.929054
2025-01-02T23:24:00Z,0
2025-01-03T00:00:00Z,25.547035
2025-01-03T00:36:00Z,24.908583
2025-01-03T01:12:00Z,29.830902
2025-01-03T01:48:00Z,24.886639
2025-01-03T02:24:00Z,25.792763
2025-01-03T03:00:00Z,0
2025-01-03T03:36:00Z,25.882214
2025-01-03T04:12:00Z,0
2025-01-03T04:48:00Z,24.179522
2025-01-03T06:00:00Z,25.880339
2025-01-03T07:12:00Z,24.60228
2025-01-03T08:24:00Z,25.52621
2025-01-03T09:00:00Z,29.059296
2025-01-03T09:36:00Z,0
2025-01-03T10:12:00Z,24.425648
2025-01-03T10:48:00Z,0
2025-01-03T11:24:00Z,25.60226
2025-01-03T12:00:00Z,25.235569
2025-01-03T12:36:00Z,25.474941
2025-01-03T13:12:00Z,24.846144
2025-01-03T13:48:00Z,0
2025-01-03T14:24:00Z,25.383865
2025-01-03T15:00:00Z,25.005856
2025-01-03T15:36:00Z,25.975628
2025-01-03T16:48:00Z,25.100111
2025-01-03T17:24:00Z,25.60131
2025-01-03T18:00:00Z,24.673717
2025-01-03T19:48:00Z,24.595125
2025-01-03T20:24:00Z,25.494518
2025-01-03T21:00:00Z,25.720507
2025-01-03T21:36:00Z,24.77939
2025-01-03T22:12:00Z,25.188425
2025-01-03T22:48:00Z,24.359924
2025-01-03T23:24:00Z,25.396788
2025-01-04T00:00:00Z,25.460407
2025-01-04T00:36:00Z,25.961533
2025-01-04T02:24:00Z,25.303165
2025-01-04T03:00:00Z,25.99895
2025-01-04T03:36:00Z,30.023209
2025-01-04T04:12:00Z,24.26651
2025-01-04T04:48:00Z,25.646353
2025-01-04T05:24:00Z,24.44187
2025-01-04T06:00:00Z,25.915298
2025-01-04T06:36:00Z,24.530714
2025-01-04T07:48:00Z,25.865969
2025-01-04T08:24:00Z,29.828209
2025-01-04T09:00:00Z,24.005434
2025-01-04T10:48:00Z,25.200218
2025-01-04T11:24:00Z,24.58098
2025-01-04T12:00:00Z,25.789524
2025-01-04T12:36:00Z,24.675571
2025-01-04T13:12:00Z,25.381369
2025-01-04T13:48:00Z,25.176676
2025-01-04T15:00:00Z,24.201159
2025-01-04T15:36:00Z,0
2025-01-04T16:12:00Z,24.366344
2025-01-04T16:48:00Z,24.958157
2025-01-04T17:24:00Z,24.026611
2025-01-04T18:36:00Z,24.19689
2025-01-04T19:12:00Z,24.73284
2025-01-04T19:48:00Z,24.447859
2025-01-04T20:24:00Z,25.609215
2025-01-04T21:00:00Z,0
2025-01-04T21:36:00Z,24.169788
2025-01-04T22:12:00Z,25.381136
2025-01-04T22:48:00Z,29.307594
2025-01-04T23:24:00Z,24.23372
2025-01-05T00:00:00Z,25.683386
2025-01-05T00:36:00Z,25.133726
2025-01-05T01:12:00Z,25.836317
2025-01-05T01:48:00Z,24.886385
2025-01-05T02:24:00Z,0
2025-01-05T03:00:00Z,25.00788
2025-01-05T03:36:00Z,25.793274
2025-01-05T04:12:00Z,0
2025-01-05T04:48:00Z,24.074192
2025-01-05T05:24:00Z,25.50009
2025-01-05T06:00:00Z,25.97078
2025-01-05T06:36:00Z,25.187147
2025-01-05T07:12:00Z,25.614033
2025-01-05T07:48:00Z,0
2025-01-05T08:24:00Z,25.629309
2025-01-05T09:00:00Z,24.982063
2025-01-05T09:36:00Z,25.75553
2025-01-05T11:24:00Z,25.053055
2025-01-05T12:00:00Z,29.126644
2025-01-05T12:36:00Z,24.431982
2025-01-05T13:12:00Z,25.7981
2025-01-05T13:48:00Z,24.496506
2025-01-05T14:24:00Z,0
2025-01-05T15:00:00Z,24.87124
2025-01-05T15:36:00Z,24.316368
2025-01-05T16:12:00Z,25.079044
2025-01-05T16:48:00Z,24.161104
2025-01-05T17:24:00Z,24.942947
2025-01-05T18:00:00Z,24.54395
2025-01-05T18:36:00Z,24.829197
2025-01-05T19:12:00Z,24.006836
2025-01-05T19:48:00Z,25.69403
2025-01-05T21:00:00Z,25.925549
2025-01-05T21:36:00Z,25.71189
2025-01-05T22:12:00Z,29.367926
2025-01-05T22:48:00Z,25.92037
2025-01-05T23:24:00Z,24.386438
2025-01-06T00:00:00Z,24.143667
2025-01-06T00:36:00Z,0
2025-01-06T01:12:00Z,24.17369
2025-01-06T02:24:00Z,24.992075
2025-01-06T03:00:00Z,25.710655
2025-01-06T03:36:00Z,0
2025-01-06T04:12:00Z,25.751862
2025-01-06T04:48:00Z,24.462082
2025-01-06T05:24:00Z,24.355886
2025-01-06T06:00:00Z,25.032045
2025-01-06T06:36:00Z,24.415447
2025-01-06T07:12:00Z,30.33446
2025-01-06T07:48:00Z,24.727945
2025-01-06T08:24:00Z,25.89445
2025-01-06T11:24:00Z,25.036507
2025-01-06T12:00:00Z,0
2025-01-06T12:36:00Z,25.806795
2025-01-06T13:12:00Z,30.176355
2025-01-06T13:48:00Z,24.804024
2025-01-06T14:24:00Z,25.277851
2025-01-06T15:00:00Z,24.280893
2025-01-06T15:36:00Z,25.980505
2025-01-06T16:12:00Z,24.385132
2025-01-06T16:48:00Z,25.5971
2025-01-06T17:24:00Z,25.751993
2025-01-06T18:00:00Z,24.765505
2025-01-06T18:36:00Z,24.265072
2025-01-06T19:12:00Z,24.572102
2025-01-06T19:48:00Z,25.91082
2025-01-06T21:00:00Z,24.722359
2025-01-06T21:36:00Z,25.548826
2025-01-06T22:12:00Z,24.089056
2025-01-06T22:48:00Z,25.908716
2025-01-06T23:24:00Z,24.392889
2025-01-07T00:00:00Z,25.173655
2025-01-07T00:36:00Z,0
2025-01-07T01:12:00Z,24.19851
2025-01-07T01:48:00Z,24.677372
2025-01-07T02:24:00Z,25.957989
2025-01-07T03:00:00Z,0
2025-01-07T03:36:00Z,25.584064
2025-01-07T04:12:00Z,25.936222
2025-01-07T04:48:00Z,24.618952
2025-01-07T05:24:00Z,25.746841
2025-01-07T06:00:00Z,24.726484
2025-01-07T06:36:00Z,25.43974
2025-01-07T07:12:00Z,24.204632
2025-01-07T07:48:00Z,0
2025-01-07T08:24:00Z,24.780098
2025-01-07T09:00:00Z,25.865747
2025-01-07T09:36:00Z,25.282988
2025-01-07T10:12:00Z,24.155746
2025-01-07T10:48:00Z,30.141392
2025-01-07T11:24:00Z,25.917036
2025-01-07T12:36:00Z,24.627876
2025-01-07T13:12:00Z,29.95294
2025-01-07T13:48:00Z,0
2025-01-07T14:24:00Z,25.822817
2025-01-07T15:00:00Z,25.471016
2025-01-07T15:36:00Z,25.825989
2025-01-07T16:12:00Z,24.160769
2025-01-07T17:24:00Z,24.434872
2025-01-07T18:00:00Z,25.04828
2025-01-07T18:36:00Z,24.05942
2025-01-07T19:12:00Z,24.999311
2025-01-07T19:48:00Z,25.021809
2025-01-07T20:24:00Z,29.037977
2025-01-07T21:00:00Z,0
2025-01-07T21:36:00Z,24.274477
2025-01-07T22:12:00Z,25.34528
2025-01-07T22:48:00Z,29.149332
2025-01-07T23:24:00Z,24.537764
2025-01-08T00:00:00Z,25.187176
2025-01-08T00:36:00Z,0
2025-01-08T01:12:00Z,25.831242
2025-01-08T01:48:00Z,30.778542
2025-01-08T02:24:00Z,25.96044
2025-01-08T03:00:00Z,25.346937
2025-01-08T03:36:00Z,25.987583
2025-01-08T04:12:00Z,0
2025-01-08T04:48:00Z,24.170834
2025-01-08T05:24:00Z,25.195915
2025-01-08T06:00:00Z,24.27595
2025-01-08T06:36:00Z,25.584179
2025-01-08T07:12:00Z,24.58448
2025-01-08T07:48:00Z,24.087309
2025-01-08T08:24:00Z,25.455166
2025-01-08T09:00:00Z,24.40556
2025-01-08T09:36:00Z,25.15195
2025-01-08T10:12:00Z,30.775064
2025-01-08T10:48:00Z,24.429249
2025-01-08T11:24:00Z,25.440582
2025-01-08T12:00:00Z,24.969616
2025-01-08T12:36:00Z,25.897844
2025-01-08T13:12:00Z,24.70646
2025-01-08T13:48:00Z,29.572586
2025-01-08T14:24:00Z,0
2025-01-08T15:00:00Z,25.113298
2025-01-08T15:36:00Z,25.946402
2025-01-08T16:12:00Z,24.431845
2025-01-08T16:48:00Z,25.181074
2025-01-08T18:00:00Z,24.30154
2025-01-08T18:36:00Z,30.501049
2025-01-08T19:12:00Z,24.85767
2025-01-08T19:48:00Z,25.99772
2025-01-08T20:24:00Z,24.048496
2025-01-08T21:00:00Z,24.78621
2025-01-08T21:36:00Z,24.628843
2025-01-08T22:12:00Z,25.993685
2025-01-08T22:48:00Z,24.181728
2025-01-08T23:24:00Z,24.429964
2025-01-09T00:00:00Z,25.547388
2025-01-09T00:36:00Z,25.833445
2025-01-09T01:48:00Z,24.44231
2025-01-09T02:24:00Z,25.859426
2025-01-09T03:00:00Z,25.088087
2025-01-09T03:36:00Z,29.729
2025-01-09T04:12:00Z,25.419474
2025-01-09T04:48:00Z,25.941706
2025-01-09T05:24:00Z,0
2025-01-09T06:00:00Z,24.203333
2025-01-09T06:36:00Z,25.308077
2025-01-09T07:12:00Z,24.898909
2025-01-09T07:48:00Z,25.528296
2025-01-09T08:24:00Z,0
2025-01-09T09:00:00Z,29.630512
2025-01-09T09:36:00Z,24.387123
2025-01-09T10:12:00Z,24.345978
2025-01-09T10:48:00Z,25.74225
2025-01-09T11:24:00Z,25.89527
2025-01-09T12:00:00Z,24.472048
2025-01-09T12:36:00Z,24.05715
2025-01-09T13:12:00Z,24.639929
2025-01-09T13:48:00Z,25.822916
2025-01-09T14:24:00Z,24.57886
2025-01-09T15:00:00Z,29.94493
2025-01-09T15:36:00Z,0
2025-01-09T16:12:00Z,29.875986
2025-01-09T16:48:00Z,0
2025-01-09T17:24:00Z,25.643055
2025-01-09T18:00:00Z,25.179451
2025-01-09T18:36:00Z,0
2025-01-09T19:12:00Z,25.50393
2025-01-09T19:48:00Z,30.329893
2025-01-09T20:24:00Z,24.229364
2025-01-09T21:00:00Z,24.161484
2025-01-09T21:36:00Z,24.63976
2025-01-09T22:12:00Z,24.357256
2025-01-09T22:48:00Z,25.397558
2025-01-09T23:24:00Z,25.5212
2025-01-10T00:00:00Z,24.228916
2025-01-10T00:36:00Z,25.530355
2025-01-10T01:12:00Z,25.433428
2025-01-10T01:48:00Z,25.966326
2025-01-10T03:00:00Z,24.532389
2025-01-10T03:36:00Z,25.072811
2025-01-10T04:12:00Z,24.105288
2025-01-10T04:48:00Z,24.358969
2025-01-10T05:24:00Z,25.148113
2025-01-10T06:00:00Z,24.565199
2025-01-10T07:12:00Z,25.932783
2025-01-10T07:48:00Z,0
2025-01-10T08:24:00Z,24.00263
2025-01-10T09:00:00Z,24.902718
2025-01-10T09:36:00Z,25.321716
2025-01-10T10:48:00Z,25.539188
2025-01-10T12:00:00Z,24.400469
2025-01-10T12:36:00Z,25.158783
2025-01-10T13:12:00Z,24.374779
2025-01-10T13:48:00Z,24.296892
2025-01-10T14:24:00Z,25.551174
2025-01-10T15:00:00Z,24.191227
2025-01-10T15:36:00Z,25.086096
2025-01-10T16:12:00Z,25.340387
2025-01-10T16:48:00Z,24.530418
2025-01-10T17:24:00Z,25.893133
2025-01-10T18:36:00Z,25.111517
2025-01-10T19:12:00Z,24.30908
2025-01-10T19:48:00Z,24.201664
2025-01-10T20:24:00Z,25.745989
2025-01-10T21:36:00Z,25.841805
2025-01-10T22:48:00Z,24.160746
2025-01-10T23:24:00Z,24.306059
2025-01-11T00:00:00Z,25.36621
2025-01-11T00:36:00Z,25.406406
2025-01-11T01:12:00Z,24.356432
2025-01-11T01:48:00Z,24.230062
2025-01-11T03:36:00Z,24.64508
2025-01-11T04:12:00Z,25.75567
2025-01-11T04:48:00Z,25.164093
2025-01-11T05:24:00Z,24.057858
2025-01-11T06:00:00Z,24.608688
2025-01-11T06:36:00Z,25.596163
2025-01-11T07:12:00Z,0
2025-01-11T07:48:00Z,24.56666
2025-01-11T08:24:00Z,25.465765
2025-01-11T09:00:00Z,0
2025-01-11T09:36:00Z,24.308031
2025-01-11T10:12:00Z,25.216375
2025-01-11T10:48:00Z,30.953382
2025-01-11T11:24:00Z,25.749727
2025-01-11T12:00:00Z,25.253586
2025-01-11T13:12:00Z,25.682251
2025-01-11T13:48:00Z,24.046644
2025-01-11T15:00:00Z,24.228487
2025-01-11T16:48:00Z,25.794523
2025-01-11T17:24:00Z,24.01254
2025-01-11T19:12:00Z,25.186789
2025-01-11T19:48:00Z,24.934027
2025-01-11T20:24:00Z,25.344273
2025-01-11T21:00:00Z,24.54315
2025-01-11T21:36:00Z,29.257967
2025-01-11T22:12:00Z,25.918993
2025-01-11T22:48:00Z,24.858028
2025-01-12T00:00:00Z,25.536085
2025-01-12T00:36:00Z,24.044876
2025-01-12T01:12:00Z,25.284073
2025-01-12T01:48:00Z,25.945002
2025-01-12T02:24:00Z,24.5784
2025-01-12T03:00:00Z,25.938282
2025-01-12T03:36:00Z,24.45386
2025-01-12T04:12:00Z,24.984383
2025-01-12T05:24:00Z,24.220901
2025-01-12T06:00:00Z,25.37167
2025-01-12T06:36:00Z,25.825882
2025-01-12T07:12:00Z,24.49951
2025-01-12T07:48:00Z,30.206331
2025-01-12T08:24:00Z,0
2025-01-12T09:00:00Z,0
2025-01-12T09:36:00Z,25.328655
2025-01-12T10:12:00Z,24.700508
2025-01-12T10:48:00Z,25.31852
2025-01-12T11:24:00Z,25.042004
2025-01-12T12:00:00Z,24.285471
2025-01-12T12:36:00Z,24.627367
2025-01-12T13:12:00Z,29.291958
2025-01-12T13:48:00Z,24.743517
2025-01-12T14:24:00Z,25.084316
2025-01-12T15:00:00Z,24.529034
2025-01-12T15:36:00Z,25.76441
2025-01-12T16:12:00Z,25.5709
2025-01-12T16:48:00Z,24.0717
2025-01-12T17:24:00Z,29.767664
2025-01-12T18:00:00Z,25.160154
2025-01-12T18:36:00Z,0
2025-01-12T19:12:00Z,24.96439
2025-01-12T19:48:00Z,24.077839
2025-01-12T20:24:00Z,25.974081
2025-01-12T21:00:00Z,24.048872
2025-01-12T22:12:00Z,25.949757
2025-01-12T22:48:00Z,24.513859
2025-01-12T23:24:00Z,25.322906
2025-01-13T00:00:00Z,24.220972
2025-01-13T00:36:00Z,24.987373
2025-01-13T01:12:00Z,25.23341
2025-01-13T01:48:00Z,24.444937
2025-01-13T02:24:00Z,24.971306
2025-01-13T03:00:00Z,24.669523
2025-01-13T03:36:00Z,25.076181
2025-01-13T04:12:00Z,25.933317
2025-01-13T04:48:00Z,25.927563
2025-01-13T05:24:00Z,24.001825
2025-01-13T06:00:00Z,25.797924
2025-01-13T06:36:00Z,25.932589
2025-01-13T07:12:00Z,24.194105
2025-01-13T08:24:00Z,25.631823
2025-01-13T09:00:00Z,24.426266
2025-01-13T09:36:00Z,25.472155
2025-01-13T10:12:00Z,30.010746
2025-01-13T10:48:00Z,25.990665
2025-01-13T11:24:00Z,24.778013
2025-01-13T12:00:00Z,25.976442
2025-01-13T12:36:00Z,25.204096
2025-01-13T14:24:00Z,24.17658
2025-01-13T15:00:00Z,24.919313
2025-01-13T15:36:00Z,24.336197
2025-01-13T16:12:00Z,0
2025-01-13T16:48:00Z,25.338612
2025-01-13T17:24:00Z,24.208939
2025-01-13T18:00:00Z,30.277187
2025-01-13T18:36:00Z,0
2025-01-13T19:12:00Z,24.35469
2025-01-13T19:48:00Z,0
2025-01-13T20:24:00Z,25.134048
2025-01-13T21:00:00Z,29.12218
2025-01-13T21:36:00Z,0
2025-01-13T22:12:00Z,0
2025-01-13T22:48:00Z,24.32828
2025-01-13T23:24:00Z,25.856512
2025-01-14T00:00:00Z,25.9904
2025-01-14T00:36:00Z,25.452095
2025-01-14T01:12:00Z,25.341196
2025-01-14T01:48:00Z,24.446707
2025-01-14T02:24:00Z,25.875664
2025-01-14T03:00:00Z,24.500303
2025-01-14T03:36:00Z,24.365204
2025-01-14T04:12:00Z,24.713173
2025-01-14T04:48:00Z,24.384684
2025-01-14T05:24:00Z,0
2025-01-14T06:00:00Z,24.774153
2025-01-14T06:36:00Z,25.167192
2025-01-14T07:12:00Z,30.631737
2025-01-14T07:48:00Z,25.773048
2025-01-14T08:24:00Z,25.351263
2025-01-14T09:00:00Z,24.1027
2025-01-14T09:36:00Z,25.311668
2025-01-14T10:12:00Z,24.535568
2025-01-14T11:24:00Z,24.16587
2025-01-14T12:00:00Z,24.58077
2025-01-14T12:36:00Z,0
2025-01-14T13:12:00Z,25.70348
2025-01-14T13:48:00Z,24.753443
2025-01-14T14:24:00Z,25.609133
2025-01-14T15:00:00Z,25.729843
2025-01-14T16:48:00Z,25.115376
2025-01-14T17:24:00Z,24.386414
2025-01-14T18:00:00Z,25.679108
2025-01-14T18:36:00Z,25.894897
2025-01-14T19:12:00Z,25.692665
2025-01-14T19:48:00Z,24.84461
2025-01-14T20:24:00Z,25.941315
2025-01-14T21:00:00Z,0
2025-01-14T21:36:00Z,24.69961
2025-01-14T22:48:00Z,24.471312
2025-01-14T23:24:00Z,25.927727
2025-01-15T00:36:00Z,24.780952
2025-01-15T01:12:00Z,25.96126
2025-01-15T01:48:00Z,25.974747
2025-01-15T02:24:00Z,24.250288
2025-01-15T03:00:00Z,25.67858
2025-01-15T03:36:00Z,24.238644
2025-01-15T04:48:00Z,25.896425
2025-01-15T06:00:00Z,24.766878
2025-01-15T06:36:00Z,25.506294
2025-01-15T07:48:00Z,25.855633
2025-01-15T08:24:00Z,24.516714
2025-01-15T09:36:00Z,25.870764
2025-01-15T10:12:00Z,25.85051
2025-01-15T10:48:00Z,24.466507
2025-01-15T11:24:00Z,24.314459
2025-01-15T12:00:00Z,25.714989
2025-01-15T12:36:00Z,25.029516
2025-01-15T13:12:00Z,0
2025-01-15T13:48:00Z,25.930212
2025-01-15T14:24:00Z,25.98961
2025-01-15T15:00:00Z,0
2025-01-15T15:36:00Z,25.938911
2025-01-15T16:12:00Z,25.008787
2025-01-15T16:48:00Z,0
2025-01-15T17:24:00Z,30.170713
2025-01-15T18:00:00Z,25.37587
2025-01-15T18:36:00Z,24.292088
2025-01-15T19:48:00Z,24.229315
2025-01-15T20:24:00Z,24.866539
2025-01-15T21:00:00Z,0
2025-01-15T21:36:00Z,25.744095
2025-01-15T22:12:00Z,25.107
2025-01-15T23:24:00Z,25.402214
2025-01-16T00:00:00Z,24.217659
2025-01-16T01:12:00Z,25.355131
2025-01-16T01:48:00Z,25.578432
2025-01-16T02:24:00Z,0
2025-01-16T03:00:00Z,24.704556
2025-01-16T03:36:00Z,0
2025-01-16T04:12:00Z,29.964996
2025-01-16T04:48:00Z,0
2025-01-16T05:24:00Z,24.88462
2025-01-16T06:00:00Z,24.162355
2025-01-16T06:36:00Z,24.552101
2025-01-16T07:12:00Z,24.060083
2025-01-16T07:48:00Z,24.084663
2025-01-16T09:00:00Z,25.90322
2025-01-16T10:12:00Z,25.19089
2025-01-16T10:48:00Z,25.361938
2025-01-16T12:00:00Z,24.514542
2025-01-16T12:36:00Z,30.86221
2025-01-16T13:12:00Z,25.90891
2025-01-16T13:48:00Z,25.118279
2025-01-16T14:24:00Z,24.902048
2025-01-16T15:00:00Z,25.15367
2025-01-16T15:36:00Z,29.83988
2025-01-16T16:12:00Z,0
2025-01-16T16:48:00Z,24.25433
2025-01-16T17:24:00Z,24.795523
2025-01-16T18:00:00Z,24.088306
2025-01-16T18:36:00Z,25.694782
2025-01-16T19:12:00Z,24.836672
2025-01-16T19:48:00Z,25.91973
2025-01-16T20:24:00Z,24.88531
2025-01-16T21:00:00Z,24.91697
2025-01-16T21:36:00Z,25.989676
2025-01-16T22:12:00Z,24.614103
2025-01-16T22:48:00Z,24.93271
2025-01-16T23:24:00Z,29.96925
2025-01-17T00:00:00Z,0
2025-01-17T00:36:00Z,25.497572
2025-01-17T01:48:00Z,24.284643
2025-01-17T02:24:00Z,25.859121
2025-01-17T03:36:00Z,25.919693
2025-01-17T04:48:00Z,24.38278
2025-01-17T05:24:00Z,24.293797
2025-01-17T06:00:00Z,24.820812
2025-01-17T06:36:00Z,24.910847
2025-01-17T07:12:00Z,25.710823
2025-01-17T07:48:00Z,24.628582
2025-01-17T09:00:00Z,25.798384
2025-01-17T10:48:00Z,24.870203
2025-01-17T11:24:00Z,24.970346
2025-01-17T12:00:00Z,24.511553
2025-01-17T12:36:00Z,25.658491
2025-01-17T13:12:00Z,25.564133
2025-01-17T13:48:00Z,24.604088
2025-01-17T14:24:00Z,25.77264
2025-01-17T15:00:00Z,25.951267
2025-01-17T15:36:00Z,24.532518
2025-01-17T16:12:00Z,25.010448
2025-01-17T17:24:00Z,24.349575
2025-01-17T18:00:00Z,0
2025-01-17T18:36:00Z,25.50759
2025-01-17T19:12:00Z,0
2025-01-17T19:48:00Z,24.702654
2025-01-17T20:24:00Z,25.678692
2025-01-17T21:00:00Z,0
2025-01-17T21:36:00Z,25.917448
2025-01-17T22:12:00Z,24.633562
2025-01-17T22:48:00Z,25.502754
2025-01-17T23:24:00Z,24.219578
2025-01-18T00:00:00Z,24.88938
2025-01-18T00:36:00Z,24.122007
2025-01-18T01:12:00Z,25.603848
2025-01-18T01:48:00Z,24.023027
2025-01-18T02:24:00Z,24.154495
2025-01-18T03:00:00Z,25.397654
2025-01-18T03:36:00Z,25.041422
2025-01-18T04:12:00Z,0
2025-01-18T04:48:00Z,25.091084
2025-01-18T05:24:00Z,24.459799
2025-01-18T06:36:00Z,25.706177
2025-01-18T07:48:00Z,25.225174
2025-01-18T08:24:00Z,25.587202
2025-01-18T09:00:00Z,30.87202
2025-01-18T09:36:00Z,0
2025-01-18T10:12:00Z,25.176256
2025-01-18T10:48:00Z,25.256048
2025-01-18T11:24:00Z,24.811596
2025-01-18T12:00:00Z,25.467411
2025-01-18T12:36:00Z,24.495884
2025-01-18T13:12:00Z,0
2025-01-18T13:48:00Z,25.363632
2025-01-18T14:24:00Z,25.687107
2025-01-18T15:00:00Z,29.44603
2025-01-18T15:36:00Z,25.93674
2025-01-18T16:12:00Z,25.490204
2025-01-18T16:48:00Z,24.221535
2025-01-18T17:24:00Z,0
2025-01-18T18:00:00Z,24.387337
2025-01-18T19:12:00Z,25.573046
2025-01-18T19:48:00Z,25.975168
2025-01-18T20:24:00Z,24.835548
2025-01-18T21:00:00Z,25.671057
2025-01-18T21:36:00Z,25.12267
2025-01-18T22:12:00Z,24.022919
2025-01-18T22:48:00Z,24.823376
2025-01-18T23:24:00Z,24.521404
2025-01-19T00:00:00Z,0
2025-01-19T00:36:00Z,24.84555
2025-01-19T01:12:00Z,25.15699
2025-01-19T01:48:00Z,24.737045
2025-01-19T02:24:00Z,25.748796
2025-01-19T03:00:00Z,25.134964
2025-01-19T03:36:00Z,25.132528
2025-01-19T04:12:00Z,24.467098
2025-01-19T04:48:00Z,0
2025-01-19T05:24:00Z,24.864012
2025-01-19T07:12:00Z,24.163599
2025-01-19T07:48:00Z,25.997173
2025-01-19T09:00:00Z,24.682732
2025-01-19T10:12:00Z,24.285002
2025-01-19T10:48:00Z,0
2025-01-19T11:24:00Z,24.652348
2025-01-19T12:00:00Z,24.666368
2025-01-19T12:36:00Z,25.748158
2025-01-19T13:12:00Z,24.09276
2025-01-19T13:48:00Z,30.223576
2025-01-19T14:24:00Z,25.178473
2025-01-19T15:00:00Z,25.216082
2025-01-19T15:36:00Z,30.068836
2025-01-19T16:12:00Z,0
2025-01-19T16:48:00Z,25.438374
2025-01-19T17:24:00Z,25.756723
2025-01-19T18:00:00Z,24.90482
2025-01-19T19:12:00Z,24.899363
2025-01-19T19:48:00Z,24.005487
2025-01-19T20:24:00Z,0
2025-01-19T21:00:00Z,25.070045
2025-01-19T21:36:00Z,25.02498
2025-01-19T22:12:00Z,29.039396
2025-01-19T22:48:00Z,24.611973
2025-01-19T23:24:00Z,25.491165
2025-01-20T00:00:00Z,24.02183
2025-01-20T00:36:00Z,24.932096
2025-01-20T01:12:00Z,29.886282
2025-01-20T01:48:00Z,25.147318
2025-01-20T03:00:00Z,24.765074
2025-01-20T04:12:00Z,25.542564
2025-01-20T04:48:00Z,25.154526
2025-01-20T05:24:00Z,24.331446
2025-01-20T06:00:00Z,25.402344
2025-01-20T06:36:00Z,24.066893
2025-01-20T07:48:00Z,25.234251
2025-01-20T08:24:00Z,25.19104
2025-01-20T09:00:00Z,24.703142
2025-01-20T09:36:00Z,30.44347
2025-01-20T10:12:00Z,24.255976
2025-01-20T10:48:00Z,25.935633
2025-01-20T12:00:00Z,25.437643
2025-01-20T12:36:00Z,30.867468
2025-01-20T13:12:00Z,25.697458
2025-01-20T13:48:00Z,25.0871
2025-01-20T14:24:00Z,25.812738
2025-01-20T15:00:00Z,25.321869
2025-01-20T16:48:00Z,24.775467
2025-01-20T17:24:00Z,25.470497
2025-01-20T18:00:00Z,25.765226
2025-01-20T18:36:00Z,24.243784
2025-01-20T19:12:00Z,24.831919
2025-01-20T19:48:00Z,24.051594
2025-01-20T20:24:00Z,25.72411
2025-01-20T21:00:00Z,25.576818
2025-01-20T21:36:00Z,24.43765
2025-01-20T22:12:00Z,0
2025-01-20T22:48:00Z,24.275877
2025-01-20T23:24:00Z,25.038322
2025-01-21T00:00:00Z,25.39657
2025-01-21T00:36:00Z,24.696009
2025-01-21T01:12:00Z,25.724379
2025-01-21T01:48:00Z,24.803291
2025-01-21T02:24:00Z,25.08554
2025-01-21T03:00:00Z,24.546394
2025-01-21T03:36:00Z,25.831448
2025-01-21T04:12:00Z,25.138445
2025-01-21T04:48:00Z,25.334997
2025-01-21T06:00:00Z,24.160803
2025-01-21T07:12:00Z,24.896667
2025-01-21T07:48:00Z,25.103897
2025-01-21T08:24:00Z,24.407063
2025-01-21T09:00:00Z,25.704086
2025-01-21T09:36:00Z,24.480541
2025-01-21T10:12:00Z,25.771357
2025-01-21T10:48:00Z,24.233646
2025-01-21T11:24:00Z,30.66972
2025-01-21T12:00:00Z,24.587057
2025-01-21T12:36:00Z,24.442444
2025-01-21T13:12:00Z,25.368212
2025-01-21T13:48:00Z,25.28197
2025-01-21T14:24:00Z,24.673952
2025-01-21T16:12:00Z,24.919373
2025-01-21T16:48:00Z,25.668554
2025-01-21T17:24:00Z,25.800642
2025-01-21T18:36:00Z,24.08363
2025-01-21T19:12:00Z,25.658056
2025-01-21T19:48:00Z,24.87877
2025-01-21T20:24:00Z,25.863655
2025-01-21T21:00:00Z,25.812721
2025-01-21T21:36:00Z,29.722778
2025-01-21T22:12:00Z,0
2025-01-21T22:48:00Z,24.354588
2025-01-21T23:24:00Z,24.20797
2025-01-22T00:36:00Z,25.11938
2025-01-22T01:12:00Z,0
2025-01-22T01:48:00Z,24.483536
2025-01-22T02:24:00Z,24.861732
2025-01-22T03:00:00Z,29.741642
2025-01-22T03:36:00Z,25.564121
2025-01-22T04:12:00Z,24.106104
2025-01-22T04:48:00Z,24.777092
2025-01-22T05:24:00Z,24.70386
2025-01-22T06:00:00Z,25.53589
2025-01-22T07:12:00Z,24.700024
2025-01-22T07:48:00Z,25.120644
2025-01-22T08:24:00Z,24.171131
2025-01-22T09:00:00Z,0
2025-01-22T09:36:00Z,25.679014
2025-01-22T10:12:00Z,24.503462
2025-01-22T10:48:00Z,24.809723
2025-01-22T11:24:00Z,25.753605
2025-01-22T12:00:00Z,24.933184
2025-01-22T13:12:00Z,24.885324
2025-01-22T13:48:00Z,24.48055
2025-01-22T15:00:00Z,24.278362
2025-01-22T15:36:00Z,25.208065
2025-01-22T16:12:00Z,0
2025-01-22T16:48:00Z,30.020596
2025-01-22T17:24:00Z,24.945507
2025-01-22T18:00:00Z,25.707888
2025-01-22T18:36:00Z,24.322437
2025-01-22T19:12:00Z,24.341173
2025-01-22T19:48:00Z,25.037699
2025-01-22T20:24:00Z,25.02732
2025-01-22T21:00:00Z,24.438087
2025-01-22T22:12:00Z,24.630096
2025-01-22T22:48:00Z,25.759274
2025-01-22T23:24:00Z,24.718016
2025-01-23T00:00:00Z,24.341719
2025-01-23T00:36:00Z,25.808126
2025-01-23T01:12:00Z,25.920185
2025-01-23T01:48:00Z,24.920435
2025-01-23T02:24:00Z,24.59666
2025-01-23T03:00:00Z,25.9215
2025-01-23T03:36:00Z,25.051844
2025-01-23T04:12:00Z,25.781366
2025-01-23T04:48:00Z,0
2025-01-23T05:24:00Z,25.195856
2025-01-23T06:00:00Z,24.928415
2025-01-23T07:12:00Z,25.436846
2025-01-23T07:48:00Z,30.34024
2025-01-23T08:24:00Z,25.238356
2025-01-23T09:00:00Z,0
2025-01-23T09:36:00Z,29.156326
2025-01-23T10:12:00Z,24.33928
2025-01-23T10:48:00Z,25.759918
2025-01-23T12:00:00Z,25.921309
2025-01-23T12:36:00Z,24.096342
2025-01-23T13:48:00Z,25.266365
2025-01-23T14:24:00Z,24.238329
2025-01-23T15:00:00Z,30.646425
2025-01-23T15:36:00Z,25.522789
2025-01-23T16:12:00Z,24.813957
2025-01-23T16:48:00Z,24.88956
2025-01-23T17:24:00Z,30.564621
2025-01-23T18:00:00Z,0
2025-01-23T18:36:00Z,25.432812
2025-01-23T19:12:00Z,24.737204
2025-01-23T19:48:00Z,25.756008
2025-01-23T20:24:00Z,0
2025-01-23T21:00:00Z,24.903952
2025-01-23T21:36:00Z,29.15289
2025-01-23T22:12:00Z,0
2025-01-23T22:48:00Z,25.137674
2025-01-24T00:00:00Z,25.455414
2025-01-24T00:36:00Z,24.002214
2025-01-24T01:12:00Z,25.32168
2025-01-24T01:48:00Z,24.539286
2025-01-24T02:24:00Z,25.849724
2025-01-24T03:00:00Z,25.166887
2025-01-24T03:36:00Z,0
2025-01-24T04:12:00Z,25.56059
2025-01-24T04:48:00Z,30.134916
2025-01-24T05:24:00Z,0
2025-01-24T06:00:00Z,25.436834
2025-01-24T07:12:00Z,25.129215
2025-01-24T07:48:00Z,24.232195
2025-01-24T08:24:00Z,24.735529
2025-01-24T09:00:00Z,0
2025-01-24T09:36:00Z,30.73736
2025-01-24T10:12:00Z,24.044462
2025-01-24T10:48:00Z,24.523355
2025-01-24T11:24:00Z,25.551712
2025-01-24T12:00:00Z,24.358738
2025-01-24T12:36:00Z,25.844847
2025-01-24T13:12:00Z,0
2025-01-24T13:48:00Z,25.30483
2025-01-24T14:24:00Z,24.097744
2025-01-24T15:00:00Z,24.05369
2025-01-24T15:36:00Z,25.677078
2025-01-24T16:12:00Z,24.228416
2025-01-24T16:48:00Z,25.539106
2025-01-24T17:24:00Z,29.818827
2025-01-24T18:00:00Z,24.605404
2025-01-24T19:12:00Z,25.239084
2025-01-24T19:48:00Z,29.954922
2025-01-24T20:24:00Z,25.769484
2025-01-24T21:00:00Z,24.65062
2025-01-24T21:36:00Z,25.42413
2025-01-24T22:48:00Z,25.846272
2025-01-24T23:24:00Z,25.434525
2025-01-25T00:00:00Z,24.569363
2025-01-25T00:36:00Z,25.476637
2025-01-25T01:48:00Z,25.883652
2025-01-25T02:24:00Z,24.481255
2025-01-25T03:00:00Z,25.352034
2025-01-25T03:36:00Z,24.692942
2025-01-25T04:12:00Z,24.614233
2025-01-25T05:24:00Z,25.995522
2025-01-25T06:00:00Z,0
2025-01-25T06:36:00Z,24.295778
2025-01-25T07:12:00Z,25.953712
2025-01-25T07:48:00Z,25.358353
2025-01-25T08:24:00Z,25.421436
2025-01-25T09:00:00Z,0
2025-01-25T09:36:00Z,24.733643
2025-01-25T10:12:00Z,25.469494
2025-01-25T10:48:00Z,24.85304
2025-01-25T11:24:00Z,25.890463
2025-01-25T12:00:00Z,24.785454
2025-01-25T12:36:00Z,25.429567
2025-01-25T13:12:00Z,24.36105
2025-01-25T13:48:00Z,29.388153
2025-01-25T14:24:00Z,0
2025-01-25T15:00:00Z,24.723503
2025-01-25T15:36:00Z,29.514263
2025-01-25T16:12:00Z,24.82982
2025-01-25T16:48:00Z,24.437077
2025-01-25T17:24:00Z,25.909956
2025-01-25T18:00:00Z,30.579214
2025-01-25T18:36:00Z,25.294239
2025-01-25T19:12:00Z,25.08444
2025-01-25T19:48:00Z,25.580725
2025-01-25T20:24:00Z,29.48638
2025-01-25T21:00:00Z,0
2025-01-25T21:36:00Z,25.195305
2025-01-25T22:12:00Z,25.902702
2025-01-25T22:48:00Z,24.430735
2025-01-25T23:24:00Z,24.166494
2025-01-26T00:00:00Z,24.753977
2025-01-26T00:36:00Z,24.249008
2025-01-26T01:12:00Z,25.670984
2025-01-26T01:48:00Z,25.17869
2025-01-26T02:24:00Z,25.434671
2025-01-26T03:00:00Z,25.046787
2025-01-26T03:36:00Z,25.31903
2025-01-26T04:12:00Z,0
2025-01-26T04:48:00Z,24.37181
2025-01-26T05:24:00Z,24.50695
2025-01-26T06:00:00Z,25.918043
2025-01-26T06:36:00Z,24.2611
2025-01-26T07:48:00Z,24.25244
2025-01-26T08:24:00Z,25.57968
2025-01-26T09:00:00Z,24.284357
2025-01-26T09:36:00Z,24.314392
2025-01-26T10:48:00Z,25.679115
2025-01-26T11:24:00Z,24.926418
2025-01-26T12:00:00Z,24.88013
2025-01-26T12:36:00Z,25.449436
2025-01-26T13:12:00Z,24.31499
2025-01-26T13:48:00Z,0
2025-01-26T14:24:00Z,24.763779
2025-01-26T15:00:00Z,25.282455
2025-01-26T15:36:00Z,24.272467
2025-01-26T16:12:00Z,24.45533
2025-01-26T16:48:00Z,25.205645
2025-01-26T17:24:00Z,24.172241
2025-01-26T18:36:00Z,25.987848
2025-01-26T19:12:00Z,24.122667
2025-01-26T19:48:00Z,25.411993
2025-01-26T20:24:00Z,24.826561
2025-01-26T21:00:00Z,25.821146
2025-01-26T22:12:00Z,24.855436
2025-01-26T22:48:00Z,25.47074
2025-01-26T23:24:00Z,25.667946
2025-01-27T00:00:00Z,25.408258
2025-01-27T00:36:00Z,24.171124
2025-01-27T01:12:00Z,25.897087
2025-01-27T01:48:00Z,24.86842
2025-01-27T02:24:00Z,25.42007
2025-01-27T03:00:00Z,29.043818
2025-01-27T03:36:00Z,24.499039
2025-01-27T04:48:00Z,25.031698
2025-01-27T05:24:00Z,24.19129
2025-01-27T06:00:00Z,0
2025-01-27T06:36:00Z,24.583313
2025-01-27T07:12:00Z,24.215017
2025-01-27T07:48:00Z,25.64127
2025-01-27T08:24:00Z,24.1773
2025-01-27T09:00:00Z,24.479856
2025-01-27T10:12:00Z,24.289598
2025-01-27T10:48:00Z,24.303043
2025-01-27T11:24:00Z,25.482294
2025-01-27T12:00:00Z,25.88989
2025-01-27T12:36:00Z,24.511473
2025-01-27T13:12:00Z,0
2025-01-27T13:48:00Z,25.993984
2025-01-27T14:24:00Z,24.92044
2025-01-27T15:00:00Z,25.439014
2025-01-27T15:36:00Z,24.962023
2025-01-27T16:48:00Z,25.725634
2025-01-27T17:24:00Z,24.557991
2025-01-27T18:00:00Z,0
2025-01-27T18:36:00Z,24.958366
2025-01-27T19:12:00Z,25.654417
2025-01-27T19:48:00Z,25.506313
2025-01-27T20:24:00Z,24.523424
2025-01-27T21:00:00Z,25.069075
2025-01-27T21:36:00Z,24.823824
2025-01-27T22:12:00Z,25.47862
2025-01-27T22:48:00Z,24.45667
2025-01-27T23:24:00Z,0
2025-01-28T00:00:00Z,25.961506
2025-01-28T00:36:00Z,30.259787
2025-01-28T01:12:00Z,25.787642
2025-01-28T01:48:00Z,25.364136
2025-01-28T02:24:00Z,24.170485
2025-01-28T03:00:00Z,24.710678
2025-01-28T04:48:00Z,24.732777
2025-01-28T05:24:00Z,25.784904
2025-01-28T06:00:00Z,25.110281
2025-01-28T07:12:00Z,25.942963
2025-01-28T08:24:00Z,24.3644
2025-01-28T09:00:00Z,25.309391
2025-01-28T09:36:00Z,24.193441
2025-01-28T10:12:00Z,25.81697
2025-01-28T10:48:00Z,24.75816
2025-01-28T11:24:00Z,25.850195
2025-01-28T12:00:00Z,24.826796
2025-01-28T13:12:00Z,24.653288
2025-01-28T13:48:00Z,24.044418
2025-01-28T14:24:00Z,25.929647
2025-01-28T15:00:00Z,24.684938
2025-01-28T16:12:00Z,24.337334
2025-01-28T16:48:00Z,30.846846
2025-01-28T17:24:00Z,0
2025-01-28T18:00:00Z,24.107447
2025-01-28T19:48:00Z,24.604704
2025-01-28T20:24:00Z,25.95391
2025-01-28T21:36:00Z,25.790977
2025-01-28T22:12:00Z,25.318048
2025-01-28T22:48:00Z,30.73725
2025-01-28T23:24:00Z,25.355892
2025-01-29T00:00:00Z,30.694883
2025-01-29T00:36:00Z,0
2025-01-29T01:12:00Z,25.28505
2025-01-29T01:48:00Z,24.83924
2025-01-29T02:24:00Z,0
2025-01-29T03:00:00Z,25.450304
2025-01-29T03:36:00Z,25.723228
2025-01-29T04:12:00Z,24.821894
2025-01-29T04:48:00Z,0
2025-01-29T05:24:00Z,24.352835
2025-01-29T06:00:00Z,0
2025-01-29T06:36:00Z,25.360046
2025-01-29T07:12:00Z,0
2025-01-29T07:48:00Z,25.226261
2025-01-29T08:24:00Z,0
2025-01-29T09:00:00Z,24.610897
2025-01-29T09:36:00Z,24.028189
2025-01-29T10:12:00Z,25.717316
2025-01-29T10:48:00Z,25.175905
2025-01-29T11:24:00Z,0
2025-01-29T12:00:00Z,25.809103
2025-01-29T12:36:00Z,29.784586
2025-01-29T13:12:00Z,24.684198
2025-01-29T13:48:00Z,25.685547
2025-01-29T14:24:00Z,25.826931
2025-01-29T15:00:00Z,24.152962
2025-01-29T15:36:00Z,25.64565
2025-01-29T16:12:00Z,25.172672
2025-01-29T16:48:00Z,0
2025-01-29T17:24:00Z,24.121952
2025-01-29T18:00:00Z,0
2025-01-29T18:36:00Z,0
2025-01-29T19:12:00Z,24.24161
2025-01-29T19:48:00Z,25.67287
2025-01-29T20:24:00Z,24.922014
2025-01-29T21:00:00Z,24.747728
2025-01-29T21:36:00Z,25.370268
2025-01-29T22:12:00Z,0
2025-01-29T22:48:00Z,24.548155
2025-01-29T23:24:00Z,24.484625
2025-01-30T00:00:00Z,25.328806
2025-01-30T00:36:00Z,24.178951
2025-01-30T01:12:00Z,25.3026
2025-01-30T01:48:00Z,25.27275
2025-01-30T02:24:00Z,29.013569
2025-01-30T03:00:00Z,0
2025-01-30T03:36:00Z,24.904486
2025-01-30T04:12:00Z,24.828173
2025-01-30T04:48:00Z,0
2025-01-30T05:24:00Z,24.635103
2025-01-30T06:00:00Z,24.897835
2025-01-30T06:36:00Z,24.092031
2025-01-30T07:12:00Z,24.575212
2025-01-30T07:48:00Z,25.624336
2025-01-30T08:24:00Z,25.933268
2025-01-30T09:00:00Z,24.217192
2025-01-30T09:36:00Z,24.59113
2025-01-30T10:12:00Z,0
2025-01-30T10:48:00Z,24.54005
2025-01-30T11:24:00Z,25.851257
2025-01-30T12:00:00Z,24.306196
2025-01-30T12:36:00Z,24.983793
2025-01-30T13:12:00Z,25.237284
2025-01-30T13:48:00Z,24.755634
2025-01-30T14:24:00Z,25.002668
2025-01-30T15:00:00Z,0
2025-01-30T15:36:00Z,24.739838
2025-01-30T16:12:00Z,24.674372
2025-01-30T16:48:00Z,25.301811
2025-01-30T17:24:00Z,24.41274
2025-01-30T18:00:00Z,25.891024
2025-01-30T18:36:00Z,0
2025-01-30T19:12:00Z,25.304646
2025-01-30T19:48:00Z,25.751444
2025-01-30T20:24:00Z,24.799362
2025-01-30T21:36:00Z,24.440035
2025-01-30T22:12:00Z,25.000221
2025-01-30T22:48:00Z,24.821852
2025-01-31T00:00:00Z,25.593853
2025-01-31T00:36:00Z,25.049982
2025-01-31T01:12:00Z,25.369324
2025-01-31T01:48:00Z,24.293428
2025-01-31T03:00:00Z,24.936443
2025-01-31T03:36:00Z,24.219751
2025-01-31T04:12:00Z,25.835094
2025-01-31T04:48:00Z,24.437454
2025-01-31T05:24:00Z,24.684677
2025-01-31T06:00:00Z,0
2025-01-31T06:36:00Z,24.540337
2025-01-31T07:12:00Z,25.654285
2025-01-31T07:48:00Z,25.120079
2025-01-31T09:00:00Z,25.877691
2025-01-31T09:36:00Z,24.96269
2025-01-31T11:24:00Z,25.920132
2025-01-31T12:00:00Z,25.486105
2025-01-31T12:36:00Z,25.594088
2025-01-31T13:12:00Z,24.804798
2025-01-31T13:48:00Z,25.856888
2025-01-31T14:24:00Z,24.535175
2025-01-31T15:00:00Z,25.931871
2025-01-31T15:36:00Z,24.290234
2025-01-31T16:12:00Z,25.908602
2025-01-31T16:48:00Z,25.470774
2025-01-31T17:24:00Z,24.207514
2025-01-31T18:00:00Z,24.242868
2025-01-31T18:36:00Z,29.664736
2025-01-31T19:12:00Z,0
2025-01-31T19:48:00Z,24.743385
2025-01-31T20:24:00Z,24.162725
2025-01-31T21:00:00Z,29.221703
2025-01-31T21:36:00Z,24.061749
2025-01-31T22:12:00Z,25.77617
2025-01-31T22:48:00Z,29.87883
2025-01-31T23:24:00Z,25.511965
2025-02-01T00:00:00Z,29.205496
2025-02-01T00:36:00Z,24.385948
2025-02-01T01:12:00Z,24.448555
2025-02-01T01:48:00Z,25.809895
2025-02-01T02:24:00Z,25.872503
2025-02-01T03:00:00Z,0
2025-02-01T03:36:00Z,25.541887
2025-02-01T04:12:00Z,25.79878
2025-02-01T06:36:00Z,24.291655
2025-02-01T07:12:00Z,24.8853
2025-02-01T07:48:00Z,25.897514
2025-02-01T09:00:00Z,24.577093
2025-02-01T09:36:00Z,30.575865
2025-02-01T10:12:00Z,25.362268
2025-02-01T10:48:00Z,25.429728
2025-02-01T12:00:00Z,24.334291
2025-02-01T12:36:00Z,24.514858
2025-02-01T13:12:00Z,25.357264
2025-02-01T13:48:00Z,25.127092
2025-02-01T14:24:00Z,29.920448
2025-02-01T15:00:00Z,0
2025-02-01T15:36:00Z,24.17854
2025-02-01T16:48:00Z,25.197876
2025-02-01T17:24:00Z,24.157793
2025-02-01T18:00:00Z,25.512724
2025-02-01T18:36:00Z,25.00464
2025-02-01T19:12:00Z,24.09327
2025-02-01T19:48:00Z,24.870499
2025-02-01T20:24:00Z,24.427742
2025-02-01T21:36:00Z,25.2738
2025-02-01T22:12:00Z,25.197308
2025-02-01T22:48:00Z,24.53151
2025-02-01T23:24:00Z,24.31519
2025-02-02T00:00:00Z,25.314793
2025-02-02T00:36:00Z,24.702362
2025-02-02T01:12:00Z,25.63763
2025-02-02T02:24:00Z,25.775414
2025-02-02T03:36:00Z,24.687002
2025-02-02T04:12:00Z,24.721638
2025-02-02T04:48:00Z,25.70228
2025-02-02T05:24:00Z,24.223326
2025-02-02T06:36:00Z,25.510689
2025-02-02T07:12:00Z,0
2025-02-02T07:48:00Z,25.75381
2025-02-02T08:24:00Z,24.0057
2025-02-02T09:00:00Z,25.768555
2025-02-02T09:36:00Z,30.407726
2025-02-02T10:12:00Z,24.778141
2025-02-02T10:48:00Z,25.710745
2025-02-02T11:24:00Z,25.092999
2025-02-02T12:00:00Z,0
2025-02-02T12:36:00Z,30.562609
2025-02-02T13:12:00Z,24.494831
2025-02-02T13:48:00Z,25.424496
2025-02-02T14:24:00Z,24.50858
2025-02-02T15:36:00Z,24.513184
2025-02-02T16:12:00Z,25.51005
2025-02-02T16:48:00Z,24.51665
2025-02-02T17:24:00Z,25.909657
2025-02-02T18:00:00Z,24.290804
2025-02-02T18:36:00Z,24.23541
2025-02-02T19:12:00Z,25.608965
2025-02-02T19:48:00Z,0
2025-02-02T20:24:00Z,25.148842
2025-02-02T21:00:00Z,24.202868
2025-02-02T21:36:00Z,24.054432
2025-02-02T22:12:00Z,24.359718
2025-02-02T22:48:00Z,25.636715
2025-02-02T23:24:00Z,25.567966
2025-02-03T00:36:00Z,24.36744
2025-02-03T01:12:00Z,25.008406
2025-02-03T01:48:00Z,0
2025-02-03T02:24:00Z,24.059576
2025-02-03T03:00:00Z,24.107273
2025-02-03T03:36:00Z,0
2025-02-03T04:12:00Z,25.336918
2025-02-03T04:48:00Z,25.321037
2025-02-03T05:24:00Z,24.22103
2025-02-03T06:00:00Z,25.432024
2025-02-03T06:36:00Z,0
2025-02-03T07:12:00Z,24.568817
2025-02-03T07:48:00Z,25.14021
2025-02-03T09:00:00Z,24.887125
2025-02-03T09:36:00Z,0
2025-02-03T10:12:00Z,24.004591
2025-02-03T11:24:00Z,24.431208
2025-02-03T12:00:00Z,25.496702
2025-02-03T12:36:00Z,0
2025-02-03T13:12:00Z,25.05153
2025-02-03T13:48:00Z,24.444239
2025-02-03T14:24:00Z,24.422974
2025-02-03T15:00:00Z,25.415768
2025-02-03T15:36:00Z,0
2025-02-03T16:12:00Z,0
2025-02-03T16:48:00Z,25.040398
2025-02-03T17:24:00Z,25.991295
2025-02-03T18:00:00Z,29.432402
2025-02-03T18:36:00Z,0
2025-02-03T19:12:00Z,25.851559
2025-02-03T19:48:00Z,25.131222
2025-02-03T20:24:00Z,30.184141
2025-02-03T21:00:00Z,0
2025-02-03T21:36:00Z,25.597187
2025-02-03T22:12:00Z,0
2025-02-03T22:48:00Z,25.527937
2025-02-03T23:24:00Z,24.696337
2025-02-04T00:00:00Z,29.086735
2025-02-04T00:36:00Z,0
2025-02-04T01:12:00Z,25.12921
2025-02-04T01:48:00Z,0
2025-02-04T02:24:00Z,24.62531
2025-02-04T03:00:00Z,25.67315
2025-02-04T03:36:00Z,24.169638
2025-02-04T04:12:00Z,24.107508
2025-02-04T04:48:00Z,25.197618
2025-02-04T05:24:00Z,24.352795
2025-02-04T06:00:00Z,24.982447
2025-02-04T06:36:00Z,24.96944
2025-02-04T07:12:00Z,25.769897
2025-02-04T09:00:00Z,25.907818
2025-02-04T09:36:00Z,24.941206
2025-02-04T10:12:00Z,25.759348
2025-02-04T10:48:00Z,0
2025-02-04T11:24:00Z,24.19092
2025-02-04T12:00:00Z,25.812971
2025-02-04T13:12:00Z,24.369411
2025-02-04T13:48:00Z,24.339117
2025-02-04T14:24:00Z,0
2025-02-04T15:00:00Z,25.968864
2025-02-04T15:36:00Z,24.694355
2025-02-04T16:12:00Z,0
2025-02-04T16:48:00Z,24.795576
2025-02-04T17:24:00Z,25.135237
2025-02-04T18:00:00Z,24.252056
2025-02-04T18:36:00Z,0
2025-02-04T19:12:00Z,25.993925
2025-02-04T19:48:00Z,30.072147
2025-02-04T20:24:00Z,0
2025-02-04T21:00:00Z,25.328182
2025-02-04T21:36:00Z,25.873844
2025-02-04T22:12:00Z,24.015583
2025-02-04T22:48:00Z,24.057848
2025-02-04T23:24:00Z,25.466919
2025-02-05T00:00:00Z,24.261965
2025-02-05T00:36:00Z,24.360714
2025-02-05T01:12:00Z,25.768665
2025-02-05T01:48:00Z,24.117712
2025-02-05T02:24:00Z,24.140575
2025-02-05T03:00:00Z,24.65848
2025-02-05T03:36:00Z,24.304653
2025-02-05T04:12:00Z,25.194447
2025-02-05T04:48:00Z,25.553974
2025-02-05T05:24:00Z,24.085367
2025-02-05T06:00:00Z,25.069838
2025-02-05T08:24:00Z,25.054102
2025-02-05T09:00:00Z,24.18126
2025-02-05T09:36:00Z,25.823555
2025-02-05T10:12:00Z,24.157774
2025-02-05T11:24:00Z,25.252012
2025-02-05T12:00:00Z,24.665846
2025-02-05T12:36:00Z,25.236362
2025-02-05T13:12:00Z,25.004278
2025-02-05T13:48:00Z,25.856178
2025-02-05T14:24:00Z,0
2025-02-05T15:00:00Z,24.446638
2025-02-05T15:36:00Z,25.986086
2025-02-05T16:12:00Z,25.688587
2025-02-05T16:48:00Z,30.6376
2025-02-05T17:24:00Z,24.178827
2025-02-05T18:00:00Z,25.7114
2025-02-05T18:36:00Z,25.984253
2025-02-05T19:12:00Z,0
2025-02-05T19:48:00Z,25.454754
2025-02-05T20:24:00Z,25.361057
2025-02-05T21:00:00Z,24.41277
2025-02-05T21:36:00Z,25.548008
2025-02-05T22:48:00Z,25.779789
2025-02-05T23:24:00Z,24.54505
2025-02-06T00:36:00Z,24.61523
2025-02-06T01:12:00Z,25.1239
2025-02-06T01:48:00Z,0
2025-02-06T02:24:00Z,25.955948
2025-02-06T04:48:00Z,24.25607
2025-02-06T05:24:00Z,24.282293
2025-02-06T06:00:00Z,0
2025-02-06T06:36:00Z,24.353846
2025-02-06T07:12:00Z,25.268517
2025-02-06T07:48:00Z,24.5969
2025-02-06T08:24:00Z,24.418783
2025-02-06T09:00:00Z,25.223507
2025-02-06T09:36:00Z,25.008081
2025-02-06T10:12:00Z,25.31049
2025-02-06T11:24:00Z,24.15129
2025-02-06T12:00:00Z,25.343756
2025-02-06T12:36:00Z,24.728676
2025-02-06T13:12:00Z,25.527794
2025-02-06T13:48:00Z,25.624046
2025-02-06T14:24:00Z,29.84739
2025-02-06T15:00:00Z,24.363644
2025-02-06T15:36:00Z,24.928127
2025-02-06T16:12:00Z,0
2025-02-06T16:48:00Z,30.216822
2025-02-06T17:24:00Z,24.837442
2025-02-06T18:00:00Z,24.513472
2025-02-06T18:36:00Z,25.951775
2025-02-06T19:12:00Z,25.974068
2025-02-06T19:48:00Z,25.574047
2025-02-06T20:24:00Z,25.74244
2025-02-06T21:00:00Z,24.818367
2025-02-06T21:36:00Z,25.68837
2025-02-06T22:12:00Z,24.051405
2025-02-06T22:48:00Z,24.692598
2025-02-06T23:24:00Z,24.648525
2025-02-07T00:00:00Z,25.231691
2025-02-07T00:36:00Z,0
2025-02-07T01:12:00Z,25.154114
2025-02-07T01:48:00Z,0
2025-02-07T02:24:00Z,25.802116
2025-02-07T03:36:00Z,24.001022
2025-02-07T04:12:00Z,25.097013
2025-02-07T04:48:00Z,25.734734
2025-02-07T06:00:00Z,24.266455
2025-02-07T07:12:00Z,25.718496
2025-02-07T07:48:00Z,25.956577
2025-02-07T08:24:00Z,24.477556
2025-02-07T09:00:00Z,25.39565
2025-02-07T09:36:00Z,24.201872
2025-02-07T10:48:00Z,25.96006
2025-02-07T12:36:00Z,25.245707
2025-02-07T13:48:00Z,24.66039
2025-02-07T15:00:00Z,25.770517
2025-02-07T15:36:00Z,24.689308
2025-02-07T16:12:00Z,24.321554
2025-02-07T16:48:00Z,24.751947
2025-02-07T17:24:00Z,25.808731
2025-02-07T18:00:00Z,24.41274
2025-02-07T18:36:00Z,24.659327
2025-02-07T19:12:00Z,25.87806
2025-02-07T19:48:00Z,24.321741
2025-02-07T20:24:00Z,24.759125
2025-02-07T21:00:00Z,29.642206
2025-02-07T21:36:00Z,0
2025-02-07T22:12:00Z,29.983372
2025-02-07T22:48:00Z,24.125362
2025-02-07T23:24:00Z,25.945883
2025-02-08T00:00:00Z,30.488943
2025-02-08T00:36:00Z,0
2025-02-08T01:12:00Z,24.22826
2025-02-08T01:48:00Z,24.31564
2025-02-08T02:24:00Z,25.973965
2025-02-08T03:00:00Z,24.875944
2025-02-08T03:36:00Z,24.678017
2025-02-08T04:12:00Z,25.583395
2025-02-08T04:48:00Z,25.694103
2025-02-08T05:24:00Z,25.387129
2025-02-08T06:00:00Z,0
2025-02-08T06:36:00Z,24.84104
2025-02-08T07:12:00Z,25.512875
2025-02-08T07:48:00Z,25.360596
2025-02-08T08:24:00Z,24.157688
2025-02-08T09:00:00Z,25.004892
2025-02-08T09:36:00Z,24.818708
2025-02-08T10:12:00Z,30.680214
2025-02-08T10:48:00Z,24.350933
2025-02-08T11:24:00Z,24.97949
2025-02-08T12:00:00Z,25.096014
2025-02-08T12:36:00Z,0
2025-02-08T13:12:00Z,25.745596
2025-02-08T13:48:00Z,24.510767
2025-02-08T14:24:00Z,24.922152
2025-02-08T15:00:00Z,25.736134
2025-02-08T15:36:00Z,25.537956
2025-02-08T16:12:00Z,25.81039
2025-02-08T16:48:00Z,24.435642
2025-02-08T17:24:00Z,25.462137
2025-02-08T18:36:00Z,25.755617
2025-02-08T19:12:00Z,24.017332
2025-02-08T19:48:00Z,25.854588
2025-02-08T20:24:00Z,25.064875
2025-02-08T21:00:00Z,29.371346
2025-02-08T21:36:00Z,24.227055
2025-02-08T22:12:00Z,24.359241
2025-02-08T22:48:00Z,25.014732
2025-02-09T00:00:00Z,24.831646
2025-02-09T00:36:00Z,24.20466
2025-02-09T01:12:00Z,24.097025
2025-02-09T01:48:00Z,25.600878
2025-02-09T02:24:00Z,29.014498
2025-02-09T03:00:00Z,25.876421
2025-02-09T03:36:00Z,24.839779
2025-02-09T04:12:00Z,0
2025-02-09T04:48:00Z,25.751871
2025-02-09T05:24:00Z,24.632685
2025-02-09T06:00:00Z,24.183992
2025-02-09T06:36:00Z,0
2025-02-09T07:12:00Z,25.478222
2025-02-09T07:48:00Z,24.66598
2025-02-09T08:24:00Z,24.361128
2025-02-09T09:36:00Z,24.80022
2025-02-09T10:12:00Z,25.7875
2025-02-09T10:48:00Z,25.310638
2025-02-09T11:24:00Z,25.747911
2025-02-09T12:00:00Z,24.486242
2025-02-09T12:36:00Z,25.749203
2025-02-09T13:12:00Z,24.090128
2025-02-09T14:24:00Z,24.949356
2025-02-09T15:00:00Z,25.84855
2025-02-09T15:36:00Z,25.606197
2025-02-09T16:12:00Z,24.534838
2025-02-09T16:48:00Z,25.59948
2025-02-09T17:24:00Z,24.160368
2025-02-09T18:36:00Z,24.668566
2025-02-09T19:48:00Z,24.305088
2025-02-09T21:00:00Z,25.929802
2025-02-09T21:36:00Z,25.693249
2025-02-09T22:12:00Z,30.682579
2025-02-09T22:48:00Z,24.445978
2025-02-10T00:00:00Z,24.689013
2025-02-10T00:36:00Z,24.511387
2025-02-10T01:12:00Z,24.808779
2025-02-10T01:48:00Z,24.113403
2025-02-10T02:24:00Z,24.663551
2025-02-10T03:00:00Z,24.420902
2025-02-10T03:36:00Z,25.952208
2025-02-10T04:12:00Z,25.437141
2025-02-10T04:48:00Z,24.033194
2025-02-10T05:24:00Z,25.705227
2025-02-10T06:00:00Z,25.723396
2025-02-10T06:36:00Z,24.2065
2025-02-10T07:48:00Z,25.569712
2025-02-10T08:24:00Z,0
2025-02-10T09:00:00Z,24.009342
2025-02-10T09:36:00Z,0
2025-02-10T10:12:00Z,25.646313
2025-02-10T11:24:00Z,24.945518
2025-02-10T12:00:00Z,30.23928
2025-02-10T12:36:00Z,24.846981
2025-02-10T13:12:00Z,24.821108
2025-02-10T13:48:00Z,24.174973
2025-02-10T14:24:00Z,25.155024
2025-02-10T15:00:00Z,25.673288
2025-02-10T15:36:00Z,25.50649
2025-02-10T16:12:00Z,24.515898
2025-02-10T16:48:00Z,24.561758
2025-02-10T17:24:00Z,24.030506
2025-02-10T18:00:00Z,24.215914
2025-02-10T18:36:00Z,24.805885
2025-02-10T19:12:00Z,0
2025-02-10T19:48:00Z,24.1619
2025-02-10T20:24:00Z,25.869484
2025-02-10T21:00:00Z,24.76563
2025-02-10T21:36:00Z,25.949064
2025-02-10T22:12:00Z,25.121786
2025-02-10T22:48:00Z,25.52544
2025-02-10T23:24:00Z,24.128323
2025-02-11T00:00:00Z,25.290426
2025-02-11T00:36:00Z,24.786133
2025-02-11T01:12:00Z,25.219658
2025-02-11T01:48:00Z,30.424425
2025-02-11T02:24:00Z,25.926762
2025-02-11T03:00:00Z,24.847399
2025-02-11T03:36:00Z,24.639755
2025-02-11T04:12:00Z,29.879036
2025-02-11T04:48:00Z,25.92124
2025-02-11T05:24:00Z,24.16788
2025-02-11T06:00:00Z,0
2025-02-11T06:36:00Z,24.093506
2025-02-11T07:12:00Z,29.792763
2025-02-11T07:48:00Z,25.77777
2025-02-11T08:24:00Z,24.331942
2025-02-11T09:00:00Z,24.297705
2025-02-11T09:36:00Z,0
2025-02-11T10:12:00Z,0
2025-02-11T10:48:00Z,25.133436
2025-02-11T11:24:00Z,24.237265
2025-02-11T12:00:00Z,0
2025-02-11T12:36:00Z,24.396568
2025-02-11T13:12:00Z,0
2025-02-11T13:48:00Z,25.220299
2025-02-11T15:00:00Z,24.35464
2025-02-11T15:36:00Z,24.339235
2025-02-11T16:12:00Z,30.302298
2025-02-11T16:48:00Z,24.099325
2025-02-11T17:24:00Z,24.484287
2025-02-11T18:00:00Z,0
2025-02-11T18:36:00Z,24.913942
2025-02-11T19:12:00Z,25.956892
2025-02-11T19:48:00Z,25.268368
2025-02-11T20:24:00Z,25.693436
2025-02-11T21:00:00Z,30.704714
2025-02-11T21:36:00Z,24.768894
2025-02-11T22:12:00Z,25.972773
2025-02-11T23:24:00Z,25.88391
2025-02-12T00:00:00Z,25.23523
2025-02-12T00:36:00Z,25.58928
2025-02-12T01:12:00Z,25.42461
2025-02-12T01:48:00Z,25.817917
2025-02-12T03:00:00Z,24.560432
2025-02-12T03:36:00Z,25.764238
2025-02-12T04:12:00Z,24.27372
2025-02-12T04:48:00Z,25.973772
2025-02-12T05:24:00Z,25.684193
2025-02-12T06:00:00Z,24.39068
2025-02-12T06:36:00Z,25.334505
2025-02-12T07:12:00Z,24.52988
2025-02-12T08:24:00Z,25.633446
2025-02-12T09:00:00Z,24.378744
2025-02-12T09:36:00Z,24.02045
2025-02-12T10:12:00Z,25.744007
2025-02-12T10:48:00Z,25.525879
2025-02-12T11:24:00Z,29.683064
2025-02-12T12:00:00Z,0
2025-02-12T12:36:00Z,24.575968
2025-02-12T13:12:00Z,24.23912
2025-02-12T13:48:00Z,25.972721
2025-02-12T14:24:00Z,25.90694
2025-02-12T15:00:00Z,24.778849
2025-02-12T15:36:00Z,24.830877
2025-02-12T16:12:00Z,0
2025-02-12T16:48:00Z,25.588976
2025-02-12T17:24:00Z,24.05414
2025-02-12T18:00:00Z,25.209867
2025-02-12T19:12:00Z,25.932484
2025-02-12T19:48:00Z,0
2025-02-12T20:24:00Z,24.871876
2025-02-12T21:00:00Z,24.221788
2025-02-12T22:12:00Z,25.508083
2025-02-12T22:48:00Z,24.629631
2025-02-13T00:36:00Z,24.449419
2025-02-13T01:12:00Z,24.686798
2025-02-13T01:48:00Z,0
2025-02-13T02:24:00Z,25.209457
2025-02-13T03:00:00Z,24.213406
2025-02-13T03:36:00Z,25.443544
2025-02-13T04:12:00Z,25.910543
2025-02-13T06:00:00Z,25.004044
2025-02-13T06:36:00Z,0
2025-02-13T07:12:00Z,24.845222
2025-02-13T07:48:00Z,25.753014
2025-02-13T08:24:00Z,30.03336
2025-02-13T09:00:00Z,0
2025-02-13T09:36:00Z,25.212975
2025-02-13T10:12:00Z,30.710333
2025-02-13T10:48:00Z,0
2025-02-13T11:24:00Z,24.637127
2025-02-13T12:00:00Z,24.220049
2025-02-13T12:36:00Z,25.352911
2025-02-13T13:12:00Z,24.051079
2025-02-13T13:48:00Z,25.40895
2025-02-13T15:00:00Z,24.206083
2025-02-13T16:12:00Z,25.677391
2025-02-13T16:48:00Z,25.058708
2025-02-13T17:24:00Z,25.410967
2025-02-13T18:00:00Z,24.200113
2025-02-13T18:36:00Z,25.093115
2025-02-13T19:12:00Z,25.10029
2025-02-13T20:24:00Z,25.968393
2025-02-13T21:00:00Z,30.209784
2025-02-13T21:36:00Z,0
2025-02-13T22:12:00Z,25.58148
2025-02-14T00:00:00Z,24.968374
2025-02-14T00:36:00Z,24.411139
2025-02-14T01:12:00Z,24.565672
2025-02-14T01:48:00Z,24.2111
2025-02-14T02:24:00Z,25.65241
2025-02-14T03:00:00Z,24.953724
2025-02-14T04:48:00Z,24.287203
2025-02-14T05:24:00Z,25.335777
2025-02-14T06:00:00Z,24.549223
2025-02-14T06:36:00Z,25.613464
2025-02-14T07:12:00Z,25.629948
2025-02-14T07:48:00Z,29.702383
2025-02-14T08:24:00Z,0
2025-02-14T09:00:00Z,24.677992
2025-02-14T09:36:00Z,24.780922
2025-02-14T10:12:00Z,0
2025-02-14T10:48:00Z,0
2025-02-14T11:24:00Z,24.424774
2025-02-14T12:00:00Z,25.537117
2025-02-14T12:36:00Z,24.431578
2025-02-14T13:12:00Z,24.470402
2025-02-14T13:48:00Z,24.053186
2025-02-14T14:24:00Z,0
2025-02-14T15:00:00Z,25.318073
2025-02-14T15:36:00Z,0
2025-02-14T16:12:00Z,25.1428
2025-02-14T16:48:00Z,0
2025-02-14T17:24:00Z,29.433346
2025-02-14T18:00:00Z,24.858927
2025-02-14T18:36:00Z,24.939466
2025-02-14T19:12:00Z,25.829279
2025-02-14T19:48:00Z,24.58328
2025-02-14T20:24:00Z,25.859169
2025-02-14T21:00:00Z,24.150352
2025-02-14T21:36:00Z,24.37612
2025-02-14T22:12:00Z,25.816372
2025-02-14T22:48:00Z,24.102257
2025-02-14T23:24:00Z,29.766434
2025-02-15T00:00:00Z,0
2025-02-15T00:36:00Z,25.593994
2025-02-15T01:48:00Z,24.9534
2025-02-15T03:00:00Z,24.915108
2025-02-15T03:36:00Z,30.327795
2025-02-15T04:12:00Z,24.538446
2025-02-15T04:48:00Z,24.214302
2025-02-15T05:24:00Z,24.870518
2025-02-15T06:00:00Z,24.732702
2025-02-15T06:36:00Z,25.197987
2025-02-15T07:12:00Z,0
2025-02-15T07:48:00Z,25.05757
2025-02-15T08:24:00Z,25.592361
2025-02-15T09:00:00Z,25.702507
2025-02-15T09:36:00Z,24.125303
2025-02-15T10:12:00Z,24.874664
2025-02-15T11:24:00Z,24.30433
2025-02-15T12:00:00Z,25.04687
2025-02-15T12:36:00Z,25.071913
2025-02-15T13:12:00Z,25.94233
2025-02-15T13:48:00Z,24.082052
2025-02-15T14:24:00Z,25.307154
2025-02-15T15:00:00Z,24.484583
2025-02-15T15:36:00Z,24.190294
2025-02-15T16:12:00Z,24.327686
2025-02-15T16:48:00Z,25.423973
2025-02-15T17:24:00Z,24.70308
2025-02-15T18:00:00Z,25.4671
2025-02-15T18:36:00Z,0
2025-02-15T19:12:00Z,25.567593
2025-02-15T19:48:00Z,24.761433
2025-02-15T20:24:00Z,29.529533
2025-02-15T21:00:00Z,24.0667
2025-02-15T22:48:00Z,25.009464
2025-02-15T23:24:00Z,24.808216
2025-02-16T00:36:00Z,25.97715
2025-02-16T01:12:00Z,25.659563
2025-02-16T01:48:00Z,24.8583
2025-02-16T02:24:00Z,25.882948
2025-02-16T03:00:00Z,0
2025-02-16T03:36:00Z,24.319056
2025-02-16T04:12:00Z,24.40558
2025-02-16T04:48:00Z,25.994633
2025-02-16T05:24:00Z,24.07939
2025-02-16T06:36:00Z,25.923378
2025-02-16T09:00:00Z,25.385946
2025-02-16T09:36:00Z,25.626522
2025-02-16T10:12:00Z,24.307318
2025-02-16T10:48:00Z,24.470617
2025-02-16T11:24:00Z,30.793243
2025-02-16T12:00:00Z,0
2025-02-16T12:36:00Z,29.220955
2025-02-16T13:12:00Z,24.222345
2025-02-16T14:24:00Z,24.158516
2025-02-16T15:00:00Z,30.49959
2025-02-16T15:36:00Z,25.720167
2025-02-16T16:12:00Z,0
2025-02-16T16:48:00Z,24.235004
2025-02-16T18:00:00Z,24.68258
2025-02-16T18:36:00Z,0
2025-02-16T19:12:00Z,25.13246
2025-02-16T19:48:00Z,25.53434
2025-02-16T20:24:00Z,0
2025-02-16T21:00:00Z,24.651413
2025-02-16T22:12:00Z,24.673273
2025-02-16T22:48:00Z,25.35327
2025-02-17T00:00:00Z,24.34448
2025-02-17T00:36:00Z,25.267208
2025-02-17T01:12:00Z,0
2025-02-17T01:48:00Z,25.236658
2025-02-17T02:24:00Z,24.701216
2025-02-17T03:00:00Z,25.63184
2025-02-17T04:12:00Z,24.71942
2025-02-17T04:48:00Z,24.795847
2025-02-17T05:24:00Z,24.285528
2025-02-17T06:00:00Z,25.606005
2025-02-17T06:36:00Z,25.46069
2025-02-17T07:12:00Z,24.408445
2025-02-17T07:48:00Z,24.531551
2025-02-17T08:24:00Z,24.208906
2025-02-17T09:00:00Z,25.250168
2025-02-17T10:12:00Z,24.055546
2025-02-17T10:48:00Z,25.137905
2025-02-17T11:24:00Z,24.594358
2025-02-17T12:00:00Z,24.906185
2025-02-17T12:36:00Z,24.27499
2025-02-17T13:12:00Z,25.228134
2025-02-17T15:36:00Z,24.777481
2025-02-17T16:12:00Z,29.105082
2025-02-17T16:48:00Z,25.644472
2025-02-17T17:24:00Z,25.659252
2025-02-17T18:00:00Z,24.200142
2025-02-17T18:36:00Z,0
2025-02-17T19:12:00Z,24.240438
2025-02-17T19:48:00Z,24.225359
2025-02-17T20:24:00Z,25.042788
2025-02-17T21:00:00Z,24.121988
2025-02-17T21:36:00Z,25.773293
2025-02-17T22:12:00Z,24.244162
2025-02-17T23:24:00Z,25.066784
2025-02-18T00:00:00Z,29.938164
2025-02-18T00:36:00Z,0
2025-02-18T01:12:00Z,25.036608
2025-02-18T01:48:00Z,24.293348
2025-02-18T03:36:00Z,25.996677
2025-02-18T04:12:00Z,24.800854
2025-02-18T04:48:00Z,30.545107
2025-02-18T05:24:00Z,25.639517
2025-02-18T06:00:00Z,25.072504
2025-02-18T07:48:00Z,24.947714
2025-02-18T08:24:00Z,24.169708
2025-02-18T09:00:00Z,24.632315
2025-02-18T09:36:00Z,0
2025-02-18T10:12:00Z,24.647587
2025-02-18T10:48:00Z,24.32444
2025-02-18T11:24:00Z,24.837997
2025-02-18T12:00:00Z,24.027893
2025-02-18T12:36:00Z,24.783518
2025-02-18T13:12:00Z,24.767738
2025-02-18T14:24:00Z,25.847315
2025-02-18T15:00:00Z,24.733837
2025-02-18T15:36:00Z,24.95266
2025-02-18T16:12:00Z,24.21345
2025-02-18T16:48:00Z,24.350649
2025-02-18T17:24:00Z,25.664883
2025-02-18T18:00:00Z,0
2025-02-18T18:36:00Z,25.762796
2025-02-18T19:48:00Z,24.389355
2025-02-18T21:00:00Z,24.680418
2025-02-18T21:36:00Z,25.658247
2025-02-18T22:12:00Z,24.793077
2025-02-18T23:24:00Z,24.731146
2025-02-19T00:00:00Z,25.442846
2025-02-19T01:12:00Z,24.304394
2025-02-19T02:24:00Z,25.095016
2025-02-19T03:00:00Z,24.804712
2025-02-19T03:36:00Z,25.550985
2025-02-19T04:12:00Z,30.465145
2025-02-19T04:48:00Z,0
2025-02-19T05:24:00Z,25.841211
2025-02-19T06:00:00Z,0
2025-02-19T06:36:00Z,25.327734
2025-02-19T07:12:00Z,24.577385
2025-02-19T08:24:00Z,24.399302
2025-02-19T09:00:00Z,24.040571
2025-02-19T09:36:00Z,24.730888
2025-02-19T10:12:00Z,24.848845
2025-02-19T10:48:00Z,0
2025-02-19T11:24:00Z,24.19999
2025-02-19T12:36:00Z,25.424044
2025-02-19T13:12:00Z,24.523043
2025-02-19T15:00:00Z,25.978575
2025-02-19T15:36:00Z,25.97033
2025-02-19T16:12:00Z,24.3063
2025-02-19T16:48:00Z,25.92745
2025-02-19T17:24:00Z,30.215103
2025-02-19T18:00:00Z,24.889704
2025-02-19T18:36:00Z,25.191803
2025-02-19T19:12:00Z,24.552763
2025-02-19T21:00:00Z,24.911718
2025-02-19T21:36:00Z,30.872526
2025-02-19T22:12:00Z,24.906725
2025-02-19T23:24:00Z,24.077084
2025-02-20T00:00:00Z,25.327187
2025-02-20T00:36:00Z,25.003569
2025-02-20T02:24:00Z,25.477108
2025-02-20T03:36:00Z,24.764227
2025-02-20T04:12:00Z,25.315289
2025-02-20T04:48:00Z,30.590366
2025-02-20T05:24:00Z,0
2025-02-20T06:00:00Z,25.575235
2025-02-20T06:36:00Z,25.872425
2025-02-20T07:12:00Z,24.724504
2025-02-20T08:24:00Z,25.306866
2025-02-20T09:36:00Z,24.25455
2025-02-20T10:12:00Z,24.498558
2025-02-20T10:48:00Z,24.277245
2025-02-20T11:24:00Z,25.889818
2025-02-20T12:36:00Z,24.17512
2025-02-20T13:12:00Z,25.557278
2025-02-20T13:48:00Z,25.24801
2025-02-20T14:24:00Z,0
2025-02-20T15:00:00Z,24.393648
2025-02-20T15:36:00Z,24.421782
2025-02-20T16:12:00Z,24.864809
2025-02-20T16:48:00Z,24.092354
2025-02-20T17:24:00Z,24.368124
2025-02-20T18:00:00Z,25.347649
2025-02-20T18:36:00Z,24.093378
2025-02-20T19:12:00Z,24.177176
2025-02-20T19:48:00Z,25.193808
2025-02-20T21:00:00Z,25.265821
2025-02-20T21:36:00Z,29.732304
2025-02-20T22:12:00Z,25.658266
2025-02-20T23:24:00Z,25.983938
2025-02-21T00:00:00Z,24.99865
2025-02-21T01:12:00Z,25.74833
2025-02-21T01:48:00Z,30.92497
2025-02-21T02:24:00Z,25.198605
2025-02-21T03:00:00Z,24.237457
2025-02-21T04:12:00Z,25.298704
2025-02-21T04:48:00Z,0
2025-02-21T05:24:00Z,24.536823
2025-02-21T06:00:00Z,24.32409
2025-02-21T06:36:00Z,24.765905
2025-02-21T07:12:00Z,24.404692
2025-02-21T07:48:00Z,25.626066
2025-02-21T08:24:00Z,25.46368
2025-02-21T09:00:00Z,24.760954
2025-02-21T09:36:00Z,25.92778
2025-02-21T11:24:00Z,25.521387
2025-02-21T12:36:00Z,24.518854
2025-02-21T13:48:00Z,25.084242
2025-02-21T15:36:00Z,24.362837
2025-02-21T16:48:00Z,25.702877
2025-02-21T17:24:00Z,25.922205
2025-02-21T18:00:00Z,24.43124
2025-02-21T18:36:00Z,25.826336
2025-02-21T19:12:00Z,0
2025-02-21T19:48:00Z,29.82175
2025-02-21T20:24:00Z,24.661596
2025-02-21T21:00:00Z,24.604855
2025-02-21T21:36:00Z,24.143063
2025-02-21T22:12:00Z,24.39757
2025-02-21T22:48:00Z,0
2025-02-21T23:24:00Z,25.198015
2025-02-22T00:00:00Z,24.500011
2025-02-22T00:36:00Z,30.840494
2025-02-22T01:12:00Z,0
2025-02-22T01:48:00Z,24.057482
2025-02-22T02:24:00Z,25.832098
2025-02-22T04:12:00Z,24.702887
2025-02-22T04:48:00Z,25.865034
2025-02-22T05:24:00Z,24.027227
2025-02-22T06:00:00Z,24.831724
2025-02-22T06:36:00Z,0
2025-02-22T07:12:00Z,24.947649
2025-02-22T07:48:00Z,24.95851
2025-02-22T08:24:00Z,0
2025-02-22T09:00:00Z,24.645998
2025-02-22T09:36:00Z,25.862816
2025-02-22T10:12:00Z,24.039145
2025-02-22T10:48:00Z,25.075863
2025-02-22T11:24:00Z,24.370335
2025-02-22T13:12:00Z,25.50053
2025-02-22T13:48:00Z,30.674507
2025-02-22T14:24:00Z,24.492994
2025-02-22T15:00:00Z,24.70647
2025-02-22T15:36:00Z,25.617598
2025-02-22T16:12:00Z,24.53413
2025-02-22T16:48:00Z,24.571342
2025-02-22T17:24:00Z,25.60868
2025-02-22T18:00:00Z,24.505047
2025-02-22T18:36:00Z,24.832994
2025-02-22T19:12:00Z,0
2025-02-22T19:48:00Z,25.197758
2025-02-22T20:24:00Z,24.028502
2025-02-22T21:00:00Z,25.521023
2025-02-22T21:36:00Z,24.71747
2025-02-22T22:12:00Z,29.337162
2025-02-22T22:48:00Z,24.863718
2025-02-22T23:24:00Z,24.158432
2025-02-23T00:00:00Z,29.778034
2025-02-23T00:36:00Z,0
2025-02-23T01:12:00Z,25.31415
2025-02-23T01:48:00Z,25.70179
2025-02-23T02:24:00Z,29.167313
2025-02-23T03:00:00Z,0
2025-02-23T03:36:00Z,29.730026
2025-02-23T04:12:00Z,24.241657
2025-02-23T04:48:00Z,25.646568
2025-02-23T06:00:00Z,24.464403
2025-02-23T07:12:00Z,25.432209
2025-02-23T08:24:00Z,24.103065
2025-02-23T09:00:00Z,25.472115
2025-02-23T09:36:00Z,25.573473
2025-02-23T10:12:00Z,24.585238
2025-02-23T11:24:00Z,25.814482
2025-02-23T12:00:00Z,24.191912
2025-02-23T12:36:00Z,24.812225
2025-02-23T13:12:00Z,24.920408
2025-02-23T13:48:00Z,25.680647
2025-02-23T14:24:00Z,24.679228
2025-02-23T15:36:00Z,24.921167
2025-02-23T16:12:00Z,25.839039
2025-02-23T17:24:00Z,24.959936
2025-02-23T18:00:00Z,24.251266
2025-02-23T19:12:00Z,25.820646
2025-02-23T19:48:00Z,30.818888
2025-02-23T20:24:00Z,25.792152
2025-02-23T21:00:00Z,24.236372
2025-02-23T21:36:00Z,25.280548
2025-02-23T22:12:00Z,24.302866
2025-02-23T22:48:00Z,29.599651
2025-02-23T23:24:00Z,0
2025-02-24T00:00:00Z,25.794783
2025-02-24T00:36:00Z,25.090311
2025-02-24T01:12:00Z,24.861649
2025-02-24T01:48:00Z,25.479834
2025-02-24T02:24:00Z,25.252144
2025-02-24T03:00:00Z,25.70944
2025-02-24T03:36:00Z,25.108541
2025-02-24T04:12:00Z,25.668238
2025-02-24T04:48:00Z,24.59693
2025-02-24T06:00:00Z,24.543839
2025-02-24T06:36:00Z,25.265633
2025-02-24T07:12:00Z,24.06735
2025-02-24T07:48:00Z,25.62623
2025-02-24T08:24:00Z,25.848139
2025-02-24T09:36:00Z,24.485994
2025-02-24T10:12:00Z,25.701422
2025-02-24T10:48:00Z,24.191786
2025-02-24T12:00:00Z,25.780985
2025-02-24T12:36:00Z,25.252897
2025-02-24T13:12:00Z,25.90557
2025-02-24T13:48:00Z,24.48686
2025-02-24T14:24:00Z,25.229948
2025-02-24T15:00:00Z,25.094551
2025-02-24T16:12:00Z,25.752148
2025-02-24T16:48:00Z,24.111296
2025-02-24T18:00:00Z,25.800787
2025-02-24T19:12:00Z,24.103262
2025-02-24T19:48:00Z,25.500229
2025-02-24T20:24:00Z,25.746965
2025-02-24T21:00:00Z,24.306639
2025-02-24T21:36:00Z,25.612177
2025-02-24T22:12:00Z,0
2025-02-24T22:48:00Z,25.47527
2025-02-24T23:24:00Z,29.74683
2025-02-25T00:00:00Z,24.300022
2025-02-25T00:36:00Z,25.755878
2025-02-25T01:12:00Z,25.024733
2025-02-25T01:48:00Z,25.850327
2025-02-25T02:24:00Z,25.304686
2025-02-25T03:00:00Z,25.754707
2025-02-25T03:36:00Z,24.466673
2025-02-25T04:12:00Z,29.814894
2025-02-25T04:48:00Z,0
2025-02-25T05:24:00Z,25.132298
2025-02-25T06:00:00Z,24.066954
2025-02-25T06:36:00Z,24.110535
2025-02-25T07:12:00Z,25.412268
2025-02-25T07:48:00Z,29.649687
2025-02-25T08:24:00Z,25.766342
2025-02-25T09:00:00Z,24.10676
2025-02-25T09:36:00Z,29.307251
2025-02-25T10:12:00Z,0
2025-02-25T10:48:00Z,25.437714
2025-02-25T11:24:00Z,24.376272
2025-02-25T13:12:00Z,24.785154
2025-02-25T13:48:00Z,25.820463
2025-02-25T14:24:00Z,24.387627
2025-02-25T15:00:00Z,25.384552
2025-02-25T15:36:00Z,24.89829
2025-02-25T16:12:00Z,25.091766
2025-02-25T16:48:00Z,25.707312
2025-02-25T17:24:00Z,25.225933
2025-02-25T18:00:00Z,25.796793
2025-02-25T18:36:00Z,24.728838
2025-02-25T19:12:00Z,25.8614
2025-02-25T19:48:00Z,24.965008
2025-02-25T20:24:00Z,25.85054
2025-02-25T21:36:00Z,25.35808
2025-02-25T22:12:00Z,24.762823
2025-02-25T22:48:00Z,25.334867
2025-02-25T23:24:00Z,24.737413
2025-02-26T00:00:00Z,25.782192
2025-02-26T00:36:00Z,24.405888
2025-02-26T01:12:00Z,24.295774
2025-02-26T01:48:00Z,25.679537
2025-02-26T02:24:00Z,24.018768
2025-02-26T03:00:00Z,25.701273
2025-02-26T04:12:00Z,24.900082
2025-02-26T05:24:00Z,25.813112
2025-02-26T06:36:00Z,24.472565
2025-02-26T07:12:00Z,25.812529
2025-02-26T07:48:00Z,24.845922
2025-02-26T08:24:00Z,24.4351
2025-02-26T09:36:00Z,24.277878
2025-02-26T10:12:00Z,25.629541
2025-02-26T10:48:00Z,24.32309
2025-02-26T11:24:00Z,25.649586
2025-02-26T12:00:00Z,24.364546
2025-02-26T13:12:00Z,25.044014
2025-02-26T13:48:00Z,24.216013
2025-02-26T14:24:00Z,24.619455
2025-02-26T15:00:00Z,24.12862
2025-02-26T15:36:00Z,25.058792
2025-02-26T16:12:00Z,24.928175
2025-02-26T16:48:00Z,24.084719
2025-02-26T17:24:00Z,24.960978
2025-02-26T18:00:00Z,25.137234
2025-02-26T18:36:00Z,25.892511
2025-02-26T19:12:00Z,25.797646
2025-02-26T20:24:00Z,24.911888
2025-02-26T21:00:00Z,29.238789
2025-02-26T21:36:00Z,0
2025-02-26T22:12:00Z,25.68551
2025-02-26T22:48:00Z,25.392096
2025-02-26T23:24:00Z,25.502651
2025-02-27T00:00:00Z,24.417665
2025-02-27T01:12:00Z,24.149492
2025-02-27T01:48:00Z,30.38273
2025-02-27T02:24:00Z,25.099302
2025-02-27T03:00:00Z,24.016499
2025-02-27T03:36:00Z,25.991316
2025-02-27T04:12:00Z,25.480831
2025-02-27T04:48:00Z,25.803617
2025-02-27T05:24:00Z,25.020288
2025-02-27T06:00:00Z,25.153801
2025-02-27T06:36:00Z,24.730679
2025-02-27T07:12:00Z,0
2025-02-27T07:48:00Z,29.624939
2025-02-27T08:24:00Z,24.870598
2025-02-27T09:00:00Z,0
2025-02-27T09:36:00Z,24.324013
2025-02-27T10:12:00Z,24.027199
2025-02-27T10:48:00Z,25.491385
2025-02-27T11:24:00Z,25.687891
2025-02-27T12:00:00Z,24.769064
2025-02-27T13:12:00Z,25.102478
2025-02-27T13:48:00Z,24.22416
2025-02-27T14:24:00Z,0
2025-02-27T15:00:00Z,25.97138
2025-02-27T15:36:00Z,24.442558
2025-02-27T16:12:00Z,24.148666
2025-02-27T16:48:00Z,24.41414
2025-02-27T17:24:00Z,25.444044
2025-02-27T18:00:00Z,25.101837
2025-02-27T18:36:00Z,24.3072
2025-02-27T19:12:00Z,24.52205
2025-02-27T19:48:00Z,25.164755
2025-02-27T20:24:00Z,24.678179
2025-02-27T21:00:00Z,0
2025-02-27T21:36:00Z,24.031496
2025-02-27T22:12:00Z,25.746193
2025-02-27T22:48:00Z,24.991518
2025-02-27T23:24:00Z,24.856771
2025-02-28T00:00:00Z,25.6297
2025-02-28T00:36:00Z,25.398518
2025-02-28T01:12:00Z,24.517954
2025-02-28T01:48:00Z,24.224688
2025-02-28T02:24:00Z,25.808468
2025-02-28T03:00:00Z,24.910511
2025-02-28T03:36:00Z,24.58514
2025-02-28T04:12:00Z,29.987526
2025-02-28T04:48:00Z,0
2025-02-28T05:24:00Z,24.762577
2025-02-28T06:00:00Z,24.00631
2025-02-28T06:36:00Z,25.656637
2025-02-28T07:12:00Z,0
2025-02-28T07:48:00Z,25.009989
2025-02-28T08:24:00Z,24.774353
2025-02-28T09:00:00Z,25.515812
2025-02-28T09:36:00Z,24.585863
2025-02-28T10:12:00Z,25.382679
2025-02-28T10:48:00Z,29.66812
2025-02-28T11:24:00Z,25.593761
2025-02-28T12:00:00Z,25.218287
2025-02-28T13:12:00Z,25.605288
2025-02-28T13:48:00Z,24.886711
2025-02-28T15:00:00Z,24.649286
2025-02-28T15:36:00Z,25.03856
2025-02-28T16:12:00Z,24.414013
2025-02-28T16:48:00Z,25.692307
2025-02-28T17:24:00Z,24.71131
2025-02-28T18:00:00Z,25.01494
2025-02-28T18:36:00Z,0
2025-02-28T19:12:00Z,24.113806
2025-02-28T19:48:00Z,0
2025-02-28T20:24:00Z,25.177265
2025-02-28T21:36:00Z,25.332266
2025-02-28T22:12:00Z,29.898981
2025-02-28T22:48:00Z,0
2025-02-28T23:24:00Z,25.41264
2025-03-01T00:00:00Z,25.835728
2025-03-01T00:36:00Z,24.07519
2025-03-01T01:12:00Z,30.020023
2025-03-01T01:48:00Z,24.175652
2025-03-01T02:24:00Z,24.494652
2025-03-01T03:00:00Z,29.361609
2025-03-01T03:36:00Z,0
2025-03-01T04:12:00Z,24.89174
2025-03-01T05:24:00Z,24.22121
2025-03-01T06:36:00Z,25.428429
2025-03-01T07:12:00Z,25.089792
2025-03-01T07:48:00Z,24.341812
2025-03-01T08:24:00Z,24.033096
2025-03-01T09:00:00Z,0
2025-03-01T09:36:00Z,25.831688
2025-03-01T10:12:00Z,25.366325
2025-03-01T10:48:00Z,24.379826
2025-03-01T11:24:00Z,25.183525
2025-03-01T12:00:00Z,24.027605
2025-03-01T12:36:00Z,25.36394
2025-03-01T13:12:00Z,0
2025-03-01T13:48:00Z,24.223553
2025-03-01T14:24:00Z,24.553778
2025-03-01T15:00:00Z,25.454613
2025-03-01T15:36:00Z,0
2025-03-01T16:12:00Z,25.631433
2025-03-01T16:48:00Z,25.875153
2025-03-01T17:24:00Z,0
2025-03-01T18:00:00Z,24.217695
2025-03-01T18:36:00Z,25.276648
2025-03-01T19:12:00Z,24.995165
2025-03-01T19:48:00Z,25.737734
2025-03-01T20:24:00Z,24.385824
2025-03-01T21:00:00Z,29.374266
2025-03-01T21:36:00Z,24.954771
2025-03-01T22:12:00Z,24.519146
2025-03-01T22:48:00Z,24.75569
2025-03-01T23:24:00Z,25.705612
2025-03-02T00:36:00Z,24.272245
2025-03-02T01:12:00Z,25.323235
2025-03-02T01:48:00Z,24.1858
2025-03-02T02:24:00Z,0
2025-03-02T03:00:00Z,25.25316
2025-03-02T03:36:00Z,25.498135
2025-03-02T04:12:00Z,24.704163
2025-03-02T04:48:00Z,0
2025-03-02T05:24:00Z,24.860296
2025-03-02T06:00:00Z,25.191498
2025-03-02T06:36:00Z,25.041388
2025-03-02T07:12:00Z,29.966187
2025-03-02T07:48:00Z,0
2025-03-02T08:24:00Z,24.12992
2025-03-02T09:00:00Z,25.031164
2025-03-02T09:36:00Z,25.490116
2025-03-02T10:12:00Z,25.272276
2025-03-02T10:48:00Z,0
2025-03-02T11:24:00Z,25.870771
2025-03-02T12:00:00Z,24.281923
2025-03-02T12:36:00Z,25.41114
2025-03-02T13:12:00Z,25.382107
2025-03-02T13:48:00Z,24.195618
2025-03-02T14:24:00Z,25.429283
2025-03-02T15:00:00Z,24.640062
2025-03-02T15:36:00Z,25.098166
2025-03-02T16:12:00Z,0
2025-03-02T16:48:00Z,25.47585
2025-03-02T17:24:00Z,24.499817
2025-03-02T18:00:00Z,24.062965
2025-03-02T19:12:00Z,25.322035
2025-03-02T20:24:00Z,24.76992
2025-03-02T21:00:00Z,25.129187
2025-03-02T21:36:00Z,24.300781
2025-03-02T22:12:00Z,0
2025-03-02T22:48:00Z,25.346218
2025-03-02T23:24:00Z,25.133543
2025-03-03T00:00:00Z,24.405499
2025-03-03T01:12:00Z,25.759579
2025-03-03T01:48:00Z,24.050749
2025-03-03T03:00:00Z,24.187075
2025-03-03T03:36:00Z,25.473753
2025-03-03T04:12:00Z,25.341923
2025-03-03T04:48:00Z,25.912785
2025-03-03T05:24:00Z,30.695364
2025-03-03T06:00:00Z,0
2025-03-03T06:36:00Z,24.878855
2025-03-03T08:24:00Z,24.453457
2025-03-03T09:00:00Z,25.956516
2025-03-03T09:36:00Z,25.577545
2025-03-03T10:12:00Z,25.885534
2025-03-03T10:48:00Z,24.091402
2025-03-03T11:24:00Z,25.15056
2025-03-03T12:00:00Z,25.277443
2025-03-03T12:36:00Z,24.870113
2025-03-03T13:48:00Z,25.43825
2025-03-03T14:24:00Z,25.003252
2025-03-03T15:00:00Z,25.44143
2025-03-03T15:36:00Z,24.791279
2025-03-03T16:12:00Z,25.812086
2025-03-03T16:48:00Z,25.732632
2025-03-03T17:24:00Z,24.383238
2025-03-03T18:00:00Z,25.113453
2025-03-03T18:36:00Z,30.413034
2025-03-03T19:12:00Z,25.710249
2025-03-03T20:24:00Z,25.27624
2025-03-03T21:00:00Z,24.28583
2025-03-03T21:36:00Z,0
2025-03-03T22:12:00Z,29.230507
2025-03-03T22:48:00Z,0
2025-03-03T23:24:00Z,24.904675
2025-03-04T00:36:00Z,25.429106
2025-03-04T01:48:00Z,25.516476
2025-03-04T03:00:00Z,25.0056
2025-03-04T03:36:00Z,25.558498
2025-03-04T04:12:00Z,0
2025-03-04T04:48:00Z,0
2025-03-04T05:24:00Z,25.511497
2025-03-04T06:00:00Z,25.022295
2025-03-04T06:36:00Z,25.045094
2025-03-04T07:12:00Z,0
2025-03-04T07:48:00Z,24.503119
2025-03-04T08:24:00Z,25.581339
2025-03-04T09:00:00Z,24.776865
2025-03-04T09:36:00Z,25.796448
2025-03-04T10:12:00Z,25.134995
2025-03-04T11:24:00Z,25.803286
2025-03-04T12:36:00Z,24.835533
2025-03-04T13:12:00Z,25.85134
2025-03-04T13:48:00Z,0
2025-03-04T14:24:00Z,25.519081
2025-03-04T15:00:00Z,0
2025-03-04T15:36:00Z,25.919985
2025-03-04T16:12:00Z,24.499964
2025-03-04T16:48:00Z,29.261639
2025-03-04T17:24:00Z,25.642986
2025-03-04T18:00:00Z,24.89466
2025-03-04T18:36:00Z,24.662088
2025-03-04T19:12:00Z,0
2025-03-04T19:48:00Z,30.242779
2025-03-04T20:24:00Z,24.990385
2025-03-04T21:00:00Z,0
2025-03-04T21:36:00Z,24.174147
2025-03-04T22:12:00Z,24.22501
2025-03-04T22:48:00Z,25.801676
2025-03-05T00:00:00Z,24.76536
2025-03-05T00:36:00Z,25.870335
2025-03-05T01:12:00Z,24.751518
2025-03-05T01:48:00Z,25.344803
2025-03-05T03:00:00Z,24.517872
2025-03-05T04:12:00Z,24.535788
2025-03-05T04:48:00Z,25.8538
2025-03-05T05:24:00Z,24.97896
2025-03-05T06:00:00Z,25.749744
2025-03-05T06:36:00Z,25.765263
2025-03-05T07:12:00Z,25.16718
2025-03-05T07:48:00Z,25.410612
2025-03-05T08:24:00Z,25.210192
2025-03-05T09:00:00Z,24.119576
2025-03-05T09:36:00Z,24.97248
2025-03-05T10:12:00Z,24.199703
2025-03-05T10:48:00Z,25.84486
2025-03-05T11:24:00Z,0
2025-03-05T12:00:00Z,24.025618
2025-03-05T12:36:00Z,0
2025-03-05T13:12:00Z,24.391037
2025-03-05T14:24:00Z,24.65157
2025-03-05T15:00:00Z,24.049608
2025-03-05T15:36:00Z,0
2025-03-05T16:12:00Z,29.149672
2025-03-05T16:48:00Z,24.738794
2025-03-05T17:24:00Z,24.771118
2025-03-05T18:00:00Z,24.2928
2025-03-05T18:36:00Z,25.294052
2025-03-05T19:12:00Z,25.400274
2025-03-05T19:48:00Z,30.471888
2025-03-05T20:24:00Z,24.482086
2025-03-05T21:00:00Z,24.1373
2025-03-05T21:36:00Z,25.640736
2025-03-05T22:12:00Z,24.654036
2025-03-05T22:48:00Z,25.097683
2025-03-05T23:24:00Z,24.943535
2025-03-06T00:00:00Z,24.19337
2025-03-06T00:36:00Z,25.646162
2025-03-06T01:12:00Z,24.041996
2025-03-06T01:48:00Z,24.035213
2025-03-06T02:24:00Z,25.099781
2025-03-06T03:00:00Z,25.085604
2025-03-06T03:36:00Z,24.032282
2025-03-06T04:12:00Z,24.559664
2025-03-06T04:48:00Z,30.9013
2025-03-06T05:24:00Z,0
2025-03-06T06:00:00Z,25.77169
2025-03-06T06:36:00Z,24.824728
2025-03-06T07:48:00Z,25.307196
2025-03-06T08:24:00Z,24.736982
2025-03-06T09:00:00Z,0
2025-03-06T09:36:00Z,29.579037
2025-03-06T10:12:00Z,24.477758
2025-03-06T10:48:00Z,25.440351
2025-03-06T11:24:00Z,30.35633
2025-03-06T12:00:00Z,24.326712
2025-03-06T12:36:00Z,25.018923
2025-03-06T14:24:00Z,24.529593
2025-03-06T15:00:00Z,25.54953
2025-03-06T16:12:00Z,25.635706
2025-03-06T16:48:00Z,24.158987
2025-03-06T17:24:00Z,25.8683
2025-03-06T18:00:00Z,25.234722
